route;date;hour;prediction
1;2025-11-01;0;47.8
1;2025-11-01;1;24.1
1;2025-11-01;2;21.1
1;2025-11-01;3;20.4
1;2025-11-01;4;24.9
1;2025-11-01;5;116.8
1;2025-11-01;6;394.5
1;2025-11-01;7;941.7
1;2025-11-01;8;1254.4
1;2025-11-01;9;1100.7
1;2025-11-01;10;1049.5
1;2025-11-01;11;1091.7
1;2025-11-01;12;1144.6
1;2025-11-01;13;1189.6
1;2025-11-01;14;1180.9
1;2025-11-01;15;1239.3
1;2025-11-01;16;1284.6
1;2025-11-01;17;1332.1
1;2025-11-01;18;1139.0
1;2025-11-01;19;952.0
1;2025-11-01;20;662.8
1;2025-11-01;21;441.2
1;2025-11-01;22;225.3
1;2025-11-01;23;99.9
1;2025-11-02;0;31.2
1;2025-11-02;1;2.3
1;2025-11-02;2;0.0
1;2025-11-02;3;0.0
1;2025-11-02;4;0.0
1;2025-11-02;5;22.0
1;2025-11-02;6;132.9
1;2025-11-02;7;253.0
1;2025-11-02;8;378.6
1;2025-11-02;9;537.7
1;2025-11-02;10;635.2
1;2025-11-02;11;716.8
1;2025-11-02;12;805.9
1;2025-11-02;13;842.7
1;2025-11-02;14;821.0
1;2025-11-02;15;754.3
1;2025-11-02;16;692.6
1;2025-11-02;17;652.0
1;2025-11-02;18;570.6
1;2025-11-02;19;500.5
1;2025-11-02;20;365.5
1;2025-11-02;21;269.4
1;2025-11-02;22;124.0
1;2025-11-02;23;28.9
1;2025-11-03;0;42.0
1;2025-11-03;1;11.4
1;2025-11-03;2;8.1
1;2025-11-03;3;6.4
1;2025-11-03;4;3.8
1;2025-11-03;5;44.6
1;2025-11-03;6;198.3
1;2025-11-03;7;347.4
1;2025-11-03;8;487.3
1;2025-11-03;9;564.3
1;2025-11-03;10;641.0
1;2025-11-03;11;725.4
1;2025-11-03;12;830.1
1;2025-11-03;13;885.1
1;2025-11-03;14;875.1
1;2025-11-03;15;851.3
1;2025-11-03;16;807.9
1;2025-11-03;17;785.6
1;2025-11-03;18;756.1
1;2025-11-03;19;653.4
1;2025-11-03;20;474.5
1;2025-11-03;21;331.7
1;2025-11-03;22;182.6
1;2025-11-03;23;71.6
1;2025-11-04;0;39.9
1;2025-11-04;1;7.0
1;2025-11-04;2;6.7
1;2025-11-04;3;6.5
1;2025-11-04;4;2.3
1;2025-11-04;5;34.5
1;2025-11-04;6;177.8
1;2025-11-04;7;315.5
1;2025-11-04;8;449.8
1;2025-11-04;9;517.1
1;2025-11-04;10;584.2
1;2025-11-04;11;662.4
1;2025-11-04;12;759.0
1;2025-11-04;13;813.2
1;2025-11-04;14;802.4
1;2025-11-04;15;775.7
1;2025-11-04;16;730.9
1;2025-11-04;17;714.1
1;2025-11-04;18;690.9
1;2025-11-04;19;604.5
1;2025-11-04;20;439.7
1;2025-11-04;21;304.8
1;2025-11-04;22;157.6
1;2025-11-04;23;46.7
1;2025-11-05;0;26.7
1;2025-11-05;1;7.4
1;2025-11-05;2;6.6
1;2025-11-05;3;6.9
1;2025-11-05;4;15.8
1;2025-11-05;5;135.2
1;2025-11-05;6;559.7
1;2025-11-05;7;1436.1
1;2025-11-05;8;2016.0
1;2025-11-05;9;1472.3
1;2025-11-05;10;1294.2
1;2025-11-05;11;1257.1
1;2025-11-05;12;1316.5
1;2025-11-05;13;1377.5
1;2025-11-05;14;1336.3
1;2025-11-05;15;1464.3
1;2025-11-05;16;1504.3
1;2025-11-05;17;1780.3
1;2025-11-05;18;1855.8
1;2025-11-05;19;1340.5
1;2025-11-05;20;877.5
1;2025-11-05;21;492.4
1;2025-11-05;22;225.3
1;2025-11-05;23;72.0
1;2025-11-06;0;22.3
1;2025-11-06;1;2.0
1;2025-11-06;2;0.8
1;2025-11-06;3;0.4
1;2025-11-06;4;9.0
1;2025-11-06;5;120.8
1;2025-11-06;6;517.0
1;2025-11-06;7;1429.1
1;2025-11-06;8;2004.0
1;2025-11-06;9;1483.5
1;2025-11-06;10;1306.2
1;2025-11-06;11;1292.5
1;2025-11-06;12;1333.3
1;2025-11-06;13;1350.7
1;2025-11-06;14;1367.6
1;2025-11-06;15;1444.9
1;2025-11-06;16;1521.7
1;2025-11-06;17;1770.8
1;2025-11-06;18;1882.3
1;2025-11-06;19;1337.7
1;2025-11-06;20;882.0
1;2025-11-06;21;495.5
1;2025-11-06;22;228.8
1;2025-11-06;23;81.1
1;2025-11-07;0;21.8
1;2025-11-07;1;2.0
1;2025-11-07;2;0.7
1;2025-11-07;3;0.5
1;2025-11-07;4;6.8
1;2025-11-07;5;130.3
1;2025-11-07;6;515.0
1;2025-11-07;7;1422.0
1;2025-11-07;8;1868.0
1;2025-11-07;9;1449.7
1;2025-11-07;10;1249.7
1;2025-11-07;11;1284.3
1;2025-11-07;12;1299.1
1;2025-11-07;13;1345.1
1;2025-11-07;14;1354.2
1;2025-11-07;15;1504.6
1;2025-11-07;16;1633.1
1;2025-11-07;17;1794.4
1;2025-11-07;18;1535.2
1;2025-11-07;19;1233.9
1;2025-11-07;20;803.0
1;2025-11-07;21;496.8
1;2025-11-07;22;234.4
1;2025-11-07;23;88.9
1;2025-11-08;0;34.4
1;2025-11-08;1;4.5
1;2025-11-08;2;0.7
1;2025-11-08;3;0.0
1;2025-11-08;4;0.0
1;2025-11-08;5;42.3
1;2025-11-08;6;201.9
1;2025-11-08;7;367.3
1;2025-11-08;8;533.6
1;2025-11-08;9;676.9
1;2025-11-08;10;785.4
1;2025-11-08;11;845.3
1;2025-11-08;12;943.4
1;2025-11-08;13;992.0
1;2025-11-08;14;954.1
1;2025-11-08;15;878.6
1;2025-11-08;16;800.7
1;2025-11-08;17;762.4
1;2025-11-08;18;682.4
1;2025-11-08;19;613.7
1;2025-11-08;20;464.0
1;2025-11-08;21;331.3
1;2025-11-08;22;166.8
1;2025-11-08;23;61.9
1;2025-11-09;0;31.8
1;2025-11-09;1;2.6
1;2025-11-09;2;0.3
1;2025-11-09;3;0.0
1;2025-11-09;4;0.0
1;2025-11-09;5;22.8
1;2025-11-09;6;133.9
1;2025-11-09;7;253.8
1;2025-11-09;8;379.5
1;2025-11-09;9;539.2
1;2025-11-09;10;637.2
1;2025-11-09;11;718.9
1;2025-11-09;12;808.7
1;2025-11-09;13;846.7
1;2025-11-09;14;825.4
1;2025-11-09;15;758.5
1;2025-11-09;16;696.5
1;2025-11-09;17;655.8
1;2025-11-09;18;574.1
1;2025-11-09;19;503.1
1;2025-11-09;20;368.0
1;2025-11-09;21;271.7
1;2025-11-09;22;126.2
1;2025-11-09;23;30.8
1;2025-11-10;0;19.0
1;2025-11-10;1;1.2
1;2025-11-10;2;1.4
1;2025-11-10;3;1.1
1;2025-11-10;4;8.1
1;2025-11-10;5;128.4
1;2025-11-10;6;522.4
1;2025-11-10;7;1409.8
1;2025-11-10;8;1964.2
1;2025-11-10;9;1452.4
1;2025-11-10;10;1237.6
1;2025-11-10;11;1199.2
1;2025-11-10;12;1265.6
1;2025-11-10;13;1309.2
1;2025-11-10;14;1323.7
1;2025-11-10;15;1425.9
1;2025-11-10;16;1520.9
1;2025-11-10;17;1801.9
1;2025-11-10;18;1918.2
1;2025-11-10;19;1381.3
1;2025-11-10;20;872.5
1;2025-11-10;21;471.5
1;2025-11-10;22;196.4
1;2025-11-10;23;64.7
1;2025-11-11;0;21.2
1;2025-11-11;1;1.4
1;2025-11-11;2;1.6
1;2025-11-11;3;1.3
1;2025-11-11;4;10.5
1;2025-11-11;5;118.2
1;2025-11-11;6;535.8
1;2025-11-11;7;1457.6
1;2025-11-11;8;1987.2
1;2025-11-11;9;1508.8
1;2025-11-11;10;1310.7
1;2025-11-11;11;1267.0
1;2025-11-11;12;1298.3
1;2025-11-11;13;1342.2
1;2025-11-11;14;1271.9
1;2025-11-11;15;1387.5
1;2025-11-11;16;1477.4
1;2025-11-11;17;1774.7
1;2025-11-11;18;1862.5
1;2025-11-11;19;1389.4
1;2025-11-11;20;870.9
1;2025-11-11;21;499.1
1;2025-11-11;22;219.5
1;2025-11-11;23;71.3
1;2025-11-12;0;21.7
1;2025-11-12;1;2.0
1;2025-11-12;2;1.7
1;2025-11-12;3;1.7
1;2025-11-12;4;8.6
1;2025-11-12;5;130.9
1;2025-11-12;6;555.5
1;2025-11-12;7;1433.5
1;2025-11-12;8;2020.3
1;2025-11-12;9;1476.6
1;2025-11-12;10;1302.7
1;2025-11-12;11;1264.8
1;2025-11-12;12;1320.0
1;2025-11-12;13;1378.2
1;2025-11-12;14;1338.0
1;2025-11-12;15;1464.5
1;2025-11-12;16;1500.1
1;2025-11-12;17;1781.0
1;2025-11-12;18;1854.9
1;2025-11-12;19;1347.3
1;2025-11-12;20;888.8
1;2025-11-12;21;504.0
1;2025-11-12;22;231.2
1;2025-11-12;23;75.6
1;2025-11-13;0;23.2
1;2025-11-13;1;2.8
1;2025-11-13;2;1.3
1;2025-11-13;3;0.9
1;2025-11-13;4;10.5
1;2025-11-13;5;123.8
1;2025-11-13;6;522.2
1;2025-11-13;7;1440.4
1;2025-11-13;8;2018.4
1;2025-11-13;9;1494.8
1;2025-11-13;10;1315.4
1;2025-11-13;11;1301.9
1;2025-11-13;12;1343.3
1;2025-11-13;13;1361.9
1;2025-11-13;14;1379.9
1;2025-11-13;15;1458.1
1;2025-11-13;16;1535.1
1;2025-11-13;17;1784.0
1;2025-11-13;18;1896.0
1;2025-11-13;19;1346.9
1;2025-11-13;20;889.5
1;2025-11-13;21;500.9
1;2025-11-13;22;233.1
1;2025-11-13;23;83.7
1;2025-11-14;0;22.7
1;2025-11-14;1;2.9
1;2025-11-14;2;1.2
1;2025-11-14;3;1.1
1;2025-11-14;4;8.4
1;2025-11-14;5;133.1
1;2025-11-14;6;521.5
1;2025-11-14;7;1435.6
1;2025-11-14;8;1885.0
1;2025-11-14;9;1462.8
1;2025-11-14;10;1260.4
1;2025-11-14;11;1295.7
1;2025-11-14;12;1311.4
1;2025-11-14;13;1358.7
1;2025-11-14;14;1369.0
1;2025-11-14;15;1520.7
1;2025-11-14;16;1649.7
1;2025-11-14;17;1810.9
1;2025-11-14;18;1550.4
1;2025-11-14;19;1244.9
1;2025-11-14;20;811.9
1;2025-11-14;21;503.4
1;2025-11-14;22;240.0
1;2025-11-14;23;92.6
1;2025-11-15;0;34.8
1;2025-11-15;1;5.0
1;2025-11-15;2;0.7
1;2025-11-15;3;0.0
1;2025-11-15;4;0.3
1;2025-11-15;5;44.4
1;2025-11-15;6;207.4
1;2025-11-15;7;375.4
1;2025-11-15;8;540.9
1;2025-11-15;9;691.8
1;2025-11-15;10;805.2
1;2025-11-15;11;868.5
1;2025-11-15;12;972.3
1;2025-11-15;13;1025.3
1;2025-11-15;14;988.5
1;2025-11-15;15;912.1
1;2025-11-15;16;833.9
1;2025-11-15;17;790.7
1;2025-11-15;18;705.3
1;2025-11-15;19;632.4
1;2025-11-15;20;479.8
1;2025-11-15;21;345.5
1;2025-11-15;22;179.4
1;2025-11-15;23;71.6
1;2025-11-16;0;32.6
1;2025-11-16;1;3.5
1;2025-11-16;2;0.5
1;2025-11-16;3;0.0
1;2025-11-16;4;0.0
1;2025-11-16;5;25.9
1;2025-11-16;6;142.1
1;2025-11-16;7;264.7
1;2025-11-16;8;389.4
1;2025-11-16;9;559.7
1;2025-11-16;10;667.8
1;2025-11-16;11;756.6
1;2025-11-16;12;853.6
1;2025-11-16;13;897.6
1;2025-11-16;14;877.1
1;2025-11-16;15;809.8
1;2025-11-16;16;746.8
1;2025-11-16;17;699.5
1;2025-11-16;18;607.7
1;2025-11-16;19;530.1
1;2025-11-16;20;391.1
1;2025-11-16;21;291.2
1;2025-11-16;22;143.2
1;2025-11-16;23;44.8
1;2025-11-17;0;19.6
1;2025-11-17;1;1.8
1;2025-11-17;2;2.3
1;2025-11-17;3;2.5
1;2025-11-17;4;10.5
1;2025-11-17;5;133.2
1;2025-11-17;6;540.0
1;2025-11-17;7;1456.4
1;2025-11-17;8;2022.3
1;2025-11-17;9;1498.0
1;2025-11-17;10;1274.0
1;2025-11-17;11;1236.2
1;2025-11-17;12;1305.8
1;2025-11-17;13;1352.4
1;2025-11-17;14;1367.6
1;2025-11-17;15;1472.6
1;2025-11-17;16;1569.0
1;2025-11-17;17;1851.9
1;2025-11-17;18;1969.2
1;2025-11-17;19;1414.1
1;2025-11-17;20;895.9
1;2025-11-17;21;489.0
1;2025-11-17;22;209.9
1;2025-11-17;23;75.2
1;2025-11-18;0;21.7
1;2025-11-18;1;2.2
1;2025-11-18;2;2.2
1;2025-11-18;3;2.3
1;2025-11-18;4;12.6
1;2025-11-18;5;122.4
1;2025-11-18;6;552.5
1;2025-11-18;7;1502.1
1;2025-11-18;8;2043.0
1;2025-11-18;9;1552.4
1;2025-11-18;10;1344.6
1;2025-11-18;11;1301.6
1;2025-11-18;12;1336.0
1;2025-11-18;13;1383.0
1;2025-11-18;14;1313.5
1;2025-11-18;15;1431.9
1;2025-11-18;16;1522.9
1;2025-11-18;17;1822.0
1;2025-11-18;18;1911.1
1;2025-11-18;19;1420.1
1;2025-11-18;20;892.1
1;2025-11-18;21;515.0
1;2025-11-18;22;231.9
1;2025-11-18;23;80.5
1;2025-11-19;0;21.5
1;2025-11-19;1;2.1
1;2025-11-19;2;1.7
1;2025-11-19;3;2.0
1;2025-11-19;4;9.8
1;2025-11-19;5;134.2
1;2025-11-19;6;571.6
1;2025-11-19;7;1480.8
1;2025-11-19;8;2078.0
1;2025-11-19;9;1522.3
1;2025-11-19;10;1338.5
1;2025-11-19;11;1301.1
1;2025-11-19;12;1359.4
1;2025-11-19;13;1420.9
1;2025-11-19;14;1381.0
1;2025-11-19;15;1510.1
1;2025-11-19;16;1547.0
1;2025-11-19;17;1829.8
1;2025-11-19;18;1904.6
1;2025-11-19;19;1379.4
1;2025-11-19;20;909.9
1;2025-11-19;21;518.8
1;2025-11-19;22;241.5
1;2025-11-19;23;84.0
1;2025-11-20;0;22.0
1;2025-11-20;1;2.4
1;2025-11-20;2;0.9
1;2025-11-20;3;0.7
1;2025-11-20;4;10.4
1;2025-11-20;5;125.1
1;2025-11-20;6;534.6
1;2025-11-20;7;1481.7
1;2025-11-20;8;2067.8
1;2025-11-20;9;1534.0
1;2025-11-20;10;1345.7
1;2025-11-20;11;1332.7
1;2025-11-20;12;1377.2
1;2025-11-20;13;1398.1
1;2025-11-20;14;1416.5
1;2025-11-20;15;1497.1
1;2025-11-20;16;1575.4
1;2025-11-20;17;1825.4
1;2025-11-20;18;1938.3
1;2025-11-20;19;1372.6
1;2025-11-20;20;905.3
1;2025-11-20;21;510.8
1;2025-11-20;22;239.6
1;2025-11-20;23;88.6
1;2025-11-21;0;21.2
1;2025-11-21;1;1.8
1;2025-11-21;2;1.0
1;2025-11-21;3;0.8
1;2025-11-21;4;7.8
1;2025-11-21;5;133.9
1;2025-11-21;6;531.7
1;2025-11-21;7;1474.3
1;2025-11-21;8;1933.8
1;2025-11-21;9;1502.0
1;2025-11-21;10;1291.1
1;2025-11-21;11;1328.3
1;2025-11-21;12;1347.2
1;2025-11-21;13;1397.1
1;2025-11-21;14;1407.6
1;2025-11-21;15;1562.8
1;2025-11-21;16;1692.7
1;2025-11-21;17;1853.0
1;2025-11-21;18;1587.9
1;2025-11-21;19;1270.2
1;2025-11-21;20;828.1
1;2025-11-21;21;513.9
1;2025-11-21;22;247.1
1;2025-11-21;23;98.0
1;2025-11-22;0;34.6
1;2025-11-22;1;5.0
1;2025-11-22;2;0.7
1;2025-11-22;3;0.1
1;2025-11-22;4;0.0
1;2025-11-22;5;44.9
1;2025-11-22;6;212.4
1;2025-11-22;7;387.6
1;2025-11-22;8;556.6
1;2025-11-22;9;712.6
1;2025-11-22;10;831.8
1;2025-11-22;11;901.5
1;2025-11-22;12;1008.4
1;2025-11-22;13;1064.1
1;2025-11-22;14;1027.8
1;2025-11-22;15;950.9
1;2025-11-22;16;872.1
1;2025-11-22;17;823.9
1;2025-11-22;18;732.4
1;2025-11-22;19;654.8
1;2025-11-22;20;496.4
1;2025-11-22;21;356.0
1;2025-11-22;22;188.0
1;2025-11-22;23;79.4
1;2025-11-23;0;32.4
1;2025-11-23;1;3.7
1;2025-11-23;2;0.3
1;2025-11-23;3;0.0
1;2025-11-23;4;0.0
1;2025-11-23;5;26.7
1;2025-11-23;6;146.9
1;2025-11-23;7;278.0
1;2025-11-23;8;406.2
1;2025-11-23;9;580.6
1;2025-11-23;10;692.4
1;2025-11-23;11;785.6
1;2025-11-23;12;886.3
1;2025-11-23;13;931.7
1;2025-11-23;14;912.1
1;2025-11-23;15;843.7
1;2025-11-23;16;780.3
1;2025-11-23;17;727.7
1;2025-11-23;18;630.8
1;2025-11-23;19;550.1
1;2025-11-23;20;405.6
1;2025-11-23;21;300.8
1;2025-11-23;22;150.5
1;2025-11-23;23;51.6
1;2025-11-24;0;19.9
1;2025-11-24;1;2.4
1;2025-11-24;2;2.4
1;2025-11-24;3;3.0
1;2025-11-24;4;11.2
1;2025-11-24;5;134.8
1;2025-11-24;6;543.9
1;2025-11-24;7;1471.9
1;2025-11-24;8;2042.9
1;2025-11-24;9;1516.1
1;2025-11-24;10;1289.4
1;2025-11-24;11;1251.8
1;2025-11-24;12;1321.7
1;2025-11-24;13;1368.5
1;2025-11-24;14;1384.1
1;2025-11-24;15;1491.1
1;2025-11-24;16;1587.6
1;2025-11-24;17;1871.4
1;2025-11-24;18;1989.4
1;2025-11-24;19;1430.6
1;2025-11-24;20;906.4
1;2025-11-24;21;494.1
1;2025-11-24;22;213.0
1;2025-11-24;23;78.0
1;2025-11-25;0;22.6
1;2025-11-25;1;3.2
1;2025-11-25;2;2.8
1;2025-11-25;3;3.4
1;2025-11-25;4;13.9
1;2025-11-25;5;124.6
1;2025-11-25;6;557.1
1;2025-11-25;7;1518.2
1;2025-11-25;8;2064.7
1;2025-11-25;9;1571.2
1;2025-11-25;10;1360.3
1;2025-11-25;11;1317.4
1;2025-11-25;12;1352.5
1;2025-11-25;13;1399.8
1;2025-11-25;14;1331.0
1;2025-11-25;15;1451.3
1;2025-11-25;16;1542.4
1;2025-11-25;17;1842.6
1;2025-11-25;18;1931.8
1;2025-11-25;19;1437.1
1;2025-11-25;20;902.9
1;2025-11-25;21;520.5
1;2025-11-25;22;236.0
1;2025-11-25;23;84.4
1;2025-11-26;0;22.9
1;2025-11-26;1;3.4
1;2025-11-26;2;2.6
1;2025-11-26;3;3.2
1;2025-11-26;4;11.2
1;2025-11-26;5;136.0
1;2025-11-26;6;573.7
1;2025-11-26;7;1488.4
1;2025-11-26;8;2090.0
1;2025-11-26;9;1532.8
1;2025-11-26;10;1346.8
1;2025-11-26;11;1309.8
1;2025-11-26;12;1368.6
1;2025-11-26;13;1430.0
1;2025-11-26;14;1390.9
1;2025-11-26;15;1521.5
1;2025-11-26;16;1558.5
1;2025-11-26;17;1841.8
1;2025-11-26;18;1916.3
1;2025-11-26;19;1389.6
1;2025-11-26;20;916.1
1;2025-11-26;21;522.1
1;2025-11-26;22;244.8
1;2025-11-26;23;87.2
1;2025-11-27;0;22.2
1;2025-11-27;1;2.5
1;2025-11-27;2;1.1
1;2025-11-27;3;0.6
1;2025-11-27;4;10.9
1;2025-11-27;5;125.5
1;2025-11-27;6;533.6
1;2025-11-27;7;1484.3
1;2025-11-27;8;2072.3
1;2025-11-27;9;1537.4
1;2025-11-27;10;1347.6
1;2025-11-27;11;1335.2
1;2025-11-27;12;1380.0
1;2025-11-27;13;1400.7
1;2025-11-27;14;1419.4
1;2025-11-27;15;1501.5
1;2025-11-27;16;1579.9
1;2025-11-27;17;1829.4
1;2025-11-27;18;1941.7
1;2025-11-27;19;1375.7
1;2025-11-27;20;905.1
1;2025-11-27;21;509.5
1;2025-11-27;22;238.6
1;2025-11-27;23;88.3
1;2025-11-28;0;21.3
1;2025-11-28;1;2.1
1;2025-11-28;2;1.5
1;2025-11-28;3;1.0
1;2025-11-28;4;8.5
1;2025-11-28;5;134.1
1;2025-11-28;6;526.6
1;2025-11-28;7;1450.8
1;2025-11-28;8;1904.4
1;2025-11-28;9;1475.7
1;2025-11-28;10;1266.3
1;2025-11-28;11;1304.1
1;2025-11-28;12;1323.9
1;2025-11-28;13;1373.8
1;2025-11-28;14;1383.7
1;2025-11-28;15;1538.1
1;2025-11-28;16;1667.8
1;2025-11-28;17;1827.8
1;2025-11-28;18;1564.6
1;2025-11-28;19;1248.8
1;2025-11-28;20;809.3
1;2025-11-28;21;500.5
1;2025-11-28;22;236.8
1;2025-11-28;23;88.5
1;2025-11-29;0;37.8
1;2025-11-29;1;8.2
1;2025-11-29;2;3.2
1;2025-11-29;3;1.4
1;2025-11-29;4;0.5
1;2025-11-29;5;47.0
1;2025-11-29;6;206.6
1;2025-11-29;7;358.2
1;2025-11-29;8;519.6
1;2025-11-29;9;672.5
1;2025-11-29;10;788.8
1;2025-11-29;11;858.1
1;2025-11-29;12;970.1
1;2025-11-29;13;1026.1
1;2025-11-29;14;989.0
1;2025-11-29;15;912.0
1;2025-11-29;16;833.2
1;2025-11-29;17;784.0
1;2025-11-29;18;694.1
1;2025-11-29;19;622.6
1;2025-11-29;20;472.5
1;2025-11-29;21;342.1
1;2025-11-29;22;178.5
1;2025-11-29;23;70.8
1;2025-11-30;0;33.7
1;2025-11-30;1;4.9
1;2025-11-30;2;1.0
1;2025-11-30;3;0.6
1;2025-11-30;4;0.0
1;2025-11-30;5;26.8
1;2025-11-30;6;143.2
1;2025-11-30;7;256.0
1;2025-11-30;8;378.8
1;2025-11-30;9;547.5
1;2025-11-30;10;652.7
1;2025-11-30;11;743.3
1;2025-11-30;12;846.5
1;2025-11-30;13;892.0
1;2025-11-30;14;871.5
1;2025-11-30;15;803.7
1;2025-11-30;16;740.4
1;2025-11-30;17;689.5
1;2025-11-30;18;597.2
1;2025-11-30;19;522.7
1;2025-11-30;20;386.0
1;2025-11-30;21;290.1
1;2025-11-30;22;142.1
1;2025-11-30;23;44.2
1;2025-12-01;0;22.0
1;2025-12-01;1;3.7
1;2025-12-01;2;4.9
1;2025-12-01;3;4.8
1;2025-12-01;4;13.7
1;2025-12-01;5;145.2
1;2025-12-01;6;576.7
1;2025-12-01;7;1544.8
1;2025-12-01;8;2146.1
1;2025-12-01;9;1590.3
1;2025-12-01;10;1353.2
1;2025-12-01;11;1315.1
1;2025-12-01;12;1391.4
1;2025-12-01;13;1442.1
1;2025-12-01;14;1458.3
1;2025-12-01;15;1570.5
1;2025-12-01;16;1673.0
1;2025-12-01;17;1968.2
1;2025-12-01;18;2088.0
1;2025-12-01;19;1502.4
1;2025-12-01;20;949.1
1;2025-12-01;21;516.5
1;2025-12-01;22;219.4
1;2025-12-01;23;75.7
1;2025-12-02;0;25.3
1;2025-12-02;1;5.7
1;2025-12-02;2;6.1
1;2025-12-02;3;6.1
1;2025-12-02;4;17.0
1;2025-12-02;5;132.5
1;2025-12-02;6;586.6
1;2025-12-02;7;1584.0
1;2025-12-02;8;2157.6
1;2025-12-02;9;1637.4
1;2025-12-02;10;1416.6
1;2025-12-02;11;1372.9
1;2025-12-02;12;1412.3
1;2025-12-02;13;1463.7
1;2025-12-02;14;1389.7
1;2025-12-02;15;1516.3
1;2025-12-02;16;1613.1
1;2025-12-02;17;1926.3
1;2025-12-02;18;2016.8
1;2025-12-02;19;1499.9
1;2025-12-02;20;940.1
1;2025-12-02;21;540.8
1;2025-12-02;22;240.8
1;2025-12-02;23;80.2
1;2025-12-03;0;26.2
1;2025-12-03;1;6.6
1;2025-12-03;2;6.6
1;2025-12-03;3;6.9
1;2025-12-03;4;15.2
1;2025-12-03;5;145.3
1;2025-12-03;6;603.4
1;2025-12-03;7;1550.7
1;2025-12-03;8;2181.6
1;2025-12-03;9;1592.4
1;2025-12-03;10;1397.9
1;2025-12-03;11;1360.4
1;2025-12-03;12;1426.3
1;2025-12-03;13;1493.5
1;2025-12-03;14;1451.2
1;2025-12-03;15;1588.9
1;2025-12-03;16;1628.1
1;2025-12-03;17;1923.6
1;2025-12-03;18;1998.5
1;2025-12-03;19;1447.8
1;2025-12-03;20;952.9
1;2025-12-03;21;541.3
1;2025-12-03;22;249.4
1;2025-12-03;23;82.5
1;2025-12-04;0;25.3
1;2025-12-04;1;4.3
1;2025-12-04;2;3.3
1;2025-12-04;3;2.4
1;2025-12-04;4;14.2
1;2025-12-04;5;134.2
1;2025-12-04;6;560.6
1;2025-12-04;7;1551.9
1;2025-12-04;8;2168.8
1;2025-12-04;9;1603.0
1;2025-12-04;10;1404.0
1;2025-12-04;11;1393.5
1;2025-12-04;12;1445.2
1;2025-12-04;13;1466.9
1;2025-12-04;14;1486.5
1;2025-12-04;15;1573.3
1;2025-12-04;16;1659.4
1;2025-12-04;17;1920.6
1;2025-12-04;18;2036.5
1;2025-12-04;19;1440.1
1;2025-12-04;20;948.0
1;2025-12-04;21;534.2
1;2025-12-04;22;248.6
1;2025-12-04;23;88.5
1;2025-12-05;0;23.5
1;2025-12-05;1;3.6
1;2025-12-05;2;2.8
1;2025-12-05;3;2.3
1;2025-12-05;4;11.0
1;2025-12-05;5;143.0
1;2025-12-05;6;556.0
1;2025-12-05;7;1539.4
1;2025-12-05;8;2017.5
1;2025-12-05;9;1560.4
1;2025-12-05;10;1338.1
1;2025-12-05;11;1380.1
1;2025-12-05;12;1403.7
1;2025-12-05;13;1456.2
1;2025-12-05;14;1467.4
1;2025-12-05;15;1632.3
1;2025-12-05;16;1773.0
1;2025-12-05;17;1942.9
1;2025-12-05;18;1662.4
1;2025-12-05;19;1326.5
1;2025-12-05;20;863.7
1;2025-12-05;21;536.9
1;2025-12-05;22;256.5
1;2025-12-05;23;98.6
1;2025-12-06;0;37.0
1;2025-12-06;1;5.7
1;2025-12-06;2;1.2
1;2025-12-06;3;0.1
1;2025-12-06;4;0.3
1;2025-12-06;5;46.3
1;2025-12-06;6;212.5
1;2025-12-06;7;369.6
1;2025-12-06;8;532.8
1;2025-12-06;9;693.3
1;2025-12-06;10;817.5
1;2025-12-06;11;893.4
1;2025-12-06;12;1016.7
1;2025-12-06;13;1079.9
1;2025-12-06;14;1045.6
1;2025-12-06;15;966.4
1;2025-12-06;16;885.9
1;2025-12-06;17;836.1
1;2025-12-06;18;742.2
1;2025-12-06;19;667.5
1;2025-12-06;20;511.0
1;2025-12-06;21;372.7
1;2025-12-06;22;198.6
1;2025-12-06;23;84.0
1;2025-12-07;0;33.6
1;2025-12-07;1;3.9
1;2025-12-07;2;0.0
1;2025-12-07;3;0.0
1;2025-12-07;4;0.3
1;2025-12-07;5;26.5
1;2025-12-07;6;149.0
1;2025-12-07;7;265.2
1;2025-12-07;8;391.4
1;2025-12-07;9;568.8
1;2025-12-07;10;681.2
1;2025-12-07;11;778.0
1;2025-12-07;12;890.4
1;2025-12-07;13;941.3
1;2025-12-07;14;924.7
1;2025-12-07;15;855.5
1;2025-12-07;16;791.4
1;2025-12-07;17;741.0
1;2025-12-07;18;644.4
1;2025-12-07;19;566.3
1;2025-12-07;20;421.5
1;2025-12-07;21;318.7
1;2025-12-07;22;161.2
1;2025-12-07;23;57.2
1;2025-12-08;0;18.5
1;2025-12-08;1;3.5
1;2025-12-08;2;4.5
1;2025-12-08;3;4.8
1;2025-12-08;4;16.5
1;2025-12-08;5;148.1
1;2025-12-08;6;547.6
1;2025-12-08;7;1491.3
1;2025-12-08;8;2060.8
1;2025-12-08;9;1517.9
1;2025-12-08;10;1284.9
1;2025-12-08;11;1248.0
1;2025-12-08;12;1326.0
1;2025-12-08;13;1376.0
1;2025-12-08;14;1392.9
1;2025-12-08;15;1504.9
1;2025-12-08;16;1610.2
1;2025-12-08;17;1903.4
1;2025-12-08;18;2021.8
1;2025-12-08;19;1465.0
1;2025-12-08;20;931.5
1;2025-12-08;21;507.1
1;2025-12-08;22;216.3
1;2025-12-08;23;73.2
1;2025-12-09;0;22.3
1;2025-12-09;1;4.6
1;2025-12-09;2;5.1
1;2025-12-09;3;5.6
1;2025-12-09;4;19.6
1;2025-12-09;5;136.7
1;2025-12-09;6;556.8
1;2025-12-09;7;1528.7
1;2025-12-09;8;2070.5
1;2025-12-09;9;1562.9
1;2025-12-09;10;1345.3
1;2025-12-09;11;1302.8
1;2025-12-09;12;1344.4
1;2025-12-09;13;1395.8
1;2025-12-09;14;1322.5
1;2025-12-09;15;1449.6
1;2025-12-09;16;1549.3
1;2025-12-09;17;1860.8
1;2025-12-09;18;1950.1
1;2025-12-09;19;1462.7
1;2025-12-09;20;921.0
1;2025-12-09;21;530.0
1;2025-12-09;22;236.4
1;2025-12-09;23;76.4
1;2025-12-10;0;22.5
1;2025-12-10;1;4.8
1;2025-12-10;2;4.7
1;2025-12-10;3;5.5
1;2025-12-10;4;16.7
1;2025-12-10;5;148.7
1;2025-12-10;6;574.0
1;2025-12-10;7;1495.9
1;2025-12-10;8;2096.4
1;2025-12-10;9;1521.1
1;2025-12-10;10;1329.9
1;2025-12-10;11;1293.5
1;2025-12-10;12;1360.3
1;2025-12-10;13;1426.7
1;2025-12-10;14;1385.3
1;2025-12-10;15;1523.6
1;2025-12-10;16;1565.5
1;2025-12-10;17;1859.2
1;2025-12-10;18;1932.9
1;2025-12-10;19;1411.4
1;2025-12-10;20;934.3
1;2025-12-10;21;531.2
1;2025-12-10;22;245.3
1;2025-12-10;23;78.9
1;2025-12-11;0;25.9
1;2025-12-11;1;6.2
1;2025-12-11;2;5.5
1;2025-12-11;3;5.2
1;2025-12-11;4;21.0
1;2025-12-11;5;143.8
1;2025-12-11;6;550.0
1;2025-12-11;7;1523.7
1;2025-12-11;8;2119.7
1;2025-12-11;9;1569.3
1;2025-12-11;10;1375.7
1;2025-12-11;11;1368.7
1;2025-12-11;12;1421.1
1;2025-12-11;13;1445.4
1;2025-12-11;14;1466.0
1;2025-12-11;15;1552.0
1;2025-12-11;16;1637.5
1;2025-12-11;17;1894.1
1;2025-12-11;18;1997.9
1;2025-12-11;19;1426.1
1;2025-12-11;20;943.6
1;2025-12-11;21;535.7
1;2025-12-11;22;254.4
1;2025-12-11;23;94.6
1;2025-12-12;0;25.6
1;2025-12-12;1;6.2
1;2025-12-12;2;5.2
1;2025-12-12;3;5.6
1;2025-12-12;4;20.3
1;2025-12-12;5;155.9
1;2025-12-12;6;553.2
1;2025-12-12;7;1520.6
1;2025-12-12;8;1979.4
1;2025-12-12;9;1537.4
1;2025-12-12;10;1320.0
1;2025-12-12;11;1360.8
1;2025-12-12;12;1383.6
1;2025-12-12;13;1435.0
1;2025-12-12;14;1445.3
1;2025-12-12;15;1608.1
1;2025-12-12;16;1746.8
1;2025-12-12;17;1917.6
1;2025-12-12;18;1647.8
1;2025-12-12;19;1320.8
1;2025-12-12;20;864.1
1;2025-12-12;21;536.7
1;2025-12-12;22;258.4
1;2025-12-12;23;100.1
1;2025-12-13;0;44.2
1;2025-12-13;1;13.7
1;2025-12-13;2;8.4
1;2025-12-13;3;5.7
1;2025-12-13;4;5.7
1;2025-12-13;5;57.5
1;2025-12-13;6;206.4
1;2025-12-13;7;350.2
1;2025-12-13;8;501.6
1;2025-12-13;9;658.7
1;2025-12-13;10;783.2
1;2025-12-13;11;856.3
1;2025-12-13;12;980.6
1;2025-12-13;13;1043.5
1;2025-12-13;14;1009.2
1;2025-12-13;15;932.6
1;2025-12-13;16;854.8
1;2025-12-13;17;808.7
1;2025-12-13;18;724.8
1;2025-12-13;19;657.0
1;2025-12-13;20;506.1
1;2025-12-13;21;367.6
1;2025-12-13;22;197.8
1;2025-12-13;23;82.7
1;2025-12-14;0;37.2
1;2025-12-14;1;7.7
1;2025-12-14;2;3.1
1;2025-12-14;3;1.6
1;2025-12-14;4;1.2
1;2025-12-14;5;34.8
1;2025-12-14;6;146.1
1;2025-12-14;7;249.9
1;2025-12-14;8;366.6
1;2025-12-14;9;539.7
1;2025-12-14;10;651.0
1;2025-12-14;11;742.7
1;2025-12-14;12;855.4
1;2025-12-14;13;905.7
1;2025-12-14;14;889.1
1;2025-12-14;15;822.8
1;2025-12-14;16;761.3
1;2025-12-14;17;714.4
1;2025-12-14;18;628.6
1;2025-12-14;19;557.3
1;2025-12-14;20;418.0
1;2025-12-14;21;313.9
1;2025-12-14;22;159.3
1;2025-12-14;23;54.7
1;2025-12-15;0;18.5
1;2025-12-15;1;3.5
1;2025-12-15;2;4.5
1;2025-12-15;3;4.8
1;2025-12-15;4;16.5
1;2025-12-15;5;148.1
1;2025-12-15;6;547.6
1;2025-12-15;7;1491.3
1;2025-12-15;8;2060.8
1;2025-12-15;9;1517.9
1;2025-12-15;10;1284.9
1;2025-12-15;11;1248.0
1;2025-12-15;12;1326.0
1;2025-12-15;13;1376.0
1;2025-12-15;14;1392.9
1;2025-12-15;15;1504.9
1;2025-12-15;16;1610.2
1;2025-12-15;17;1903.4
1;2025-12-15;18;2021.8
1;2025-12-15;19;1465.0
1;2025-12-15;20;931.5
1;2025-12-15;21;507.1
1;2025-12-15;22;216.3
1;2025-12-15;23;73.2
1;2025-12-16;0;22.3
1;2025-12-16;1;4.6
1;2025-12-16;2;5.1
1;2025-12-16;3;5.6
1;2025-12-16;4;19.6
1;2025-12-16;5;136.7
1;2025-12-16;6;556.8
1;2025-12-16;7;1528.7
1;2025-12-16;8;2070.5
1;2025-12-16;9;1562.9
1;2025-12-16;10;1345.3
1;2025-12-16;11;1302.8
1;2025-12-16;12;1344.4
1;2025-12-16;13;1395.8
1;2025-12-16;14;1322.5
1;2025-12-16;15;1449.6
1;2025-12-16;16;1549.3
1;2025-12-16;17;1860.8
1;2025-12-16;18;1950.1
1;2025-12-16;19;1462.7
1;2025-12-16;20;921.0
1;2025-12-16;21;530.0
1;2025-12-16;22;236.4
1;2025-12-16;23;76.4
1;2025-12-17;0;22.5
1;2025-12-17;1;4.8
1;2025-12-17;2;4.7
1;2025-12-17;3;5.5
1;2025-12-17;4;16.7
1;2025-12-17;5;148.7
1;2025-12-17;6;574.0
1;2025-12-17;7;1495.9
1;2025-12-17;8;2096.4
1;2025-12-17;9;1521.1
1;2025-12-17;10;1329.9
1;2025-12-17;11;1293.5
1;2025-12-17;12;1360.3
1;2025-12-17;13;1426.7
1;2025-12-17;14;1385.3
1;2025-12-17;15;1523.6
1;2025-12-17;16;1565.5
1;2025-12-17;17;1859.2
1;2025-12-17;18;1932.9
1;2025-12-17;19;1411.4
1;2025-12-17;20;934.3
1;2025-12-17;21;531.2
1;2025-12-17;22;245.3
1;2025-12-17;23;78.9
1;2025-12-18;0;25.9
1;2025-12-18;1;6.2
1;2025-12-18;2;5.5
1;2025-12-18;3;5.2
1;2025-12-18;4;21.0
1;2025-12-18;5;143.8
1;2025-12-18;6;550.0
1;2025-12-18;7;1523.7
1;2025-12-18;8;2119.7
1;2025-12-18;9;1569.3
1;2025-12-18;10;1375.7
1;2025-12-18;11;1368.7
1;2025-12-18;12;1421.1
1;2025-12-18;13;1445.4
1;2025-12-18;14;1466.0
1;2025-12-18;15;1552.0
1;2025-12-18;16;1637.5
1;2025-12-18;17;1894.1
1;2025-12-18;18;1997.9
1;2025-12-18;19;1426.1
1;2025-12-18;20;943.6
1;2025-12-18;21;535.7
1;2025-12-18;22;254.4
1;2025-12-18;23;94.6
1;2025-12-19;0;25.6
1;2025-12-19;1;6.2
1;2025-12-19;2;5.2
1;2025-12-19;3;5.6
1;2025-12-19;4;20.3
1;2025-12-19;5;155.9
1;2025-12-19;6;553.2
1;2025-12-19;7;1520.6
1;2025-12-19;8;1979.4
1;2025-12-19;9;1537.4
1;2025-12-19;10;1320.0
1;2025-12-19;11;1360.8
1;2025-12-19;12;1383.6
1;2025-12-19;13;1435.0
1;2025-12-19;14;1445.3
1;2025-12-19;15;1608.1
1;2025-12-19;16;1746.8
1;2025-12-19;17;1917.6
1;2025-12-19;18;1647.8
1;2025-12-19;19;1320.8
1;2025-12-19;20;864.1
1;2025-12-19;21;536.7
1;2025-12-19;22;258.4
1;2025-12-19;23;100.1
1;2025-12-20;0;44.2
1;2025-12-20;1;13.7
1;2025-12-20;2;8.4
1;2025-12-20;3;5.7
1;2025-12-20;4;5.7
1;2025-12-20;5;57.5
1;2025-12-20;6;206.4
1;2025-12-20;7;350.2
1;2025-12-20;8;501.6
1;2025-12-20;9;658.7
1;2025-12-20;10;783.2
1;2025-12-20;11;856.3
1;2025-12-20;12;980.6
1;2025-12-20;13;1043.5
1;2025-12-20;14;1009.2
1;2025-12-20;15;932.6
1;2025-12-20;16;854.8
1;2025-12-20;17;808.7
1;2025-12-20;18;724.8
1;2025-12-20;19;657.0
1;2025-12-20;20;506.1
1;2025-12-20;21;367.6
1;2025-12-20;22;197.8
1;2025-12-20;23;82.7
1;2025-12-21;0;37.2
1;2025-12-21;1;7.7
1;2025-12-21;2;3.1
1;2025-12-21;3;1.6
1;2025-12-21;4;1.2
1;2025-12-21;5;34.8
1;2025-12-21;6;146.1
1;2025-12-21;7;249.9
1;2025-12-21;8;366.6
1;2025-12-21;9;539.7
1;2025-12-21;10;651.0
1;2025-12-21;11;742.7
1;2025-12-21;12;855.4
1;2025-12-21;13;905.7
1;2025-12-21;14;889.1
1;2025-12-21;15;822.8
1;2025-12-21;16;761.3
1;2025-12-21;17;714.4
1;2025-12-21;18;628.6
1;2025-12-21;19;557.3
1;2025-12-21;20;418.0
1;2025-12-21;21;313.9
1;2025-12-21;22;159.3
1;2025-12-21;23;54.7
1;2025-12-22;0;18.5
1;2025-12-22;1;3.5
1;2025-12-22;2;4.5
1;2025-12-22;3;4.8
1;2025-12-22;4;16.5
1;2025-12-22;5;148.1
1;2025-12-22;6;547.6
1;2025-12-22;7;1491.3
1;2025-12-22;8;2060.8
1;2025-12-22;9;1517.9
1;2025-12-22;10;1284.9
1;2025-12-22;11;1248.0
1;2025-12-22;12;1326.0
1;2025-12-22;13;1376.0
1;2025-12-22;14;1392.9
1;2025-12-22;15;1504.9
1;2025-12-22;16;1610.2
1;2025-12-22;17;1903.4
1;2025-12-22;18;2021.8
1;2025-12-22;19;1465.0
1;2025-12-22;20;931.5
1;2025-12-22;21;507.1
1;2025-12-22;22;216.3
1;2025-12-22;23;73.2
1;2025-12-23;0;22.3
1;2025-12-23;1;4.6
1;2025-12-23;2;5.1
1;2025-12-23;3;5.6
1;2025-12-23;4;19.6
1;2025-12-23;5;136.7
1;2025-12-23;6;556.8
1;2025-12-23;7;1528.7
1;2025-12-23;8;2070.5
1;2025-12-23;9;1562.9
1;2025-12-23;10;1345.3
1;2025-12-23;11;1302.8
1;2025-12-23;12;1344.4
1;2025-12-23;13;1395.8
1;2025-12-23;14;1322.5
1;2025-12-23;15;1449.6
1;2025-12-23;16;1549.3
1;2025-12-23;17;1860.8
1;2025-12-23;18;1950.1
1;2025-12-23;19;1462.7
1;2025-12-23;20;921.0
1;2025-12-23;21;530.0
1;2025-12-23;22;236.4
1;2025-12-23;23;76.4
1;2025-12-24;0;22.5
1;2025-12-24;1;4.8
1;2025-12-24;2;4.7
1;2025-12-24;3;5.5
1;2025-12-24;4;16.7
1;2025-12-24;5;148.7
1;2025-12-24;6;574.0
1;2025-12-24;7;1495.9
1;2025-12-24;8;2096.4
1;2025-12-24;9;1521.1
1;2025-12-24;10;1329.9
1;2025-12-24;11;1293.5
1;2025-12-24;12;1360.3
1;2025-12-24;13;1426.7
1;2025-12-24;14;1385.3
1;2025-12-24;15;1523.6
1;2025-12-24;16;1565.5
1;2025-12-24;17;1859.2
1;2025-12-24;18;1932.9
1;2025-12-24;19;1411.4
1;2025-12-24;20;934.3
1;2025-12-24;21;531.2
1;2025-12-24;22;245.3
1;2025-12-24;23;78.9
1;2025-12-25;0;25.9
1;2025-12-25;1;6.2
1;2025-12-25;2;5.5
1;2025-12-25;3;5.2
1;2025-12-25;4;21.0
1;2025-12-25;5;143.8
1;2025-12-25;6;550.0
1;2025-12-25;7;1523.7
1;2025-12-25;8;2119.7
1;2025-12-25;9;1569.3
1;2025-12-25;10;1375.7
1;2025-12-25;11;1368.7
1;2025-12-25;12;1421.1
1;2025-12-25;13;1445.4
1;2025-12-25;14;1466.0
1;2025-12-25;15;1552.0
1;2025-12-25;16;1637.5
1;2025-12-25;17;1894.1
1;2025-12-25;18;1997.9
1;2025-12-25;19;1426.1
1;2025-12-25;20;943.6
1;2025-12-25;21;535.7
1;2025-12-25;22;254.4
1;2025-12-25;23;94.6
1;2025-12-26;0;25.6
1;2025-12-26;1;6.2
1;2025-12-26;2;5.2
1;2025-12-26;3;5.6
1;2025-12-26;4;20.3
1;2025-12-26;5;155.9
1;2025-12-26;6;553.2
1;2025-12-26;7;1520.6
1;2025-12-26;8;1979.4
1;2025-12-26;9;1537.4
1;2025-12-26;10;1320.0
1;2025-12-26;11;1360.8
1;2025-12-26;12;1383.6
1;2025-12-26;13;1435.0
1;2025-12-26;14;1445.3
1;2025-12-26;15;1608.1
1;2025-12-26;16;1746.8
1;2025-12-26;17;1917.6
1;2025-12-26;18;1647.8
1;2025-12-26;19;1320.8
1;2025-12-26;20;864.1
1;2025-12-26;21;536.7
1;2025-12-26;22;258.4
1;2025-12-26;23;100.1
1;2025-12-27;0;44.2
1;2025-12-27;1;13.7
1;2025-12-27;2;8.4
1;2025-12-27;3;5.7
1;2025-12-27;4;5.7
1;2025-12-27;5;57.5
1;2025-12-27;6;206.4
1;2025-12-27;7;350.2
1;2025-12-27;8;501.6
1;2025-12-27;9;658.7
1;2025-12-27;10;783.2
1;2025-12-27;11;856.3
1;2025-12-27;12;980.6
1;2025-12-27;13;1043.5
1;2025-12-27;14;1009.2
1;2025-12-27;15;932.6
1;2025-12-27;16;854.8
1;2025-12-27;17;808.7
1;2025-12-27;18;724.8
1;2025-12-27;19;657.0
1;2025-12-27;20;506.1
1;2025-12-27;21;367.6
1;2025-12-27;22;197.8
1;2025-12-27;23;82.7
1;2025-12-28;0;37.2
1;2025-12-28;1;7.7
1;2025-12-28;2;3.1
1;2025-12-28;3;1.6
1;2025-12-28;4;1.2
1;2025-12-28;5;34.8
1;2025-12-28;6;146.1
1;2025-12-28;7;249.9
1;2025-12-28;8;366.6
1;2025-12-28;9;539.7
1;2025-12-28;10;651.0
1;2025-12-28;11;742.7
1;2025-12-28;12;855.4
1;2025-12-28;13;905.7
1;2025-12-28;14;889.1
1;2025-12-28;15;822.8
1;2025-12-28;16;761.3
1;2025-12-28;17;714.4
1;2025-12-28;18;628.6
1;2025-12-28;19;557.3
1;2025-12-28;20;418.0
1;2025-12-28;21;313.9
1;2025-12-28;22;159.3
1;2025-12-28;23;54.7
1;2025-12-29;0;18.5
1;2025-12-29;1;3.5
1;2025-12-29;2;4.5
1;2025-12-29;3;4.8
1;2025-12-29;4;16.5
1;2025-12-29;5;148.1
1;2025-12-29;6;547.6
1;2025-12-29;7;1491.3
1;2025-12-29;8;2060.8
1;2025-12-29;9;1517.9
1;2025-12-29;10;1284.9
1;2025-12-29;11;1248.0
1;2025-12-29;12;1326.0
1;2025-12-29;13;1376.0
1;2025-12-29;14;1392.9
1;2025-12-29;15;1504.9
1;2025-12-29;16;1610.2
1;2025-12-29;17;1903.4
1;2025-12-29;18;2021.8
1;2025-12-29;19;1465.0
1;2025-12-29;20;931.5
1;2025-12-29;21;507.1
1;2025-12-29;22;216.3
1;2025-12-29;23;73.2
1;2025-12-30;0;28.4
1;2025-12-30;1;10.3
1;2025-12-30;2;11.6
1;2025-12-30;3;13.2
1;2025-12-30;4;31.5
1;2025-12-30;5;146.8
1;2025-12-30;6;570.7
1;2025-12-30;7;1538.0
1;2025-12-30;8;2078.3
1;2025-12-30;9;1579.1
1;2025-12-30;10;1364.9
1;2025-12-30;11;1335.4
1;2025-12-30;12;1382.8
1;2025-12-30;13;1444.7
1;2025-12-30;14;1383.0
1;2025-12-30;15;1520.2
1;2025-12-30;16;1618.7
1;2025-12-30;17;1856.1
1;2025-12-30;18;1817.7
1;2025-12-30;19;1410.7
1;2025-12-30;20;915.9
1;2025-12-30;21;537.1
1;2025-12-30;22;252.1
1;2025-12-30;23;95.9
1;2025-12-31;0;22.7
1;2025-12-31;1;0.0
1;2025-12-31;2;0.0
1;2025-12-31;3;0.8
1;2025-12-31;4;0.0
1;2025-12-31;5;3.8
1;2025-12-31;6;72.1
1;2025-12-31;7;146.8
1;2025-12-31;8;229.8
1;2025-12-31;9;283.6
1;2025-12-31;10;357.2
1;2025-12-31;11;448.0
1;2025-12-31;12;570.1
1;2025-12-31;13;641.5
1;2025-12-31;14;638.0
1;2025-12-31;15;617.2
1;2025-12-31;16;574.8
1;2025-12-31;17;566.1
1;2025-12-31;18;542.7
1;2025-12-31;19;499.5
1;2025-12-31;20;366.1
1;2025-12-31;21;254.1
1;2025-12-31;22;118.7
1;2025-12-31;23;15.0
5;2025-11-01;0;0.0
5;2025-11-01;1;0.0
5;2025-11-01;2;0.0
5;2025-11-01;3;0.0
5;2025-11-01;4;0.0
5;2025-11-01;5;0.0
5;2025-11-01;6;0.0
5;2025-11-01;7;0.0
5;2025-11-01;8;0.0
5;2025-11-01;9;0.0
5;2025-11-01;10;0.0
5;2025-11-01;11;0.0
5;2025-11-01;12;0.0
5;2025-11-01;13;0.0
5;2025-11-01;14;0.0
5;2025-11-01;15;0.0
5;2025-11-01;16;0.0
5;2025-11-01;17;0.0
5;2025-11-01;18;0.0
5;2025-11-01;19;0.0
5;2025-11-01;20;0.0
5;2025-11-01;21;0.0
5;2025-11-01;22;0.0
5;2025-11-01;23;0.0
5;2025-11-02;0;0.0
5;2025-11-02;1;0.0
5;2025-11-02;2;0.0
5;2025-11-02;3;0.0
5;2025-11-02;4;0.0
5;2025-11-02;5;0.0
5;2025-11-02;6;0.0
5;2025-11-02;7;0.0
5;2025-11-02;8;0.0
5;2025-11-02;9;0.0
5;2025-11-02;10;0.0
5;2025-11-02;11;0.0
5;2025-11-02;12;0.0
5;2025-11-02;13;0.0
5;2025-11-02;14;0.0
5;2025-11-02;15;0.0
5;2025-11-02;16;0.0
5;2025-11-02;17;0.0
5;2025-11-02;18;0.0
5;2025-11-02;19;0.0
5;2025-11-02;20;0.0
5;2025-11-02;21;0.0
5;2025-11-02;22;0.0
5;2025-11-02;23;0.0
5;2025-11-03;0;0.0
5;2025-11-03;1;0.0
5;2025-11-03;2;0.0
5;2025-11-03;3;0.0
5;2025-11-03;4;0.0
5;2025-11-03;5;0.0
5;2025-11-03;6;0.0
5;2025-11-03;7;0.0
5;2025-11-03;8;0.0
5;2025-11-03;9;0.0
5;2025-11-03;10;0.0
5;2025-11-03;11;0.0
5;2025-11-03;12;0.0
5;2025-11-03;13;0.0
5;2025-11-03;14;0.0
5;2025-11-03;15;0.0
5;2025-11-03;16;0.0
5;2025-11-03;17;0.0
5;2025-11-03;18;0.0
5;2025-11-03;19;0.0
5;2025-11-03;20;0.0
5;2025-11-03;21;0.0
5;2025-11-03;22;0.0
5;2025-11-03;23;0.0
5;2025-11-04;0;0.0
5;2025-11-04;1;0.0
5;2025-11-04;2;0.0
5;2025-11-04;3;0.0
5;2025-11-04;4;0.0
5;2025-11-04;5;0.0
5;2025-11-04;6;0.0
5;2025-11-04;7;0.0
5;2025-11-04;8;0.0
5;2025-11-04;9;0.0
5;2025-11-04;10;0.0
5;2025-11-04;11;0.0
5;2025-11-04;12;0.0
5;2025-11-04;13;0.0
5;2025-11-04;14;0.0
5;2025-11-04;15;0.0
5;2025-11-04;16;0.0
5;2025-11-04;17;0.0
5;2025-11-04;18;0.0
5;2025-11-04;19;0.0
5;2025-11-04;20;0.0
5;2025-11-04;21;0.0
5;2025-11-04;22;0.0
5;2025-11-04;23;0.0
5;2025-11-05;0;0.0
5;2025-11-05;1;0.0
5;2025-11-05;2;0.0
5;2025-11-05;3;0.0
5;2025-11-05;4;0.0
5;2025-11-05;5;0.0
5;2025-11-05;6;0.0
5;2025-11-05;7;0.0
5;2025-11-05;8;0.0
5;2025-11-05;9;0.0
5;2025-11-05;10;0.0
5;2025-11-05;11;0.0
5;2025-11-05;12;0.0
5;2025-11-05;13;0.0
5;2025-11-05;14;0.0
5;2025-11-05;15;0.0
5;2025-11-05;16;0.0
5;2025-11-05;17;0.0
5;2025-11-05;18;0.0
5;2025-11-05;19;0.0
5;2025-11-05;20;0.0
5;2025-11-05;21;0.0
5;2025-11-05;22;0.0
5;2025-11-05;23;0.0
5;2025-11-06;0;0.0
5;2025-11-06;1;0.0
5;2025-11-06;2;0.0
5;2025-11-06;3;0.0
5;2025-11-06;4;0.0
5;2025-11-06;5;0.0
5;2025-11-06;6;0.0
5;2025-11-06;7;0.0
5;2025-11-06;8;0.0
5;2025-11-06;9;0.0
5;2025-11-06;10;0.0
5;2025-11-06;11;0.0
5;2025-11-06;12;0.0
5;2025-11-06;13;0.0
5;2025-11-06;14;0.0
5;2025-11-06;15;0.0
5;2025-11-06;16;0.0
5;2025-11-06;17;0.0
5;2025-11-06;18;0.0
5;2025-11-06;19;0.0
5;2025-11-06;20;0.0
5;2025-11-06;21;0.0
5;2025-11-06;22;0.0
5;2025-11-06;23;0.0
5;2025-11-07;0;0.0
5;2025-11-07;1;0.0
5;2025-11-07;2;0.0
5;2025-11-07;3;0.0
5;2025-11-07;4;0.0
5;2025-11-07;5;0.0
5;2025-11-07;6;0.0
5;2025-11-07;7;0.0
5;2025-11-07;8;0.0
5;2025-11-07;9;0.0
5;2025-11-07;10;0.0
5;2025-11-07;11;0.0
5;2025-11-07;12;0.0
5;2025-11-07;13;0.0
5;2025-11-07;14;0.0
5;2025-11-07;15;0.0
5;2025-11-07;16;0.0
5;2025-11-07;17;0.0
5;2025-11-07;18;0.0
5;2025-11-07;19;0.0
5;2025-11-07;20;0.0
5;2025-11-07;21;0.0
5;2025-11-07;22;0.0
5;2025-11-07;23;0.0
5;2025-11-08;0;0.0
5;2025-11-08;1;0.0
5;2025-11-08;2;0.0
5;2025-11-08;3;0.0
5;2025-11-08;4;0.0
5;2025-11-08;5;0.0
5;2025-11-08;6;0.0
5;2025-11-08;7;0.0
5;2025-11-08;8;0.0
5;2025-11-08;9;0.0
5;2025-11-08;10;0.0
5;2025-11-08;11;0.0
5;2025-11-08;12;0.0
5;2025-11-08;13;0.0
5;2025-11-08;14;0.0
5;2025-11-08;15;0.0
5;2025-11-08;16;0.0
5;2025-11-08;17;0.0
5;2025-11-08;18;0.0
5;2025-11-08;19;0.0
5;2025-11-08;20;0.0
5;2025-11-08;21;0.0
5;2025-11-08;22;0.0
5;2025-11-08;23;0.0
5;2025-11-09;0;0.0
5;2025-11-09;1;0.0
5;2025-11-09;2;0.0
5;2025-11-09;3;0.0
5;2025-11-09;4;0.0
5;2025-11-09;5;0.0
5;2025-11-09;6;0.0
5;2025-11-09;7;0.0
5;2025-11-09;8;0.0
5;2025-11-09;9;0.0
5;2025-11-09;10;0.0
5;2025-11-09;11;0.0
5;2025-11-09;12;0.0
5;2025-11-09;13;0.0
5;2025-11-09;14;0.0
5;2025-11-09;15;0.0
5;2025-11-09;16;0.0
5;2025-11-09;17;0.0
5;2025-11-09;18;0.0
5;2025-11-09;19;0.0
5;2025-11-09;20;0.0
5;2025-11-09;21;0.0
5;2025-11-09;22;0.0
5;2025-11-09;23;0.0
5;2025-11-10;0;0.0
5;2025-11-10;1;0.0
5;2025-11-10;2;0.0
5;2025-11-10;3;0.0
5;2025-11-10;4;0.0
5;2025-11-10;5;0.0
5;2025-11-10;6;0.0
5;2025-11-10;7;0.0
5;2025-11-10;8;0.0
5;2025-11-10;9;0.0
5;2025-11-10;10;0.0
5;2025-11-10;11;0.0
5;2025-11-10;12;0.0
5;2025-11-10;13;0.0
5;2025-11-10;14;0.0
5;2025-11-10;15;0.0
5;2025-11-10;16;0.0
5;2025-11-10;17;0.0
5;2025-11-10;18;0.0
5;2025-11-10;19;0.0
5;2025-11-10;20;0.0
5;2025-11-10;21;0.0
5;2025-11-10;22;0.0
5;2025-11-10;23;0.0
5;2025-11-11;0;0.0
5;2025-11-11;1;0.0
5;2025-11-11;2;0.0
5;2025-11-11;3;0.0
5;2025-11-11;4;0.0
5;2025-11-11;5;0.0
5;2025-11-11;6;0.0
5;2025-11-11;7;0.0
5;2025-11-11;8;0.0
5;2025-11-11;9;0.0
5;2025-11-11;10;0.0
5;2025-11-11;11;0.0
5;2025-11-11;12;0.0
5;2025-11-11;13;0.0
5;2025-11-11;14;0.0
5;2025-11-11;15;0.0
5;2025-11-11;16;0.0
5;2025-11-11;17;0.0
5;2025-11-11;18;0.0
5;2025-11-11;19;0.0
5;2025-11-11;20;0.0
5;2025-11-11;21;0.0
5;2025-11-11;22;0.0
5;2025-11-11;23;0.0
5;2025-11-12;0;0.0
5;2025-11-12;1;0.0
5;2025-11-12;2;0.0
5;2025-11-12;3;0.0
5;2025-11-12;4;0.0
5;2025-11-12;5;0.0
5;2025-11-12;6;0.0
5;2025-11-12;7;0.0
5;2025-11-12;8;0.0
5;2025-11-12;9;0.0
5;2025-11-12;10;0.0
5;2025-11-12;11;0.0
5;2025-11-12;12;0.0
5;2025-11-12;13;0.0
5;2025-11-12;14;0.0
5;2025-11-12;15;0.0
5;2025-11-12;16;0.0
5;2025-11-12;17;0.0
5;2025-11-12;18;0.0
5;2025-11-12;19;0.0
5;2025-11-12;20;0.0
5;2025-11-12;21;0.0
5;2025-11-12;22;0.0
5;2025-11-12;23;0.0
5;2025-11-13;0;0.0
5;2025-11-13;1;0.0
5;2025-11-13;2;0.0
5;2025-11-13;3;0.0
5;2025-11-13;4;0.0
5;2025-11-13;5;0.0
5;2025-11-13;6;0.0
5;2025-11-13;7;0.0
5;2025-11-13;8;0.0
5;2025-11-13;9;0.0
5;2025-11-13;10;0.0
5;2025-11-13;11;0.0
5;2025-11-13;12;0.0
5;2025-11-13;13;0.0
5;2025-11-13;14;0.0
5;2025-11-13;15;0.0
5;2025-11-13;16;0.0
5;2025-11-13;17;0.0
5;2025-11-13;18;0.0
5;2025-11-13;19;0.0
5;2025-11-13;20;0.0
5;2025-11-13;21;0.0
5;2025-11-13;22;0.0
5;2025-11-13;23;0.0
5;2025-11-14;0;0.0
5;2025-11-14;1;0.0
5;2025-11-14;2;0.0
5;2025-11-14;3;0.0
5;2025-11-14;4;0.0
5;2025-11-14;5;0.0
5;2025-11-14;6;0.0
5;2025-11-14;7;0.0
5;2025-11-14;8;0.0
5;2025-11-14;9;0.0
5;2025-11-14;10;0.0
5;2025-11-14;11;0.0
5;2025-11-14;12;0.0
5;2025-11-14;13;0.0
5;2025-11-14;14;0.0
5;2025-11-14;15;0.0
5;2025-11-14;16;0.0
5;2025-11-14;17;0.0
5;2025-11-14;18;0.0
5;2025-11-14;19;0.0
5;2025-11-14;20;0.0
5;2025-11-14;21;0.0
5;2025-11-14;22;0.0
5;2025-11-14;23;0.0
5;2025-11-15;0;0.0
5;2025-11-15;1;0.0
5;2025-11-15;2;0.0
5;2025-11-15;3;0.0
5;2025-11-15;4;0.0
5;2025-11-15;5;0.0
5;2025-11-15;6;0.0
5;2025-11-15;7;0.0
5;2025-11-15;8;0.0
5;2025-11-15;9;0.0
5;2025-11-15;10;0.0
5;2025-11-15;11;0.0
5;2025-11-15;12;0.0
5;2025-11-15;13;0.0
5;2025-11-15;14;0.0
5;2025-11-15;15;0.0
5;2025-11-15;16;0.0
5;2025-11-15;17;0.0
5;2025-11-15;18;0.0
5;2025-11-15;19;0.0
5;2025-11-15;20;0.0
5;2025-11-15;21;0.0
5;2025-11-15;22;0.0
5;2025-11-15;23;0.0
5;2025-11-16;0;0.0
5;2025-11-16;1;0.0
5;2025-11-16;2;0.0
5;2025-11-16;3;0.0
5;2025-11-16;4;0.0
5;2025-11-16;5;0.0
5;2025-11-16;6;0.0
5;2025-11-16;7;0.0
5;2025-11-16;8;0.0
5;2025-11-16;9;0.0
5;2025-11-16;10;0.0
5;2025-11-16;11;0.0
5;2025-11-16;12;0.0
5;2025-11-16;13;0.0
5;2025-11-16;14;0.0
5;2025-11-16;15;0.0
5;2025-11-16;16;0.0
5;2025-11-16;17;0.0
5;2025-11-16;18;0.0
5;2025-11-16;19;0.0
5;2025-11-16;20;0.0
5;2025-11-16;21;0.0
5;2025-11-16;22;0.0
5;2025-11-16;23;0.0
5;2025-11-17;0;0.0
5;2025-11-17;1;0.0
5;2025-11-17;2;0.0
5;2025-11-17;3;0.0
5;2025-11-17;4;0.0
5;2025-11-17;5;0.0
5;2025-11-17;6;0.0
5;2025-11-17;7;0.0
5;2025-11-17;8;0.0
5;2025-11-17;9;0.0
5;2025-11-17;10;0.0
5;2025-11-17;11;0.0
5;2025-11-17;12;0.0
5;2025-11-17;13;0.0
5;2025-11-17;14;0.0
5;2025-11-17;15;0.0
5;2025-11-17;16;0.0
5;2025-11-17;17;0.0
5;2025-11-17;18;0.0
5;2025-11-17;19;0.0
5;2025-11-17;20;0.0
5;2025-11-17;21;0.0
5;2025-11-17;22;0.0
5;2025-11-17;23;0.0
5;2025-11-18;0;0.0
5;2025-11-18;1;0.0
5;2025-11-18;2;0.0
5;2025-11-18;3;0.0
5;2025-11-18;4;0.0
5;2025-11-18;5;0.0
5;2025-11-18;6;0.0
5;2025-11-18;7;0.0
5;2025-11-18;8;0.0
5;2025-11-18;9;0.0
5;2025-11-18;10;0.0
5;2025-11-18;11;0.0
5;2025-11-18;12;0.0
5;2025-11-18;13;0.0
5;2025-11-18;14;0.0
5;2025-11-18;15;0.0
5;2025-11-18;16;0.0
5;2025-11-18;17;0.0
5;2025-11-18;18;0.0
5;2025-11-18;19;0.0
5;2025-11-18;20;0.0
5;2025-11-18;21;0.0
5;2025-11-18;22;0.0
5;2025-11-18;23;0.0
5;2025-11-19;0;0.0
5;2025-11-19;1;0.0
5;2025-11-19;2;0.0
5;2025-11-19;3;0.0
5;2025-11-19;4;0.0
5;2025-11-19;5;0.0
5;2025-11-19;6;0.0
5;2025-11-19;7;0.0
5;2025-11-19;8;0.0
5;2025-11-19;9;0.0
5;2025-11-19;10;0.0
5;2025-11-19;11;0.0
5;2025-11-19;12;0.0
5;2025-11-19;13;0.0
5;2025-11-19;14;0.0
5;2025-11-19;15;0.0
5;2025-11-19;16;0.0
5;2025-11-19;17;0.0
5;2025-11-19;18;0.0
5;2025-11-19;19;0.0
5;2025-11-19;20;0.0
5;2025-11-19;21;0.0
5;2025-11-19;22;0.0
5;2025-11-19;23;0.0
5;2025-11-20;0;0.0
5;2025-11-20;1;0.0
5;2025-11-20;2;0.0
5;2025-11-20;3;0.0
5;2025-11-20;4;0.0
5;2025-11-20;5;0.0
5;2025-11-20;6;0.0
5;2025-11-20;7;0.0
5;2025-11-20;8;0.0
5;2025-11-20;9;0.0
5;2025-11-20;10;0.0
5;2025-11-20;11;0.0
5;2025-11-20;12;0.0
5;2025-11-20;13;0.0
5;2025-11-20;14;0.0
5;2025-11-20;15;0.0
5;2025-11-20;16;0.0
5;2025-11-20;17;0.0
5;2025-11-20;18;0.0
5;2025-11-20;19;0.0
5;2025-11-20;20;0.0
5;2025-11-20;21;0.0
5;2025-11-20;22;0.0
5;2025-11-20;23;0.0
5;2025-11-21;0;0.0
5;2025-11-21;1;0.0
5;2025-11-21;2;0.0
5;2025-11-21;3;0.0
5;2025-11-21;4;0.0
5;2025-11-21;5;0.0
5;2025-11-21;6;0.0
5;2025-11-21;7;0.0
5;2025-11-21;8;0.0
5;2025-11-21;9;0.0
5;2025-11-21;10;0.0
5;2025-11-21;11;0.0
5;2025-11-21;12;0.0
5;2025-11-21;13;0.0
5;2025-11-21;14;0.0
5;2025-11-21;15;0.0
5;2025-11-21;16;0.0
5;2025-11-21;17;0.0
5;2025-11-21;18;0.0
5;2025-11-21;19;0.0
5;2025-11-21;20;0.0
5;2025-11-21;21;0.0
5;2025-11-21;22;0.0
5;2025-11-21;23;0.0
5;2025-11-22;0;0.0
5;2025-11-22;1;0.0
5;2025-11-22;2;0.0
5;2025-11-22;3;0.0
5;2025-11-22;4;0.0
5;2025-11-22;5;0.0
5;2025-11-22;6;0.0
5;2025-11-22;7;0.0
5;2025-11-22;8;0.0
5;2025-11-22;9;0.0
5;2025-11-22;10;0.0
5;2025-11-22;11;0.0
5;2025-11-22;12;0.0
5;2025-11-22;13;0.0
5;2025-11-22;14;0.0
5;2025-11-22;15;0.0
5;2025-11-22;16;0.0
5;2025-11-22;17;0.0
5;2025-11-22;18;0.0
5;2025-11-22;19;0.0
5;2025-11-22;20;0.0
5;2025-11-22;21;0.0
5;2025-11-22;22;0.0
5;2025-11-22;23;0.0
5;2025-11-23;0;0.0
5;2025-11-23;1;0.0
5;2025-11-23;2;0.0
5;2025-11-23;3;0.0
5;2025-11-23;4;0.0
5;2025-11-23;5;0.0
5;2025-11-23;6;0.0
5;2025-11-23;7;0.0
5;2025-11-23;8;0.0
5;2025-11-23;9;0.0
5;2025-11-23;10;0.0
5;2025-11-23;11;0.0
5;2025-11-23;12;0.0
5;2025-11-23;13;0.0
5;2025-11-23;14;0.0
5;2025-11-23;15;0.0
5;2025-11-23;16;0.0
5;2025-11-23;17;0.0
5;2025-11-23;18;0.0
5;2025-11-23;19;0.0
5;2025-11-23;20;0.0
5;2025-11-23;21;0.0
5;2025-11-23;22;0.0
5;2025-11-23;23;0.0
5;2025-11-24;0;0.0
5;2025-11-24;1;0.0
5;2025-11-24;2;0.0
5;2025-11-24;3;0.0
5;2025-11-24;4;0.0
5;2025-11-24;5;0.0
5;2025-11-24;6;0.0
5;2025-11-24;7;0.0
5;2025-11-24;8;0.0
5;2025-11-24;9;0.0
5;2025-11-24;10;0.0
5;2025-11-24;11;0.0
5;2025-11-24;12;0.0
5;2025-11-24;13;0.0
5;2025-11-24;14;0.0
5;2025-11-24;15;0.0
5;2025-11-24;16;0.0
5;2025-11-24;17;0.0
5;2025-11-24;18;0.0
5;2025-11-24;19;0.0
5;2025-11-24;20;0.0
5;2025-11-24;21;0.0
5;2025-11-24;22;0.0
5;2025-11-24;23;0.0
5;2025-11-25;0;0.0
5;2025-11-25;1;0.0
5;2025-11-25;2;0.0
5;2025-11-25;3;0.0
5;2025-11-25;4;0.0
5;2025-11-25;5;0.0
5;2025-11-25;6;0.0
5;2025-11-25;7;0.0
5;2025-11-25;8;0.0
5;2025-11-25;9;0.0
5;2025-11-25;10;0.0
5;2025-11-25;11;0.0
5;2025-11-25;12;0.0
5;2025-11-25;13;0.0
5;2025-11-25;14;0.0
5;2025-11-25;15;0.0
5;2025-11-25;16;0.0
5;2025-11-25;17;0.0
5;2025-11-25;18;0.0
5;2025-11-25;19;0.0
5;2025-11-25;20;0.0
5;2025-11-25;21;0.0
5;2025-11-25;22;0.0
5;2025-11-25;23;0.0
5;2025-11-26;0;0.0
5;2025-11-26;1;0.0
5;2025-11-26;2;0.0
5;2025-11-26;3;0.0
5;2025-11-26;4;0.0
5;2025-11-26;5;0.0
5;2025-11-26;6;0.0
5;2025-11-26;7;0.0
5;2025-11-26;8;0.0
5;2025-11-26;9;0.0
5;2025-11-26;10;0.0
5;2025-11-26;11;0.0
5;2025-11-26;12;0.0
5;2025-11-26;13;0.0
5;2025-11-26;14;0.0
5;2025-11-26;15;0.0
5;2025-11-26;16;0.0
5;2025-11-26;17;0.0
5;2025-11-26;18;0.0
5;2025-11-26;19;0.0
5;2025-11-26;20;0.0
5;2025-11-26;21;0.0
5;2025-11-26;22;0.0
5;2025-11-26;23;0.0
5;2025-11-27;0;0.0
5;2025-11-27;1;0.0
5;2025-11-27;2;0.0
5;2025-11-27;3;0.0
5;2025-11-27;4;0.0
5;2025-11-27;5;0.0
5;2025-11-27;6;0.0
5;2025-11-27;7;0.0
5;2025-11-27;8;0.0
5;2025-11-27;9;0.0
5;2025-11-27;10;0.0
5;2025-11-27;11;0.0
5;2025-11-27;12;0.0
5;2025-11-27;13;0.0
5;2025-11-27;14;0.0
5;2025-11-27;15;0.0
5;2025-11-27;16;0.0
5;2025-11-27;17;0.0
5;2025-11-27;18;0.0
5;2025-11-27;19;0.0
5;2025-11-27;20;0.0
5;2025-11-27;21;0.0
5;2025-11-27;22;0.0
5;2025-11-27;23;0.0
5;2025-11-28;0;0.0
5;2025-11-28;1;0.0
5;2025-11-28;2;0.0
5;2025-11-28;3;0.0
5;2025-11-28;4;0.0
5;2025-11-28;5;0.0
5;2025-11-28;6;0.0
5;2025-11-28;7;0.0
5;2025-11-28;8;0.0
5;2025-11-28;9;0.0
5;2025-11-28;10;0.0
5;2025-11-28;11;0.0
5;2025-11-28;12;0.0
5;2025-11-28;13;0.0
5;2025-11-28;14;0.0
5;2025-11-28;15;0.0
5;2025-11-28;16;0.0
5;2025-11-28;17;0.0
5;2025-11-28;18;0.0
5;2025-11-28;19;0.0
5;2025-11-28;20;0.0
5;2025-11-28;21;0.0
5;2025-11-28;22;0.0
5;2025-11-28;23;0.0
5;2025-11-29;0;0.0
5;2025-11-29;1;0.0
5;2025-11-29;2;0.0
5;2025-11-29;3;0.0
5;2025-11-29;4;0.0
5;2025-11-29;5;0.0
5;2025-11-29;6;0.0
5;2025-11-29;7;0.0
5;2025-11-29;8;0.0
5;2025-11-29;9;0.0
5;2025-11-29;10;0.0
5;2025-11-29;11;0.0
5;2025-11-29;12;0.0
5;2025-11-29;13;0.0
5;2025-11-29;14;0.0
5;2025-11-29;15;0.0
5;2025-11-29;16;0.0
5;2025-11-29;17;0.0
5;2025-11-29;18;0.0
5;2025-11-29;19;0.0
5;2025-11-29;20;0.0
5;2025-11-29;21;0.0
5;2025-11-29;22;0.0
5;2025-11-29;23;0.0
5;2025-11-30;0;0.0
5;2025-11-30;1;0.0
5;2025-11-30;2;0.0
5;2025-11-30;3;0.0
5;2025-11-30;4;0.0
5;2025-11-30;5;0.0
5;2025-11-30;6;0.0
5;2025-11-30;7;0.0
5;2025-11-30;8;0.0
5;2025-11-30;9;0.0
5;2025-11-30;10;0.0
5;2025-11-30;11;0.0
5;2025-11-30;12;0.0
5;2025-11-30;13;0.0
5;2025-11-30;14;0.0
5;2025-11-30;15;0.0
5;2025-11-30;16;0.0
5;2025-11-30;17;0.0
5;2025-11-30;18;0.0
5;2025-11-30;19;0.0
5;2025-11-30;20;0.0
5;2025-11-30;21;0.0
5;2025-11-30;22;0.0
5;2025-11-30;23;0.0
5;2025-12-01;0;0.0
5;2025-12-01;1;0.0
5;2025-12-01;2;0.0
5;2025-12-01;3;0.0
5;2025-12-01;4;0.0
5;2025-12-01;5;0.0
5;2025-12-01;6;0.0
5;2025-12-01;7;0.0
5;2025-12-01;8;0.0
5;2025-12-01;9;0.0
5;2025-12-01;10;0.0
5;2025-12-01;11;0.0
5;2025-12-01;12;0.0
5;2025-12-01;13;0.0
5;2025-12-01;14;0.0
5;2025-12-01;15;0.0
5;2025-12-01;16;0.0
5;2025-12-01;17;0.0
5;2025-12-01;18;0.0
5;2025-12-01;19;0.0
5;2025-12-01;20;0.0
5;2025-12-01;21;0.0
5;2025-12-01;22;0.0
5;2025-12-01;23;0.0
5;2025-12-02;0;0.0
5;2025-12-02;1;0.0
5;2025-12-02;2;0.0
5;2025-12-02;3;0.0
5;2025-12-02;4;0.0
5;2025-12-02;5;0.0
5;2025-12-02;6;0.0
5;2025-12-02;7;0.0
5;2025-12-02;8;0.0
5;2025-12-02;9;0.0
5;2025-12-02;10;0.0
5;2025-12-02;11;0.0
5;2025-12-02;12;0.0
5;2025-12-02;13;0.0
5;2025-12-02;14;0.0
5;2025-12-02;15;0.0
5;2025-12-02;16;0.0
5;2025-12-02;17;0.0
5;2025-12-02;18;0.0
5;2025-12-02;19;0.0
5;2025-12-02;20;0.0
5;2025-12-02;21;0.0
5;2025-12-02;22;0.0
5;2025-12-02;23;0.0
5;2025-12-03;0;0.0
5;2025-12-03;1;0.0
5;2025-12-03;2;0.0
5;2025-12-03;3;0.0
5;2025-12-03;4;0.0
5;2025-12-03;5;0.0
5;2025-12-03;6;0.0
5;2025-12-03;7;0.0
5;2025-12-03;8;0.0
5;2025-12-03;9;0.0
5;2025-12-03;10;0.0
5;2025-12-03;11;0.0
5;2025-12-03;12;0.0
5;2025-12-03;13;0.0
5;2025-12-03;14;0.0
5;2025-12-03;15;0.0
5;2025-12-03;16;0.0
5;2025-12-03;17;0.0
5;2025-12-03;18;0.0
5;2025-12-03;19;0.0
5;2025-12-03;20;0.0
5;2025-12-03;21;0.0
5;2025-12-03;22;0.0
5;2025-12-03;23;0.0
5;2025-12-04;0;0.0
5;2025-12-04;1;0.0
5;2025-12-04;2;0.0
5;2025-12-04;3;0.0
5;2025-12-04;4;0.0
5;2025-12-04;5;0.0
5;2025-12-04;6;0.0
5;2025-12-04;7;0.0
5;2025-12-04;8;0.0
5;2025-12-04;9;0.0
5;2025-12-04;10;0.0
5;2025-12-04;11;0.0
5;2025-12-04;12;0.0
5;2025-12-04;13;0.0
5;2025-12-04;14;0.0
5;2025-12-04;15;0.0
5;2025-12-04;16;0.0
5;2025-12-04;17;0.0
5;2025-12-04;18;0.0
5;2025-12-04;19;0.0
5;2025-12-04;20;0.0
5;2025-12-04;21;0.0
5;2025-12-04;22;0.0
5;2025-12-04;23;0.0
5;2025-12-05;0;0.0
5;2025-12-05;1;0.0
5;2025-12-05;2;0.0
5;2025-12-05;3;0.0
5;2025-12-05;4;0.0
5;2025-12-05;5;0.0
5;2025-12-05;6;0.0
5;2025-12-05;7;0.0
5;2025-12-05;8;0.0
5;2025-12-05;9;0.0
5;2025-12-05;10;0.0
5;2025-12-05;11;0.0
5;2025-12-05;12;0.0
5;2025-12-05;13;0.0
5;2025-12-05;14;0.0
5;2025-12-05;15;0.0
5;2025-12-05;16;0.0
5;2025-12-05;17;0.0
5;2025-12-05;18;0.0
5;2025-12-05;19;0.0
5;2025-12-05;20;0.0
5;2025-12-05;21;0.0
5;2025-12-05;22;0.0
5;2025-12-05;23;0.0
5;2025-12-06;0;0.0
5;2025-12-06;1;0.0
5;2025-12-06;2;0.0
5;2025-12-06;3;0.0
5;2025-12-06;4;0.0
5;2025-12-06;5;0.0
5;2025-12-06;6;0.0
5;2025-12-06;7;0.0
5;2025-12-06;8;0.0
5;2025-12-06;9;0.0
5;2025-12-06;10;0.0
5;2025-12-06;11;0.0
5;2025-12-06;12;0.0
5;2025-12-06;13;0.0
5;2025-12-06;14;0.0
5;2025-12-06;15;0.0
5;2025-12-06;16;0.0
5;2025-12-06;17;0.0
5;2025-12-06;18;0.0
5;2025-12-06;19;0.0
5;2025-12-06;20;0.0
5;2025-12-06;21;0.0
5;2025-12-06;22;0.0
5;2025-12-06;23;0.0
5;2025-12-07;0;0.0
5;2025-12-07;1;0.0
5;2025-12-07;2;0.0
5;2025-12-07;3;0.0
5;2025-12-07;4;0.0
5;2025-12-07;5;0.0
5;2025-12-07;6;0.0
5;2025-12-07;7;0.0
5;2025-12-07;8;0.0
5;2025-12-07;9;0.0
5;2025-12-07;10;0.0
5;2025-12-07;11;0.0
5;2025-12-07;12;0.0
5;2025-12-07;13;0.0
5;2025-12-07;14;0.0
5;2025-12-07;15;0.0
5;2025-12-07;16;0.0
5;2025-12-07;17;0.0
5;2025-12-07;18;0.0
5;2025-12-07;19;0.0
5;2025-12-07;20;0.0
5;2025-12-07;21;0.0
5;2025-12-07;22;0.0
5;2025-12-07;23;0.0
5;2025-12-08;0;0.0
5;2025-12-08;1;0.0
5;2025-12-08;2;0.0
5;2025-12-08;3;0.0
5;2025-12-08;4;0.0
5;2025-12-08;5;0.0
5;2025-12-08;6;0.0
5;2025-12-08;7;0.0
5;2025-12-08;8;0.0
5;2025-12-08;9;0.0
5;2025-12-08;10;0.0
5;2025-12-08;11;0.0
5;2025-12-08;12;0.0
5;2025-12-08;13;0.0
5;2025-12-08;14;0.0
5;2025-12-08;15;0.0
5;2025-12-08;16;0.0
5;2025-12-08;17;0.0
5;2025-12-08;18;0.0
5;2025-12-08;19;0.0
5;2025-12-08;20;0.0
5;2025-12-08;21;0.0
5;2025-12-08;22;0.0
5;2025-12-08;23;0.0
5;2025-12-09;0;0.0
5;2025-12-09;1;0.0
5;2025-12-09;2;0.0
5;2025-12-09;3;0.0
5;2025-12-09;4;0.0
5;2025-12-09;5;0.0
5;2025-12-09;6;0.0
5;2025-12-09;7;0.0
5;2025-12-09;8;0.0
5;2025-12-09;9;0.0
5;2025-12-09;10;0.0
5;2025-12-09;11;0.0
5;2025-12-09;12;0.0
5;2025-12-09;13;0.0
5;2025-12-09;14;0.0
5;2025-12-09;15;0.0
5;2025-12-09;16;0.0
5;2025-12-09;17;0.0
5;2025-12-09;18;0.0
5;2025-12-09;19;0.0
5;2025-12-09;20;0.0
5;2025-12-09;21;0.0
5;2025-12-09;22;0.0
5;2025-12-09;23;0.0
5;2025-12-10;0;0.0
5;2025-12-10;1;0.0
5;2025-12-10;2;0.0
5;2025-12-10;3;0.0
5;2025-12-10;4;0.0
5;2025-12-10;5;0.0
5;2025-12-10;6;0.0
5;2025-12-10;7;0.0
5;2025-12-10;8;0.0
5;2025-12-10;9;0.0
5;2025-12-10;10;0.0
5;2025-12-10;11;0.0
5;2025-12-10;12;0.0
5;2025-12-10;13;0.0
5;2025-12-10;14;0.0
5;2025-12-10;15;0.0
5;2025-12-10;16;0.0
5;2025-12-10;17;0.0
5;2025-12-10;18;0.0
5;2025-12-10;19;0.0
5;2025-12-10;20;0.0
5;2025-12-10;21;0.0
5;2025-12-10;22;0.0
5;2025-12-10;23;0.0
5;2025-12-11;0;0.0
5;2025-12-11;1;0.0
5;2025-12-11;2;0.0
5;2025-12-11;3;0.0
5;2025-12-11;4;0.0
5;2025-12-11;5;0.0
5;2025-12-11;6;0.0
5;2025-12-11;7;0.0
5;2025-12-11;8;0.0
5;2025-12-11;9;0.0
5;2025-12-11;10;0.0
5;2025-12-11;11;0.0
5;2025-12-11;12;0.0
5;2025-12-11;13;0.0
5;2025-12-11;14;0.0
5;2025-12-11;15;0.0
5;2025-12-11;16;0.0
5;2025-12-11;17;0.0
5;2025-12-11;18;0.0
5;2025-12-11;19;0.0
5;2025-12-11;20;0.0
5;2025-12-11;21;0.0
5;2025-12-11;22;0.0
5;2025-12-11;23;0.0
5;2025-12-12;0;0.0
5;2025-12-12;1;0.0
5;2025-12-12;2;0.0
5;2025-12-12;3;0.0
5;2025-12-12;4;0.0
5;2025-12-12;5;0.0
5;2025-12-12;6;0.0
5;2025-12-12;7;0.0
5;2025-12-12;8;0.0
5;2025-12-12;9;0.0
5;2025-12-12;10;0.0
5;2025-12-12;11;0.0
5;2025-12-12;12;0.0
5;2025-12-12;13;0.0
5;2025-12-12;14;0.0
5;2025-12-12;15;0.0
5;2025-12-12;16;0.0
5;2025-12-12;17;0.0
5;2025-12-12;18;0.0
5;2025-12-12;19;0.0
5;2025-12-12;20;0.0
5;2025-12-12;21;0.0
5;2025-12-12;22;0.0
5;2025-12-12;23;0.0
5;2025-12-13;0;0.0
5;2025-12-13;1;0.0
5;2025-12-13;2;0.0
5;2025-12-13;3;0.0
5;2025-12-13;4;0.0
5;2025-12-13;5;0.0
5;2025-12-13;6;0.0
5;2025-12-13;7;0.0
5;2025-12-13;8;0.0
5;2025-12-13;9;0.0
5;2025-12-13;10;0.0
5;2025-12-13;11;0.0
5;2025-12-13;12;0.0
5;2025-12-13;13;0.0
5;2025-12-13;14;0.0
5;2025-12-13;15;0.0
5;2025-12-13;16;0.0
5;2025-12-13;17;0.0
5;2025-12-13;18;0.0
5;2025-12-13;19;0.0
5;2025-12-13;20;0.0
5;2025-12-13;21;0.0
5;2025-12-13;22;0.0
5;2025-12-13;23;0.0
5;2025-12-14;0;0.0
5;2025-12-14;1;0.0
5;2025-12-14;2;0.0
5;2025-12-14;3;0.0
5;2025-12-14;4;0.0
5;2025-12-14;5;0.0
5;2025-12-14;6;0.0
5;2025-12-14;7;0.0
5;2025-12-14;8;0.0
5;2025-12-14;9;0.0
5;2025-12-14;10;0.0
5;2025-12-14;11;0.0
5;2025-12-14;12;0.0
5;2025-12-14;13;0.0
5;2025-12-14;14;0.0
5;2025-12-14;15;0.0
5;2025-12-14;16;0.0
5;2025-12-14;17;0.0
5;2025-12-14;18;0.0
5;2025-12-14;19;0.0
5;2025-12-14;20;0.0
5;2025-12-14;21;0.0
5;2025-12-14;22;0.0
5;2025-12-14;23;0.0
5;2025-12-15;0;0.0
5;2025-12-15;1;0.0
5;2025-12-15;2;0.0
5;2025-12-15;3;0.0
5;2025-12-15;4;0.0
5;2025-12-15;5;0.0
5;2025-12-15;6;0.0
5;2025-12-15;7;0.0
5;2025-12-15;8;0.0
5;2025-12-15;9;0.0
5;2025-12-15;10;0.0
5;2025-12-15;11;0.0
5;2025-12-15;12;0.0
5;2025-12-15;13;0.0
5;2025-12-15;14;0.0
5;2025-12-15;15;0.0
5;2025-12-15;16;0.0
5;2025-12-15;17;0.0
5;2025-12-15;18;0.0
5;2025-12-15;19;0.0
5;2025-12-15;20;0.0
5;2025-12-15;21;0.0
5;2025-12-15;22;0.0
5;2025-12-15;23;0.0
5;2025-12-16;0;0.0
5;2025-12-16;1;0.0
5;2025-12-16;2;0.0
5;2025-12-16;3;0.0
5;2025-12-16;4;0.0
5;2025-12-16;5;0.0
5;2025-12-16;6;0.0
5;2025-12-16;7;0.0
5;2025-12-16;8;0.0
5;2025-12-16;9;0.0
5;2025-12-16;10;0.0
5;2025-12-16;11;0.0
5;2025-12-16;12;0.0
5;2025-12-16;13;0.0
5;2025-12-16;14;0.0
5;2025-12-16;15;0.0
5;2025-12-16;16;0.0
5;2025-12-16;17;0.0
5;2025-12-16;18;0.0
5;2025-12-16;19;0.0
5;2025-12-16;20;0.0
5;2025-12-16;21;0.0
5;2025-12-16;22;0.0
5;2025-12-16;23;0.0
5;2025-12-17;0;0.0
5;2025-12-17;1;0.0
5;2025-12-17;2;0.0
5;2025-12-17;3;0.0
5;2025-12-17;4;0.0
5;2025-12-17;5;0.0
5;2025-12-17;6;0.0
5;2025-12-17;7;0.0
5;2025-12-17;8;0.0
5;2025-12-17;9;0.0
5;2025-12-17;10;0.0
5;2025-12-17;11;0.0
5;2025-12-17;12;0.0
5;2025-12-17;13;0.0
5;2025-12-17;14;0.0
5;2025-12-17;15;0.0
5;2025-12-17;16;0.0
5;2025-12-17;17;0.0
5;2025-12-17;18;0.0
5;2025-12-17;19;0.0
5;2025-12-17;20;0.0
5;2025-12-17;21;0.0
5;2025-12-17;22;0.0
5;2025-12-17;23;0.0
5;2025-12-18;0;0.0
5;2025-12-18;1;0.0
5;2025-12-18;2;0.0
5;2025-12-18;3;0.0
5;2025-12-18;4;0.0
5;2025-12-18;5;0.0
5;2025-12-18;6;0.0
5;2025-12-18;7;0.0
5;2025-12-18;8;0.0
5;2025-12-18;9;0.0
5;2025-12-18;10;0.0
5;2025-12-18;11;0.0
5;2025-12-18;12;0.0
5;2025-12-18;13;0.0
5;2025-12-18;14;0.0
5;2025-12-18;15;0.0
5;2025-12-18;16;0.0
5;2025-12-18;17;0.0
5;2025-12-18;18;0.0
5;2025-12-18;19;0.0
5;2025-12-18;20;0.0
5;2025-12-18;21;0.0
5;2025-12-18;22;0.0
5;2025-12-18;23;0.0
5;2025-12-19;0;0.0
5;2025-12-19;1;0.0
5;2025-12-19;2;0.0
5;2025-12-19;3;0.0
5;2025-12-19;4;0.0
5;2025-12-19;5;0.0
5;2025-12-19;6;0.0
5;2025-12-19;7;0.0
5;2025-12-19;8;0.0
5;2025-12-19;9;0.0
5;2025-12-19;10;0.0
5;2025-12-19;11;0.0
5;2025-12-19;12;0.0
5;2025-12-19;13;0.0
5;2025-12-19;14;0.0
5;2025-12-19;15;0.0
5;2025-12-19;16;0.0
5;2025-12-19;17;0.0
5;2025-12-19;18;0.0
5;2025-12-19;19;0.0
5;2025-12-19;20;0.0
5;2025-12-19;21;0.0
5;2025-12-19;22;0.0
5;2025-12-19;23;0.0
5;2025-12-20;0;0.0
5;2025-12-20;1;0.0
5;2025-12-20;2;0.0
5;2025-12-20;3;0.0
5;2025-12-20;4;0.0
5;2025-12-20;5;0.0
5;2025-12-20;6;0.0
5;2025-12-20;7;0.0
5;2025-12-20;8;0.0
5;2025-12-20;9;0.0
5;2025-12-20;10;0.0
5;2025-12-20;11;0.0
5;2025-12-20;12;0.0
5;2025-12-20;13;0.0
5;2025-12-20;14;0.0
5;2025-12-20;15;0.0
5;2025-12-20;16;0.0
5;2025-12-20;17;0.0
5;2025-12-20;18;0.0
5;2025-12-20;19;0.0
5;2025-12-20;20;0.0
5;2025-12-20;21;0.0
5;2025-12-20;22;0.0
5;2025-12-20;23;0.0
5;2025-12-21;0;0.0
5;2025-12-21;1;0.0
5;2025-12-21;2;0.0
5;2025-12-21;3;0.0
5;2025-12-21;4;0.0
5;2025-12-21;5;0.0
5;2025-12-21;6;0.0
5;2025-12-21;7;0.0
5;2025-12-21;8;0.0
5;2025-12-21;9;0.0
5;2025-12-21;10;0.0
5;2025-12-21;11;0.0
5;2025-12-21;12;0.0
5;2025-12-21;13;0.0
5;2025-12-21;14;0.0
5;2025-12-21;15;0.0
5;2025-12-21;16;0.0
5;2025-12-21;17;0.0
5;2025-12-21;18;0.0
5;2025-12-21;19;0.0
5;2025-12-21;20;0.0
5;2025-12-21;21;0.0
5;2025-12-21;22;0.0
5;2025-12-21;23;0.0
5;2025-12-22;0;0.0
5;2025-12-22;1;0.0
5;2025-12-22;2;0.0
5;2025-12-22;3;0.0
5;2025-12-22;4;0.0
5;2025-12-22;5;0.0
5;2025-12-22;6;0.0
5;2025-12-22;7;0.0
5;2025-12-22;8;0.0
5;2025-12-22;9;0.0
5;2025-12-22;10;0.0
5;2025-12-22;11;0.0
5;2025-12-22;12;0.0
5;2025-12-22;13;0.0
5;2025-12-22;14;0.0
5;2025-12-22;15;0.0
5;2025-12-22;16;0.0
5;2025-12-22;17;0.0
5;2025-12-22;18;0.0
5;2025-12-22;19;0.0
5;2025-12-22;20;0.0
5;2025-12-22;21;0.0
5;2025-12-22;22;0.0
5;2025-12-22;23;0.0
5;2025-12-23;0;0.0
5;2025-12-23;1;0.0
5;2025-12-23;2;0.0
5;2025-12-23;3;0.0
5;2025-12-23;4;0.0
5;2025-12-23;5;0.0
5;2025-12-23;6;0.0
5;2025-12-23;7;0.0
5;2025-12-23;8;0.0
5;2025-12-23;9;0.0
5;2025-12-23;10;0.0
5;2025-12-23;11;0.0
5;2025-12-23;12;0.0
5;2025-12-23;13;0.0
5;2025-12-23;14;0.0
5;2025-12-23;15;0.0
5;2025-12-23;16;0.0
5;2025-12-23;17;0.0
5;2025-12-23;18;0.0
5;2025-12-23;19;0.0
5;2025-12-23;20;0.0
5;2025-12-23;21;0.0
5;2025-12-23;22;0.0
5;2025-12-23;23;0.0
5;2025-12-24;0;0.0
5;2025-12-24;1;0.0
5;2025-12-24;2;0.0
5;2025-12-24;3;0.0
5;2025-12-24;4;0.0
5;2025-12-24;5;0.0
5;2025-12-24;6;0.0
5;2025-12-24;7;0.0
5;2025-12-24;8;0.0
5;2025-12-24;9;0.0
5;2025-12-24;10;0.0
5;2025-12-24;11;0.0
5;2025-12-24;12;0.0
5;2025-12-24;13;0.0
5;2025-12-24;14;0.0
5;2025-12-24;15;0.0
5;2025-12-24;16;0.0
5;2025-12-24;17;0.0
5;2025-12-24;18;0.0
5;2025-12-24;19;0.0
5;2025-12-24;20;0.0
5;2025-12-24;21;0.0
5;2025-12-24;22;0.0
5;2025-12-24;23;0.0
5;2025-12-25;0;0.0
5;2025-12-25;1;0.0
5;2025-12-25;2;0.0
5;2025-12-25;3;0.0
5;2025-12-25;4;0.0
5;2025-12-25;5;0.0
5;2025-12-25;6;0.0
5;2025-12-25;7;0.0
5;2025-12-25;8;0.0
5;2025-12-25;9;0.0
5;2025-12-25;10;0.0
5;2025-12-25;11;0.0
5;2025-12-25;12;0.0
5;2025-12-25;13;0.0
5;2025-12-25;14;0.0
5;2025-12-25;15;0.0
5;2025-12-25;16;0.0
5;2025-12-25;17;0.0
5;2025-12-25;18;0.0
5;2025-12-25;19;0.0
5;2025-12-25;20;0.0
5;2025-12-25;21;0.0
5;2025-12-25;22;0.0
5;2025-12-25;23;0.0
5;2025-12-26;0;0.0
5;2025-12-26;1;0.0
5;2025-12-26;2;0.0
5;2025-12-26;3;0.0
5;2025-12-26;4;0.0
5;2025-12-26;5;0.0
5;2025-12-26;6;0.0
5;2025-12-26;7;0.0
5;2025-12-26;8;0.0
5;2025-12-26;9;0.0
5;2025-12-26;10;0.0
5;2025-12-26;11;0.0
5;2025-12-26;12;0.0
5;2025-12-26;13;0.0
5;2025-12-26;14;0.0
5;2025-12-26;15;0.0
5;2025-12-26;16;0.0
5;2025-12-26;17;0.0
5;2025-12-26;18;0.0
5;2025-12-26;19;0.0
5;2025-12-26;20;0.0
5;2025-12-26;21;0.0
5;2025-12-26;22;0.0
5;2025-12-26;23;0.0
5;2025-12-27;0;0.0
5;2025-12-27;1;0.0
5;2025-12-27;2;0.0
5;2025-12-27;3;0.0
5;2025-12-27;4;0.0
5;2025-12-27;5;0.0
5;2025-12-27;6;0.0
5;2025-12-27;7;0.0
5;2025-12-27;8;0.0
5;2025-12-27;9;0.0
5;2025-12-27;10;0.0
5;2025-12-27;11;0.0
5;2025-12-27;12;0.0
5;2025-12-27;13;0.0
5;2025-12-27;14;0.0
5;2025-12-27;15;0.0
5;2025-12-27;16;0.0
5;2025-12-27;17;0.0
5;2025-12-27;18;0.0
5;2025-12-27;19;0.0
5;2025-12-27;20;0.0
5;2025-12-27;21;0.0
5;2025-12-27;22;0.0
5;2025-12-27;23;0.0
5;2025-12-28;0;0.0
5;2025-12-28;1;0.0
5;2025-12-28;2;0.0
5;2025-12-28;3;0.0
5;2025-12-28;4;0.0
5;2025-12-28;5;0.0
5;2025-12-28;6;0.0
5;2025-12-28;7;0.0
5;2025-12-28;8;0.0
5;2025-12-28;9;0.0
5;2025-12-28;10;0.0
5;2025-12-28;11;0.0
5;2025-12-28;12;0.0
5;2025-12-28;13;0.0
5;2025-12-28;14;0.0
5;2025-12-28;15;0.0
5;2025-12-28;16;0.0
5;2025-12-28;17;0.0
5;2025-12-28;18;0.0
5;2025-12-28;19;0.0
5;2025-12-28;20;0.0
5;2025-12-28;21;0.0
5;2025-12-28;22;0.0
5;2025-12-28;23;0.0
5;2025-12-29;0;0.0
5;2025-12-29;1;0.0
5;2025-12-29;2;0.0
5;2025-12-29;3;0.0
5;2025-12-29;4;0.0
5;2025-12-29;5;0.0
5;2025-12-29;6;0.0
5;2025-12-29;7;0.0
5;2025-12-29;8;0.0
5;2025-12-29;9;0.0
5;2025-12-29;10;0.0
5;2025-12-29;11;0.0
5;2025-12-29;12;0.0
5;2025-12-29;13;0.0
5;2025-12-29;14;0.0
5;2025-12-29;15;0.0
5;2025-12-29;16;0.0
5;2025-12-29;17;0.0
5;2025-12-29;18;0.0
5;2025-12-29;19;0.0
5;2025-12-29;20;0.0
5;2025-12-29;21;0.0
5;2025-12-29;22;0.0
5;2025-12-29;23;0.0
5;2025-12-30;0;0.0
5;2025-12-30;1;0.0
5;2025-12-30;2;0.0
5;2025-12-30;3;0.0
5;2025-12-30;4;0.0
5;2025-12-30;5;0.0
5;2025-12-30;6;0.0
5;2025-12-30;7;0.0
5;2025-12-30;8;0.0
5;2025-12-30;9;0.0
5;2025-12-30;10;0.0
5;2025-12-30;11;0.0
5;2025-12-30;12;0.0
5;2025-12-30;13;0.0
5;2025-12-30;14;0.0
5;2025-12-30;15;0.0
5;2025-12-30;16;0.0
5;2025-12-30;17;0.0
5;2025-12-30;18;0.0
5;2025-12-30;19;0.0
5;2025-12-30;20;0.0
5;2025-12-30;21;0.0
5;2025-12-30;22;0.0
5;2025-12-30;23;0.0
5;2025-12-31;0;0.0
5;2025-12-31;1;0.0
5;2025-12-31;2;0.0
5;2025-12-31;3;0.0
5;2025-12-31;4;0.0
5;2025-12-31;5;0.0
5;2025-12-31;6;0.0
5;2025-12-31;7;0.0
5;2025-12-31;8;0.0
5;2025-12-31;9;0.0
5;2025-12-31;10;0.0
5;2025-12-31;11;0.0
5;2025-12-31;12;0.0
5;2025-12-31;13;0.0
5;2025-12-31;14;0.0
5;2025-12-31;15;0.0
5;2025-12-31;16;0.0
5;2025-12-31;17;0.0
5;2025-12-31;18;0.0
5;2025-12-31;19;0.0
5;2025-12-31;20;0.0
5;2025-12-31;21;0.0
5;2025-12-31;22;0.0
5;2025-12-31;23;0.0
7;2025-11-01;0;84.3
7;2025-11-01;1;36.6
7;2025-11-01;2;27.4
7;2025-11-01;3;26.5
7;2025-11-01;4;30.8
7;2025-11-01;5;143.4
7;2025-11-01;6;480.5
7;2025-11-01;7;1018.3
7;2025-11-01;8;1524.7
7;2025-11-01;9;1264.8
7;2025-11-01;10;1221.6
7;2025-11-01;11;1222.5
7;2025-11-01;12;1312.5
7;2025-11-01;13;1341.9
7;2025-11-01;14;1366.0
7;2025-11-01;15;1458.1
7;2025-11-01;16;1576.2
7;2025-11-01;17;1635.1
7;2025-11-01;18;1428.1
7;2025-11-01;19;1132.5
7;2025-11-01;20;817.8
7;2025-11-01;21;549.8
7;2025-11-01;22;314.0
7;2025-11-01;23;192.3
7;2025-11-02;0;62.8
7;2025-11-02;1;12.7
7;2025-11-02;2;2.7
7;2025-11-02;3;0.2
7;2025-11-02;4;0.1
7;2025-11-02;5;33.3
7;2025-11-02;6;164.3
7;2025-11-02;7;277.3
7;2025-11-02;8;449.9
7;2025-11-02;9;588.2
7;2025-11-02;10;645.7
7;2025-11-02;11;781.5
7;2025-11-02;12;868.3
7;2025-11-02;13;915.6
7;2025-11-02;14;932.9
7;2025-11-02;15;900.0
7;2025-11-02;16;854.9
7;2025-11-02;17;838.8
7;2025-11-02;18;765.3
7;2025-11-02;19;644.0
7;2025-11-02;20;495.6
7;2025-11-02;21;366.7
7;2025-11-02;22;204.7
7;2025-11-02;23;101.5
7;2025-11-03;0;56.1
7;2025-11-03;1;17.1
7;2025-11-03;2;12.4
7;2025-11-03;3;8.8
7;2025-11-03;4;6.6
7;2025-11-03;5;59.8
7;2025-11-03;6;244.3
7;2025-11-03;7;418.7
7;2025-11-03;8;590.1
7;2025-11-03;9;666.6
7;2025-11-03;10;748.2
7;2025-11-03;11;856.3
7;2025-11-03;12;975.3
7;2025-11-03;13;1049.8
7;2025-11-03;14;1067.9
7;2025-11-03;15;1054.8
7;2025-11-03;16;1034.7
7;2025-11-03;17;1020.5
7;2025-11-03;18;989.8
7;2025-11-03;19;848.7
7;2025-11-03;20;630.0
7;2025-11-03;21;452.6
7;2025-11-03;22;272.2
7;2025-11-03;23;140.1
7;2025-11-04;0;54.3
7;2025-11-04;1;13.5
7;2025-11-04;2;11.1
7;2025-11-04;3;8.7
7;2025-11-04;4;4.8
7;2025-11-04;5;48.5
7;2025-11-04;6;221.1
7;2025-11-04;7;381.8
7;2025-11-04;8;547.5
7;2025-11-04;9;610.4
7;2025-11-04;10;680.8
7;2025-11-04;11;781.6
7;2025-11-04;12;891.3
7;2025-11-04;13;964.2
7;2025-11-04;14;981.7
7;2025-11-04;15;966.1
7;2025-11-04;16;945.7
7;2025-11-04;17;937.9
7;2025-11-04;18;915.4
7;2025-11-04;19;793.1
7;2025-11-04;20;590.7
7;2025-11-04;21;422.9
7;2025-11-04;22;244.6
7;2025-11-04;23;112.2
7;2025-11-05;0;51.3
7;2025-11-05;1;12.1
7;2025-11-05;2;7.3
7;2025-11-05;3;7.4
7;2025-11-05;4;15.3
7;2025-11-05;5;171.2
7;2025-11-05;6;632.4
7;2025-11-05;7;1590.1
7;2025-11-05;8;2432.4
7;2025-11-05;9;1823.0
7;2025-11-05;10;1564.1
7;2025-11-05;11;1468.4
7;2025-11-05;12;1613.2
7;2025-11-05;13;1513.0
7;2025-11-05;14;1524.2
7;2025-11-05;15;1665.3
7;2025-11-05;16;1812.0
7;2025-11-05;17;2256.8
7;2025-11-05;18;2372.9
7;2025-11-05;19;1653.9
7;2025-11-05;20;1030.0
7;2025-11-05;21;605.1
7;2025-11-05;22;299.3
7;2025-11-05;23;146.6
7;2025-11-06;0;49.0
7;2025-11-06;1;9.6
7;2025-11-06;2;1.0
7;2025-11-06;3;0.6
7;2025-11-06;4;6.2
7;2025-11-06;5;160.7
7;2025-11-06;6;629.7
7;2025-11-06;7;1617.5
7;2025-11-06;8;2388.7
7;2025-11-06;9;1771.4
7;2025-11-06;10;1503.0
7;2025-11-06;11;1458.3
7;2025-11-06;12;1554.9
7;2025-11-06;13;1529.1
7;2025-11-06;14;1604.4
7;2025-11-06;15;1662.7
7;2025-11-06;16;1803.9
7;2025-11-06;17;2164.6
7;2025-11-06;18;2410.0
7;2025-11-06;19;1608.5
7;2025-11-06;20;1037.1
7;2025-11-06;21;623.1
7;2025-11-06;22;318.7
7;2025-11-06;23;170.9
7;2025-11-07;0;53.6
7;2025-11-07;1;8.3
7;2025-11-07;2;0.9
7;2025-11-07;3;0.5
7;2025-11-07;4;5.6
7;2025-11-07;5;157.2
7;2025-11-07;6;611.7
7;2025-11-07;7;1509.3
7;2025-11-07;8;2266.8
7;2025-11-07;9;1707.6
7;2025-11-07;10;1546.1
7;2025-11-07;11;1470.1
7;2025-11-07;12;1537.0
7;2025-11-07;13;1568.7
7;2025-11-07;14;1604.8
7;2025-11-07;15;1783.0
7;2025-11-07;16;2006.4
7;2025-11-07;17;2181.6
7;2025-11-07;18;1910.3
7;2025-11-07;19;1419.6
7;2025-11-07;20;969.1
7;2025-11-07;21;600.9
7;2025-11-07;22;321.7
7;2025-11-07;23;188.2
7;2025-11-08;0;69.8
7;2025-11-08;1;16.5
7;2025-11-08;2;4.6
7;2025-11-08;3;1.9
7;2025-11-08;4;1.4
7;2025-11-08;5;58.9
7;2025-11-08;6;265.5
7;2025-11-08;7;418.1
7;2025-11-08;8;659.4
7;2025-11-08;9;732.5
7;2025-11-08;10;819.9
7;2025-11-08;11;911.5
7;2025-11-08;12;1033.7
7;2025-11-08;13;1066.4
7;2025-11-08;14;1070.0
7;2025-11-08;15;1029.7
7;2025-11-08;16;1002.7
7;2025-11-08;17;979.0
7;2025-11-08;18;892.7
7;2025-11-08;19;795.0
7;2025-11-08;20;611.7
7;2025-11-08;21;447.7
7;2025-11-08;22;260.6
7;2025-11-08;23;151.4
7;2025-11-09;0;63.4
7;2025-11-09;1;13.4
7;2025-11-09;2;3.3
7;2025-11-09;3;0.2
7;2025-11-09;4;0.1
7;2025-11-09;5;34.2
7;2025-11-09;6;165.5
7;2025-11-09;7;278.2
7;2025-11-09;8;450.9
7;2025-11-09;9;589.7
7;2025-11-09;10;648.5
7;2025-11-09;11;784.3
7;2025-11-09;12;871.9
7;2025-11-09;13;920.6
7;2025-11-09;14;938.0
7;2025-11-09;15;904.8
7;2025-11-09;16;859.3
7;2025-11-09;17;843.1
7;2025-11-09;18;769.3
7;2025-11-09;19;647.4
7;2025-11-09;20;498.6
7;2025-11-09;21;369.5
7;2025-11-09;22;207.5
7;2025-11-09;23;103.8
7;2025-11-10;0;45.7
7;2025-11-10;1;4.9
7;2025-11-10;2;1.1
7;2025-11-10;3;0.6
7;2025-11-10;4;4.5
7;2025-11-10;5;161.1
7;2025-11-10;6;618.0
7;2025-11-10;7;1591.7
7;2025-11-10;8;2417.7
7;2025-11-10;9;1737.5
7;2025-11-10;10;1477.1
7;2025-11-10;11;1416.1
7;2025-11-10;12;1429.7
7;2025-11-10;13;1475.5
7;2025-11-10;14;1475.4
7;2025-11-10;15;1600.2
7;2025-11-10;16;1745.2
7;2025-11-10;17;2164.3
7;2025-11-10;18;2355.1
7;2025-11-10;19;1633.2
7;2025-11-10;20;1014.4
7;2025-11-10;21;587.9
7;2025-11-10;22;282.8
7;2025-11-10;23;125.2
7;2025-11-11;0;45.2
7;2025-11-11;1;6.7
7;2025-11-11;2;1.6
7;2025-11-11;3;1.4
7;2025-11-11;4;7.4
7;2025-11-11;5;166.2
7;2025-11-11;6;625.9
7;2025-11-11;7;1661.7
7;2025-11-11;8;2405.0
7;2025-11-11;9;1819.6
7;2025-11-11;10;1527.4
7;2025-11-11;11;1485.1
7;2025-11-11;12;1532.5
7;2025-11-11;13;1528.2
7;2025-11-11;14;1521.5
7;2025-11-11;15;1699.9
7;2025-11-11;16;1782.3
7;2025-11-11;17;2215.3
7;2025-11-11;18;2461.7
7;2025-11-11;19;1697.3
7;2025-11-11;20;1069.6
7;2025-11-11;21;644.3
7;2025-11-11;22;310.9
7;2025-11-11;23;155.5
7;2025-11-12;0;45.5
7;2025-11-12;1;6.0
7;2025-11-12;2;1.8
7;2025-11-12;3;1.9
7;2025-11-12;4;6.9
7;2025-11-12;5;166.3
7;2025-11-12;6;627.2
7;2025-11-12;7;1587.8
7;2025-11-12;8;2439.2
7;2025-11-12;9;1829.0
7;2025-11-12;10;1573.0
7;2025-11-12;11;1476.3
7;2025-11-12;12;1616.5
7;2025-11-12;13;1513.4
7;2025-11-12;14;1526.4
7;2025-11-12;15;1665.9
7;2025-11-12;16;1810.1
7;2025-11-12;17;2261.3
7;2025-11-12;18;2375.5
7;2025-11-12;19;1664.8
7;2025-11-12;20;1045.8
7;2025-11-12;21;621.6
7;2025-11-12;22;308.8
7;2025-11-12;23;153.1
7;2025-11-13;0;50.0
7;2025-11-13;1;10.4
7;2025-11-13;2;1.6
7;2025-11-13;3;1.3
7;2025-11-13;4;7.7
7;2025-11-13;5;164.2
7;2025-11-13;6;635.0
7;2025-11-13;7;1630.7
7;2025-11-13;8;2405.8
7;2025-11-13;9;1784.5
7;2025-11-13;10;1513.4
7;2025-11-13;11;1468.6
7;2025-11-13;12;1565.8
7;2025-11-13;13;1541.4
7;2025-11-13;14;1617.4
7;2025-11-13;15;1676.9
7;2025-11-13;16;1819.3
7;2025-11-13;17;2179.9
7;2025-11-13;18;2426.1
7;2025-11-13;19;1619.0
7;2025-11-13;20;1045.4
7;2025-11-13;21;628.9
7;2025-11-13;22;323.2
7;2025-11-13;23;173.4
7;2025-11-14;0;54.7
7;2025-11-14;1;9.4
7;2025-11-14;2;1.4
7;2025-11-14;3;1.2
7;2025-11-14;4;7.2
7;2025-11-14;5;160.4
7;2025-11-14;6;618.7
7;2025-11-14;7;1525.4
7;2025-11-14;8;2287.1
7;2025-11-14;9;1722.9
7;2025-11-14;10;1558.2
7;2025-11-14;11;1482.7
7;2025-11-14;12;1550.7
7;2025-11-14;13;1583.9
7;2025-11-14;14;1620.8
7;2025-11-14;15;1800.7
7;2025-11-14;16;2025.6
7;2025-11-14;17;2200.8
7;2025-11-14;18;1927.8
7;2025-11-14;19;1432.2
7;2025-11-14;20;979.0
7;2025-11-14;21;608.2
7;2025-11-14;22;327.8
7;2025-11-14;23;192.1
7;2025-11-15;0;70.1
7;2025-11-15;1;17.1
7;2025-11-15;2;4.8
7;2025-11-15;3;2.0
7;2025-11-15;4;1.5
7;2025-11-15;5;61.2
7;2025-11-15;6;271.4
7;2025-11-15;7;427.5
7;2025-11-15;8;668.0
7;2025-11-15;9;750.3
7;2025-11-15;10;844.3
7;2025-11-15;11;940.4
7;2025-11-15;12;1069.5
7;2025-11-15;13;1107.9
7;2025-11-15;14;1112.0
7;2025-11-15;15;1071.2
7;2025-11-15;16;1043.3
7;2025-11-15;17;1014.0
7;2025-11-15;18;921.4
7;2025-11-15;19;818.5
7;2025-11-15;20;631.8
7;2025-11-15;21;465.4
7;2025-11-15;22;276.2
7;2025-11-15;23;163.2
7;2025-11-16;0;64.3
7;2025-11-16;1;14.7
7;2025-11-16;2;3.7
7;2025-11-16;3;0.2
7;2025-11-16;4;0.1
7;2025-11-16;5;37.7
7;2025-11-16;6;174.5
7;2025-11-16;7;291.0
7;2025-11-16;8;462.4
7;2025-11-16;9;614.0
7;2025-11-16;10;685.6
7;2025-11-16;11;830.5
7;2025-11-16;12;926.8
7;2025-11-16;13;982.5
7;2025-11-16;14;1000.7
7;2025-11-16;15;967.3
7;2025-11-16;16;920.7
7;2025-11-16;17;896.5
7;2025-11-16;18;810.8
7;2025-11-16;19;680.6
7;2025-11-16;20;527.5
7;2025-11-16;21;393.7
7;2025-11-16;22;228.3
7;2025-11-16;23;120.9
7;2025-11-17;0;46.3
7;2025-11-17;1;5.6
7;2025-11-17;2;2.1
7;2025-11-17;3;2.1
7;2025-11-17;4;7.3
7;2025-11-17;5;166.8
7;2025-11-17;6;638.2
7;2025-11-17;7;1646.8
7;2025-11-17;8;2486.3
7;2025-11-17;9;1791.4
7;2025-11-17;10;1519.9
7;2025-11-17;11;1459.4
7;2025-11-17;12;1476.7
7;2025-11-17;13;1526.3
7;2025-11-17;14;1526.9
7;2025-11-17;15;1655.1
7;2025-11-17;16;1801.8
7;2025-11-17;17;2223.2
7;2025-11-17;18;2415.3
7;2025-11-17;19;1671.8
7;2025-11-17;20;1042.0
7;2025-11-17;21;608.4
7;2025-11-17;22;298.6
7;2025-11-17;23;137.3
7;2025-11-18;0;45.7
7;2025-11-18;1;7.3
7;2025-11-18;2;2.2
7;2025-11-18;3;2.3
7;2025-11-18;4;9.8
7;2025-11-18;5;171.1
7;2025-11-18;6;644.9
7;2025-11-18;7;1714.2
7;2025-11-18;8;2471.1
7;2025-11-18;9;1870.9
7;2025-11-18;10;1567.3
7;2025-11-18;11;1525.6
7;2025-11-18;12;1576.7
7;2025-11-18;13;1576.0
7;2025-11-18;14;1570.2
7;2025-11-18;15;1751.7
7;2025-11-18;16;1836.0
7;2025-11-18;17;2271.1
7;2025-11-18;18;2519.0
7;2025-11-18;19;1733.4
7;2025-11-18;20;1094.6
7;2025-11-18;21;662.8
7;2025-11-18;22;325.4
7;2025-11-18;23;166.2
7;2025-11-19;0;45.2
7;2025-11-19;1;6.1
7;2025-11-19;2;1.8
7;2025-11-19;3;2.0
7;2025-11-19;4;8.2
7;2025-11-19;5;170.0
7;2025-11-19;6;646.2
7;2025-11-19;7;1643.7
7;2025-11-19;8;2507.5
7;2025-11-19;9;1883.0
7;2025-11-19;10;1615.3
7;2025-11-19;11;1519.1
7;2025-11-19;12;1663.1
7;2025-11-19;13;1563.7
7;2025-11-19;14;1577.2
7;2025-11-19;15;1720.0
7;2025-11-19;16;1865.4
7;2025-11-19;17;2319.1
7;2025-11-19;18;2434.3
7;2025-11-19;19;1702.9
7;2025-11-19;20;1070.9
7;2025-11-19;21;639.0
7;2025-11-19;22;321.1
7;2025-11-19;23;163.2
7;2025-11-20;0;48.5
7;2025-11-20;1;9.9
7;2025-11-20;2;1.1
7;2025-11-20;3;0.8
7;2025-11-20;4;7.5
7;2025-11-20;5;165.7
7;2025-11-20;6;649.6
7;2025-11-20;7;1679.6
7;2025-11-20;8;2464.2
7;2025-11-20;9;1830.8
7;2025-11-20;10;1549.3
7;2025-11-20;11;1505.0
7;2025-11-20;12;1605.9
7;2025-11-20;13;1584.1
7;2025-11-20;14;1660.6
7;2025-11-20;15;1723.0
7;2025-11-20;16;1866.9
7;2025-11-20;17;2229.0
7;2025-11-20;18;2476.2
7;2025-11-20;19;1649.5
7;2025-11-20;20;1064.2
7;2025-11-20;21;640.9
7;2025-11-20;22;330.9
7;2025-11-20;23;179.3
7;2025-11-21;0;52.7
7;2025-11-21;1;8.0
7;2025-11-21;2;1.2
7;2025-11-21;3;0.9
7;2025-11-21;4;6.7
7;2025-11-21;5;161.2
7;2025-11-21;6;630.5
7;2025-11-21;7;1571.0
7;2025-11-21;8;2344.6
7;2025-11-21;9;1769.2
7;2025-11-21;10;1594.5
7;2025-11-21;11;1521.1
7;2025-11-21;12;1593.0
7;2025-11-21;13;1629.1
7;2025-11-21;14;1666.3
7;2025-11-21;15;1850.2
7;2025-11-21;16;2076.2
7;2025-11-21;17;2250.5
7;2025-11-21;18;1972.1
7;2025-11-21;19;1462.1
7;2025-11-21;20;998.2
7;2025-11-21;21;620.8
7;2025-11-21;22;336.4
7;2025-11-21;23;198.6
7;2025-11-22;0;69.9
7;2025-11-22;1;17.1
7;2025-11-22;2;5.1
7;2025-11-22;3;2.6
7;2025-11-22;4;1.3
7;2025-11-22;5;61.8
7;2025-11-22;6;277.3
7;2025-11-22;7;441.5
7;2025-11-22;8;686.2
7;2025-11-22;9;774.6
7;2025-11-22;10;876.0
7;2025-11-22;11;979.6
7;2025-11-22;12;1112.7
7;2025-11-22;13;1153.9
7;2025-11-22;14;1158.7
7;2025-11-22;15;1116.7
7;2025-11-22;16;1088.2
7;2025-11-22;17;1052.9
7;2025-11-22;18;953.2
7;2025-11-22;19;844.5
7;2025-11-22;20;651.2
7;2025-11-22;21;477.5
7;2025-11-22;22;286.0
7;2025-11-22;23;172.0
7;2025-11-23;0;64.1
7;2025-11-23;1;14.8
7;2025-11-23;2;3.9
7;2025-11-23;3;0.3
7;2025-11-23;4;0.1
7;2025-11-23;5;38.7
7;2025-11-23;6;180.1
7;2025-11-23;7;306.3
7;2025-11-23;8;481.8
7;2025-11-23;9;638.5
7;2025-11-23;10;715.0
7;2025-11-23;11;864.8
7;2025-11-23;12;966.0
7;2025-11-23;13;1023.0
7;2025-11-23;14;1042.2
7;2025-11-23;15;1007.2
7;2025-11-23;16;959.9
7;2025-11-23;17;929.6
7;2025-11-23;18;837.9
7;2025-11-23;19;704.0
7;2025-11-23;20;544.5
7;2025-11-23;21;404.8
7;2025-11-23;22;236.8
7;2025-11-23;23;128.7
7;2025-11-24;0;46.6
7;2025-11-24;1;6.2
7;2025-11-24;2;2.0
7;2025-11-24;3;2.6
7;2025-11-24;4;8.1
7;2025-11-24;5;168.7
7;2025-11-24;6;642.8
7;2025-11-24;7;1665.1
7;2025-11-24;8;2510.7
7;2025-11-24;9;1812.8
7;2025-11-24;10;1538.1
7;2025-11-24;11;1477.7
7;2025-11-24;12;1495.6
7;2025-11-24;13;1545.2
7;2025-11-24;14;1546.4
7;2025-11-24;15;1676.8
7;2025-11-24;16;1823.6
7;2025-11-24;17;2246.1
7;2025-11-24;18;2438.9
7;2025-11-24;19;1691.2
7;2025-11-24;20;1054.4
7;2025-11-24;21;614.4
7;2025-11-24;22;302.3
7;2025-11-24;23;140.7
7;2025-11-25;0;46.5
7;2025-11-25;1;8.3
7;2025-11-25;2;2.8
7;2025-11-25;3;3.3
7;2025-11-25;4;11.2
7;2025-11-25;5;173.5
7;2025-11-25;6;650.2
7;2025-11-25;7;1733.2
7;2025-11-25;8;2496.6
7;2025-11-25;9;1893.3
7;2025-11-25;10;1586.0
7;2025-11-25;11;1544.3
7;2025-11-25;12;1596.3
7;2025-11-25;13;1595.9
7;2025-11-25;14;1590.8
7;2025-11-25;15;1774.4
7;2025-11-25;16;1858.7
7;2025-11-25;17;2295.0
7;2025-11-25;18;2543.3
7;2025-11-25;19;1753.4
7;2025-11-25;20;1107.2
7;2025-11-25;21;669.2
7;2025-11-25;22;330.1
7;2025-11-25;23;170.6
7;2025-11-26;0;46.6
7;2025-11-26;1;7.3
7;2025-11-26;2;2.7
7;2025-11-26;3;3.1
7;2025-11-26;4;9.7
7;2025-11-26;5;172.0
7;2025-11-26;6;648.6
7;2025-11-26;7;1652.4
7;2025-11-26;8;2521.5
7;2025-11-26;9;1895.5
7;2025-11-26;10;1625.2
7;2025-11-26;11;1529.5
7;2025-11-26;12;1673.9
7;2025-11-26;13;1574.6
7;2025-11-26;14;1588.7
7;2025-11-26;15;1733.1
7;2025-11-26;16;1878.8
7;2025-11-26;17;2332.9
7;2025-11-26;18;2447.8
7;2025-11-26;19;1714.8
7;2025-11-26;20;1078.1
7;2025-11-26;21;642.8
7;2025-11-26;22;324.8
7;2025-11-26;23;166.7
7;2025-11-27;0;48.5
7;2025-11-27;1;10.0
7;2025-11-27;2;1.3
7;2025-11-27;3;0.7
7;2025-11-27;4;8.1
7;2025-11-27;5;166.0
7;2025-11-27;6;648.2
7;2025-11-27;7;1682.4
7;2025-11-27;8;2469.3
7;2025-11-27;9;1834.9
7;2025-11-27;10;1551.5
7;2025-11-27;11;1507.9
7;2025-11-27;12;1609.2
7;2025-11-27;13;1587.3
7;2025-11-27;14;1663.8
7;2025-11-27;15;1727.9
7;2025-11-27;16;1872.0
7;2025-11-27;17;2233.3
7;2025-11-27;18;2479.9
7;2025-11-27;19;1652.9
7;2025-11-27;20;1063.8
7;2025-11-27;21;639.1
7;2025-11-27;22;329.6
7;2025-11-27;23;178.8
7;2025-11-28;0;52.6
7;2025-11-28;1;8.2
7;2025-11-28;2;1.8
7;2025-11-28;3;0.9
7;2025-11-28;4;7.4
7;2025-11-28;5;161.3
7;2025-11-28;6;624.4
7;2025-11-28;7;1543.0
7;2025-11-28;8;2309.8
7;2025-11-28;9;1737.9
7;2025-11-28;10;1565.0
7;2025-11-28;11;1492.4
7;2025-11-28;12;1565.2
7;2025-11-28;13;1601.6
7;2025-11-28;14;1637.9
7;2025-11-28;15;1820.8
7;2025-11-28;16;2046.5
7;2025-11-28;17;2220.3
7;2025-11-28;18;1944.1
7;2025-11-28;19;1436.5
7;2025-11-28;20;975.5
7;2025-11-28;21;604.7
7;2025-11-28;22;323.9
7;2025-11-28;23;187.1
7;2025-11-29;0;73.4
7;2025-11-29;1;20.9
7;2025-11-29;2;8.3
7;2025-11-29;3;4.6
7;2025-11-29;4;2.8
7;2025-11-29;5;64.1
7;2025-11-29;6;270.2
7;2025-11-29;7;406.7
7;2025-11-29;8;642.2
7;2025-11-29;9;727.4
7;2025-11-29;10;825.4
7;2025-11-29;11;928.9
7;2025-11-29;12;1067.8
7;2025-11-29;13;1109.2
7;2025-11-29;14;1113.1
7;2025-11-29;15;1071.3
7;2025-11-29;16;1042.7
7;2025-11-29;17;1006.3
7;2025-11-29;18;908.2
7;2025-11-29;19;806.8
7;2025-11-29;20;623.1
7;2025-11-29;21;460.7
7;2025-11-29;22;274.5
7;2025-11-29;23;161.6
7;2025-11-30;0;65.4
7;2025-11-30;1;16.4
7;2025-11-30;2;5.2
7;2025-11-30;3;0.8
7;2025-11-30;4;0.1
7;2025-11-30;5;38.6
7;2025-11-30;6;175.5
7;2025-11-30;7;280.2
7;2025-11-30;8;449.4
7;2025-11-30;9;599.4
7;2025-11-30;10;668.2
7;2025-11-30;11;815.3
7;2025-11-30;12;918.9
7;2025-11-30;13;976.2
7;2025-11-30;14;994.4
7;2025-11-30;15;960.2
7;2025-11-30;16;913.0
7;2025-11-30;17;884.7
7;2025-11-30;18;798.3
7;2025-11-30;19;671.6
7;2025-11-30;20;521.2
7;2025-11-30;21;391.6
7;2025-11-30;22;226.3
7;2025-11-30;23;119.5
7;2025-12-01;0;49.5
7;2025-12-01;1;8.1
7;2025-12-01;2;4.9
7;2025-12-01;3;4.7
7;2025-12-01;4;10.4
7;2025-12-01;5;178.3
7;2025-12-01;6;670.0
7;2025-12-01;7;1717.1
7;2025-12-01;8;2594.8
7;2025-12-01;9;1869.9
7;2025-12-01;10;1587.4
7;2025-12-01;11;1526.6
7;2025-12-01;12;1547.2
7;2025-12-01;13;1600.1
7;2025-12-01;14;1600.6
7;2025-12-01;15;1735.2
7;2025-12-01;16;1888.7
7;2025-12-01;17;2322.9
7;2025-12-01;18;2518.1
7;2025-12-01;19;1746.1
7;2025-12-01;20;1085.0
7;2025-12-01;21;631.9
7;2025-12-01;22;307.6
7;2025-12-01;23;138.6
7;2025-12-02;0;50.3
7;2025-12-02;1;11.5
7;2025-12-02;2;6.5
7;2025-12-02;3;6.6
7;2025-12-02;4;14.5
7;2025-12-02;5;181.5
7;2025-12-02;6;673.1
7;2025-12-02;7;1776.7
7;2025-12-02;8;2566.5
7;2025-12-02;9;1940.6
7;2025-12-02;10;1623.3
7;2025-12-02;11;1582.0
7;2025-12-02;12;1638.6
7;2025-12-02;13;1639.6
7;2025-12-02;14;1633.3
7;2025-12-02;15;1823.9
7;2025-12-02;16;1911.9
7;2025-12-02;17;2361.3
7;2025-12-02;18;2615.9
7;2025-12-02;19;1800.3
7;2025-12-02;20;1134.2
7;2025-12-02;21;685.1
7;2025-12-02;22;333.4
7;2025-12-02;23;167.4
7;2025-12-03;0;51.0
7;2025-12-03;1;11.3
7;2025-12-03;2;7.3
7;2025-12-03;3;7.5
7;2025-12-03;4;14.2
7;2025-12-03;5;180.6
7;2025-12-03;6;670.3
7;2025-12-03;7;1690.4
7;2025-12-03;8;2589.1
7;2025-12-03;9;1938.4
7;2025-12-03;10;1659.5
7;2025-12-03;11;1561.5
7;2025-12-03;12;1716.8
7;2025-12-03;13;1614.8
7;2025-12-03;14;1628.9
7;2025-12-03;15;1778.4
7;2025-12-03;16;1930.8
7;2025-12-03;17;2399.2
7;2025-12-03;18;2514.2
7;2025-12-03;19;1758.5
7;2025-12-03;20;1102.6
7;2025-12-03;21;656.3
7;2025-12-03;22;327.4
7;2025-12-03;23;162.9
7;2025-12-04;0;52.9
7;2025-12-04;1;12.5
7;2025-12-04;2;3.8
7;2025-12-04;3;2.9
7;2025-12-04;4;11.5
7;2025-12-04;5;174.5
7;2025-12-04;6;670.0
7;2025-12-04;7;1728.3
7;2025-12-04;8;2542.0
7;2025-12-04;9;1881.7
7;2025-12-04;10;1588.6
7;2025-12-04;11;1546.0
7;2025-12-04;12;1656.9
7;2025-12-04;13;1637.2
7;2025-12-04;14;1718.2
7;2025-12-04;15;1785.1
7;2025-12-04;16;1935.5
7;2025-12-04;17;2307.7
7;2025-12-04;18;2561.5
7;2025-12-04;19;1703.3
7;2025-12-04;20;1096.7
7;2025-12-04;21;659.7
7;2025-12-04;22;339.1
7;2025-12-04;23;181.0
7;2025-12-05;0;56.2
7;2025-12-05;1;10.4
7;2025-12-05;2;3.3
7;2025-12-05;3;2.5
7;2025-12-05;4;10.0
7;2025-12-05;5;169.2
7;2025-12-05;6;648.3
7;2025-12-05;7;1609.3
7;2025-12-05;8;2406.7
7;2025-12-05;9;1807.4
7;2025-12-05;10;1627.1
7;2025-12-05;11;1553.2
7;2025-12-05;12;1632.5
7;2025-12-05;13;1673.4
7;2025-12-05;14;1713.3
7;2025-12-05;15;1906.2
7;2025-12-05;16;2141.5
7;2025-12-05;17;2322.1
7;2025-12-05;18;2032.7
7;2025-12-05;19;1501.7
7;2025-12-05;20;1025.3
7;2025-12-05;21;637.8
7;2025-12-05;22;344.5
7;2025-12-05;23;201.2
7;2025-12-06;0;73.1
7;2025-12-06;1;18.2
7;2025-12-06;2;5.4
7;2025-12-06;3;2.5
7;2025-12-06;4;2.2
7;2025-12-06;5;62.6
7;2025-12-06;6;274.0
7;2025-12-06;7;411.8
7;2025-12-06;8;649.0
7;2025-12-06;9;736.1
7;2025-12-06;10;839.1
7;2025-12-06;11;950.0
7;2025-12-06;12;1100.5
7;2025-12-06;13;1148.0
7;2025-12-06;14;1157.8
7;2025-12-06;15;1117.7
7;2025-12-06;16;1089.9
7;2025-12-06;17;1054.2
7;2025-12-06;18;953.6
7;2025-12-06;19;849.2
7;2025-12-06;20;660.3
7;2025-12-06;21;491.3
7;2025-12-06;22;296.5
7;2025-12-06;23;178.5
7;2025-12-07;0;65.8
7;2025-12-07;1;14.8
7;2025-12-07;2;3.1
7;2025-12-07;3;0.2
7;2025-12-07;4;0.6
7;2025-12-07;5;38.0
7;2025-12-07;6;179.7
7;2025-12-07;7;284.8
7;2025-12-07;8;457.0
7;2025-12-07;9;612.2
7;2025-12-07;10;684.6
7;2025-12-07;11;838.8
7;2025-12-07;12;950.9
7;2025-12-07;13;1013.6
7;2025-12-07;14;1037.9
7;2025-12-07;15;1005.8
7;2025-12-07;16;958.3
7;2025-12-07;17;932.6
7;2025-12-07;18;844.0
7;2025-12-07;19;713.0
7;2025-12-07;20;556.1
7;2025-12-07;21;420.1
7;2025-12-07;22;247.2
7;2025-12-07;23;135.3
7;2025-12-08;0;45.7
7;2025-12-08;1;7.9
7;2025-12-08;2;4.6
7;2025-12-08;3;4.9
7;2025-12-08;4;13.7
7;2025-12-08;5;181.7
7;2025-12-08;6;636.2
7;2025-12-08;7;1654.7
7;2025-12-08;8;2496.2
7;2025-12-08;9;1786.8
7;2025-12-08;10;1509.6
7;2025-12-08;11;1450.4
7;2025-12-08;12;1473.2
7;2025-12-08;13;1529.1
7;2025-12-08;14;1531.2
7;2025-12-08;15;1666.1
7;2025-12-08;16;1819.0
7;2025-12-08;17;2249.7
7;2025-12-08;18;2443.3
7;2025-12-08;19;1705.5
7;2025-12-08;20;1067.1
7;2025-12-08;21;622.3
7;2025-12-08;22;305.3
7;2025-12-08;23;137.1
7;2025-12-09;0;47.0
7;2025-12-09;1;10.3
7;2025-12-09;2;5.6
7;2025-12-09;3;6.0
7;2025-12-09;4;17.3
7;2025-12-09;5;186.5
7;2025-12-09;6;638.4
7;2025-12-09;7;1712.3
7;2025-12-09;8;2465.8
7;2025-12-09;9;1855.1
7;2025-12-09;10;1542.0
7;2025-12-09;11;1502.5
7;2025-12-09;12;1561.9
7;2025-12-09;13;1566.3
7;2025-12-09;14;1561.9
7;2025-12-09;15;1753.6
7;2025-12-09;16;1841.1
7;2025-12-09;17;2287.4
7;2025-12-09;18;2540.6
7;2025-12-09;19;1759.8
7;2025-12-09;20;1114.6
7;2025-12-09;21;673.9
7;2025-12-09;22;329.7
7;2025-12-09;23;164.4
7;2025-12-10;0;47.0
7;2025-12-10;1;9.3
7;2025-12-10;2;5.2
7;2025-12-10;3;6.0
7;2025-12-10;4;16.0
7;2025-12-10;5;184.7
7;2025-12-10;6;636.2
7;2025-12-10;7;1626.6
7;2025-12-10;8;2490.6
7;2025-12-10;9;1856.3
7;2025-12-10;10;1581.8
7;2025-12-10;11;1485.7
7;2025-12-10;12;1641.7
7;2025-12-10;13;1542.6
7;2025-12-10;14;1558.6
7;2025-12-10;15;1709.5
7;2025-12-10;16;1861.1
7;2025-12-10;17;2326.1
7;2025-12-10;18;2439.9
7;2025-12-10;19;1718.5
7;2025-12-10;20;1083.3
7;2025-12-10;21;645.5
7;2025-12-10;22;323.5
7;2025-12-10;23;159.7
7;2025-12-11;0;53.6
7;2025-12-11;1;14.7
7;2025-12-11;2;6.3
7;2025-12-11;3;5.9
7;2025-12-11;4;19.2
7;2025-12-11;5;185.6
7;2025-12-11;6;657.7
7;2025-12-11;7;1695.4
7;2025-12-11;8;2485.3
7;2025-12-11;9;1843.3
7;2025-12-11;10;1557.1
7;2025-12-11;11;1519.4
7;2025-12-11;12;1631.1
7;2025-12-11;13;1614.2
7;2025-12-11;14;1696.3
7;2025-12-11;15;1762.3
7;2025-12-11;16;1910.8
7;2025-12-11;17;2277.6
7;2025-12-11;18;2517.4
7;2025-12-11;19;1688.1
7;2025-12-11;20;1092.7
7;2025-12-11;21;662.3
7;2025-12-11;22;346.8
7;2025-12-11;23;189.1
7;2025-12-12;0;58.7
7;2025-12-12;1;13.2
7;2025-12-12;2;5.9
7;2025-12-12;3;6.2
7;2025-12-12;4;20.6
7;2025-12-12;5;184.2
7;2025-12-12;6;645.0
7;2025-12-12;7;1587.3
7;2025-12-12;8;2362.8
7;2025-12-12;9;1781.4
7;2025-12-12;10;1607.3
7;2025-12-12;11;1532.8
7;2025-12-12;12;1611.3
7;2025-12-12;13;1650.9
7;2025-12-12;14;1689.3
7;2025-12-12;15;1879.7
7;2025-12-12;16;2112.1
7;2025-12-12;17;2293.7
7;2025-12-12;18;2016.8
7;2025-12-12;19;1496.4
7;2025-12-12;20;1027.0
7;2025-12-12;21;638.9
7;2025-12-12;22;347.9
7;2025-12-12;23;204.2
7;2025-12-13;0;81.5
7;2025-12-13;1;27.6
7;2025-12-13;2;14.5
7;2025-12-13;3;10.0
7;2025-12-13;4;8.9
7;2025-12-13;5;75.6
7;2025-12-13;6;267.0
7;2025-12-13;7;389.0
7;2025-12-13;8;613.0
7;2025-12-13;9;696.7
7;2025-12-13;10;800.1
7;2025-12-13;11;908.6
7;2025-12-13;12;1060.3
7;2025-12-13;13;1107.2
7;2025-12-13;14;1116.6
7;2025-12-13;15;1079.2
7;2025-12-13;16;1054.3
7;2025-12-13;17;1023.0
7;2025-12-13;18;934.2
7;2025-12-13;19;837.9
7;2025-12-13;20;655.6
7;2025-12-13;21;486.5
7;2025-12-13;22;296.5
7;2025-12-13;23;178.0
7;2025-12-14;0;70.0
7;2025-12-14;1;19.9
7;2025-12-14;2;7.3
7;2025-12-14;3;3.0
7;2025-12-14;4;2.9
7;2025-12-14;5;47.7
7;2025-12-14;6;176.3
7;2025-12-14;7;266.8
7;2025-12-14;8;428.6
7;2025-12-14;9;579.1
7;2025-12-14;10;650.4
7;2025-12-14;11;799.4
7;2025-12-14;12;911.8
7;2025-12-14;13;973.6
7;2025-12-14;14;997.5
7;2025-12-14;15;968.3
7;2025-12-14;16;923.7
7;2025-12-14;17;902.3
7;2025-12-14;18;826.3
7;2025-12-14;19;703.4
7;2025-12-14;20;552.9
7;2025-12-14;21;415.4
7;2025-12-14;22;245.9
7;2025-12-14;23;133.4
7;2025-12-15;0;45.7
7;2025-12-15;1;7.9
7;2025-12-15;2;4.6
7;2025-12-15;3;4.9
7;2025-12-15;4;13.7
7;2025-12-15;5;181.7
7;2025-12-15;6;636.2
7;2025-12-15;7;1654.7
7;2025-12-15;8;2496.2
7;2025-12-15;9;1786.8
7;2025-12-15;10;1509.6
7;2025-12-15;11;1450.4
7;2025-12-15;12;1473.2
7;2025-12-15;13;1529.1
7;2025-12-15;14;1531.2
7;2025-12-15;15;1666.1
7;2025-12-15;16;1819.0
7;2025-12-15;17;2249.7
7;2025-12-15;18;2443.3
7;2025-12-15;19;1705.5
7;2025-12-15;20;1067.1
7;2025-12-15;21;622.3
7;2025-12-15;22;305.3
7;2025-12-15;23;137.1
7;2025-12-16;0;47.0
7;2025-12-16;1;10.3
7;2025-12-16;2;5.6
7;2025-12-16;3;6.0
7;2025-12-16;4;17.3
7;2025-12-16;5;186.5
7;2025-12-16;6;638.4
7;2025-12-16;7;1712.3
7;2025-12-16;8;2465.8
7;2025-12-16;9;1855.1
7;2025-12-16;10;1542.0
7;2025-12-16;11;1502.5
7;2025-12-16;12;1561.9
7;2025-12-16;13;1566.3
7;2025-12-16;14;1561.9
7;2025-12-16;15;1753.6
7;2025-12-16;16;1841.1
7;2025-12-16;17;2287.4
7;2025-12-16;18;2540.6
7;2025-12-16;19;1759.8
7;2025-12-16;20;1114.6
7;2025-12-16;21;673.9
7;2025-12-16;22;329.7
7;2025-12-16;23;164.4
7;2025-12-17;0;47.0
7;2025-12-17;1;9.3
7;2025-12-17;2;5.2
7;2025-12-17;3;6.0
7;2025-12-17;4;16.0
7;2025-12-17;5;184.7
7;2025-12-17;6;636.2
7;2025-12-17;7;1626.6
7;2025-12-17;8;2490.6
7;2025-12-17;9;1856.3
7;2025-12-17;10;1581.8
7;2025-12-17;11;1485.7
7;2025-12-17;12;1641.7
7;2025-12-17;13;1542.6
7;2025-12-17;14;1558.6
7;2025-12-17;15;1709.5
7;2025-12-17;16;1861.1
7;2025-12-17;17;2326.1
7;2025-12-17;18;2439.9
7;2025-12-17;19;1718.5
7;2025-12-17;20;1083.3
7;2025-12-17;21;645.5
7;2025-12-17;22;323.5
7;2025-12-17;23;159.7
7;2025-12-18;0;53.6
7;2025-12-18;1;14.7
7;2025-12-18;2;6.3
7;2025-12-18;3;5.9
7;2025-12-18;4;19.2
7;2025-12-18;5;185.6
7;2025-12-18;6;657.7
7;2025-12-18;7;1695.4
7;2025-12-18;8;2485.3
7;2025-12-18;9;1843.3
7;2025-12-18;10;1557.1
7;2025-12-18;11;1519.4
7;2025-12-18;12;1631.1
7;2025-12-18;13;1614.2
7;2025-12-18;14;1696.3
7;2025-12-18;15;1762.3
7;2025-12-18;16;1910.8
7;2025-12-18;17;2277.6
7;2025-12-18;18;2517.4
7;2025-12-18;19;1688.1
7;2025-12-18;20;1092.7
7;2025-12-18;21;662.3
7;2025-12-18;22;346.8
7;2025-12-18;23;189.1
7;2025-12-19;0;58.7
7;2025-12-19;1;13.2
7;2025-12-19;2;5.9
7;2025-12-19;3;6.2
7;2025-12-19;4;20.6
7;2025-12-19;5;184.2
7;2025-12-19;6;645.0
7;2025-12-19;7;1587.3
7;2025-12-19;8;2362.8
7;2025-12-19;9;1781.4
7;2025-12-19;10;1607.3
7;2025-12-19;11;1532.8
7;2025-12-19;12;1611.3
7;2025-12-19;13;1650.9
7;2025-12-19;14;1689.3
7;2025-12-19;15;1879.7
7;2025-12-19;16;2112.1
7;2025-12-19;17;2293.7
7;2025-12-19;18;2016.8
7;2025-12-19;19;1496.4
7;2025-12-19;20;1027.0
7;2025-12-19;21;638.9
7;2025-12-19;22;347.9
7;2025-12-19;23;204.2
7;2025-12-20;0;81.5
7;2025-12-20;1;27.6
7;2025-12-20;2;14.5
7;2025-12-20;3;10.0
7;2025-12-20;4;8.9
7;2025-12-20;5;75.6
7;2025-12-20;6;267.0
7;2025-12-20;7;389.0
7;2025-12-20;8;613.0
7;2025-12-20;9;696.7
7;2025-12-20;10;800.1
7;2025-12-20;11;908.6
7;2025-12-20;12;1060.3
7;2025-12-20;13;1107.2
7;2025-12-20;14;1116.6
7;2025-12-20;15;1079.2
7;2025-12-20;16;1054.3
7;2025-12-20;17;1023.0
7;2025-12-20;18;934.2
7;2025-12-20;19;837.9
7;2025-12-20;20;655.6
7;2025-12-20;21;486.5
7;2025-12-20;22;296.5
7;2025-12-20;23;178.0
7;2025-12-21;0;70.0
7;2025-12-21;1;19.9
7;2025-12-21;2;7.3
7;2025-12-21;3;3.0
7;2025-12-21;4;2.9
7;2025-12-21;5;47.7
7;2025-12-21;6;176.3
7;2025-12-21;7;266.8
7;2025-12-21;8;428.6
7;2025-12-21;9;579.1
7;2025-12-21;10;650.4
7;2025-12-21;11;799.4
7;2025-12-21;12;911.8
7;2025-12-21;13;973.6
7;2025-12-21;14;997.5
7;2025-12-21;15;968.3
7;2025-12-21;16;923.7
7;2025-12-21;17;902.3
7;2025-12-21;18;826.3
7;2025-12-21;19;703.4
7;2025-12-21;20;552.9
7;2025-12-21;21;415.4
7;2025-12-21;22;245.9
7;2025-12-21;23;133.4
7;2025-12-22;0;45.7
7;2025-12-22;1;7.9
7;2025-12-22;2;4.6
7;2025-12-22;3;4.9
7;2025-12-22;4;13.7
7;2025-12-22;5;181.7
7;2025-12-22;6;636.2
7;2025-12-22;7;1654.7
7;2025-12-22;8;2496.2
7;2025-12-22;9;1786.8
7;2025-12-22;10;1509.6
7;2025-12-22;11;1450.4
7;2025-12-22;12;1473.2
7;2025-12-22;13;1529.1
7;2025-12-22;14;1531.2
7;2025-12-22;15;1666.1
7;2025-12-22;16;1819.0
7;2025-12-22;17;2249.7
7;2025-12-22;18;2443.3
7;2025-12-22;19;1705.5
7;2025-12-22;20;1067.1
7;2025-12-22;21;622.3
7;2025-12-22;22;305.3
7;2025-12-22;23;137.1
7;2025-12-23;0;47.0
7;2025-12-23;1;10.3
7;2025-12-23;2;5.6
7;2025-12-23;3;6.0
7;2025-12-23;4;17.3
7;2025-12-23;5;186.5
7;2025-12-23;6;638.4
7;2025-12-23;7;1712.3
7;2025-12-23;8;2465.8
7;2025-12-23;9;1855.1
7;2025-12-23;10;1542.0
7;2025-12-23;11;1502.5
7;2025-12-23;12;1561.9
7;2025-12-23;13;1566.3
7;2025-12-23;14;1561.9
7;2025-12-23;15;1753.6
7;2025-12-23;16;1841.1
7;2025-12-23;17;2287.4
7;2025-12-23;18;2540.6
7;2025-12-23;19;1759.8
7;2025-12-23;20;1114.6
7;2025-12-23;21;673.9
7;2025-12-23;22;329.7
7;2025-12-23;23;164.4
7;2025-12-24;0;47.0
7;2025-12-24;1;9.3
7;2025-12-24;2;5.2
7;2025-12-24;3;6.0
7;2025-12-24;4;16.0
7;2025-12-24;5;184.7
7;2025-12-24;6;636.2
7;2025-12-24;7;1626.6
7;2025-12-24;8;2490.6
7;2025-12-24;9;1856.3
7;2025-12-24;10;1581.8
7;2025-12-24;11;1485.7
7;2025-12-24;12;1641.7
7;2025-12-24;13;1542.6
7;2025-12-24;14;1558.6
7;2025-12-24;15;1709.5
7;2025-12-24;16;1861.1
7;2025-12-24;17;2326.1
7;2025-12-24;18;2439.9
7;2025-12-24;19;1718.5
7;2025-12-24;20;1083.3
7;2025-12-24;21;645.5
7;2025-12-24;22;323.5
7;2025-12-24;23;159.7
7;2025-12-25;0;53.6
7;2025-12-25;1;14.7
7;2025-12-25;2;6.3
7;2025-12-25;3;5.9
7;2025-12-25;4;19.2
7;2025-12-25;5;185.6
7;2025-12-25;6;657.7
7;2025-12-25;7;1695.4
7;2025-12-25;8;2485.3
7;2025-12-25;9;1843.3
7;2025-12-25;10;1557.1
7;2025-12-25;11;1519.4
7;2025-12-25;12;1631.1
7;2025-12-25;13;1614.2
7;2025-12-25;14;1696.3
7;2025-12-25;15;1762.3
7;2025-12-25;16;1910.8
7;2025-12-25;17;2277.6
7;2025-12-25;18;2517.4
7;2025-12-25;19;1688.1
7;2025-12-25;20;1092.7
7;2025-12-25;21;662.3
7;2025-12-25;22;346.8
7;2025-12-25;23;189.1
7;2025-12-26;0;58.7
7;2025-12-26;1;13.2
7;2025-12-26;2;5.9
7;2025-12-26;3;6.2
7;2025-12-26;4;20.6
7;2025-12-26;5;184.2
7;2025-12-26;6;645.0
7;2025-12-26;7;1587.3
7;2025-12-26;8;2362.8
7;2025-12-26;9;1781.4
7;2025-12-26;10;1607.3
7;2025-12-26;11;1532.8
7;2025-12-26;12;1611.3
7;2025-12-26;13;1650.9
7;2025-12-26;14;1689.3
7;2025-12-26;15;1879.7
7;2025-12-26;16;2112.1
7;2025-12-26;17;2293.7
7;2025-12-26;18;2016.8
7;2025-12-26;19;1496.4
7;2025-12-26;20;1027.0
7;2025-12-26;21;638.9
7;2025-12-26;22;347.9
7;2025-12-26;23;204.2
7;2025-12-27;0;81.5
7;2025-12-27;1;27.6
7;2025-12-27;2;14.5
7;2025-12-27;3;10.0
7;2025-12-27;4;8.9
7;2025-12-27;5;75.6
7;2025-12-27;6;267.0
7;2025-12-27;7;389.0
7;2025-12-27;8;613.0
7;2025-12-27;9;696.7
7;2025-12-27;10;800.1
7;2025-12-27;11;908.6
7;2025-12-27;12;1060.3
7;2025-12-27;13;1107.2
7;2025-12-27;14;1116.6
7;2025-12-27;15;1079.2
7;2025-12-27;16;1054.3
7;2025-12-27;17;1023.0
7;2025-12-27;18;934.2
7;2025-12-27;19;837.9
7;2025-12-27;20;655.6
7;2025-12-27;21;486.5
7;2025-12-27;22;296.5
7;2025-12-27;23;178.0
7;2025-12-28;0;70.0
7;2025-12-28;1;19.9
7;2025-12-28;2;7.3
7;2025-12-28;3;3.0
7;2025-12-28;4;2.9
7;2025-12-28;5;47.7
7;2025-12-28;6;176.3
7;2025-12-28;7;266.8
7;2025-12-28;8;428.6
7;2025-12-28;9;579.1
7;2025-12-28;10;650.4
7;2025-12-28;11;799.4
7;2025-12-28;12;911.8
7;2025-12-28;13;973.6
7;2025-12-28;14;997.5
7;2025-12-28;15;968.3
7;2025-12-28;16;923.7
7;2025-12-28;17;902.3
7;2025-12-28;18;826.3
7;2025-12-28;19;703.4
7;2025-12-28;20;552.9
7;2025-12-28;21;415.4
7;2025-12-28;22;245.9
7;2025-12-28;23;133.4
7;2025-12-29;0;45.7
7;2025-12-29;1;7.9
7;2025-12-29;2;4.6
7;2025-12-29;3;4.9
7;2025-12-29;4;13.7
7;2025-12-29;5;181.7
7;2025-12-29;6;636.2
7;2025-12-29;7;1654.7
7;2025-12-29;8;2496.2
7;2025-12-29;9;1786.8
7;2025-12-29;10;1509.6
7;2025-12-29;11;1450.4
7;2025-12-29;12;1473.2
7;2025-12-29;13;1529.1
7;2025-12-29;14;1531.2
7;2025-12-29;15;1666.1
7;2025-12-29;16;1819.0
7;2025-12-29;17;2249.7
7;2025-12-29;18;2443.3
7;2025-12-29;19;1705.5
7;2025-12-29;20;1067.1
7;2025-12-29;21;622.3
7;2025-12-29;22;305.3
7;2025-12-29;23;137.1
7;2025-12-30;0;54.2
7;2025-12-30;1;17.2
7;2025-12-30;2;13.4
7;2025-12-30;3;15.1
7;2025-12-30;4;31.7
7;2025-12-30;5;198.6
7;2025-12-30;6;654.9
7;2025-12-30;7;1725.0
7;2025-12-30;8;2472.0
7;2025-12-30;9;1876.0
7;2025-12-30;10;1576.6
7;2025-12-30;11;1552.2
7;2025-12-30;12;1618.4
7;2025-12-30;13;1635.5
7;2025-12-30;14;1641.2
7;2025-12-30;15;1844.4
7;2025-12-30;16;1922.6
7;2025-12-30;17;2281.5
7;2025-12-30;18;2383.1
7;2025-12-30;19;1699.2
7;2025-12-30;20;1108.3
7;2025-12-30;21;681.3
7;2025-12-30;22;347.2
7;2025-12-30;23;186.2
7;2025-12-31;0;34.6
7;2025-12-31;1;0.3
7;2025-12-31;2;0.0
7;2025-12-31;3;1.4
7;2025-12-31;4;0.0
7;2025-12-31;5;9.7
7;2025-12-31;6;95.3
7;2025-12-31;7;179.9
7;2025-12-31;8;284.3
7;2025-12-31;9;331.0
7;2025-12-31;10;408.3
7;2025-12-31;11;525.1
7;2025-12-31;12;663.2
7;2025-12-31;13;755.5
7;2025-12-31;14;781.8
7;2025-12-31;15;773.9
7;2025-12-31;16;756.4
7;2025-12-31;17;758.1
7;2025-12-31;18;735.6
7;2025-12-31;19;665.8
7;2025-12-31;20;503.1
7;2025-12-31;21;363.1
7;2025-12-31;22;200.9
7;2025-12-31;23;66.2
11;2025-11-01;0;112.2
11;2025-11-01;1;43.9
11;2025-11-01;2;39.1
11;2025-11-01;3;38.2
11;2025-11-01;4;53.5
11;2025-11-01;5;278.8
11;2025-11-01;6;1052.5
11;2025-11-01;7;1621.1
11;2025-11-01;8;2157.6
11;2025-11-01;9;1779.6
11;2025-11-01;10;1656.5
11;2025-11-01;11;1744.4
11;2025-11-01;12;1865.2
11;2025-11-01;13;1894.0
11;2025-11-01;14;1970.0
11;2025-11-01;15;2042.2
11;2025-11-01;16;2192.0
11;2025-11-01;17;2361.1
11;2025-11-01;18;2101.8
11;2025-11-01;19;1723.1
11;2025-11-01;20;1270.0
11;2025-11-01;21;868.0
11;2025-11-01;22;495.9
11;2025-11-01;23;322.7
11;2025-11-02;0;91.7
11;2025-11-02;1;13.2
11;2025-11-02;2;3.9
11;2025-11-02;3;1.0
11;2025-11-02;4;1.3
11;2025-11-02;5;120.6
11;2025-11-02;6;497.6
11;2025-11-02;7;499.6
11;2025-11-02;8;684.3
11;2025-11-02;9;932.2
11;2025-11-02;10;1089.8
11;2025-11-02;11;1413.2
11;2025-11-02;12;1548.9
11;2025-11-02;13;1608.6
11;2025-11-02;14;1629.4
11;2025-11-02;15;1632.9
11;2025-11-02;16;1590.9
11;2025-11-02;17;1620.6
11;2025-11-02;18;1362.3
11;2025-11-02;19;1132.3
11;2025-11-02;20;877.0
11;2025-11-02;21;643.1
11;2025-11-02;22;377.2
11;2025-11-02;23;206.7
11;2025-11-03;0;80.6
11;2025-11-03;1;21.5
11;2025-11-03;2;17.1
11;2025-11-03;3;11.5
11;2025-11-03;4;11.4
11;2025-11-03;5;156.0
11;2025-11-03;6;621.1
11;2025-11-03;7;657.3
11;2025-11-03;8;824.9
11;2025-11-03;9;942.0
11;2025-11-03;10;1073.3
11;2025-11-03;11;1298.3
11;2025-11-03;12;1488.8
11;2025-11-03;13;1591.4
11;2025-11-03;14;1626.1
11;2025-11-03;15;1671.9
11;2025-11-03;16;1670.0
11;2025-11-03;17;1670.5
11;2025-11-03;18;1618.7
11;2025-11-03;19;1371.9
11;2025-11-03;20;1035.3
11;2025-11-03;21;741.9
11;2025-11-03;22;453.1
11;2025-11-03;23;255.4
11;2025-11-04;0;77.2
11;2025-11-04;1;14.2
11;2025-11-04;2;12.6
11;2025-11-04;3;10.3
11;2025-11-04;4;9.6
11;2025-11-04;5;139.8
11;2025-11-04;6;589.7
11;2025-11-04;7;603.7
11;2025-11-04;8;764.3
11;2025-11-04;9;864.3
11;2025-11-04;10;979.5
11;2025-11-04;11;1194.8
11;2025-11-04;12;1373.5
11;2025-11-04;13;1472.1
11;2025-11-04;14;1506.5
11;2025-11-04;15;1550.1
11;2025-11-04;16;1548.5
11;2025-11-04;17;1561.4
11;2025-11-04;18;1521.4
11;2025-11-04;19;1297.2
11;2025-11-04;20;983.7
11;2025-11-04;21;702.4
11;2025-11-04;22;417.0
11;2025-11-04;23;218.5
11;2025-11-05;0;71.5
11;2025-11-05;1;12.6
11;2025-11-05;2;11.6
11;2025-11-05;3;12.8
11;2025-11-05;4;28.1
11;2025-11-05;5;298.9
11;2025-11-05;6;1283.2
11;2025-11-05;7;2471.3
11;2025-11-05;8;3146.8
11;2025-11-05;9;2381.1
11;2025-11-05;10;1894.5
11;2025-11-05;11;1864.4
11;2025-11-05;12;1885.8
11;2025-11-05;13;1983.5
11;2025-11-05;14;2004.8
11;2025-11-05;15;2013.5
11;2025-11-05;16;2221.5
11;2025-11-05;17;2759.3
11;2025-11-05;18;3077.8
11;2025-11-05;19;2192.5
11;2025-11-05;20;1414.2
11;2025-11-05;21;836.1
11;2025-11-05;22;436.0
11;2025-11-05;23;213.5
11;2025-11-06;0;59.5
11;2025-11-06;1;3.3
11;2025-11-06;2;2.3
11;2025-11-06;3;2.1
11;2025-11-06;4;17.6
11;2025-11-06;5;277.1
11;2025-11-06;6;1286.7
11;2025-11-06;7;2381.9
11;2025-11-06;8;3161.5
11;2025-11-06;9;2397.7
11;2025-11-06;10;1953.6
11;2025-11-06;11;1846.8
11;2025-11-06;12;1944.9
11;2025-11-06;13;1980.0
11;2025-11-06;14;1985.2
11;2025-11-06;15;1962.7
11;2025-11-06;16;2311.8
11;2025-11-06;17;2770.1
11;2025-11-06;18;3161.8
11;2025-11-06;19;2252.7
11;2025-11-06;20;1486.3
11;2025-11-06;21;886.3
11;2025-11-06;22;462.8
11;2025-11-06;23;251.3
11;2025-11-07;0;68.6
11;2025-11-07;1;6.5
11;2025-11-07;2;3.2
11;2025-11-07;3;3.4
11;2025-11-07;4;19.5
11;2025-11-07;5;287.4
11;2025-11-07;6;1269.8
11;2025-11-07;7;2362.3
11;2025-11-07;8;3180.7
11;2025-11-07;9;2281.2
11;2025-11-07;10;1870.8
11;2025-11-07;11;1809.7
11;2025-11-07;12;1903.9
11;2025-11-07;13;1935.2
11;2025-11-07;14;2020.6
11;2025-11-07;15;2148.5
11;2025-11-07;16;2451.3
11;2025-11-07;17;2798.1
11;2025-11-07;18;2541.0
11;2025-11-07;19;1961.3
11;2025-11-07;20;1399.0
11;2025-11-07;21;894.3
11;2025-11-07;22;461.1
11;2025-11-07;23;297.6
11;2025-11-08;0;94.9
11;2025-11-08;1;16.3
11;2025-11-08;2;7.8
11;2025-11-08;3;3.5
11;2025-11-08;4;6.5
11;2025-11-08;5;172.9
11;2025-11-08;6;718.7
11;2025-11-08;7;727.5
11;2025-11-08;8;964.6
11;2025-11-08;9;1154.3
11;2025-11-08;10;1338.5
11;2025-11-08;11;1608.1
11;2025-11-08;12;1770.9
11;2025-11-08;13;1802.5
11;2025-11-08;14;1860.4
11;2025-11-08;15;1833.5
11;2025-11-08;16;1792.4
11;2025-11-08;17;1798.9
11;2025-11-08;18;1575.0
11;2025-11-08;19;1403.1
11;2025-11-08;20;1058.8
11;2025-11-08;21;766.7
11;2025-11-08;22;463.7
11;2025-11-08;23;281.2
11;2025-11-09;0;92.3
11;2025-11-09;1;13.9
11;2025-11-09;2;4.3
11;2025-11-09;3;1.1
11;2025-11-09;4;1.3
11;2025-11-09;5;121.0
11;2025-11-09;6;498.1
11;2025-11-09;7;499.5
11;2025-11-09;8;684.3
11;2025-11-09;9;932.9
11;2025-11-09;10;1091.6
11;2025-11-09;11;1415.2
11;2025-11-09;12;1552.1
11;2025-11-09;13;1613.8
11;2025-11-09;14;1634.4
11;2025-11-09;15;1637.9
11;2025-11-09;16;1595.2
11;2025-11-09;17;1624.7
11;2025-11-09;18;1365.9
11;2025-11-09;19;1135.6
11;2025-11-09;20;880.5
11;2025-11-09;21;646.4
11;2025-11-09;22;380.2
11;2025-11-09;23;210.9
11;2025-11-10;0;65.7
11;2025-11-10;1;7.6
11;2025-11-10;2;3.1
11;2025-11-10;3;3.6
11;2025-11-10;4;17.1
11;2025-11-10;5;277.1
11;2025-11-10;6;1304.5
11;2025-11-10;7;2385.8
11;2025-11-10;8;3125.8
11;2025-11-10;9;2305.0
11;2025-11-10;10;1801.8
11;2025-11-10;11;1775.3
11;2025-11-10;12;1777.2
11;2025-11-10;13;1848.9
11;2025-11-10;14;1888.3
11;2025-11-10;15;1988.2
11;2025-11-10;16;2224.7
11;2025-11-10;17;2775.9
11;2025-11-10;18;3008.4
11;2025-11-10;19;2197.0
11;2025-11-10;20;1345.3
11;2025-11-10;21;823.1
11;2025-11-10;22;398.5
11;2025-11-10;23;203.1
11;2025-11-11;0;55.8
11;2025-11-11;1;2.0
11;2025-11-11;2;2.9
11;2025-11-11;3;3.4
11;2025-11-11;4;18.4
11;2025-11-11;5;280.6
11;2025-11-11;6;1322.2
11;2025-11-11;7;2452.6
11;2025-11-11;8;3269.5
11;2025-11-11;9;2424.5
11;2025-11-11;10;1956.7
11;2025-11-11;11;1813.5
11;2025-11-11;12;1880.8
11;2025-11-11;13;1959.1
11;2025-11-11;14;1917.7
11;2025-11-11;15;2003.0
11;2025-11-11;16;2226.6
11;2025-11-11;17;2825.3
11;2025-11-11;18;3048.7
11;2025-11-11;19;2295.7
11;2025-11-11;20;1487.1
11;2025-11-11;21;864.9
11;2025-11-11;22;425.7
11;2025-11-11;23;223.0
11;2025-11-12;0;61.4
11;2025-11-12;1;1.8
11;2025-11-12;2;2.8
11;2025-11-12;3;2.7
11;2025-11-12;4;16.3
11;2025-11-12;5;291.1
11;2025-11-12;6;1274.0
11;2025-11-12;7;2468.0
11;2025-11-12;8;3155.1
11;2025-11-12;9;2389.2
11;2025-11-12;10;1905.2
11;2025-11-12;11;1874.9
11;2025-11-12;12;1892.5
11;2025-11-12;13;1987.9
11;2025-11-12;14;2012.4
11;2025-11-12;15;2020.8
11;2025-11-12;16;2226.7
11;2025-11-12;17;2777.8
11;2025-11-12;18;3093.1
11;2025-11-12;19;2214.4
11;2025-11-12;20;1441.2
11;2025-11-12;21;861.8
11;2025-11-12;22;451.5
11;2025-11-12;23;226.1
11;2025-11-13;0;61.1
11;2025-11-13;1;5.2
11;2025-11-13;2;3.5
11;2025-11-13;3;3.7
11;2025-11-13;4;20.0
11;2025-11-13;5;281.4
11;2025-11-13;6;1291.3
11;2025-11-13;7;2396.8
11;2025-11-13;8;3182.2
11;2025-11-13;9;2413.3
11;2025-11-13;10;1965.1
11;2025-11-13;11;1858.0
11;2025-11-13;12;1957.5
11;2025-11-13;13;1995.1
11;2025-11-13;14;2001.1
11;2025-11-13;15;1980.3
11;2025-11-13;16;2331.3
11;2025-11-13;17;2789.1
11;2025-11-13;18;3182.2
11;2025-11-13;19;2265.0
11;2025-11-13;20;1495.9
11;2025-11-13;21;892.7
11;2025-11-13;22;467.5
11;2025-11-13;23;253.9
11;2025-11-14;0;69.8
11;2025-11-14;1;8.3
11;2025-11-14;2;4.7
11;2025-11-14;3;5.5
11;2025-11-14;4;21.8
11;2025-11-14;5;291.2
11;2025-11-14;6;1276.7
11;2025-11-14;7;2381.0
11;2025-11-14;8;3205.6
11;2025-11-14;9;2299.8
11;2025-11-14;10;1884.7
11;2025-11-14;11;1823.7
11;2025-11-14;12;1919.8
11;2025-11-14;13;1954.0
11;2025-11-14;14;2040.4
11;2025-11-14;15;2170.6
11;2025-11-14;16;2475.4
11;2025-11-14;17;2822.2
11;2025-11-14;18;2563.1
11;2025-11-14;19;1976.3
11;2025-11-14;20;1410.4
11;2025-11-14;21;902.6
11;2025-11-14;22;467.7
11;2025-11-14;23;301.4
11;2025-11-15;0;95.1
11;2025-11-15;1;16.9
11;2025-11-15;2;7.5
11;2025-11-15;3;3.5
11;2025-11-15;4;6.2
11;2025-11-15;5;174.5
11;2025-11-15;6;720.9
11;2025-11-15;7;737.2
11;2025-11-15;8;972.5
11;2025-11-15;9;1172.6
11;2025-11-15;10;1363.8
11;2025-11-15;11;1639.5
11;2025-11-15;12;1812.6
11;2025-11-15;13;1853.2
11;2025-11-15;14;1912.0
11;2025-11-15;15;1885.6
11;2025-11-15;16;1843.1
11;2025-11-15;17;1842.1
11;2025-11-15;18;1608.7
11;2025-11-15;19;1430.4
11;2025-11-15;20;1083.4
11;2025-11-15;21;788.6
11;2025-11-15;22;482.6
11;2025-11-15;23;295.1
11;2025-11-16;0;93.3
11;2025-11-16;1;15.3
11;2025-11-16;2;4.5
11;2025-11-16;3;1.0
11;2025-11-16;4;1.3
11;2025-11-16;5;124.1
11;2025-11-16;6;505.3
11;2025-11-16;7;514.9
11;2025-11-16;8;697.7
11;2025-11-16;9;961.2
11;2025-11-16;10;1134.8
11;2025-11-16;11;1471.1
11;2025-11-16;12;1621.3
11;2025-11-16;13;1694.4
11;2025-11-16;14;1716.4
11;2025-11-16;15;1720.6
11;2025-11-16;16;1676.2
11;2025-11-16;17;1695.1
11;2025-11-16;18;1418.9
11;2025-11-16;19;1177.3
11;2025-11-16;20;918.0
11;2025-11-16;21;677.9
11;2025-11-16;22;407.3
11;2025-11-16;23;232.8
11;2025-11-17;0;66.1
11;2025-11-17;1;8.3
11;2025-11-17;2;4.5
11;2025-11-17;3;5.3
11;2025-11-17;4;20.3
11;2025-11-17;5;283.5
11;2025-11-17;6;1327.3
11;2025-11-17;7;2458.7
11;2025-11-17;8;3217.7
11;2025-11-17;9;2377.6
11;2025-11-17;10;1858.0
11;2025-11-17;11;1832.3
11;2025-11-17;12;1839.7
11;2025-11-17;13;1917.4
11;2025-11-17;14;1957.8
11;2025-11-17;15;2062.4
11;2025-11-17;16;2301.8
11;2025-11-17;17;2854.8
11;2025-11-17;18;3089.3
11;2025-11-17;19;2248.4
11;2025-11-17;20;1381.9
11;2025-11-17;21;850.1
11;2025-11-17;22;419.0
11;2025-11-17;23;218.5
11;2025-11-18;0;55.9
11;2025-11-18;1;2.9
11;2025-11-18;2;3.7
11;2025-11-18;3;4.7
11;2025-11-18;4;21.0
11;2025-11-18;5;286.0
11;2025-11-18;6;1343.5
11;2025-11-18;7;2522.1
11;2025-11-18;8;3358.1
11;2025-11-18;9;2493.7
11;2025-11-18;10;2009.1
11;2025-11-18;11;1866.8
11;2025-11-18;12;1939.5
11;2025-11-18;13;2023.8
11;2025-11-18;14;1983.4
11;2025-11-18;15;2073.1
11;2025-11-18;16;2299.3
11;2025-11-18;17;2900.0
11;2025-11-18;18;3125.8
11;2025-11-18;19;2343.6
11;2025-11-18;20;1520.1
11;2025-11-18;21;889.2
11;2025-11-18;22;444.3
11;2025-11-18;23;236.6
11;2025-11-19;0;60.8
11;2025-11-19;1;2.4
11;2025-11-19;2;2.9
11;2025-11-19;3;3.6
11;2025-11-19;4;17.7
11;2025-11-19;5;295.3
11;2025-11-19;6;1295.2
11;2025-11-19;7;2544.5
11;2025-11-19;8;3248.6
11;2025-11-19;9;2464.0
11;2025-11-19;10;1963.1
11;2025-11-19;11;1933.8
11;2025-11-19;12;1957.0
11;2025-11-19;13;2057.7
11;2025-11-19;14;2082.8
11;2025-11-19;15;2095.5
11;2025-11-19;16;2303.2
11;2025-11-19;17;2856.9
11;2025-11-19;18;3173.2
11;2025-11-19;19;2266.4
11;2025-11-19;20;1476.3
11;2025-11-19;21;886.2
11;2025-11-19;22;468.8
11;2025-11-19;23;240.4
11;2025-11-20;0;58.8
11;2025-11-20;1;4.1
11;2025-11-20;2;2.5
11;2025-11-20;3;3.1
11;2025-11-20;4;19.5
11;2025-11-20;5;282.8
11;2025-11-20;6;1307.0
11;2025-11-20;7;2464.7
11;2025-11-20;8;3263.3
11;2025-11-20;9;2478.2
11;2025-11-20;10;2014.9
11;2025-11-20;11;1908.1
11;2025-11-20;12;2012.8
11;2025-11-20;13;2054.3
11;2025-11-20;14;2060.8
11;2025-11-20;15;2044.2
11;2025-11-20;16;2396.8
11;2025-11-20;17;2856.1
11;2025-11-20;18;3250.3
11;2025-11-20;19;2306.6
11;2025-11-20;20;1522.2
11;2025-11-20;21;909.3
11;2025-11-20;22;478.4
11;2025-11-20;23;262.1
11;2025-11-21;0;66.8
11;2025-11-21;1;5.7
11;2025-11-21;2;3.5
11;2025-11-21;3;3.2
11;2025-11-21;4;20.2
11;2025-11-21;5;291.4
11;2025-11-21;6;1285.7
11;2025-11-21;7;2442.4
11;2025-11-21;8;3280.9
11;2025-11-21;9;2361.2
11;2025-11-21;10;1932.2
11;2025-11-21;11;1874.4
11;2025-11-21;12;1975.9
11;2025-11-21;13;2014.5
11;2025-11-21;14;2101.2
11;2025-11-21;15;2236.6
11;2025-11-21;16;2543.5
11;2025-11-21;17;2888.1
11;2025-11-21;18;2621.5
11;2025-11-21;19;2016.0
11;2025-11-21;20;1438.0
11;2025-11-21;21;921.1
11;2025-11-21;22;480.5
11;2025-11-21;23;311.4
11;2025-11-22;0;93.9
11;2025-11-22;1;16.0
11;2025-11-22;2;7.4
11;2025-11-22;3;3.8
11;2025-11-22;4;5.7
11;2025-11-22;5;173.6
11;2025-11-22;6;719.5
11;2025-11-22;7;752.9
11;2025-11-22;8;990.9
11;2025-11-22;9;1198.2
11;2025-11-22;10;1395.8
11;2025-11-22;11;1679.6
11;2025-11-22;12;1859.3
11;2025-11-22;13;1904.8
11;2025-11-22;14;1964.3
11;2025-11-22;15;1937.5
11;2025-11-22;16;1894.7
11;2025-11-22;17;1884.4
11;2025-11-22;18;1641.5
11;2025-11-22;19;1457.1
11;2025-11-22;20;1104.7
11;2025-11-22;21;803.3
11;2025-11-22;22;494.4
11;2025-11-22;23;305.4
11;2025-11-23;0;92.1
11;2025-11-23;1;14.6
11;2025-11-23;2;4.3
11;2025-11-23;3;1.0
11;2025-11-23;4;1.3
11;2025-11-23;5;123.8
11;2025-11-23;6;505.5
11;2025-11-23;7;532.8
11;2025-11-23;8;718.9
11;2025-11-23;9;987.4
11;2025-11-23;10;1164.8
11;2025-11-23;11;1505.3
11;2025-11-23;12;1662.7
11;2025-11-23;13;1738.8
11;2025-11-23;14;1762.0
11;2025-11-23;15;1765.6
11;2025-11-23;16;1721.0
11;2025-11-23;17;1730.3
11;2025-11-23;18;1446.1
11;2025-11-23;19;1201.3
11;2025-11-23;20;936.9
11;2025-11-23;21;691.4
11;2025-11-23;22;417.4
11;2025-11-23;23;242.1
11;2025-11-24;0;66.4
11;2025-11-24;1;9.2
11;2025-11-24;2;5.2
11;2025-11-24;3;6.0
11;2025-11-24;4;21.5
11;2025-11-24;5;285.9
11;2025-11-24;6;1329.3
11;2025-11-24;7;2482.3
11;2025-11-24;8;3246.5
11;2025-11-24;9;2402.6
11;2025-11-24;10;1878.8
11;2025-11-24;11;1853.2
11;2025-11-24;12;1861.4
11;2025-11-24;13;1939.6
11;2025-11-24;14;1980.2
11;2025-11-24;15;2086.9
11;2025-11-24;16;2326.3
11;2025-11-24;17;2881.0
11;2025-11-24;18;3116.7
11;2025-11-24;19;2271.2
11;2025-11-24;20;1399.5
11;2025-11-24;21;859.6
11;2025-11-24;22;425.1
11;2025-11-24;23;224.2
11;2025-11-25;0;57.2
11;2025-11-25;1;4.2
11;2025-11-25;2;4.8
11;2025-11-25;3;6.1
11;2025-11-25;4;23.0
11;2025-11-25;5;289.3
11;2025-11-25;6;1346.5
11;2025-11-25;7;2546.7
11;2025-11-25;8;3388.5
11;2025-11-25;9;2520.0
11;2025-11-25;10;2030.5
11;2025-11-25;11;1888.3
11;2025-11-25;12;1962.1
11;2025-11-25;13;2047.2
11;2025-11-25;14;2007.7
11;2025-11-25;15;2099.9
11;2025-11-25;16;2326.2
11;2025-11-25;17;2928.3
11;2025-11-25;18;3154.7
11;2025-11-25;19;2367.4
11;2025-11-25;20;1538.3
11;2025-11-25;21;899.6
11;2025-11-25;22;452.2
11;2025-11-25;23;244.0
11;2025-11-26;0;62.5
11;2025-11-26;1;3.5
11;2025-11-26;2;3.6
11;2025-11-26;3;4.6
11;2025-11-26;4;19.5
11;2025-11-26;5;297.7
11;2025-11-26;6;1295.9
11;2025-11-26;7;2554.5
11;2025-11-26;8;3263.1
11;2025-11-26;9;2476.3
11;2025-11-26;10;1972.4
11;2025-11-26;11;1943.4
11;2025-11-26;12;1967.4
11;2025-11-26;13;2068.6
11;2025-11-26;14;2094.5
11;2025-11-26;15;2109.0
11;2025-11-26;16;2317.2
11;2025-11-26;17;2871.1
11;2025-11-26;18;3187.6
11;2025-11-26;19;2278.9
11;2025-11-26;20;1486.5
11;2025-11-26;21;892.4
11;2025-11-26;22;475.0
11;2025-11-26;23;246.4
11;2025-11-27;0;58.2
11;2025-11-27;1;2.9
11;2025-11-27;2;2.3
11;2025-11-27;3;1.9
11;2025-11-27;4;19.0
11;2025-11-27;5;282.0
11;2025-11-27;6;1301.2
11;2025-11-27;7;2465.6
11;2025-11-27;8;3265.9
11;2025-11-27;9;2478.4
11;2025-11-27;10;2012.8
11;2025-11-27;11;1906.7
11;2025-11-27;12;2012.2
11;2025-11-27;13;2054.4
11;2025-11-27;14;2060.5
11;2025-11-27;15;2045.9
11;2025-11-27;16;2398.7
11;2025-11-27;17;2856.7
11;2025-11-27;18;3250.3
11;2025-11-27;19;2306.7
11;2025-11-27;20;1521.2
11;2025-11-27;21;907.5
11;2025-11-27;22;477.2
11;2025-11-27;23;262.5
11;2025-11-28;0;66.2
11;2025-11-28;1;5.6
11;2025-11-28;2;3.9
11;2025-11-28;3;2.8
11;2025-11-28;4;20.2
11;2025-11-28;5;289.4
11;2025-11-28;6;1272.3
11;2025-11-28;7;2400.5
11;2025-11-28;8;3232.6
11;2025-11-28;9;2314.5
11;2025-11-28;10;1887.9
11;2025-11-28;11;1830.5
11;2025-11-28;12;1933.6
11;2025-11-28;13;1972.6
11;2025-11-28;14;2057.7
11;2025-11-28;15;2193.2
11;2025-11-28;16;2499.8
11;2025-11-28;17;2842.3
11;2025-11-28;18;2578.7
11;2025-11-28;19;1977.3
11;2025-11-28;20;1404.9
11;2025-11-28;21;897.8
11;2025-11-28;22;462.5
11;2025-11-28;23;295.2
11;2025-11-29;0;99.6
11;2025-11-29;1;22.1
11;2025-11-29;2;12.4
11;2025-11-29;3;6.6
11;2025-11-29;4;8.5
11;2025-11-29;5;175.5
11;2025-11-29;6;705.2
11;2025-11-29;7;702.4
11;2025-11-29;8;931.4
11;2025-11-29;9;1132.4
11;2025-11-29;10;1326.4
11;2025-11-29;11;1608.4
11;2025-11-29;12;1794.0
11;2025-11-29;13;1839.7
11;2025-11-29;14;1898.1
11;2025-11-29;15;1873.1
11;2025-11-29;16;1830.1
11;2025-11-29;17;1817.1
11;2025-11-29;18;1576.9
11;2025-11-29;19;1404.0
11;2025-11-29;20;1064.7
11;2025-11-29;21;780.0
11;2025-11-29;22;478.7
11;2025-11-29;23;292.0
11;2025-11-30;0;94.6
11;2025-11-30;1;17.5
11;2025-11-30;2;6.3
11;2025-11-30;3;1.4
11;2025-11-30;4;1.3
11;2025-11-30;5;123.2
11;2025-11-30;6;496.5
11;2025-11-30;7;494.8
11;2025-11-30;8;674.2
11;2025-11-30;9;934.6
11;2025-11-30;10;1101.8
11;2025-11-30;11;1437.1
11;2025-11-30;12;1596.1
11;2025-11-30;13;1672.0
11;2025-11-30;14;1693.8
11;2025-11-30;15;1700.3
11;2025-11-30;16;1655.4
11;2025-11-30;17;1666.2
11;2025-11-30;18;1390.0
11;2025-11-30;19;1156.2
11;2025-11-30;20;904.2
11;2025-11-30;21;673.7
11;2025-11-30;22;403.5
11;2025-11-30;23;230.5
11;2025-12-01;0;70.7
11;2025-12-01;1;11.1
11;2025-12-01;2;8.2
11;2025-12-01;3;8.3
11;2025-12-01;4;25.3
11;2025-12-01;5;300.8
11;2025-12-01;6;1386.0
11;2025-12-01;7;2565.1
11;2025-12-01;8;3359.7
11;2025-12-01;9;2479.9
11;2025-12-01;10;1937.9
11;2025-12-01;11;1913.5
11;2025-12-01;12;1925.3
11;2025-12-01;13;2008.2
11;2025-12-01;14;2049.9
11;2025-12-01;15;2159.2
11;2025-12-01;16;2410.0
11;2025-12-01;17;2979.2
11;2025-12-01;18;3216.7
11;2025-12-01;19;2346.4
11;2025-12-01;20;1439.4
11;2025-12-01;21;883.4
11;2025-12-01;22;431.4
11;2025-12-01;23;221.4
11;2025-12-02;0;62.2
11;2025-12-02;1;7.3
11;2025-12-02;2;9.5
11;2025-12-02;3;9.4
11;2025-12-02;4;27.6
11;2025-12-02;5;301.9
11;2025-12-02;6;1397.6
11;2025-12-02;7;2616.2
11;2025-12-02;8;3490.1
11;2025-12-02;9;2584.8
11;2025-12-02;10;2077.6
11;2025-12-02;11;1931.2
11;2025-12-02;12;2012.3
11;2025-12-02;13;2102.9
11;2025-12-02;14;2060.2
11;2025-12-02;15;2154.8
11;2025-12-02;16;2391.8
11;2025-12-02;17;3011.9
11;2025-12-02;18;3241.6
11;2025-12-02;19;2433.0
11;2025-12-02;20;1576.8
11;2025-12-02;21;919.6
11;2025-12-02;22;455.2
11;2025-12-02;23;238.9
11;2025-12-03;0;68.6
11;2025-12-03;1;7.8
11;2025-12-03;2;9.8
11;2025-12-03;3;9.2
11;2025-12-03;4;25.1
11;2025-12-03;5;311.1
11;2025-12-03;6;1341.9
11;2025-12-03;7;2620.9
11;2025-12-03;8;3354.0
11;2025-12-03;9;2532.2
11;2025-12-03;10;2009.2
11;2025-12-03;11;1981.6
11;2025-12-03;12;2013.6
11;2025-12-03;13;2122.2
11;2025-12-03;14;2148.8
11;2025-12-03;15;2162.2
11;2025-12-03;16;2380.3
11;2025-12-03;17;2949.8
11;2025-12-03;18;3274.2
11;2025-12-03;19;2338.8
11;2025-12-03;20;1521.4
11;2025-12-03;21;911.4
11;2025-12-03;22;479.2
11;2025-12-03;23;241.4
11;2025-12-04;0;63.9
11;2025-12-04;1;6.2
11;2025-12-04;2;5.7
11;2025-12-04;3;4.9
11;2025-12-04;4;24.2
11;2025-12-04;5;295.0
11;2025-12-04;6;1347.8
11;2025-12-04;7;2537.0
11;2025-12-04;8;3366.7
11;2025-12-04;9;2544.0
11;2025-12-04;10;2061.1
11;2025-12-04;11;1953.9
11;2025-12-04;12;2072.2
11;2025-12-04;13;2121.4
11;2025-12-04;14;2130.5
11;2025-12-04;15;2115.3
11;2025-12-04;16;2485.1
11;2025-12-04;17;2955.4
11;2025-12-04;18;3362.0
11;2025-12-04;19;2383.7
11;2025-12-04;20;1572.7
11;2025-12-04;21;939.0
11;2025-12-04;22;492.5
11;2025-12-04;23;267.2
11;2025-12-05;0;71.0
11;2025-12-05;1;8.7
11;2025-12-05;2;6.5
11;2025-12-05;3;5.6
11;2025-12-05;4;24.3
11;2025-12-05;5;303.6
11;2025-12-05;6;1326.1
11;2025-12-05;7;2508.3
11;2025-12-05;8;3375.6
11;2025-12-05;9;2410.9
11;2025-12-05;10;1964.8
11;2025-12-05;11;1908.0
11;2025-12-05;12;2021.4
11;2025-12-05;13;2067.3
11;2025-12-05;14;2160.5
11;2025-12-05;15;2303.7
11;2025-12-05;16;2623.8
11;2025-12-05;17;2981.0
11;2025-12-05;18;2704.2
11;2025-12-05;19;2073.9
11;2025-12-05;20;1481.1
11;2025-12-05;21;949.9
11;2025-12-05;22;494.3
11;2025-12-05;23;318.7
11;2025-12-06;0;99.5
11;2025-12-06;1;18.4
11;2025-12-06;2;9.3
11;2025-12-06;3;4.1
11;2025-12-06;4;7.4
11;2025-12-06;5;177.2
11;2025-12-06;6;725.4
11;2025-12-06;7;715.7
11;2025-12-06;8;945.3
11;2025-12-06;9;1151.7
11;2025-12-06;10;1355.4
11;2025-12-06;11;1655.0
11;2025-12-06;12;1859.1
11;2025-12-06;13;1915.5
11;2025-12-06;14;1988.1
11;2025-12-06;15;1968.1
11;2025-12-06;16;1926.0
11;2025-12-06;17;1915.2
11;2025-12-06;18;1665.4
11;2025-12-06;19;1484.4
11;2025-12-06;20;1133.1
11;2025-12-06;21;835.1
11;2025-12-06;22;519.2
11;2025-12-06;23;323.4
11;2025-12-07;0;95.6
11;2025-12-07;1;15.1
11;2025-12-07;2;4.2
11;2025-12-07;3;1.1
11;2025-12-07;4;1.8
11;2025-12-07;5;125.0
11;2025-12-07;6;513.2
11;2025-12-07;7;505.1
11;2025-12-07;8;689.6
11;2025-12-07;9;958.6
11;2025-12-07;10;1134.2
11;2025-12-07;11;1486.1
11;2025-12-07;12;1659.8
11;2025-12-07;13;1746.1
11;2025-12-07;14;1780.1
11;2025-12-07;15;1792.1
11;2025-12-07;16;1748.0
11;2025-12-07;17;1764.2
11;2025-12-07;18;1476.4
11;2025-12-07;19;1231.4
11;2025-12-07;20;967.9
11;2025-12-07;21;725.0
11;2025-12-07;22;441.8
11;2025-12-07;23;260.4
11;2025-12-08;0;64.5
11;2025-12-08;1;10.1
11;2025-12-08;2;7.6
11;2025-12-08;3;7.6
11;2025-12-08;4;28.6
11;2025-12-08;5;300.0
11;2025-12-08;6;1320.9
11;2025-12-08;7;2469.9
11;2025-12-08;8;3225.7
11;2025-12-08;9;2365.0
11;2025-12-08;10;1830.9
11;2025-12-08;11;1808.8
11;2025-12-08;12;1825.0
11;2025-12-08;13;1913.3
11;2025-12-08;14;1958.8
11;2025-12-08;15;2069.9
11;2025-12-08;16;2319.2
11;2025-12-08;17;2883.4
11;2025-12-08;18;3117.8
11;2025-12-08;19;2294.6
11;2025-12-08;20;1417.5
11;2025-12-08;21;872.6
11;2025-12-08;22;431.0
11;2025-12-08;23;222.0
11;2025-12-09;0;56.5
11;2025-12-09;1;5.4
11;2025-12-09;2;8.0
11;2025-12-09;3;8.1
11;2025-12-09;4;31.0
11;2025-12-09;5;302.9
11;2025-12-09;6;1331.3
11;2025-12-09;7;2518.0
11;2025-12-09;8;3352.6
11;2025-12-09;9;2466.0
11;2025-12-09;10;1965.3
11;2025-12-09;11;1821.1
11;2025-12-09;12;1907.4
11;2025-12-09;13;2004.1
11;2025-12-09;14;1965.3
11;2025-12-09;15;2063.1
11;2025-12-09;16;2298.7
11;2025-12-09;17;2914.1
11;2025-12-09;18;3141.2
11;2025-12-09;19;2380.8
11;2025-12-09;20;1552.6
11;2025-12-09;21;906.8
11;2025-12-09;22;453.0
11;2025-12-09;23;237.6
11;2025-12-10;0;61.9
11;2025-12-10;1;4.7
11;2025-12-10;2;7.0
11;2025-12-10;3;6.7
11;2025-12-10;4;27.2
11;2025-12-10;5;311.6
11;2025-12-10;6;1277.5
11;2025-12-10;7;2524.6
11;2025-12-10;8;3219.5
11;2025-12-10;9;2418.6
11;2025-12-10;10;1902.3
11;2025-12-10;11;1876.9
11;2025-12-10;12;1910.7
11;2025-12-10;13;2024.2
11;2025-12-10;14;2054.5
11;2025-12-10;15;2071.3
11;2025-12-10;16;2287.9
11;2025-12-10;17;2852.9
11;2025-12-10;18;3174.5
11;2025-12-10;19;2286.7
11;2025-12-10;20;1497.0
11;2025-12-10;21;898.3
11;2025-12-10;22;475.8
11;2025-12-10;23;239.2
11;2025-12-11;0;64.8
11;2025-12-11;1;9.0
11;2025-12-11;2;9.2
11;2025-12-11;3;8.7
11;2025-12-11;4;34.8
11;2025-12-11;5;306.2
11;2025-12-11;6;1315.6
11;2025-12-11;7;2485.7
11;2025-12-11;8;3291.5
11;2025-12-11;9;2491.5
11;2025-12-11;10;2017.9
11;2025-12-11;11;1917.2
11;2025-12-11;12;2037.3
11;2025-12-11;13;2090.9
11;2025-12-11;14;2101.8
11;2025-12-11;15;2086.6
11;2025-12-11;16;2454.0
11;2025-12-11;17;2916.8
11;2025-12-11;18;3302.5
11;2025-12-11;19;2364.9
11;2025-12-11;20;1567.9
11;2025-12-11;21;943.2
11;2025-12-11;22;504.0
11;2025-12-11;23;279.2
11;2025-12-12;0;74.0
11;2025-12-12;1;12.4
11;2025-12-12;2;10.2
11;2025-12-12;3;11.7
11;2025-12-12;4;39.2
11;2025-12-12;5;320.0
11;2025-12-12;6;1306.4
11;2025-12-12;7;2472.3
11;2025-12-12;8;3318.7
11;2025-12-12;9;2376.2
11;2025-12-12;10;1938.3
11;2025-12-12;11;1879.8
11;2025-12-12;12;1992.7
11;2025-12-12;13;2037.2
11;2025-12-12;14;2128.4
11;2025-12-12;15;2268.9
11;2025-12-12;16;2585.8
11;2025-12-12;17;2944.0
11;2025-12-12;18;2684.4
11;2025-12-12;19;2068.3
11;2025-12-12;20;1483.9
11;2025-12-12;21;951.7
11;2025-12-12;22;499.4
11;2025-12-12;23;323.2
11;2025-12-13;0;111.3
11;2025-12-13;1;31.5
11;2025-12-13;2;21.0
11;2025-12-13;3;15.4
11;2025-12-13;4;19.4
11;2025-12-13;5;191.6
11;2025-12-13;6;702.4
11;2025-12-13;7;682.3
11;2025-12-13;8;898.3
11;2025-12-13;9;1096.2
11;2025-12-13;10;1299.3
11;2025-12-13;11;1593.6
11;2025-12-13;12;1799.6
11;2025-12-13;13;1854.9
11;2025-12-13;14;1926.9
11;2025-12-13;15;1911.1
11;2025-12-13;16;1872.3
11;2025-12-13;17;1868.0
11;2025-12-13;18;1635.2
11;2025-12-13;19;1466.3
11;2025-12-13;20;1123.9
11;2025-12-13;21;827.0
11;2025-12-13;22;518.8
11;2025-12-13;23;322.1
11;2025-12-14;0;101.7
11;2025-12-14;1;22.5
11;2025-12-14;2;10.0
11;2025-12-14;3;3.6
11;2025-12-14;4;5.0
11;2025-12-14;5;135.8
11;2025-12-14;6;498.3
11;2025-12-14;7;480.3
11;2025-12-14;8;653.3
11;2025-12-14;9;912.0
11;2025-12-14;10;1085.0
11;2025-12-14;11;1427.6
11;2025-12-14;12;1601.9
11;2025-12-14;13;1686.8
11;2025-12-14;14;1720.0
11;2025-12-14;15;1736.5
11;2025-12-14;16;1695.7
11;2025-12-14;17;1718.3
11;2025-12-14;18;1448.4
11;2025-12-14;19;1215.4
11;2025-12-14;20;960.9
11;2025-12-14;21;717.1
11;2025-12-14;22;439.4
11;2025-12-14;23;256.9
11;2025-12-15;0;64.5
11;2025-12-15;1;10.1
11;2025-12-15;2;7.6
11;2025-12-15;3;7.6
11;2025-12-15;4;28.6
11;2025-12-15;5;300.0
11;2025-12-15;6;1320.9
11;2025-12-15;7;2469.9
11;2025-12-15;8;3225.7
11;2025-12-15;9;2365.0
11;2025-12-15;10;1830.9
11;2025-12-15;11;1808.8
11;2025-12-15;12;1825.0
11;2025-12-15;13;1913.3
11;2025-12-15;14;1958.8
11;2025-12-15;15;2069.9
11;2025-12-15;16;2319.2
11;2025-12-15;17;2883.4
11;2025-12-15;18;3117.8
11;2025-12-15;19;2294.6
11;2025-12-15;20;1417.5
11;2025-12-15;21;872.6
11;2025-12-15;22;431.0
11;2025-12-15;23;222.0
11;2025-12-16;0;56.5
11;2025-12-16;1;5.4
11;2025-12-16;2;8.0
11;2025-12-16;3;8.1
11;2025-12-16;4;31.0
11;2025-12-16;5;302.9
11;2025-12-16;6;1331.3
11;2025-12-16;7;2518.0
11;2025-12-16;8;3352.6
11;2025-12-16;9;2466.0
11;2025-12-16;10;1965.3
11;2025-12-16;11;1821.1
11;2025-12-16;12;1907.4
11;2025-12-16;13;2004.1
11;2025-12-16;14;1965.3
11;2025-12-16;15;2063.1
11;2025-12-16;16;2298.7
11;2025-12-16;17;2914.1
11;2025-12-16;18;3141.2
11;2025-12-16;19;2380.8
11;2025-12-16;20;1552.6
11;2025-12-16;21;906.8
11;2025-12-16;22;453.0
11;2025-12-16;23;237.6
11;2025-12-17;0;61.9
11;2025-12-17;1;4.7
11;2025-12-17;2;7.0
11;2025-12-17;3;6.7
11;2025-12-17;4;27.2
11;2025-12-17;5;311.6
11;2025-12-17;6;1277.5
11;2025-12-17;7;2524.6
11;2025-12-17;8;3219.5
11;2025-12-17;9;2418.6
11;2025-12-17;10;1902.3
11;2025-12-17;11;1876.9
11;2025-12-17;12;1910.7
11;2025-12-17;13;2024.2
11;2025-12-17;14;2054.5
11;2025-12-17;15;2071.3
11;2025-12-17;16;2287.9
11;2025-12-17;17;2852.9
11;2025-12-17;18;3174.5
11;2025-12-17;19;2286.7
11;2025-12-17;20;1497.0
11;2025-12-17;21;898.3
11;2025-12-17;22;475.8
11;2025-12-17;23;239.2
11;2025-12-18;0;64.8
11;2025-12-18;1;9.0
11;2025-12-18;2;9.2
11;2025-12-18;3;8.7
11;2025-12-18;4;34.8
11;2025-12-18;5;306.2
11;2025-12-18;6;1315.6
11;2025-12-18;7;2485.7
11;2025-12-18;8;3291.5
11;2025-12-18;9;2491.5
11;2025-12-18;10;2017.9
11;2025-12-18;11;1917.2
11;2025-12-18;12;2037.3
11;2025-12-18;13;2090.9
11;2025-12-18;14;2101.8
11;2025-12-18;15;2086.6
11;2025-12-18;16;2454.0
11;2025-12-18;17;2916.8
11;2025-12-18;18;3302.5
11;2025-12-18;19;2364.9
11;2025-12-18;20;1567.9
11;2025-12-18;21;943.2
11;2025-12-18;22;504.0
11;2025-12-18;23;279.2
11;2025-12-19;0;74.0
11;2025-12-19;1;12.4
11;2025-12-19;2;10.2
11;2025-12-19;3;11.7
11;2025-12-19;4;39.2
11;2025-12-19;5;320.0
11;2025-12-19;6;1306.4
11;2025-12-19;7;2472.3
11;2025-12-19;8;3318.7
11;2025-12-19;9;2376.2
11;2025-12-19;10;1938.3
11;2025-12-19;11;1879.8
11;2025-12-19;12;1992.7
11;2025-12-19;13;2037.2
11;2025-12-19;14;2128.4
11;2025-12-19;15;2268.9
11;2025-12-19;16;2585.8
11;2025-12-19;17;2944.0
11;2025-12-19;18;2684.4
11;2025-12-19;19;2068.3
11;2025-12-19;20;1483.9
11;2025-12-19;21;951.7
11;2025-12-19;22;499.4
11;2025-12-19;23;323.2
11;2025-12-20;0;111.3
11;2025-12-20;1;31.5
11;2025-12-20;2;21.0
11;2025-12-20;3;15.4
11;2025-12-20;4;19.4
11;2025-12-20;5;191.6
11;2025-12-20;6;702.4
11;2025-12-20;7;682.3
11;2025-12-20;8;898.3
11;2025-12-20;9;1096.2
11;2025-12-20;10;1299.3
11;2025-12-20;11;1593.6
11;2025-12-20;12;1799.6
11;2025-12-20;13;1854.9
11;2025-12-20;14;1926.9
11;2025-12-20;15;1911.1
11;2025-12-20;16;1872.3
11;2025-12-20;17;1868.0
11;2025-12-20;18;1635.2
11;2025-12-20;19;1466.3
11;2025-12-20;20;1123.9
11;2025-12-20;21;827.0
11;2025-12-20;22;518.8
11;2025-12-20;23;322.1
11;2025-12-21;0;101.7
11;2025-12-21;1;22.5
11;2025-12-21;2;10.0
11;2025-12-21;3;3.6
11;2025-12-21;4;5.0
11;2025-12-21;5;135.8
11;2025-12-21;6;498.3
11;2025-12-21;7;480.3
11;2025-12-21;8;653.3
11;2025-12-21;9;912.0
11;2025-12-21;10;1085.0
11;2025-12-21;11;1427.6
11;2025-12-21;12;1601.9
11;2025-12-21;13;1686.8
11;2025-12-21;14;1720.0
11;2025-12-21;15;1736.5
11;2025-12-21;16;1695.7
11;2025-12-21;17;1718.3
11;2025-12-21;18;1448.4
11;2025-12-21;19;1215.4
11;2025-12-21;20;960.9
11;2025-12-21;21;717.1
11;2025-12-21;22;439.4
11;2025-12-21;23;256.9
11;2025-12-22;0;64.5
11;2025-12-22;1;10.1
11;2025-12-22;2;7.6
11;2025-12-22;3;7.6
11;2025-12-22;4;28.6
11;2025-12-22;5;300.0
11;2025-12-22;6;1320.9
11;2025-12-22;7;2469.9
11;2025-12-22;8;3225.7
11;2025-12-22;9;2365.0
11;2025-12-22;10;1830.9
11;2025-12-22;11;1808.8
11;2025-12-22;12;1825.0
11;2025-12-22;13;1913.3
11;2025-12-22;14;1958.8
11;2025-12-22;15;2069.9
11;2025-12-22;16;2319.2
11;2025-12-22;17;2883.4
11;2025-12-22;18;3117.8
11;2025-12-22;19;2294.6
11;2025-12-22;20;1417.5
11;2025-12-22;21;872.6
11;2025-12-22;22;431.0
11;2025-12-22;23;222.0
11;2025-12-23;0;56.5
11;2025-12-23;1;5.4
11;2025-12-23;2;8.0
11;2025-12-23;3;8.1
11;2025-12-23;4;31.0
11;2025-12-23;5;302.9
11;2025-12-23;6;1331.3
11;2025-12-23;7;2518.0
11;2025-12-23;8;3352.6
11;2025-12-23;9;2466.0
11;2025-12-23;10;1965.3
11;2025-12-23;11;1821.1
11;2025-12-23;12;1907.4
11;2025-12-23;13;2004.1
11;2025-12-23;14;1965.3
11;2025-12-23;15;2063.1
11;2025-12-23;16;2298.7
11;2025-12-23;17;2914.1
11;2025-12-23;18;3141.2
11;2025-12-23;19;2380.8
11;2025-12-23;20;1552.6
11;2025-12-23;21;906.8
11;2025-12-23;22;453.0
11;2025-12-23;23;237.6
11;2025-12-24;0;61.9
11;2025-12-24;1;4.7
11;2025-12-24;2;7.0
11;2025-12-24;3;6.7
11;2025-12-24;4;27.2
11;2025-12-24;5;311.6
11;2025-12-24;6;1277.5
11;2025-12-24;7;2524.6
11;2025-12-24;8;3219.5
11;2025-12-24;9;2418.6
11;2025-12-24;10;1902.3
11;2025-12-24;11;1876.9
11;2025-12-24;12;1910.7
11;2025-12-24;13;2024.2
11;2025-12-24;14;2054.5
11;2025-12-24;15;2071.3
11;2025-12-24;16;2287.9
11;2025-12-24;17;2852.9
11;2025-12-24;18;3174.5
11;2025-12-24;19;2286.7
11;2025-12-24;20;1497.0
11;2025-12-24;21;898.3
11;2025-12-24;22;475.8
11;2025-12-24;23;239.2
11;2025-12-25;0;64.8
11;2025-12-25;1;9.0
11;2025-12-25;2;9.2
11;2025-12-25;3;8.7
11;2025-12-25;4;34.8
11;2025-12-25;5;306.2
11;2025-12-25;6;1315.6
11;2025-12-25;7;2485.7
11;2025-12-25;8;3291.5
11;2025-12-25;9;2491.5
11;2025-12-25;10;2017.9
11;2025-12-25;11;1917.2
11;2025-12-25;12;2037.3
11;2025-12-25;13;2090.9
11;2025-12-25;14;2101.8
11;2025-12-25;15;2086.6
11;2025-12-25;16;2454.0
11;2025-12-25;17;2916.8
11;2025-12-25;18;3302.5
11;2025-12-25;19;2364.9
11;2025-12-25;20;1567.9
11;2025-12-25;21;943.2
11;2025-12-25;22;504.0
11;2025-12-25;23;279.2
11;2025-12-26;0;74.0
11;2025-12-26;1;12.4
11;2025-12-26;2;10.2
11;2025-12-26;3;11.7
11;2025-12-26;4;39.2
11;2025-12-26;5;320.0
11;2025-12-26;6;1306.4
11;2025-12-26;7;2472.3
11;2025-12-26;8;3318.7
11;2025-12-26;9;2376.2
11;2025-12-26;10;1938.3
11;2025-12-26;11;1879.8
11;2025-12-26;12;1992.7
11;2025-12-26;13;2037.2
11;2025-12-26;14;2128.4
11;2025-12-26;15;2268.9
11;2025-12-26;16;2585.8
11;2025-12-26;17;2944.0
11;2025-12-26;18;2684.4
11;2025-12-26;19;2068.3
11;2025-12-26;20;1483.9
11;2025-12-26;21;951.7
11;2025-12-26;22;499.4
11;2025-12-26;23;323.2
11;2025-12-27;0;111.3
11;2025-12-27;1;31.5
11;2025-12-27;2;21.0
11;2025-12-27;3;15.4
11;2025-12-27;4;19.4
11;2025-12-27;5;191.6
11;2025-12-27;6;702.4
11;2025-12-27;7;682.3
11;2025-12-27;8;898.3
11;2025-12-27;9;1096.2
11;2025-12-27;10;1299.3
11;2025-12-27;11;1593.6
11;2025-12-27;12;1799.6
11;2025-12-27;13;1854.9
11;2025-12-27;14;1926.9
11;2025-12-27;15;1911.1
11;2025-12-27;16;1872.3
11;2025-12-27;17;1868.0
11;2025-12-27;18;1635.2
11;2025-12-27;19;1466.3
11;2025-12-27;20;1123.9
11;2025-12-27;21;827.0
11;2025-12-27;22;518.8
11;2025-12-27;23;322.1
11;2025-12-28;0;101.7
11;2025-12-28;1;22.5
11;2025-12-28;2;10.0
11;2025-12-28;3;3.6
11;2025-12-28;4;5.0
11;2025-12-28;5;135.8
11;2025-12-28;6;498.3
11;2025-12-28;7;480.3
11;2025-12-28;8;653.3
11;2025-12-28;9;912.0
11;2025-12-28;10;1085.0
11;2025-12-28;11;1427.6
11;2025-12-28;12;1601.9
11;2025-12-28;13;1686.8
11;2025-12-28;14;1720.0
11;2025-12-28;15;1736.5
11;2025-12-28;16;1695.7
11;2025-12-28;17;1718.3
11;2025-12-28;18;1448.4
11;2025-12-28;19;1215.4
11;2025-12-28;20;960.9
11;2025-12-28;21;717.1
11;2025-12-28;22;439.4
11;2025-12-28;23;256.9
11;2025-12-29;0;64.5
11;2025-12-29;1;10.1
11;2025-12-29;2;7.6
11;2025-12-29;3;7.6
11;2025-12-29;4;28.6
11;2025-12-29;5;300.0
11;2025-12-29;6;1320.9
11;2025-12-29;7;2469.9
11;2025-12-29;8;3225.7
11;2025-12-29;9;2365.0
11;2025-12-29;10;1830.9
11;2025-12-29;11;1808.8
11;2025-12-29;12;1825.0
11;2025-12-29;13;1913.3
11;2025-12-29;14;1958.8
11;2025-12-29;15;2069.9
11;2025-12-29;16;2319.2
11;2025-12-29;17;2883.4
11;2025-12-29;18;3117.8
11;2025-12-29;19;2294.6
11;2025-12-29;20;1417.5
11;2025-12-29;21;872.6
11;2025-12-29;22;431.0
11;2025-12-29;23;222.0
11;2025-12-30;0;73.8
11;2025-12-30;1;20.8
11;2025-12-30;2;22.7
11;2025-12-30;3;27.0
11;2025-12-30;4;57.6
11;2025-12-30;5;327.6
11;2025-12-30;6;1362.9
11;2025-12-30;7;2546.2
11;2025-12-30;8;3371.7
11;2025-12-30;9;2504.9
11;2025-12-30;10;2023.8
11;2025-12-30;11;1897.0
11;2025-12-30;12;1992.1
11;2025-12-30;13;2097.3
11;2025-12-30;14;2070.2
11;2025-12-30;15;2188.4
11;2025-12-30;16;2423.2
11;2025-12-30;17;2928.0
11;2025-12-30;18;2967.8
11;2025-12-30;19;2325.3
11;2025-12-30;20;1567.3
11;2025-12-30;21;936.7
11;2025-12-30;22;496.1
11;2025-12-30;23;286.0
11;2025-12-31;0;47.8
11;2025-12-31;1;0.0
11;2025-12-31;2;0.0
11;2025-12-31;3;0.0
11;2025-12-31;4;0.0
11;2025-12-31;5;66.1
11;2025-12-31;6;378.0
11;2025-12-31;7;306.7
11;2025-12-31;8;392.7
11;2025-12-31;9;468.3
11;2025-12-31;10;588.5
11;2025-12-31;11;826.0
11;2025-12-31;12;1049.6
11;2025-12-31;13;1178.6
11;2025-12-31;14;1230.0
11;2025-12-31;15;1296.1
11;2025-12-31;16;1302.5
11;2025-12-31;17;1329.8
11;2025-12-31;18;1289.1
11;2025-12-31;19;1139.9
11;2025-12-31;20;887.6
11;2025-12-31;21;643.6
11;2025-12-31;22;378.1
11;2025-12-31;23;175.9
12;2025-11-01;0;105.3
12;2025-11-01;1;46.1
12;2025-11-01;2;40.5
12;2025-11-01;3;39.2
12;2025-11-01;4;52.2
12;2025-11-01;5;307.3
12;2025-11-01;6;1082.4
12;2025-11-01;7;1769.2
12;2025-11-01;8;2238.5
12;2025-11-01;9;1873.2
12;2025-11-01;10;1686.8
12;2025-11-01;11;1730.1
12;2025-11-01;12;1819.2
12;2025-11-01;13;1940.0
12;2025-11-01;14;1909.4
12;2025-11-01;15;2051.1
12;2025-11-01;16;2324.0
12;2025-11-01;17;2358.1
12;2025-11-01;18;2110.6
12;2025-11-01;19;1765.8
12;2025-11-01;20;1238.9
12;2025-11-01;21;890.3
12;2025-11-01;22;507.0
12;2025-11-01;23;299.4
12;2025-11-02;0;82.4
12;2025-11-02;1;11.9
12;2025-11-02;2;5.4
12;2025-11-02;3;0.8
12;2025-11-02;4;0.7
12;2025-11-02;5;129.1
12;2025-11-02;6;498.2
12;2025-11-02;7;594.5
12;2025-11-02;8;714.9
12;2025-11-02;9;918.1
12;2025-11-02;10;1089.8
12;2025-11-02;11;1254.7
12;2025-11-02;12;1399.9
12;2025-11-02;13;1525.7
12;2025-11-02;14;1493.1
12;2025-11-02;15;1477.2
12;2025-11-02;16;1448.4
12;2025-11-02;17;1440.1
12;2025-11-02;18;1262.9
12;2025-11-02;19;1049.3
12;2025-11-02;20;800.3
12;2025-11-02;21;600.6
12;2025-11-02;22;346.6
12;2025-11-02;23;163.2
12;2025-11-03;0;81.6
12;2025-11-03;1;22.5
12;2025-11-03;2;16.1
12;2025-11-03;3;11.7
12;2025-11-03;4;11.2
12;2025-11-03;5;175.3
12;2025-11-03;6;645.4
12;2025-11-03;7;751.5
12;2025-11-03;8;884.1
12;2025-11-03;9;967.7
12;2025-11-03;10;1083.1
12;2025-11-03;11;1247.0
12;2025-11-03;12;1418.8
12;2025-11-03;13;1532.3
12;2025-11-03;14;1556.0
12;2025-11-03;15;1558.2
12;2025-11-03;16;1583.9
12;2025-11-03;17;1547.2
12;2025-11-03;18;1500.0
12;2025-11-03;19;1269.6
12;2025-11-03;20;940.4
12;2025-11-03;21;679.2
12;2025-11-03;22;403.8
12;2025-11-03;23;201.2
12;2025-11-04;0;78.0
12;2025-11-04;1;15.3
12;2025-11-04;2;13.7
12;2025-11-04;3;11.8
12;2025-11-04;4;7.5
12;2025-11-04;5;159.1
12;2025-11-04;6;615.3
12;2025-11-04;7;697.6
12;2025-11-04;8;820.3
12;2025-11-04;9;883.9
12;2025-11-04;10;982.6
12;2025-11-04;11;1135.5
12;2025-11-04;12;1293.8
12;2025-11-04;13;1404.4
12;2025-11-04;14;1427.3
12;2025-11-04;15;1425.9
12;2025-11-04;16;1451.3
12;2025-11-04;17;1424.3
12;2025-11-04;18;1388.8
12;2025-11-04;19;1187.9
12;2025-11-04;20;882.9
12;2025-11-04;21;635.6
12;2025-11-04;22;363.3
12;2025-11-04;23;160.6
12;2025-11-05;0;68.5
12;2025-11-05;1;12.1
12;2025-11-05;2;11.8
12;2025-11-05;3;11.5
12;2025-11-05;4;29.0
12;2025-11-05;5;339.1
12;2025-11-05;6;1396.9
12;2025-11-05;7;2622.5
12;2025-11-05;8;3526.5
12;2025-11-05;9;2528.9
12;2025-11-05;10;2048.4
12;2025-11-05;11;1975.1
12;2025-11-05;12;2011.4
12;2025-11-05;13;2029.8
12;2025-11-05;14;1971.6
12;2025-11-05;15;2165.2
12;2025-11-05;16;2607.8
12;2025-11-05;17;3005.8
12;2025-11-05;18;3186.3
12;2025-11-05;19;2343.3
12;2025-11-05;20;1549.4
12;2025-11-05;21;956.9
12;2025-11-05;22;486.7
12;2025-11-05;23;226.4
12;2025-11-06;0;57.2
12;2025-11-06;1;5.6
12;2025-11-06;2;2.2
12;2025-11-06;3;2.1
12;2025-11-06;4;18.6
12;2025-11-06;5;312.0
12;2025-11-06;6;1354.7
12;2025-11-06;7;2638.7
12;2025-11-06;8;3528.1
12;2025-11-06;9;2530.7
12;2025-11-06;10;2048.7
12;2025-11-06;11;1963.5
12;2025-11-06;12;1995.5
12;2025-11-06;13;2039.4
12;2025-11-06;14;2010.6
12;2025-11-06;15;2229.1
12;2025-11-06;16;2603.8
12;2025-11-06;17;3024.4
12;2025-11-06;18;3216.1
12;2025-11-06;19;2384.3
12;2025-11-06;20;1551.0
12;2025-11-06;21;961.4
12;2025-11-06;22;504.4
12;2025-11-06;23;245.3
12;2025-11-07;0;59.8
12;2025-11-07;1;4.6
12;2025-11-07;2;1.5
12;2025-11-07;3;1.7
12;2025-11-07;4;16.0
12;2025-11-07;5;323.0
12;2025-11-07;6;1337.4
12;2025-11-07;7;2567.0
12;2025-11-07;8;3303.4
12;2025-11-07;9;2442.1
12;2025-11-07;10;1924.5
12;2025-11-07;11;1900.1
12;2025-11-07;12;1974.4
12;2025-11-07;13;2106.8
12;2025-11-07;14;2054.5
12;2025-11-07;15;2317.4
12;2025-11-07;16;2788.0
12;2025-11-07;17;2957.2
12;2025-11-07;18;2656.5
12;2025-11-07;19;2141.8
12;2025-11-07;20;1423.6
12;2025-11-07;21;962.2
12;2025-11-07;22;517.0
12;2025-11-07;23;286.4
12;2025-11-08;0;85.5
12;2025-11-08;1;17.6
12;2025-11-08;2;9.1
12;2025-11-08;3;3.1
12;2025-11-08;4;4.1
12;2025-11-08;5;189.1
12;2025-11-08;6;705.5
12;2025-11-08;7;811.0
12;2025-11-08;8;993.0
12;2025-11-08;9;1174.5
12;2025-11-08;10;1338.3
12;2025-11-08;11;1470.3
12;2025-11-08;12;1587.5
12;2025-11-08;13;1705.0
12;2025-11-08;14;1683.7
12;2025-11-08;15;1636.4
12;2025-11-08;16;1650.0
12;2025-11-08;17;1598.1
12;2025-11-08;18;1484.2
12;2025-11-08;19;1313.0
12;2025-11-08;20;971.5
12;2025-11-08;21;740.9
12;2025-11-08;22;427.6
12;2025-11-08;23;244.5
12;2025-11-09;0;83.2
12;2025-11-09;1;13.0
12;2025-11-09;2;6.2
12;2025-11-09;3;0.8
12;2025-11-09;4;0.7
12;2025-11-09;5;130.2
12;2025-11-09;6;499.7
12;2025-11-09;7;595.6
12;2025-11-09;8;716.0
12;2025-11-09;9;920.0
12;2025-11-09;10;1093.2
12;2025-11-09;11;1258.2
12;2025-11-09;12;1404.5
12;2025-11-09;13;1532.0
12;2025-11-09;14;1499.7
12;2025-11-09;15;1483.4
12;2025-11-09;16;1454.1
12;2025-11-09;17;1445.6
12;2025-11-09;18;1267.9
12;2025-11-09;19;1053.6
12;2025-11-09;20;804.3
12;2025-11-09;21;604.4
12;2025-11-09;22;350.2
12;2025-11-09;23;166.2
12;2025-11-10;0;53.5
12;2025-11-10;1;3.0
12;2025-11-10;2;2.3
12;2025-11-10;3;2.4
12;2025-11-10;4;16.5
12;2025-11-10;5;317.9
12;2025-11-10;6;1379.4
12;2025-11-10;7;2591.6
12;2025-11-10;8;3473.2
12;2025-11-10;9;2450.8
12;2025-11-10;10;1882.0
12;2025-11-10;11;1818.5
12;2025-11-10;12;1931.3
12;2025-11-10;13;1903.5
12;2025-11-10;14;1947.2
12;2025-11-10;15;2107.5
12;2025-11-10;16;2546.2
12;2025-11-10;17;2945.4
12;2025-11-10;18;3205.9
12;2025-11-10;19;2326.1
12;2025-11-10;20;1528.8
12;2025-11-10;21;922.1
12;2025-11-10;22;449.3
12;2025-11-10;23;199.9
12;2025-11-11;0;52.8
12;2025-11-11;1;3.1
12;2025-11-11;2;3.0
12;2025-11-11;3;3.1
12;2025-11-11;4;20.5
12;2025-11-11;5;341.0
12;2025-11-11;6;1393.9
12;2025-11-11;7;2693.8
12;2025-11-11;8;3550.9
12;2025-11-11;9;2523.6
12;2025-11-11;10;2017.9
12;2025-11-11;11;1971.6
12;2025-11-11;12;2014.0
12;2025-11-11;13;2052.4
12;2025-11-11;14;2011.0
12;2025-11-11;15;2187.8
12;2025-11-11;16;2562.1
12;2025-11-11;17;3004.5
12;2025-11-11;18;3229.7
12;2025-11-11;19;2363.0
12;2025-11-11;20;1532.0
12;2025-11-11;21;936.1
12;2025-11-11;22;485.8
12;2025-11-11;23;226.5
12;2025-11-12;0;60.8
12;2025-11-12;1;3.1
12;2025-11-12;2;2.7
12;2025-11-12;3;2.7
12;2025-11-12;4;19.1
12;2025-11-12;5;333.8
12;2025-11-12;6;1392.2
12;2025-11-12;7;2622.2
12;2025-11-12;8;3538.5
12;2025-11-12;9;2539.9
12;2025-11-12;10;2062.9
12;2025-11-12;11;1988.4
12;2025-11-12;12;2018.6
12;2025-11-12;13;2033.2
12;2025-11-12;14;1977.7
12;2025-11-12;15;2169.6
12;2025-11-12;16;2609.8
12;2025-11-12;17;3017.6
12;2025-11-12;18;3195.7
12;2025-11-12;19;2363.7
12;2025-11-12;20;1576.8
12;2025-11-12;21;984.7
12;2025-11-12;22;504.1
12;2025-11-12;23;239.0
12;2025-11-13;0;58.7
12;2025-11-13;1;6.8
12;2025-11-13;2;3.1
12;2025-11-13;3;3.4
12;2025-11-13;4;21.3
12;2025-11-13;5;316.6
12;2025-11-13;6;1361.2
12;2025-11-13;7;2657.8
12;2025-11-13;8;3553.2
12;2025-11-13;9;2549.7
12;2025-11-13;10;2064.2
12;2025-11-13;11;1978.6
12;2025-11-13;12;2011.8
12;2025-11-13;13;2057.8
12;2025-11-13;14;2029.7
12;2025-11-13;15;2250.1
12;2025-11-13;16;2626.6
12;2025-11-13;17;3047.0
12;2025-11-13;18;3239.8
12;2025-11-13;19;2399.8
12;2025-11-13;20;1563.2
12;2025-11-13;21;970.0
12;2025-11-13;22;511.1
12;2025-11-13;23;249.3
12;2025-11-14;0;61.3
12;2025-11-14;1;6.5
12;2025-11-14;2;2.4
12;2025-11-14;3;3.0
12;2025-11-14;4;18.7
12;2025-11-14;5;327.4
12;2025-11-14;6;1346.2
12;2025-11-14;7;2590.2
12;2025-11-14;8;3333.0
12;2025-11-14;9;2464.3
12;2025-11-14;10;1942.3
12;2025-11-14;11;1918.3
12;2025-11-14;12;1994.4
12;2025-11-14;13;2129.0
12;2025-11-14;14;2077.9
12;2025-11-14;15;2343.3
12;2025-11-14;16;2816.0
12;2025-11-14;17;2985.5
12;2025-11-14;18;2682.2
12;2025-11-14;19;2160.3
12;2025-11-14;20;1438.1
12;2025-11-14;21;972.9
12;2025-11-14;22;526.0
12;2025-11-14;23;292.3
12;2025-11-15;0;86.1
12;2025-11-15;1;18.7
12;2025-11-15;2;9.4
12;2025-11-15;3;3.2
12;2025-11-15;4;3.8
12;2025-11-15;5;191.9
12;2025-11-15;6;711.0
12;2025-11-15;7;824.5
12;2025-11-15;8;1005.6
12;2025-11-15;9;1200.6
12;2025-11-15;10;1373.0
12;2025-11-15;11;1510.9
12;2025-11-15;12;1638.4
12;2025-11-15;13;1764.2
12;2025-11-15;14;1744.0
12;2025-11-15;15;1695.8
12;2025-11-15;16;1707.9
12;2025-11-15;17;1647.9
12;2025-11-15;18;1524.6
12;2025-11-15;19;1346.2
12;2025-11-15;20;999.3
12;2025-11-15;21;765.5
12;2025-11-15;22;449.5
12;2025-11-15;23;261.5
12;2025-11-16;0;84.7
12;2025-11-16;1;14.9
12;2025-11-16;2;7.3
12;2025-11-16;3;0.8
12;2025-11-16;4;0.7
12;2025-11-16;5;134.5
12;2025-11-16;6;509.8
12;2025-11-16;7;613.9
12;2025-11-16;8;732.9
12;2025-11-16;9;955.7
12;2025-11-16;10;1146.5
12;2025-11-16;11;1324.2
12;2025-11-16;12;1483.5
12;2025-11-16;13;1621.7
12;2025-11-16;14;1590.5
12;2025-11-16;15;1573.7
12;2025-11-16;16;1542.8
12;2025-11-16;17;1522.6
12;2025-11-16;18;1327.4
12;2025-11-16;19;1101.2
12;2025-11-16;20;845.1
12;2025-11-16;21;638.6
12;2025-11-16;22;380.0
12;2025-11-16;23;190.9
12;2025-11-17;0;54.3
12;2025-11-17;1;3.8
12;2025-11-17;2;4.1
12;2025-11-17;3;4.2
12;2025-11-17;4;20.6
12;2025-11-17;5;325.3
12;2025-11-17;6;1405.0
12;2025-11-17;7;2672.2
12;2025-11-17;8;3574.3
12;2025-11-17;9;2530.0
12;2025-11-17;10;1944.7
12;2025-11-17;11;1882.0
12;2025-11-17;12;2000.2
12;2025-11-17;13;1978.0
12;2025-11-17;14;2022.8
12;2025-11-17;15;2188.1
12;2025-11-17;16;2629.8
12;2025-11-17;17;3032.2
12;2025-11-17;18;3294.8
12;2025-11-17;19;2383.2
12;2025-11-17;20;1569.8
12;2025-11-17;21;952.6
12;2025-11-17;22;472.9
12;2025-11-17;23;218.1
12;2025-11-18;0;53.4
12;2025-11-18;1;4.5
12;2025-11-18;2;4.3
12;2025-11-18;3;4.9
12;2025-11-18;4;23.9
12;2025-11-18;5;347.4
12;2025-11-18;6;1417.6
12;2025-11-18;7;2770.4
12;2025-11-18;8;3648.2
12;2025-11-18;9;2598.9
12;2025-11-18;10;2076.5
12;2025-11-18;11;2031.0
12;2025-11-18;12;2078.8
12;2025-11-18;13;2122.7
12;2025-11-18;14;2082.6
12;2025-11-18;15;2264.0
12;2025-11-18;16;2641.2
12;2025-11-18;17;3086.9
12;2025-11-18;18;3314.3
12;2025-11-18;19;2416.4
12;2025-11-18;20;1569.1
12;2025-11-18;21;963.7
12;2025-11-18;22;507.3
12;2025-11-18;23;242.7
12;2025-11-19;0;60.5
12;2025-11-19;1;3.8
12;2025-11-19;2;2.9
12;2025-11-19;3;3.7
12;2025-11-19;4;20.9
12;2025-11-19;5;338.3
12;2025-11-19;6;1414.6
12;2025-11-19;7;2703.6
12;2025-11-19;8;3638.9
12;2025-11-19;9;2619.2
12;2025-11-19;10;2124.9
12;2025-11-19;11;2051.2
12;2025-11-19;12;2087.0
12;2025-11-19;13;2107.1
12;2025-11-19;14;2052.4
12;2025-11-19;15;2248.9
12;2025-11-19;16;2691.5
12;2025-11-19;17;3102.9
12;2025-11-19;18;3282.3
12;2025-11-19;19;2420.0
12;2025-11-19;20;1613.8
12;2025-11-19;21;1010.5
12;2025-11-19;22;522.3
12;2025-11-19;23;254.2
12;2025-11-20;0;56.5
12;2025-11-20;1;6.3
12;2025-11-20;2;2.6
12;2025-11-20;3;2.9
12;2025-11-20;4;20.9
12;2025-11-20;5;318.0
12;2025-11-20;6;1377.6
12;2025-11-20;7;2729.2
12;2025-11-20;8;3639.3
12;2025-11-20;9;2617.9
12;2025-11-20;10;2116.9
12;2025-11-20;11;2032.1
12;2025-11-20;12;2070.6
12;2025-11-20;13;2120.6
12;2025-11-20;14;2093.3
12;2025-11-20;15;2318.2
12;2025-11-20;16;2696.9
12;2025-11-20;17;3119.7
12;2025-11-20;18;3313.9
12;2025-11-20;19;2445.2
12;2025-11-20;20;1591.3
12;2025-11-20;21;987.9
12;2025-11-20;22;522.9
12;2025-11-20;23;258.4
12;2025-11-21;0;58.4
12;2025-11-21;1;4.2
12;2025-11-21;2;1.9
12;2025-11-21;3;2.1
12;2025-11-21;4;17.3
12;2025-11-21;5;327.7
12;2025-11-21;6;1356.0
12;2025-11-21;7;2656.8
12;2025-11-21;8;3418.1
12;2025-11-21;9;2532.8
12;2025-11-21;10;1995.9
12;2025-11-21;11;1975.3
12;2025-11-21;12;2057.0
12;2025-11-21;13;2196.1
12;2025-11-21;14;2145.4
12;2025-11-21;15;2417.0
12;2025-11-21;16;2891.7
12;2025-11-21;17;3059.7
12;2025-11-21;18;2748.4
12;2025-11-21;19;2205.0
12;2025-11-21;20;1466.9
12;2025-11-21;21;991.9
12;2025-11-21;22;539.0
12;2025-11-21;23;302.4
12;2025-11-22;0;85.7
12;2025-11-22;1;18.6
12;2025-11-22;2;9.9
12;2025-11-22;3;4.1
12;2025-11-22;4;4.2
12;2025-11-22;5;191.8
12;2025-11-22;6;711.4
12;2025-11-22;7;844.3
12;2025-11-22;8;1032.4
12;2025-11-22;9;1236.4
12;2025-11-22;10;1419.1
12;2025-11-22;11;1568.2
12;2025-11-22;12;1701.6
12;2025-11-22;13;1832.0
12;2025-11-22;14;1812.5
12;2025-11-22;15;1762.3
12;2025-11-22;16;1773.9
12;2025-11-22;17;1704.9
12;2025-11-22;18;1571.2
12;2025-11-22;19;1384.6
12;2025-11-22;20;1027.8
12;2025-11-22;21;783.3
12;2025-11-22;22;464.2
12;2025-11-22;23;274.5
12;2025-11-23;0;84.5
12;2025-11-23;1;15.1
12;2025-11-23;2;7.6
12;2025-11-23;3;0.8
12;2025-11-23;4;0.7
12;2025-11-23;5;135.0
12;2025-11-23;6;511.7
12;2025-11-23;7;635.9
12;2025-11-23;8;761.6
12;2025-11-23;9;991.6
12;2025-11-23;10;1189.4
12;2025-11-23;11;1374.2
12;2025-11-23;12;1540.8
12;2025-11-23;13;1681.1
12;2025-11-23;14;1651.4
12;2025-11-23;15;1632.0
12;2025-11-23;16;1600.3
12;2025-11-23;17;1571.0
12;2025-11-23;18;1366.9
12;2025-11-23;19;1135.5
12;2025-11-23;20;870.1
12;2025-11-23;21;654.7
12;2025-11-23;22;392.5
12;2025-11-23;23;202.5
12;2025-11-24;0;54.7
12;2025-11-24;1;4.3
12;2025-11-24;2;4.3
12;2025-11-24;3;4.8
12;2025-11-24;4;21.7
12;2025-11-24;5;327.5
12;2025-11-24;6;1407.2
12;2025-11-24;7;2698.9
12;2025-11-24;8;3610.6
12;2025-11-24;9;2561.9
12;2025-11-24;10;1971.9
12;2025-11-24;11;1909.2
12;2025-11-24;12;2028.3
12;2025-11-24;13;2006.4
12;2025-11-24;14;2052.0
12;2025-11-24;15;2220.8
12;2025-11-24;16;2662.1
12;2025-11-24;17;3066.6
12;2025-11-24;18;3330.1
12;2025-11-24;19;2412.1
12;2025-11-24;20;1588.0
12;2025-11-24;21;961.5
12;2025-11-24;22;478.3
12;2025-11-24;23;223.1
12;2025-11-25;0;54.6
12;2025-11-25;1;5.4
12;2025-11-25;2;5.4
12;2025-11-25;3;6.0
12;2025-11-25;4;25.8
12;2025-11-25;5;350.4
12;2025-11-25;6;1420.8
12;2025-11-25;7;2798.2
12;2025-11-25;8;3686.1
12;2025-11-25;9;2632.2
12;2025-11-25;10;2104.2
12;2025-11-25;11;2059.1
12;2025-11-25;12;2108.1
12;2025-11-25;13;2152.5
12;2025-11-25;14;2113.4
12;2025-11-25;15;2298.1
12;2025-11-25;16;2674.9
12;2025-11-25;17;3122.8
12;2025-11-25;18;3350.7
12;2025-11-25;19;2446.3
12;2025-11-25;20;1587.6
12;2025-11-25;21;973.1
12;2025-11-25;22;514.2
12;2025-11-25;23;249.2
12;2025-11-26;0;62.4
12;2025-11-26;1;5.1
12;2025-11-26;2;4.3
12;2025-11-26;3;4.7
12;2025-11-26;4;23.0
12;2025-11-26;5;341.0
12;2025-11-26;6;1415.5
12;2025-11-26;7;2716.3
12;2025-11-26;8;3659.7
12;2025-11-26;9;2637.8
12;2025-11-26;10;2139.7
12;2025-11-26;11;2066.7
12;2025-11-26;12;2103.2
12;2025-11-26;13;2123.4
12;2025-11-26;14;2069.8
12;2025-11-26;15;2269.0
12;2025-11-26;16;2711.3
12;2025-11-26;17;3123.7
12;2025-11-26;18;3302.9
12;2025-11-26;19;2437.7
12;2025-11-26;20;1624.5
12;2025-11-26;21;1016.0
12;2025-11-26;22;527.7
12;2025-11-26;23;259.4
12;2025-11-27;0;56.5
12;2025-11-27;1;5.0
12;2025-11-27;2;2.5
12;2025-11-27;3;2.1
12;2025-11-27;4;21.0
12;2025-11-27;5;317.9
12;2025-11-27;6;1372.5
12;2025-11-27;7;2732.4
12;2025-11-27;8;3647.0
12;2025-11-27;9;2624.2
12;2025-11-27;10;2120.4
12;2025-11-27;11;2036.6
12;2025-11-27;12;2075.7
12;2025-11-27;13;2125.6
12;2025-11-27;14;2098.4
12;2025-11-27;15;2326.0
12;2025-11-27;16;2705.0
12;2025-11-27;17;3126.6
12;2025-11-27;18;3319.9
12;2025-11-27;19;2450.6
12;2025-11-27;20;1590.8
12;2025-11-27;21;985.3
12;2025-11-27;22;520.9
12;2025-11-27;23;257.7
12;2025-11-28;0;58.5
12;2025-11-28;1;4.4
12;2025-11-28;2;2.4
12;2025-11-28;3;1.8
12;2025-11-28;4;18.2
12;2025-11-28;5;326.3
12;2025-11-28;6;1343.3
12;2025-11-28;7;2614.4
12;2025-11-28;8;3366.5
12;2025-11-28;9;2487.0
12;2025-11-28;10;1952.7
12;2025-11-28;11;1933.0
12;2025-11-28;12;2016.1
12;2025-11-28;13;2155.5
12;2025-11-28;14;2103.4
12;2025-11-28;15;2373.5
12;2025-11-28;16;2847.8
12;2025-11-28;17;3015.2
12;2025-11-28;18;2707.2
12;2025-11-28;19;2167.4
12;2025-11-28;20;1433.7
12;2025-11-28;21;968.2
12;2025-11-28;22;520.6
12;2025-11-28;23;285.5
12;2025-11-29;0;91.2
12;2025-11-29;1;24.4
12;2025-11-29;2;14.9
12;2025-11-29;3;7.2
12;2025-11-29;4;6.3
12;2025-11-29;5;193.1
12;2025-11-29;6;696.1
12;2025-11-29;7;791.1
12;2025-11-29;8;967.6
12;2025-11-29;9;1166.5
12;2025-11-29;10;1344.4
12;2025-11-29;11;1492.4
12;2025-11-29;12;1634.3
12;2025-11-29;13;1765.0
12;2025-11-29;14;1744.0
12;2025-11-29;15;1693.9
12;2025-11-29;16;1705.2
12;2025-11-29;17;1634.6
12;2025-11-29;18;1503.4
12;2025-11-29;19;1327.8
12;2025-11-29;20;985.1
12;2025-11-29;21;757.9
12;2025-11-29;22;446.5
12;2025-11-29;23;258.6
12;2025-11-30;0;86.5
12;2025-11-30;1;17.6
12;2025-11-30;2;9.5
12;2025-11-30;3;1.2
12;2025-11-30;4;0.7
12;2025-11-30;5;133.9
12;2025-11-30;6;501.9
12;2025-11-30;7;595.7
12;2025-11-30;8;713.8
12;2025-11-30;9;934.0
12;2025-11-30;10;1120.3
12;2025-11-30;11;1300.4
12;2025-11-30;12;1470.7
12;2025-11-30;13;1611.3
12;2025-11-30;14;1579.8
12;2025-11-30;15;1561.7
12;2025-11-30;16;1529.9
12;2025-11-30;17;1503.5
12;2025-11-30;18;1307.5
12;2025-11-30;19;1086.9
12;2025-11-30;20;834.9
12;2025-11-30;21;635.1
12;2025-11-30;22;376.8
12;2025-11-30;23;188.5
12;2025-12-01;0;58.8
12;2025-12-01;1;6.0
12;2025-12-01;2;7.8
12;2025-12-01;3;7.4
12;2025-12-01;4;25.9
12;2025-12-01;5;344.9
12;2025-12-01;6;1470.0
12;2025-12-01;7;2794.9
12;2025-12-01;8;3742.1
12;2025-12-01;9;2649.5
12;2025-12-01;10;2037.3
12;2025-12-01;11;1974.7
12;2025-12-01;12;2102.9
12;2025-12-01;13;2081.1
12;2025-12-01;14;2128.1
12;2025-12-01;15;2302.5
12;2025-12-01;16;2765.6
12;2025-12-01;17;3178.5
12;2025-12-01;18;3445.2
12;2025-12-01;19;2497.2
12;2025-12-01;20;1640.2
12;2025-12-01;21;993.0
12;2025-12-01;22;489.4
12;2025-12-01;23;221.6
12;2025-12-02;0;59.9
12;2025-12-02;1;8.9
12;2025-12-02;2;10.7
12;2025-12-02;3;10.1
12;2025-12-02;4;31.0
12;2025-12-02;5;366.2
12;2025-12-02;6;1477.1
12;2025-12-02;7;2881.7
12;2025-12-02;8;3801.3
12;2025-12-02;9;2703.2
12;2025-12-02;10;2155.1
12;2025-12-02;11;2111.0
12;2025-12-02;12;2165.9
12;2025-12-02;13;2214.7
12;2025-12-02;14;2172.2
12;2025-12-02;15;2363.7
12;2025-12-02;16;2759.1
12;2025-12-02;17;3218.6
12;2025-12-02;18;3449.9
12;2025-12-02;19;2516.9
12;2025-12-02;20;1631.1
12;2025-12-02;21;999.2
12;2025-12-02;22;522.2
12;2025-12-02;23;245.3
12;2025-12-03;0;68.9
12;2025-12-03;1;9.7
12;2025-12-03;2;11.0
12;2025-12-03;3;10.3
12;2025-12-03;4;29.0
12;2025-12-03;5;356.6
12;2025-12-03;6;1468.7
12;2025-12-03;7;2791.7
12;2025-12-03;8;3768.8
12;2025-12-03;9;2702.4
12;2025-12-03;10;2185.2
12;2025-12-03;11;2111.7
12;2025-12-03;12;2155.7
12;2025-12-03;13;2180.1
12;2025-12-03;14;2122.8
12;2025-12-03;15;2329.6
12;2025-12-03;16;2794.0
12;2025-12-03;17;3216.5
12;2025-12-03;18;3396.9
12;2025-12-03;19;2505.7
12;2025-12-03;20;1667.7
12;2025-12-03;21;1042.5
12;2025-12-03;22;535.5
12;2025-12-03;23;255.2
12;2025-12-04;0;62.4
12;2025-12-04;1;8.4
12;2025-12-04;2;6.1
12;2025-12-04;3;4.8
12;2025-12-04;4;26.6
12;2025-12-04;5;332.2
12;2025-12-04;6;1423.3
12;2025-12-04;7;2818.5
12;2025-12-04;8;3766.2
12;2025-12-04;9;2697.9
12;2025-12-04;10;2173.9
12;2025-12-04;11;2090.5
12;2025-12-04;12;2138.4
12;2025-12-04;13;2195.0
12;2025-12-04;14;2167.5
12;2025-12-04;15;2405.3
12;2025-12-04;16;2802.9
12;2025-12-04;17;3236.6
12;2025-12-04;18;3433.2
12;2025-12-04;19;2531.7
12;2025-12-04;20;1644.4
12;2025-12-04;21;1020.2
12;2025-12-04;22;537.6
12;2025-12-04;23;260.8
12;2025-12-05;0;63.0
12;2025-12-05;1;7.1
12;2025-12-05;2;4.8
12;2025-12-05;3;4.1
12;2025-12-05;4;22.1
12;2025-12-05;5;341.7
12;2025-12-05;6;1401.0
12;2025-12-05;7;2734.9
12;2025-12-05;8;3518.9
12;2025-12-05;9;2593.7
12;2025-12-05;10;2033.6
12;2025-12-05;11;2016.5
12;2025-12-05;12;2107.9
12;2025-12-05;13;2258.0
12;2025-12-05;14;2205.6
12;2025-12-05;15;2490.4
12;2025-12-05;16;2987.4
12;2025-12-05;17;3161.0
12;2025-12-05;18;2837.2
12;2025-12-05;19;2271.4
12;2025-12-05;20;1510.2
12;2025-12-05;21;1023.3
12;2025-12-05;22;554.2
12;2025-12-05;23;307.0
12;2025-12-06;0;90.1
12;2025-12-06;1;20.1
12;2025-12-06;2;10.7
12;2025-12-06;3;3.9
12;2025-12-06;4;4.8
12;2025-12-06;5;194.0
12;2025-12-06;6;714.9
12;2025-12-06;7;807.3
12;2025-12-06;8;981.7
12;2025-12-06;9;1186.9
12;2025-12-06;10;1373.6
12;2025-12-06;11;1532.8
12;2025-12-06;12;1688.6
12;2025-12-06;13;1830.6
12;2025-12-06;14;1816.1
12;2025-12-06;15;1767.8
12;2025-12-06;16;1782.4
12;2025-12-06;17;1712.0
12;2025-12-06;18;1577.3
12;2025-12-06;19;1396.6
12;2025-12-06;20;1042.4
12;2025-12-06;21;806.1
12;2025-12-06;22;479.3
12;2025-12-06;23;282.0
12;2025-12-07;0;87.0
12;2025-12-07;1;14.9
12;2025-12-07;2;6.0
12;2025-12-07;3;0.8
12;2025-12-07;4;0.8
12;2025-12-07;5;135.1
12;2025-12-07;6;518.2
12;2025-12-07;7;610.0
12;2025-12-07;8;729.8
12;2025-12-07;9;957.8
12;2025-12-07;10;1153.2
12;2025-12-07;11;1343.2
12;2025-12-07;12;1526.2
12;2025-12-07;13;1676.8
12;2025-12-07;14;1650.8
12;2025-12-07;15;1636.0
12;2025-12-07;16;1605.2
12;2025-12-07;17;1583.3
12;2025-12-07;18;1380.0
12;2025-12-07;19;1152.0
12;2025-12-07;20;888.4
12;2025-12-07;21;678.9
12;2025-12-07;22;407.8
12;2025-12-07;23;210.2
12;2025-12-08;0;52.8
12;2025-12-08;1;5.2
12;2025-12-08;2;6.9
12;2025-12-08;3;6.9
12;2025-12-08;4;29.9
12;2025-12-08;5;344.3
12;2025-12-08;6;1403.8
12;2025-12-08;7;2693.7
12;2025-12-08;8;3595.7
12;2025-12-08;9;2526.1
12;2025-12-08;10;1921.6
12;2025-12-08;11;1861.2
12;2025-12-08;12;1992.2
12;2025-12-08;13;1974.5
12;2025-12-08;14;2024.1
12;2025-12-08;15;2197.8
12;2025-12-08;16;2659.5
12;2025-12-08;17;3067.2
12;2025-12-08;18;3331.7
12;2025-12-08;19;2434.1
12;2025-12-08;20;1611.0
12;2025-12-08;21;976.7
12;2025-12-08;22;483.7
12;2025-12-08;23;217.0
12;2025-12-09;0;54.4
12;2025-12-09;1;7.0
12;2025-12-09;2;8.9
12;2025-12-09;3;9.3
12;2025-12-09;4;35.0
12;2025-12-09;5;367.7
12;2025-12-09;6;1409.9
12;2025-12-09;7;2777.7
12;2025-12-09;8;3651.9
12;2025-12-09;9;2576.3
12;2025-12-09;10;2034.5
12;2025-12-09;11;1992.6
12;2025-12-09;12;2051.2
12;2025-12-09;13;2104.7
12;2025-12-09;14;2065.0
12;2025-12-09;15;2257.4
12;2025-12-09;16;2651.3
12;2025-12-09;17;3106.1
12;2025-12-09;18;3335.6
12;2025-12-09;19;2454.0
12;2025-12-09;20;1599.3
12;2025-12-09;21;980.4
12;2025-12-09;22;514.4
12;2025-12-09;23;238.6
12;2025-12-10;0;62.6
12;2025-12-10;1;6.7
12;2025-12-10;2;7.8
12;2025-12-10;3;8.2
12;2025-12-10;4;31.8
12;2025-12-10;5;357.7
12;2025-12-10;6;1403.7
12;2025-12-10;7;2690.1
12;2025-12-10;8;3622.5
12;2025-12-10;9;2580.7
12;2025-12-10;10;2070.0
12;2025-12-10;11;1998.7
12;2025-12-10;12;2044.0
12;2025-12-10;13;2072.0
12;2025-12-10;14;2017.4
12;2025-12-10;15;2225.4
12;2025-12-10;16;2688.0
12;2025-12-10;17;3105.7
12;2025-12-10;18;3284.2
12;2025-12-10;19;2443.8
12;2025-12-10;20;1636.7
12;2025-12-10;21;1024.6
12;2025-12-10;22;527.6
12;2025-12-10;23;248.3
12;2025-12-11;0;63.6
12;2025-12-11;1;11.7
12;2025-12-11;2;10.1
12;2025-12-11;3;9.7
12;2025-12-11;4;38.1
12;2025-12-11;5;344.2
12;2025-12-11;6;1391.3
12;2025-12-11;7;2762.9
12;2025-12-11;8;3681.7
12;2025-12-11;9;2640.7
12;2025-12-11;10;2127.0
12;2025-12-11;11;2050.1
12;2025-12-11;12;2099.3
12;2025-12-11;13;2160.3
12;2025-12-11;14;2134.6
12;2025-12-11;15;2371.0
12;2025-12-11;16;2765.6
12;2025-12-11;17;3191.6
12;2025-12-11;18;3367.4
12;2025-12-11;19;2508.4
12;2025-12-11;20;1637.5
12;2025-12-11;21;1023.1
12;2025-12-11;22;547.7
12;2025-12-11;23;271.5
12;2025-12-12;0;66.8
12;2025-12-12;1;11.8
12;2025-12-12;2;8.9
12;2025-12-12;3;10.1
12;2025-12-12;4;38.1
12;2025-12-12;5;359.3
12;2025-12-12;6;1382.3
12;2025-12-12;7;2695.5
12;2025-12-12;8;3453.4
12;2025-12-12;9;2554.9
12;2025-12-12;10;2003.8
12;2025-12-12;11;1985.0
12;2025-12-12;12;2075.0
12;2025-12-12;13;2223.3
12;2025-12-12;14;2169.3
12;2025-12-12;15;2450.5
12;2025-12-12;16;2942.9
12;2025-12-12;17;3118.0
12;2025-12-12;18;2812.7
12;2025-12-12;19;2262.2
12;2025-12-12;20;1511.4
12;2025-12-12;21;1023.2
12;2025-12-12;22;557.6
12;2025-12-12;23;309.9
12;2025-12-13;0;102.6
12;2025-12-13;1;34.1
12;2025-12-13;2;24.3
12;2025-12-13;3;15.8
12;2025-12-13;4;16.4
12;2025-12-13;5;207.9
12;2025-12-13;6;689.4
12;2025-12-13;7;767.5
12;2025-12-13;8;927.7
12;2025-12-13;9;1127.3
12;2025-12-13;10;1314.6
12;2025-12-13;11;1469.3
12;2025-12-13;12;1626.8
12;2025-12-13;13;1768.3
12;2025-12-13;14;1753.8
12;2025-12-13;15;1709.5
12;2025-12-13;16;1728.1
12;2025-12-13;17;1664.0
12;2025-12-13;18;1546.8
12;2025-12-13;19;1377.8
12;2025-12-13;20;1033.2
12;2025-12-13;21;797.2
12;2025-12-13;22;477.5
12;2025-12-13;23;279.4
12;2025-12-14;0;93.4
12;2025-12-14;1;22.7
12;2025-12-14;2;12.9
12;2025-12-14;3;3.9
12;2025-12-14;4;4.4
12;2025-12-14;5;144.9
12;2025-12-14;6;500.6
12;2025-12-14;7;578.3
12;2025-12-14;8;686.8
12;2025-12-14;9;907.3
12;2025-12-14;10;1101.1
12;2025-12-14;11;1283.0
12;2025-12-14;12;1466.4
12;2025-12-14;13;1615.9
12;2025-12-14;14;1589.9
12;2025-12-14;15;1579.2
12;2025-12-14;16;1552.5
12;2025-12-14;17;1536.9
12;2025-12-14;18;1352.1
12;2025-12-14;19;1135.8
12;2025-12-14;20;881.7
12;2025-12-14;21;670.3
12;2025-12-14;22;404.3
12;2025-12-14;23;205.6
12;2025-12-15;0;52.8
12;2025-12-15;1;5.2
12;2025-12-15;2;6.9
12;2025-12-15;3;6.9
12;2025-12-15;4;29.9
12;2025-12-15;5;344.3
12;2025-12-15;6;1403.8
12;2025-12-15;7;2693.7
12;2025-12-15;8;3595.7
12;2025-12-15;9;2526.1
12;2025-12-15;10;1921.6
12;2025-12-15;11;1861.2
12;2025-12-15;12;1992.2
12;2025-12-15;13;1974.5
12;2025-12-15;14;2024.1
12;2025-12-15;15;2197.8
12;2025-12-15;16;2659.5
12;2025-12-15;17;3067.2
12;2025-12-15;18;3331.7
12;2025-12-15;19;2434.1
12;2025-12-15;20;1611.0
12;2025-12-15;21;976.7
12;2025-12-15;22;483.7
12;2025-12-15;23;217.0
12;2025-12-16;0;54.4
12;2025-12-16;1;7.0
12;2025-12-16;2;8.9
12;2025-12-16;3;9.3
12;2025-12-16;4;35.0
12;2025-12-16;5;367.7
12;2025-12-16;6;1409.9
12;2025-12-16;7;2777.7
12;2025-12-16;8;3651.9
12;2025-12-16;9;2576.3
12;2025-12-16;10;2034.5
12;2025-12-16;11;1992.6
12;2025-12-16;12;2051.2
12;2025-12-16;13;2104.7
12;2025-12-16;14;2065.0
12;2025-12-16;15;2257.4
12;2025-12-16;16;2651.3
12;2025-12-16;17;3106.1
12;2025-12-16;18;3335.6
12;2025-12-16;19;2454.0
12;2025-12-16;20;1599.3
12;2025-12-16;21;980.4
12;2025-12-16;22;514.4
12;2025-12-16;23;238.6
12;2025-12-17;0;62.6
12;2025-12-17;1;6.7
12;2025-12-17;2;7.8
12;2025-12-17;3;8.2
12;2025-12-17;4;31.8
12;2025-12-17;5;357.7
12;2025-12-17;6;1403.7
12;2025-12-17;7;2690.1
12;2025-12-17;8;3622.5
12;2025-12-17;9;2580.7
12;2025-12-17;10;2070.0
12;2025-12-17;11;1998.7
12;2025-12-17;12;2044.0
12;2025-12-17;13;2072.0
12;2025-12-17;14;2017.4
12;2025-12-17;15;2225.4
12;2025-12-17;16;2688.0
12;2025-12-17;17;3105.7
12;2025-12-17;18;3284.2
12;2025-12-17;19;2443.8
12;2025-12-17;20;1636.7
12;2025-12-17;21;1024.6
12;2025-12-17;22;527.6
12;2025-12-17;23;248.3
12;2025-12-18;0;63.6
12;2025-12-18;1;11.7
12;2025-12-18;2;10.1
12;2025-12-18;3;9.7
12;2025-12-18;4;38.1
12;2025-12-18;5;344.2
12;2025-12-18;6;1391.3
12;2025-12-18;7;2762.9
12;2025-12-18;8;3681.7
12;2025-12-18;9;2640.7
12;2025-12-18;10;2127.0
12;2025-12-18;11;2050.1
12;2025-12-18;12;2099.3
12;2025-12-18;13;2160.3
12;2025-12-18;14;2134.6
12;2025-12-18;15;2371.0
12;2025-12-18;16;2765.6
12;2025-12-18;17;3191.6
12;2025-12-18;18;3367.4
12;2025-12-18;19;2508.4
12;2025-12-18;20;1637.5
12;2025-12-18;21;1023.1
12;2025-12-18;22;547.7
12;2025-12-18;23;271.5
12;2025-12-19;0;66.8
12;2025-12-19;1;11.8
12;2025-12-19;2;8.9
12;2025-12-19;3;10.1
12;2025-12-19;4;38.1
12;2025-12-19;5;359.3
12;2025-12-19;6;1382.3
12;2025-12-19;7;2695.5
12;2025-12-19;8;3453.4
12;2025-12-19;9;2554.9
12;2025-12-19;10;2003.8
12;2025-12-19;11;1985.0
12;2025-12-19;12;2075.0
12;2025-12-19;13;2223.3
12;2025-12-19;14;2169.3
12;2025-12-19;15;2450.5
12;2025-12-19;16;2942.9
12;2025-12-19;17;3118.0
12;2025-12-19;18;2812.7
12;2025-12-19;19;2262.2
12;2025-12-19;20;1511.4
12;2025-12-19;21;1023.2
12;2025-12-19;22;557.6
12;2025-12-19;23;309.9
12;2025-12-20;0;102.6
12;2025-12-20;1;34.1
12;2025-12-20;2;24.3
12;2025-12-20;3;15.8
12;2025-12-20;4;16.4
12;2025-12-20;5;207.9
12;2025-12-20;6;689.4
12;2025-12-20;7;767.5
12;2025-12-20;8;927.7
12;2025-12-20;9;1127.3
12;2025-12-20;10;1314.6
12;2025-12-20;11;1469.3
12;2025-12-20;12;1626.8
12;2025-12-20;13;1768.3
12;2025-12-20;14;1753.8
12;2025-12-20;15;1709.5
12;2025-12-20;16;1728.1
12;2025-12-20;17;1664.0
12;2025-12-20;18;1546.8
12;2025-12-20;19;1377.8
12;2025-12-20;20;1033.2
12;2025-12-20;21;797.2
12;2025-12-20;22;477.5
12;2025-12-20;23;279.4
12;2025-12-21;0;93.4
12;2025-12-21;1;22.7
12;2025-12-21;2;12.9
12;2025-12-21;3;3.9
12;2025-12-21;4;4.4
12;2025-12-21;5;144.9
12;2025-12-21;6;500.6
12;2025-12-21;7;578.3
12;2025-12-21;8;686.8
12;2025-12-21;9;907.3
12;2025-12-21;10;1101.1
12;2025-12-21;11;1283.0
12;2025-12-21;12;1466.4
12;2025-12-21;13;1615.9
12;2025-12-21;14;1589.9
12;2025-12-21;15;1579.2
12;2025-12-21;16;1552.5
12;2025-12-21;17;1536.9
12;2025-12-21;18;1352.1
12;2025-12-21;19;1135.8
12;2025-12-21;20;881.7
12;2025-12-21;21;670.3
12;2025-12-21;22;404.3
12;2025-12-21;23;205.6
12;2025-12-22;0;52.8
12;2025-12-22;1;5.2
12;2025-12-22;2;6.9
12;2025-12-22;3;6.9
12;2025-12-22;4;29.9
12;2025-12-22;5;344.3
12;2025-12-22;6;1403.8
12;2025-12-22;7;2693.7
12;2025-12-22;8;3595.7
12;2025-12-22;9;2526.1
12;2025-12-22;10;1921.6
12;2025-12-22;11;1861.2
12;2025-12-22;12;1992.2
12;2025-12-22;13;1974.5
12;2025-12-22;14;2024.1
12;2025-12-22;15;2197.8
12;2025-12-22;16;2659.5
12;2025-12-22;17;3067.2
12;2025-12-22;18;3331.7
12;2025-12-22;19;2434.1
12;2025-12-22;20;1611.0
12;2025-12-22;21;976.7
12;2025-12-22;22;483.7
12;2025-12-22;23;217.0
12;2025-12-23;0;54.4
12;2025-12-23;1;7.0
12;2025-12-23;2;8.9
12;2025-12-23;3;9.3
12;2025-12-23;4;35.0
12;2025-12-23;5;367.7
12;2025-12-23;6;1409.9
12;2025-12-23;7;2777.7
12;2025-12-23;8;3651.9
12;2025-12-23;9;2576.3
12;2025-12-23;10;2034.5
12;2025-12-23;11;1992.6
12;2025-12-23;12;2051.2
12;2025-12-23;13;2104.7
12;2025-12-23;14;2065.0
12;2025-12-23;15;2257.4
12;2025-12-23;16;2651.3
12;2025-12-23;17;3106.1
12;2025-12-23;18;3335.6
12;2025-12-23;19;2454.0
12;2025-12-23;20;1599.3
12;2025-12-23;21;980.4
12;2025-12-23;22;514.4
12;2025-12-23;23;238.6
12;2025-12-24;0;62.6
12;2025-12-24;1;6.7
12;2025-12-24;2;7.8
12;2025-12-24;3;8.2
12;2025-12-24;4;31.8
12;2025-12-24;5;357.7
12;2025-12-24;6;1403.7
12;2025-12-24;7;2690.1
12;2025-12-24;8;3622.5
12;2025-12-24;9;2580.7
12;2025-12-24;10;2070.0
12;2025-12-24;11;1998.7
12;2025-12-24;12;2044.0
12;2025-12-24;13;2072.0
12;2025-12-24;14;2017.4
12;2025-12-24;15;2225.4
12;2025-12-24;16;2688.0
12;2025-12-24;17;3105.7
12;2025-12-24;18;3284.2
12;2025-12-24;19;2443.8
12;2025-12-24;20;1636.7
12;2025-12-24;21;1024.6
12;2025-12-24;22;527.6
12;2025-12-24;23;248.3
12;2025-12-25;0;63.6
12;2025-12-25;1;11.7
12;2025-12-25;2;10.1
12;2025-12-25;3;9.7
12;2025-12-25;4;38.1
12;2025-12-25;5;344.2
12;2025-12-25;6;1391.3
12;2025-12-25;7;2762.9
12;2025-12-25;8;3681.7
12;2025-12-25;9;2640.7
12;2025-12-25;10;2127.0
12;2025-12-25;11;2050.1
12;2025-12-25;12;2099.3
12;2025-12-25;13;2160.3
12;2025-12-25;14;2134.6
12;2025-12-25;15;2371.0
12;2025-12-25;16;2765.6
12;2025-12-25;17;3191.6
12;2025-12-25;18;3367.4
12;2025-12-25;19;2508.4
12;2025-12-25;20;1637.5
12;2025-12-25;21;1023.1
12;2025-12-25;22;547.7
12;2025-12-25;23;271.5
12;2025-12-26;0;66.8
12;2025-12-26;1;11.8
12;2025-12-26;2;8.9
12;2025-12-26;3;10.1
12;2025-12-26;4;38.1
12;2025-12-26;5;359.3
12;2025-12-26;6;1382.3
12;2025-12-26;7;2695.5
12;2025-12-26;8;3453.4
12;2025-12-26;9;2554.9
12;2025-12-26;10;2003.8
12;2025-12-26;11;1985.0
12;2025-12-26;12;2075.0
12;2025-12-26;13;2223.3
12;2025-12-26;14;2169.3
12;2025-12-26;15;2450.5
12;2025-12-26;16;2942.9
12;2025-12-26;17;3118.0
12;2025-12-26;18;2812.7
12;2025-12-26;19;2262.2
12;2025-12-26;20;1511.4
12;2025-12-26;21;1023.2
12;2025-12-26;22;557.6
12;2025-12-26;23;309.9
12;2025-12-27;0;102.6
12;2025-12-27;1;34.1
12;2025-12-27;2;24.3
12;2025-12-27;3;15.8
12;2025-12-27;4;16.4
12;2025-12-27;5;207.9
12;2025-12-27;6;689.4
12;2025-12-27;7;767.5
12;2025-12-27;8;927.7
12;2025-12-27;9;1127.3
12;2025-12-27;10;1314.6
12;2025-12-27;11;1469.3
12;2025-12-27;12;1626.8
12;2025-12-27;13;1768.3
12;2025-12-27;14;1753.8
12;2025-12-27;15;1709.5
12;2025-12-27;16;1728.1
12;2025-12-27;17;1664.0
12;2025-12-27;18;1546.8
12;2025-12-27;19;1377.8
12;2025-12-27;20;1033.2
12;2025-12-27;21;797.2
12;2025-12-27;22;477.5
12;2025-12-27;23;279.4
12;2025-12-28;0;93.4
12;2025-12-28;1;22.7
12;2025-12-28;2;12.9
12;2025-12-28;3;3.9
12;2025-12-28;4;4.4
12;2025-12-28;5;144.9
12;2025-12-28;6;500.6
12;2025-12-28;7;578.3
12;2025-12-28;8;686.8
12;2025-12-28;9;907.3
12;2025-12-28;10;1101.1
12;2025-12-28;11;1283.0
12;2025-12-28;12;1466.4
12;2025-12-28;13;1615.9
12;2025-12-28;14;1589.9
12;2025-12-28;15;1579.2
12;2025-12-28;16;1552.5
12;2025-12-28;17;1536.9
12;2025-12-28;18;1352.1
12;2025-12-28;19;1135.8
12;2025-12-28;20;881.7
12;2025-12-28;21;670.3
12;2025-12-28;22;404.3
12;2025-12-28;23;205.6
12;2025-12-29;0;52.8
12;2025-12-29;1;5.2
12;2025-12-29;2;6.9
12;2025-12-29;3;6.9
12;2025-12-29;4;29.9
12;2025-12-29;5;344.3
12;2025-12-29;6;1403.8
12;2025-12-29;7;2693.7
12;2025-12-29;8;3595.7
12;2025-12-29;9;2526.1
12;2025-12-29;10;1921.6
12;2025-12-29;11;1861.2
12;2025-12-29;12;1992.2
12;2025-12-29;13;1974.5
12;2025-12-29;14;2024.1
12;2025-12-29;15;2197.8
12;2025-12-29;16;2659.5
12;2025-12-29;17;3067.2
12;2025-12-29;18;3331.7
12;2025-12-29;19;2434.1
12;2025-12-29;20;1611.0
12;2025-12-29;21;976.7
12;2025-12-29;22;483.7
12;2025-12-29;23;217.0
12;2025-12-30;0;66.3
12;2025-12-30;1;18.2
12;2025-12-30;2;19.7
12;2025-12-30;3;23.2
12;2025-12-30;4;55.9
12;2025-12-30;5;385.6
12;2025-12-30;6;1434.6
12;2025-12-30;7;2796.5
12;2025-12-30;8;3661.4
12;2025-12-30;9;2607.9
12;2025-12-30;10;2086.2
12;2025-12-30;11;2066.5
12;2025-12-30;12;2135.3
12;2025-12-30;13;2208.2
12;2025-12-30;14;2183.8
12;2025-12-30;15;2393.2
12;2025-12-30;16;2773.2
12;2025-12-30;17;3104.2
12;2025-12-30;18;3114.7
12;2025-12-30;19;2369.7
12;2025-12-30;20;1595.1
12;2025-12-30;21;995.9
12;2025-12-30;22;544.5
12;2025-12-30;23;274.1
12;2025-12-31;0;46.1
12;2025-12-31;1;0.0
12;2025-12-31;2;0.0
12;2025-12-31;3;0.6
12;2025-12-31;4;0.0
12;2025-12-31;5;82.2
12;2025-12-31;6;396.8
12;2025-12-31;7;391.4
12;2025-12-31;8;435.7
12;2025-12-31;9;469.8
12;2025-12-31;10;576.2
12;2025-12-31;11;751.6
12;2025-12-31;12;953.4
12;2025-12-31;13;1095.7
12;2025-12-31;14;1130.4
12;2025-12-31;15;1141.3
12;2025-12-31;16;1177.6
12;2025-12-31;17;1162.4
12;2025-12-31;18;1126.7
12;2025-12-31;19;1001.0
12;2025-12-31;20;755.3
12;2025-12-31;21;549.4
12;2025-12-31;22;300.1
12;2025-12-31;23;93.4
17;2025-11-01;0;189.6
17;2025-11-01;1;81.0
17;2025-11-01;2;66.5
17;2025-11-01;3;64.3
17;2025-11-01;4;80.9
17;2025-11-01;5;324.0
17;2025-11-01;6;1161.7
17;2025-11-01;7;2653.1
17;2025-11-01;8;3567.5
17;2025-11-01;9;2978.6
17;2025-11-01;10;2726.2
17;2025-11-01;11;2904.2
17;2025-11-01;12;3073.1
17;2025-11-01;13;3234.2
17;2025-11-01;14;3310.5
17;2025-11-01;15;3531.1
17;2025-11-01;16;3905.0
17;2025-11-01;17;4026.8
17;2025-11-01;18;3643.2
17;2025-11-01;19;2900.6
17;2025-11-01;20;2162.6
17;2025-11-01;21;1511.0
17;2025-11-01;22;890.4
17;2025-11-01;23;525.0
17;2025-11-02;0;150.6
17;2025-11-02;1;32.7
17;2025-11-02;2;14.6
17;2025-11-02;3;1.7
17;2025-11-02;4;1.8
17;2025-11-02;5;102.0
17;2025-11-02;6;435.6
17;2025-11-02;7;790.4
17;2025-11-02;8;1205.0
17;2025-11-02;9;1626.2
17;2025-11-02;10;1956.6
17;2025-11-02;11;2407.0
17;2025-11-02;12;2727.6
17;2025-11-02;13;2943.4
17;2025-11-02;14;3010.9
17;2025-11-02;15;3048.5
17;2025-11-02;16;3012.2
17;2025-11-02;17;2897.7
17;2025-11-02;18;2581.9
17;2025-11-02;19;2128.2
17;2025-11-02;20;1609.0
17;2025-11-02;21;1177.6
17;2025-11-02;22;734.6
17;2025-11-02;23;391.2
17;2025-11-03;0;144.0
17;2025-11-03;1;49.5
17;2025-11-03;2;34.3
17;2025-11-03;3;21.7
17;2025-11-03;4;27.5
17;2025-11-03;5;153.1
17;2025-11-03;6;596.7
17;2025-11-03;7;1022.3
17;2025-11-03;8;1452.7
17;2025-11-03;9;1677.2
17;2025-11-03;10;1922.8
17;2025-11-03;11;2272.5
17;2025-11-03;12;2622.7
17;2025-11-03;13;2832.5
17;2025-11-03;14;2904.1
17;2025-11-03;15;3014.9
17;2025-11-03;16;3055.1
17;2025-11-03;17;3015.6
17;2025-11-03;18;2893.6
17;2025-11-03;19;2426.9
17;2025-11-03;20;1819.1
17;2025-11-03;21;1309.4
17;2025-11-03;22;837.4
17;2025-11-03;23;492.5
17;2025-11-04;0;139.5
17;2025-11-04;1;38.5
17;2025-11-04;2;29.6
17;2025-11-04;3;21.5
17;2025-11-04;4;21.8
17;2025-11-04;5;126.4
17;2025-11-04;6;542.7
17;2025-11-04;7;937.4
17;2025-11-04;8;1354.2
17;2025-11-04;9;1547.3
17;2025-11-04;10;1767.1
17;2025-11-04;11;2100.1
17;2025-11-04;12;2428.6
17;2025-11-04;13;2634.9
17;2025-11-04;14;2706.7
17;2025-11-04;15;2813.2
17;2025-11-04;16;2852.2
17;2025-11-04;17;2826.5
17;2025-11-04;18;2723.1
17;2025-11-04;19;2302.2
17;2025-11-04;20;1731.7
17;2025-11-04;21;1242.7
17;2025-11-04;22;776.0
17;2025-11-04;23;429.4
17;2025-11-05;0;119.0
17;2025-11-05;1;24.2
17;2025-11-05;2;19.0
17;2025-11-05;3;18.8
17;2025-11-05;4;43.4
17;2025-11-05;5;339.3
17;2025-11-05;6;1543.7
17;2025-11-05;7;4008.4
17;2025-11-05;8;5369.0
17;2025-11-05;9;3808.1
17;2025-11-05;10;3005.1
17;2025-11-05;11;2930.5
17;2025-11-05;12;3007.6
17;2025-11-05;13;3065.3
17;2025-11-05;14;3125.6
17;2025-11-05;15;3294.3
17;2025-11-05;16;3731.0
17;2025-11-05;17;4528.4
17;2025-11-05;18;4888.2
17;2025-11-05;19;3426.8
17;2025-11-05;20;2316.5
17;2025-11-05;21;1438.9
17;2025-11-05;22;741.4
17;2025-11-05;23;352.7
17;2025-11-06;0;107.5
17;2025-11-06;1;9.1
17;2025-11-06;2;0.8
17;2025-11-06;3;1.7
17;2025-11-06;4;23.4
17;2025-11-06;5;337.7
17;2025-11-06;6;1523.7
17;2025-11-06;7;3964.4
17;2025-11-06;8;5321.5
17;2025-11-06;9;3826.4
17;2025-11-06;10;3035.1
17;2025-11-06;11;2980.6
17;2025-11-06;12;3043.2
17;2025-11-06;13;3117.7
17;2025-11-06;14;3166.8
17;2025-11-06;15;3279.2
17;2025-11-06;16;3766.6
17;2025-11-06;17;4488.1
17;2025-11-06;18;4802.7
17;2025-11-06;19;3511.6
17;2025-11-06;20;2418.8
17;2025-11-06;21;1502.8
17;2025-11-06;22;783.4
17;2025-11-06;23;395.1
17;2025-11-07;0;116.4
17;2025-11-07;1;12.9
17;2025-11-07;2;1.7
17;2025-11-07;3;1.9
17;2025-11-07;4;21.0
17;2025-11-07;5;332.2
17;2025-11-07;6;1502.1
17;2025-11-07;7;3925.9
17;2025-11-07;8;5211.3
17;2025-11-07;9;3722.6
17;2025-11-07;10;2959.5
17;2025-11-07;11;2961.2
17;2025-11-07;12;3028.5
17;2025-11-07;13;3148.2
17;2025-11-07;14;3229.5
17;2025-11-07;15;3550.4
17;2025-11-07;16;4220.3
17;2025-11-07;17;4662.6
17;2025-11-07;18;4281.1
17;2025-11-07;19;3255.8
17;2025-11-07;20;2334.7
17;2025-11-07;21;1539.8
17;2025-11-07;22;816.9
17;2025-11-07;23;447.0
17;2025-11-08;0;161.9
17;2025-11-08;1;41.0
17;2025-11-08;2;20.2
17;2025-11-08;3;7.0
17;2025-11-08;4;7.9
17;2025-11-08;5;156.4
17;2025-11-08;6;631.9
17;2025-11-08;7;1132.9
17;2025-11-08;8;1649.5
17;2025-11-08;9;2040.2
17;2025-11-08;10;2330.3
17;2025-11-08;11;2735.2
17;2025-11-08;12;3033.9
17;2025-11-08;13;3256.4
17;2025-11-08;14;3320.5
17;2025-11-08;15;3357.9
17;2025-11-08;16;3340.6
17;2025-11-08;17;3201.5
17;2025-11-08;18;2921.8
17;2025-11-08;19;2450.4
17;2025-11-08;20;1877.9
17;2025-11-08;21;1375.9
17;2025-11-08;22;868.0
17;2025-11-08;23;507.7
17;2025-11-09;0;151.9
17;2025-11-09;1;34.2
17;2025-11-09;2;16.1
17;2025-11-09;3;2.1
17;2025-11-09;4;1.8
17;2025-11-09;5;103.1
17;2025-11-09;6;437.2
17;2025-11-09;7;791.4
17;2025-11-09;8;1206.1
17;2025-11-09;9;1628.5
17;2025-11-09;10;1960.7
17;2025-11-09;11;2411.4
17;2025-11-09;12;2733.7
17;2025-11-09;13;2952.4
17;2025-11-09;14;3019.8
17;2025-11-09;15;3058.2
17;2025-11-09;16;3021.0
17;2025-11-09;17;2906.1
17;2025-11-09;18;2589.6
17;2025-11-09;19;2134.7
17;2025-11-09;20;1615.8
17;2025-11-09;21;1183.5
17;2025-11-09;22;740.1
17;2025-11-09;23;396.0
17;2025-11-10;0;101.5
17;2025-11-10;1;8.7
17;2025-11-10;2;2.9
17;2025-11-10;3;2.6
17;2025-11-10;4;22.9
17;2025-11-10;5;322.4
17;2025-11-10;6;1522.5
17;2025-11-10;7;3894.0
17;2025-11-10;8;5308.5
17;2025-11-10;9;3735.3
17;2025-11-10;10;2885.7
17;2025-11-10;11;2793.0
17;2025-11-10;12;2836.3
17;2025-11-10;13;2915.9
17;2025-11-10;14;2965.7
17;2025-11-10;15;3141.4
17;2025-11-10;16;3629.6
17;2025-11-10;17;4384.0
17;2025-11-10;18;4773.0
17;2025-11-10;19;3346.8
17;2025-11-10;20;2239.6
17;2025-11-10;21;1379.1
17;2025-11-10;22;666.0
17;2025-11-10;23;300.2
17;2025-11-11;0;95.6
17;2025-11-11;1;7.0
17;2025-11-11;2;3.1
17;2025-11-11;3;3.2
17;2025-11-11;4;26.8
17;2025-11-11;5;344.9
17;2025-11-11;6;1550.9
17;2025-11-11;7;4028.6
17;2025-11-11;8;5389.7
17;2025-11-11;9;3827.7
17;2025-11-11;10;3004.9
17;2025-11-11;11;2943.6
17;2025-11-11;12;2976.4
17;2025-11-11;13;3027.2
17;2025-11-11;14;3079.7
17;2025-11-11;15;3225.6
17;2025-11-11;16;3675.9
17;2025-11-11;17;4556.5
17;2025-11-11;18;4913.1
17;2025-11-11;19;3496.7
17;2025-11-11;20;2355.5
17;2025-11-11;21;1462.3
17;2025-11-11;22;720.6
17;2025-11-11;23;339.0
17;2025-11-12;0;105.2
17;2025-11-12;1;8.5
17;2025-11-12;2;3.5
17;2025-11-12;3;3.6
17;2025-11-12;4;25.1
17;2025-11-12;5;328.1
17;2025-11-12;6;1533.5
17;2025-11-12;7;4003.1
17;2025-11-12;8;5384.6
17;2025-11-12;9;3822.7
17;2025-11-12;10;3025.3
17;2025-11-12;11;2948.9
17;2025-11-12;12;3015.5
17;2025-11-12;13;3067.1
17;2025-11-12;14;3132.5
17;2025-11-12;15;3298.2
17;2025-11-12;16;3730.9
17;2025-11-12;17;4543.6
17;2025-11-12;18;4899.9
17;2025-11-12;19;3457.3
17;2025-11-12;20;2357.4
17;2025-11-12;21;1480.8
17;2025-11-12;22;766.6
17;2025-11-12;23;370.6
17;2025-11-13;0;109.5
17;2025-11-13;1;10.8
17;2025-11-13;2;2.2
17;2025-11-13;3;3.5
17;2025-11-13;4;27.1
17;2025-11-13;5;344.9
17;2025-11-13;6;1536.7
17;2025-11-13;7;3993.3
17;2025-11-13;8;5360.0
17;2025-11-13;9;3855.6
17;2025-11-13;10;3058.6
17;2025-11-13;11;3003.5
17;2025-11-13;12;3067.9
17;2025-11-13;13;3145.8
17;2025-11-13;14;3196.3
17;2025-11-13;15;3311.5
17;2025-11-13;16;3801.7
17;2025-11-13;17;4523.3
17;2025-11-13;18;4839.8
17;2025-11-13;19;3535.8
17;2025-11-13;20;2436.8
17;2025-11-13;21;1515.5
17;2025-11-13;22;793.2
17;2025-11-13;23;400.6
17;2025-11-14;0;118.4
17;2025-11-14;1;15.3
17;2025-11-14;2;3.3
17;2025-11-14;3;4.0
17;2025-11-14;4;24.9
17;2025-11-14;5;339.1
17;2025-11-14;6;1519.0
17;2025-11-14;7;3961.5
17;2025-11-14;8;5257.1
17;2025-11-14;9;3756.8
17;2025-11-14;10;2986.6
17;2025-11-14;11;2989.2
17;2025-11-14;12;3059.2
17;2025-11-14;13;3182.6
17;2025-11-14;14;3265.6
17;2025-11-14;15;3590.5
17;2025-11-14;16;4263.8
17;2025-11-14;17;4706.5
17;2025-11-14;18;4321.6
17;2025-11-14;19;3285.0
17;2025-11-14;20;2355.9
17;2025-11-14;21;1555.5
17;2025-11-14;22;830.0
17;2025-11-14;23;455.3
17;2025-11-15;0;162.1
17;2025-11-15;1;41.9
17;2025-11-15;2;20.1
17;2025-11-15;3;7.1
17;2025-11-15;4;7.3
17;2025-11-15;5;160.9
17;2025-11-15;6;645.4
17;2025-11-15;7;1152.7
17;2025-11-15;8;1665.5
17;2025-11-15;9;2074.7
17;2025-11-15;10;2376.7
17;2025-11-15;11;2791.7
17;2025-11-15;12;3104.4
17;2025-11-15;13;3340.5
17;2025-11-15;14;3406.3
17;2025-11-15;15;3445.5
17;2025-11-15;16;3426.5
17;2025-11-15;17;3275.4
17;2025-11-15;18;2981.3
17;2025-11-15;19;2498.8
17;2025-11-15;20;1919.9
17;2025-11-15;21;1411.9
17;2025-11-15;22;899.1
17;2025-11-15;23;530.9
17;2025-11-16;0;153.4
17;2025-11-16;1;36.4
17;2025-11-16;2;17.0
17;2025-11-16;3;1.9
17;2025-11-16;4;1.8
17;2025-11-16;5;110.6
17;2025-11-16;6;458.2
17;2025-11-16;7;819.4
17;2025-11-16;8;1229.4
17;2025-11-16;9;1678.5
17;2025-11-16;10;2035.8
17;2025-11-16;11;2507.3
17;2025-11-16;12;2847.2
17;2025-11-16;13;3082.9
17;2025-11-16;14;3152.6
17;2025-11-16;15;3192.3
17;2025-11-16;16;3153.1
17;2025-11-16;17;3021.0
17;2025-11-16;18;2677.4
17;2025-11-16;19;2204.1
17;2025-11-16;20;1676.8
17;2025-11-16;21;1233.7
17;2025-11-16;22;782.4
17;2025-11-16;23;430.4
17;2025-11-17;0;102.8
17;2025-11-17;1;9.6
17;2025-11-17;2;5.3
17;2025-11-17;3;5.5
17;2025-11-17;4;29.3
17;2025-11-17;5;334.9
17;2025-11-17;6;1569.7
17;2025-11-17;7;4019.4
17;2025-11-17;8;5465.4
17;2025-11-17;9;3858.4
17;2025-11-17;10;2982.7
17;2025-11-17;11;2891.1
17;2025-11-17;12;2942.9
17;2025-11-17;13;3031.0
17;2025-11-17;14;3082.9
17;2025-11-17;15;3266.3
17;2025-11-17;16;3759.3
17;2025-11-17;17;4518.9
17;2025-11-17;18;4911.2
17;2025-11-17;19;3435.5
17;2025-11-17;20;2302.2
17;2025-11-17;21;1426.0
17;2025-11-17;22;702.2
17;2025-11-17;23;328.1
17;2025-11-18;0;96.5
17;2025-11-18;1;8.5
17;2025-11-18;2;5.0
17;2025-11-18;3;5.8
17;2025-11-18;4;32.1
17;2025-11-18;5;355.8
17;2025-11-18;6;1595.6
17;2025-11-18;7;4148.1
17;2025-11-18;8;5540.8
17;2025-11-18;9;3944.8
17;2025-11-18;10;3095.4
17;2025-11-18;11;3035.3
17;2025-11-18;12;3076.8
17;2025-11-18;13;3136.0
17;2025-11-18;14;3190.5
17;2025-11-18;15;3343.7
17;2025-11-18;16;3798.5
17;2025-11-18;17;4684.5
17;2025-11-18;18;5044.8
17;2025-11-18;19;3579.7
17;2025-11-18;20;2412.1
17;2025-11-18;21;1504.7
17;2025-11-18;22;753.6
17;2025-11-18;23;363.8
17;2025-11-19;0;104.5
17;2025-11-19;1;9.2
17;2025-11-19;2;3.4
17;2025-11-19;3;4.9
17;2025-11-19;4;27.9
17;2025-11-19;5;336.3
17;2025-11-19;6;1576.6
17;2025-11-19;7;4129.8
17;2025-11-19;8;5540.0
17;2025-11-19;9;3945.0
17;2025-11-19;10;3120.1
17;2025-11-19;11;3045.0
17;2025-11-19;12;3120.2
17;2025-11-19;13;3180.4
17;2025-11-19;14;3247.2
17;2025-11-19;15;3420.5
17;2025-11-19;16;3856.8
17;2025-11-19;17;4675.2
17;2025-11-19;18;5033.6
17;2025-11-19;19;3543.7
17;2025-11-19;20;2413.8
17;2025-11-19;21;1520.7
17;2025-11-19;22;794.7
17;2025-11-19;23;394.0
17;2025-11-20;0;105.8
17;2025-11-20;1;9.8
17;2025-11-20;2;1.4
17;2025-11-20;3;2.6
17;2025-11-20;4;26.4
17;2025-11-20;5;348.0
17;2025-11-20;6;1569.9
17;2025-11-20;7;4104.2
17;2025-11-20;8;5493.3
17;2025-11-20;9;3960.9
17;2025-11-20;10;3139.2
17;2025-11-20;11;3085.6
17;2025-11-20;12;3158.2
17;2025-11-20;13;3242.3
17;2025-11-20;14;3294.0
17;2025-11-20;15;3416.6
17;2025-11-20;16;3910.4
17;2025-11-20;17;4635.5
17;2025-11-20;18;4954.1
17;2025-11-20;19;3605.5
17;2025-11-20;20;2479.5
17;2025-11-20;21;1543.0
17;2025-11-20;22;811.3
17;2025-11-20;23;414.4
17;2025-11-21;0;113.7
17;2025-11-21;1;11.9
17;2025-11-21;2;2.1
17;2025-11-21;3;2.1
17;2025-11-21;4;22.9
17;2025-11-21;5;341.0
17;2025-11-21;6;1546.1
17;2025-11-21;7;4065.1
17;2025-11-21;8;5387.6
17;2025-11-21;9;3861.5
17;2025-11-21;10;3067.6
17;2025-11-21;11;3075.6
17;2025-11-21;12;3154.1
17;2025-11-21;13;3284.2
17;2025-11-21;14;3368.1
17;2025-11-21;15;3702.3
17;2025-11-21;16;4378.8
17;2025-11-21;17;4819.2
17;2025-11-21;18;4421.6
17;2025-11-21;19;3351.9
17;2025-11-21;20;2399.9
17;2025-11-21;21;1584.4
17;2025-11-21;22;849.4
17;2025-11-21;23;470.2
17;2025-11-22;0;161.5
17;2025-11-22;1;41.6
17;2025-11-22;2;20.7
17;2025-11-22;3;7.7
17;2025-11-22;4;7.5
17;2025-11-22;5;162.2
17;2025-11-22;6;658.2
17;2025-11-22;7;1183.9
17;2025-11-22;8;1702.1
17;2025-11-22;9;2123.1
17;2025-11-22;10;2437.0
17;2025-11-22;11;2865.7
17;2025-11-22;12;3184.4
17;2025-11-22;13;3427.5
17;2025-11-22;14;3493.0
17;2025-11-22;15;3531.4
17;2025-11-22;16;3511.4
17;2025-11-22;17;3347.0
17;2025-11-22;18;3037.0
17;2025-11-22;19;2542.3
17;2025-11-22;20;1954.6
17;2025-11-22;21;1434.3
17;2025-11-22;22;916.0
17;2025-11-22;23;545.7
17;2025-11-23;0;153.0
17;2025-11-23;1;36.7
17;2025-11-23;2;17.9
17;2025-11-23;3;3.0
17;2025-11-23;4;1.8
17;2025-11-23;5;112.9
17;2025-11-23;6;471.1
17;2025-11-23;7;854.3
17;2025-11-23;8;1269.3
17;2025-11-23;9;1727.5
17;2025-11-23;10;2092.4
17;2025-11-23;11;2571.2
17;2025-11-23;12;2919.8
17;2025-11-23;13;3159.5
17;2025-11-23;14;3230.0
17;2025-11-23;15;3268.8
17;2025-11-23;16;3228.5
17;2025-11-23;17;3082.8
17;2025-11-23;18;2725.7
17;2025-11-23;19;2244.8
17;2025-11-23;20;1707.9
17;2025-11-23;21;1255.3
17;2025-11-23;22;798.4
17;2025-11-23;23;445.3
17;2025-11-24;0;103.3
17;2025-11-24;1;10.9
17;2025-11-24;2;6.0
17;2025-11-24;3;6.7
17;2025-11-24;4;31.0
17;2025-11-24;5;339.0
17;2025-11-24;6;1580.2
17;2025-11-24;7;4060.0
17;2025-11-24;8;5516.4
17;2025-11-24;9;3900.8
17;2025-11-24;10;3017.0
17;2025-11-24;11;2925.6
17;2025-11-24;12;2979.0
17;2025-11-24;13;3067.4
17;2025-11-24;14;3120.4
17;2025-11-24;15;3309.0
17;2025-11-24;16;3802.2
17;2025-11-24;17;4564.5
17;2025-11-24;18;4957.9
17;2025-11-24;19;3472.8
17;2025-11-24;20;2330.3
17;2025-11-24;21;1439.5
17;2025-11-24;22;710.2
17;2025-11-24;23;335.4
17;2025-11-25;0;98.3
17;2025-11-25;1;10.2
17;2025-11-25;2;6.4
17;2025-11-25;3;7.6
17;2025-11-25;4;35.0
17;2025-11-25;5;361.2
17;2025-11-25;6;1607.6
17;2025-11-25;7;4189.9
17;2025-11-25;8;5595.0
17;2025-11-25;9;3990.2
17;2025-11-25;10;3131.5
17;2025-11-25;11;3071.8
17;2025-11-25;12;3115.0
17;2025-11-25;13;3174.8
17;2025-11-25;14;3231.0
17;2025-11-25;15;3389.0
17;2025-11-25;16;3844.1
17;2025-11-25;17;4732.6
17;2025-11-25;18;5093.6
17;2025-11-25;19;3618.7
17;2025-11-25;20;2440.4
17;2025-11-25;21;1518.9
17;2025-11-25;22;763.8
17;2025-11-25;23;373.2
17;2025-11-26;0;107.7
17;2025-11-26;1;11.7
17;2025-11-26;2;5.8
17;2025-11-26;3;7.0
17;2025-11-26;4;31.4
17;2025-11-26;5;341.1
17;2025-11-26;6;1582.1
17;2025-11-26;7;4149.2
17;2025-11-26;8;5568.2
17;2025-11-26;9;3968.4
17;2025-11-26;10;3136.8
17;2025-11-26;11;3062.7
17;2025-11-26;12;3139.2
17;2025-11-26;13;3199.2
17;2025-11-26;14;3267.6
17;2025-11-26;15;3444.2
17;2025-11-26;16;3880.9
17;2025-11-26;17;4700.3
17;2025-11-26;18;5058.1
17;2025-11-26;19;3564.3
17;2025-11-26;20;2430.7
17;2025-11-26;21;1529.1
17;2025-11-26;22;803.1
17;2025-11-26;23;401.9
17;2025-11-27;0;105.8
17;2025-11-27;1;8.6
17;2025-11-27;2;1.1
17;2025-11-27;3;1.8
17;2025-11-27;4;26.5
17;2025-11-27;5;348.5
17;2025-11-27;6;1566.3
17;2025-11-27;7;4109.3
17;2025-11-27;8;5502.4
17;2025-11-27;9;3965.8
17;2025-11-27;10;3139.2
17;2025-11-27;11;3087.2
17;2025-11-27;12;3161.1
17;2025-11-27;13;3244.8
17;2025-11-27;14;3296.6
17;2025-11-27;15;3422.5
17;2025-11-27;16;3916.7
17;2025-11-27;17;4640.2
17;2025-11-27;18;4957.1
17;2025-11-27;19;3607.8
17;2025-11-27;20;2479.4
17;2025-11-27;21;1538.6
17;2025-11-27;22;808.0
17;2025-11-27;23;413.0
17;2025-11-28;0;113.2
17;2025-11-28;1;12.0
17;2025-11-28;2;3.3
17;2025-11-28;3;1.9
17;2025-11-28;4;23.5
17;2025-11-28;5;340.8
17;2025-11-28;6;1531.4
17;2025-11-28;7;4000.0
17;2025-11-28;8;5306.8
17;2025-11-28;9;3787.4
17;2025-11-28;10;2997.0
17;2025-11-28;11;3006.1
17;2025-11-28;12;3087.4
17;2025-11-28;13;3218.0
17;2025-11-28;14;3299.6
17;2025-11-28;15;3632.5
17;2025-11-28;16;4308.3
17;2025-11-28;17;4747.8
17;2025-11-28;18;4354.8
17;2025-11-28;19;3291.0
17;2025-11-28;20;2348.7
17;2025-11-28;21;1547.6
17;2025-11-28;22;820.8
17;2025-11-28;23;443.9
17;2025-11-29;0;170.1
17;2025-11-29;1;50.9
17;2025-11-29;2;28.5
17;2025-11-29;3;15.2
17;2025-11-29;4;12.5
17;2025-11-29;5;168.0
17;2025-11-29;6;642.4
17;2025-11-29;7;1104.4
17;2025-11-29;8;1600.5
17;2025-11-29;9;2012.9
17;2025-11-29;10;2321.8
17;2025-11-29;11;2753.4
17;2025-11-29;12;3087.9
17;2025-11-29;13;3332.0
17;2025-11-29;14;3396.2
17;2025-11-29;15;3437.8
17;2025-11-29;16;3417.6
17;2025-11-29;17;3250.8
17;2025-11-29;18;2945.7
17;2025-11-29;19;2467.9
17;2025-11-29;20;1898.5
17;2025-11-29;21;1403.5
17;2025-11-29;22;897.4
17;2025-11-29;23;529.7
17;2025-11-30;0;156.4
17;2025-11-30;1;40.8
17;2025-11-30;2;21.4
17;2025-11-30;3;4.9
17;2025-11-30;4;1.8
17;2025-11-30;5;113.2
17;2025-11-30;6;461.1
17;2025-11-30;7;794.9
17;2025-11-30;8;1194.5
17;2025-11-30;9;1637.3
17;2025-11-30;10;1986.4
17;2025-11-30;11;2462.5
17;2025-11-30;12;2819.8
17;2025-11-30;13;3059.9
17;2025-11-30;14;3128.7
17;2025-11-30;15;3171.5
17;2025-11-30;16;3131.3
17;2025-11-30;17;2990.1
17;2025-11-30;18;2646.4
17;2025-11-30;19;2181.5
17;2025-11-30;20;1662.9
17;2025-11-30;21;1232.3
17;2025-11-30;22;781.4
17;2025-11-30;23;431.1
17;2025-12-01;0;110.1
17;2025-12-01;1;13.4
17;2025-12-01;2;11.0
17;2025-12-01;3;9.8
17;2025-12-01;4;36.6
17;2025-12-01;5;360.8
17;2025-12-01;6;1658.0
17;2025-12-01;7;4217.5
17;2025-12-01;8;5738.3
17;2025-12-01;9;4049.2
17;2025-12-01;10;3129.3
17;2025-12-01;11;3038.2
17;2025-12-01;12;3099.4
17;2025-12-01;13;3194.8
17;2025-12-01;14;3249.0
17;2025-12-01;15;3443.2
17;2025-12-01;16;3962.5
17;2025-12-01;17;4747.2
17;2025-12-01;18;5145.9
17;2025-12-01;19;3606.9
17;2025-12-01;20;2413.1
17;2025-12-01;21;1490.8
17;2025-12-01;22;728.2
17;2025-12-01;23;333.6
17;2025-12-02;0;106.7
17;2025-12-02;1;15.7
17;2025-12-02;2;14.3
17;2025-12-02;3;13.5
17;2025-12-02;4;42.0
17;2025-12-02;5;379.7
17;2025-12-02;6;1675.7
17;2025-12-02;7;4327.6
17;2025-12-02;8;5790.3
17;2025-12-02;9;4112.5
17;2025-12-02;10;3217.5
17;2025-12-02;11;3159.8
17;2025-12-02;12;3211.1
17;2025-12-02;13;3277.4
17;2025-12-02;14;3334.5
17;2025-12-02;15;3497.0
17;2025-12-02;16;3976.2
17;2025-12-02;17;4895.6
17;2025-12-02;18;5263.1
17;2025-12-02;19;3736.1
17;2025-12-02;20;2515.5
17;2025-12-02;21;1565.0
17;2025-12-02;22;777.0
17;2025-12-02;23;367.7
17;2025-12-03;0;118.3
17;2025-12-03;1;19.1
17;2025-12-03;2;16.0
17;2025-12-03;3;15.4
17;2025-12-03;4;40.4
17;2025-12-03;5;360.1
17;2025-12-03;6;1646.6
17;2025-12-03;7;4280.7
17;2025-12-03;8;5754.5
17;2025-12-03;9;4079.5
17;2025-12-03;10;3212.4
17;2025-12-03;11;3139.3
17;2025-12-03;12;3231.4
17;2025-12-03;13;3299.7
17;2025-12-03;14;3370.7
17;2025-12-03;15;3552.9
17;2025-12-03;16;4013.0
17;2025-12-03;17;4860.1
17;2025-12-03;18;5224.7
17;2025-12-03;19;3678.5
17;2025-12-03;20;2505.3
17;2025-12-03;21;1576.3
17;2025-12-03;22;820.2
17;2025-12-03;23;399.9
17;2025-12-04;0;115.9
17;2025-12-04;1;13.3
17;2025-12-04;2;6.9
17;2025-12-04;3;5.8
17;2025-12-04;4;34.6
17;2025-12-04;5;368.4
17;2025-12-04;6;1630.3
17;2025-12-04;7;4254.2
17;2025-12-04;8;5700.7
17;2025-12-04;9;4091.4
17;2025-12-04;10;3228.5
17;2025-12-04;11;3180.9
17;2025-12-04;12;3272.5
17;2025-12-04;13;3370.9
17;2025-12-04;14;3431.3
17;2025-12-04;15;3563.9
17;2025-12-04;16;4084.8
17;2025-12-04;17;4833.6
17;2025-12-04;18;5157.3
17;2025-12-04;19;3752.1
17;2025-12-04;20;2582.0
17;2025-12-04;21;1606.1
17;2025-12-04;22;843.9
17;2025-12-04;23;427.2
17;2025-12-05;0;121.8
17;2025-12-05;1;16.1
17;2025-12-05;2;6.8
17;2025-12-05;3;5.5
17;2025-12-05;4;30.0
17;2025-12-05;5;359.6
17;2025-12-05;6;1601.3
17;2025-12-05;7;4201.4
17;2025-12-05;8;5566.6
17;2025-12-05;9;3963.8
17;2025-12-05;10;3132.4
17;2025-12-05;11;3147.8
17;2025-12-05;12;3244.5
17;2025-12-05;13;3391.8
17;2025-12-05;14;3485.1
17;2025-12-05;15;3838.5
17;2025-12-05;16;4549.4
17;2025-12-05;17;5009.8
17;2025-12-05;18;4595.2
17;2025-12-05;19;3472.7
17;2025-12-05;20;2491.5
17;2025-12-05;21;1647.6
17;2025-12-05;22;883.3
17;2025-12-05;23;485.7
17;2025-12-06;0;170.7
17;2025-12-06;1;45.4
17;2025-12-06;2;22.5
17;2025-12-06;3;7.9
17;2025-12-06;4;8.8
17;2025-12-06;5;166.8
17;2025-12-06;6;656.6
17;2025-12-06;7;1132.0
17;2025-12-06;8;1632.3
17;2025-12-06;9;2060.9
17;2025-12-06;10;2386.4
17;2025-12-06;11;2847.4
17;2025-12-06;12;3218.5
17;2025-12-06;13;3497.3
17;2025-12-06;14;3589.8
17;2025-12-06;15;3646.2
17;2025-12-06;16;3633.8
17;2025-12-06;17;3463.0
17;2025-12-06;18;3147.2
17;2025-12-06;19;2637.5
17;2025-12-06;20;2045.1
17;2025-12-06;21;1519.2
17;2025-12-06;22;986.2
17;2025-12-06;23;599.8
17;2025-12-07;0;158.8
17;2025-12-07;1;37.6
17;2025-12-07;2;15.2
17;2025-12-07;3;1.9
17;2025-12-07;4;3.4
17;2025-12-07;5;114.0
17;2025-12-07;6;476.8
17;2025-12-07;7;818.1
17;2025-12-07;8;1227.5
17;2025-12-07;9;1688.6
17;2025-12-07;10;2056.6
17;2025-12-07;11;2558.8
17;2025-12-07;12;2950.3
17;2025-12-07;13;3222.2
17;2025-12-07;14;3318.8
17;2025-12-07;15;3376.1
17;2025-12-07;16;3342.3
17;2025-12-07;17;3201.7
17;2025-12-07;18;2844.8
17;2025-12-07;19;2348.6
17;2025-12-07;20;1802.4
17;2025-12-07;21;1341.5
17;2025-12-07;22;866.7
17;2025-12-07;23;498.5
17;2025-12-08;0;100.9
17;2025-12-08;1;12.7
17;2025-12-08;2;10.4
17;2025-12-08;3;9.8
17;2025-12-08;4;43.7
17;2025-12-08;5;367.6
17;2025-12-08;6;1578.4
17;2025-12-08;7;4073.7
17;2025-12-08;8;5517.7
17;2025-12-08;9;3866.5
17;2025-12-08;10;2960.1
17;2025-12-08;11;2873.2
17;2025-12-08;12;2941.8
17;2025-12-08;13;3045.7
17;2025-12-08;14;3107.4
17;2025-12-08;15;3304.3
17;2025-12-08;16;3822.3
17;2025-12-08;17;4599.9
17;2025-12-08;18;4994.8
17;2025-12-08;19;3532.3
17;2025-12-08;20;2383.8
17;2025-12-08;21;1477.6
17;2025-12-08;22;731.9
17;2025-12-08;23;338.3
17;2025-12-09;0;98.6
17;2025-12-09;1;13.0
17;2025-12-09;2;11.9
17;2025-12-09;3;12.1
17;2025-12-09;4;49.0
17;2025-12-09;5;389.9
17;2025-12-09;6;1594.6
17;2025-12-09;7;4179.4
17;2025-12-09;8;5564.3
17;2025-12-09;9;3923.7
17;2025-12-09;10;3039.8
17;2025-12-09;11;2986.4
17;2025-12-09;12;3046.4
17;2025-12-09;13;3122.2
17;2025-12-09;14;3187.1
17;2025-12-09;15;3354.6
17;2025-12-09;16;3832.4
17;2025-12-09;17;4745.5
17;2025-12-09;18;5109.9
17;2025-12-09;19;3661.1
17;2025-12-09;20;2482.2
17;2025-12-09;21;1548.2
17;2025-12-09;22;777.4
17;2025-12-09;23;369.1
17;2025-12-10;0;108.6
17;2025-12-10;1;14.6
17;2025-12-10;2;11.1
17;2025-12-10;3;11.8
17;2025-12-10;4;45.0
17;2025-12-10;5;368.4
17;2025-12-10;6;1566.8
17;2025-12-10;7;4134.0
17;2025-12-10;8;5533.6
17;2025-12-10;9;3898.3
17;2025-12-10;10;3042.7
17;2025-12-10;11;2973.9
17;2025-12-10;12;3068.8
17;2025-12-10;13;3145.1
17;2025-12-10;14;3223.2
17;2025-12-10;15;3410.9
17;2025-12-10;16;3869.4
17;2025-12-10;17;4709.7
17;2025-12-10;18;5071.0
17;2025-12-10;19;3602.1
17;2025-12-10;20;2470.3
17;2025-12-10;21;1557.8
17;2025-12-10;22;817.6
17;2025-12-10;23;398.1
17;2025-12-11;0;117.3
17;2025-12-11;1;18.0
17;2025-12-11;2;12.4
17;2025-12-11;3;12.3
17;2025-12-11;4;53.2
17;2025-12-11;5;393.3
17;2025-12-11;6;1601.1
17;2025-12-11;7;4177.6
17;2025-12-11;8;5574.3
17;2025-12-11;9;4008.4
17;2025-12-11;10;3161.7
17;2025-12-11;11;3125.0
17;2025-12-11;12;3218.6
17;2025-12-11;13;3323.5
17;2025-12-11;14;3386.1
17;2025-12-11;15;3518.3
17;2025-12-11;16;4034.4
17;2025-12-11;17;4771.3
17;2025-12-11;18;5062.1
17;2025-12-11;19;3723.6
17;2025-12-11;20;2574.5
17;2025-12-11;21;1612.8
17;2025-12-11;22;862.2
17;2025-12-11;23;445.5
17;2025-12-12;0;127.1
17;2025-12-12;1;22.7
17;2025-12-12;2;12.6
17;2025-12-12;3;14.0
17;2025-12-12;4;55.3
17;2025-12-12;5;393.5
17;2025-12-12;6;1592.9
17;2025-12-12;7;4150.0
17;2025-12-12;8;5469.7
17;2025-12-12;9;3909.6
17;2025-12-12;10;3092.5
17;2025-12-12;11;3105.9
17;2025-12-12;12;3201.0
17;2025-12-12;13;3345.3
17;2025-12-12;14;3435.3
17;2025-12-12;15;3784.4
17;2025-12-12;16;4488.3
17;2025-12-12;17;4951.1
17;2025-12-12;18;4565.1
17;2025-12-12;19;3466.5
17;2025-12-12;20;2497.0
17;2025-12-12;21;1650.3
17;2025-12-12;22;891.5
17;2025-12-12;23;492.2
17;2025-12-13;0;190.4
17;2025-12-13;1;67.2
17;2025-12-13;2;43.8
17;2025-12-13;3;30.4
17;2025-12-13;4;30.9
17;2025-12-13;5;197.4
17;2025-12-13;6;640.8
17;2025-12-13;7;1079.7
17;2025-12-13;8;1545.1
17;2025-12-13;9;1962.6
17;2025-12-13;10;2287.1
17;2025-12-13;11;2740.6
17;2025-12-13;12;3114.4
17;2025-12-13;13;3392.0
17;2025-12-13;14;3483.7
17;2025-12-13;15;3546.3
17;2025-12-13;16;3540.2
17;2025-12-13;17;3379.1
17;2025-12-13;18;3091.9
17;2025-12-13;19;2602.5
17;2025-12-13;20;2027.8
17;2025-12-13;21;1505.3
17;2025-12-13;22;985.0
17;2025-12-13;23;597.3
17;2025-12-14;0;169.0
17;2025-12-14;1;50.0
17;2025-12-14;2;27.5
17;2025-12-14;3;8.3
17;2025-12-14;4;11.1
17;2025-12-14;5;137.0
17;2025-12-14;6;469.4
17;2025-12-14;7;777.3
17;2025-12-14;8;1157.8
17;2025-12-14;9;1604.9
17;2025-12-14;10;1968.5
17;2025-12-14;11;2456.6
17;2025-12-14;12;2849.0
17;2025-12-14;13;3117.8
17;2025-12-14;14;3213.6
17;2025-12-14;15;3277.5
17;2025-12-14;16;3249.9
17;2025-12-14;17;3119.0
17;2025-12-14;18;2792.4
17;2025-12-14;19;2316.3
17;2025-12-14;20;1787.9
17;2025-12-14;21;1326.9
17;2025-12-14;22;861.5
17;2025-12-14;23;491.7
17;2025-12-15;0;100.9
17;2025-12-15;1;12.7
17;2025-12-15;2;10.4
17;2025-12-15;3;9.8
17;2025-12-15;4;43.7
17;2025-12-15;5;367.6
17;2025-12-15;6;1578.4
17;2025-12-15;7;4073.7
17;2025-12-15;8;5517.7
17;2025-12-15;9;3866.5
17;2025-12-15;10;2960.1
17;2025-12-15;11;2873.2
17;2025-12-15;12;2941.8
17;2025-12-15;13;3045.7
17;2025-12-15;14;3107.4
17;2025-12-15;15;3304.3
17;2025-12-15;16;3822.3
17;2025-12-15;17;4599.9
17;2025-12-15;18;4994.8
17;2025-12-15;19;3532.3
17;2025-12-15;20;2383.8
17;2025-12-15;21;1477.6
17;2025-12-15;22;731.9
17;2025-12-15;23;338.3
17;2025-12-16;0;98.6
17;2025-12-16;1;13.0
17;2025-12-16;2;11.9
17;2025-12-16;3;12.1
17;2025-12-16;4;49.0
17;2025-12-16;5;389.9
17;2025-12-16;6;1594.6
17;2025-12-16;7;4179.4
17;2025-12-16;8;5564.3
17;2025-12-16;9;3923.7
17;2025-12-16;10;3039.8
17;2025-12-16;11;2986.4
17;2025-12-16;12;3046.4
17;2025-12-16;13;3122.2
17;2025-12-16;14;3187.1
17;2025-12-16;15;3354.6
17;2025-12-16;16;3832.4
17;2025-12-16;17;4745.5
17;2025-12-16;18;5109.9
17;2025-12-16;19;3661.1
17;2025-12-16;20;2482.2
17;2025-12-16;21;1548.2
17;2025-12-16;22;777.4
17;2025-12-16;23;369.1
17;2025-12-17;0;108.6
17;2025-12-17;1;14.6
17;2025-12-17;2;11.1
17;2025-12-17;3;11.8
17;2025-12-17;4;45.0
17;2025-12-17;5;368.4
17;2025-12-17;6;1566.8
17;2025-12-17;7;4134.0
17;2025-12-17;8;5533.6
17;2025-12-17;9;3898.3
17;2025-12-17;10;3042.7
17;2025-12-17;11;2973.9
17;2025-12-17;12;3068.8
17;2025-12-17;13;3145.1
17;2025-12-17;14;3223.2
17;2025-12-17;15;3410.9
17;2025-12-17;16;3869.4
17;2025-12-17;17;4709.7
17;2025-12-17;18;5071.0
17;2025-12-17;19;3602.1
17;2025-12-17;20;2470.3
17;2025-12-17;21;1557.8
17;2025-12-17;22;817.6
17;2025-12-17;23;398.1
17;2025-12-18;0;117.3
17;2025-12-18;1;18.0
17;2025-12-18;2;12.4
17;2025-12-18;3;12.3
17;2025-12-18;4;53.2
17;2025-12-18;5;393.3
17;2025-12-18;6;1601.1
17;2025-12-18;7;4177.6
17;2025-12-18;8;5574.3
17;2025-12-18;9;4008.4
17;2025-12-18;10;3161.7
17;2025-12-18;11;3125.0
17;2025-12-18;12;3218.6
17;2025-12-18;13;3323.5
17;2025-12-18;14;3386.1
17;2025-12-18;15;3518.3
17;2025-12-18;16;4034.4
17;2025-12-18;17;4771.3
17;2025-12-18;18;5062.1
17;2025-12-18;19;3723.6
17;2025-12-18;20;2574.5
17;2025-12-18;21;1612.8
17;2025-12-18;22;862.2
17;2025-12-18;23;445.5
17;2025-12-19;0;127.1
17;2025-12-19;1;22.7
17;2025-12-19;2;12.6
17;2025-12-19;3;14.0
17;2025-12-19;4;55.3
17;2025-12-19;5;393.5
17;2025-12-19;6;1592.9
17;2025-12-19;7;4150.0
17;2025-12-19;8;5469.7
17;2025-12-19;9;3909.6
17;2025-12-19;10;3092.5
17;2025-12-19;11;3105.9
17;2025-12-19;12;3201.0
17;2025-12-19;13;3345.3
17;2025-12-19;14;3435.3
17;2025-12-19;15;3784.4
17;2025-12-19;16;4488.3
17;2025-12-19;17;4951.1
17;2025-12-19;18;4565.1
17;2025-12-19;19;3466.5
17;2025-12-19;20;2497.0
17;2025-12-19;21;1650.3
17;2025-12-19;22;891.5
17;2025-12-19;23;492.2
17;2025-12-20;0;190.4
17;2025-12-20;1;67.2
17;2025-12-20;2;43.8
17;2025-12-20;3;30.4
17;2025-12-20;4;30.9
17;2025-12-20;5;197.4
17;2025-12-20;6;640.8
17;2025-12-20;7;1079.7
17;2025-12-20;8;1545.1
17;2025-12-20;9;1962.6
17;2025-12-20;10;2287.1
17;2025-12-20;11;2740.6
17;2025-12-20;12;3114.4
17;2025-12-20;13;3392.0
17;2025-12-20;14;3483.7
17;2025-12-20;15;3546.3
17;2025-12-20;16;3540.2
17;2025-12-20;17;3379.1
17;2025-12-20;18;3091.9
17;2025-12-20;19;2602.5
17;2025-12-20;20;2027.8
17;2025-12-20;21;1505.3
17;2025-12-20;22;985.0
17;2025-12-20;23;597.3
17;2025-12-21;0;169.0
17;2025-12-21;1;50.0
17;2025-12-21;2;27.5
17;2025-12-21;3;8.3
17;2025-12-21;4;11.1
17;2025-12-21;5;137.0
17;2025-12-21;6;469.4
17;2025-12-21;7;777.3
17;2025-12-21;8;1157.8
17;2025-12-21;9;1604.9
17;2025-12-21;10;1968.5
17;2025-12-21;11;2456.6
17;2025-12-21;12;2849.0
17;2025-12-21;13;3117.8
17;2025-12-21;14;3213.6
17;2025-12-21;15;3277.5
17;2025-12-21;16;3249.9
17;2025-12-21;17;3119.0
17;2025-12-21;18;2792.4
17;2025-12-21;19;2316.3
17;2025-12-21;20;1787.9
17;2025-12-21;21;1326.9
17;2025-12-21;22;861.5
17;2025-12-21;23;491.7
17;2025-12-22;0;100.9
17;2025-12-22;1;12.7
17;2025-12-22;2;10.4
17;2025-12-22;3;9.8
17;2025-12-22;4;43.7
17;2025-12-22;5;367.6
17;2025-12-22;6;1578.4
17;2025-12-22;7;4073.7
17;2025-12-22;8;5517.7
17;2025-12-22;9;3866.5
17;2025-12-22;10;2960.1
17;2025-12-22;11;2873.2
17;2025-12-22;12;2941.8
17;2025-12-22;13;3045.7
17;2025-12-22;14;3107.4
17;2025-12-22;15;3304.3
17;2025-12-22;16;3822.3
17;2025-12-22;17;4599.9
17;2025-12-22;18;4994.8
17;2025-12-22;19;3532.3
17;2025-12-22;20;2383.8
17;2025-12-22;21;1477.6
17;2025-12-22;22;731.9
17;2025-12-22;23;338.3
17;2025-12-23;0;98.6
17;2025-12-23;1;13.0
17;2025-12-23;2;11.9
17;2025-12-23;3;12.1
17;2025-12-23;4;49.0
17;2025-12-23;5;389.9
17;2025-12-23;6;1594.6
17;2025-12-23;7;4179.4
17;2025-12-23;8;5564.3
17;2025-12-23;9;3923.7
17;2025-12-23;10;3039.8
17;2025-12-23;11;2986.4
17;2025-12-23;12;3046.4
17;2025-12-23;13;3122.2
17;2025-12-23;14;3187.1
17;2025-12-23;15;3354.6
17;2025-12-23;16;3832.4
17;2025-12-23;17;4745.5
17;2025-12-23;18;5109.9
17;2025-12-23;19;3661.1
17;2025-12-23;20;2482.2
17;2025-12-23;21;1548.2
17;2025-12-23;22;777.4
17;2025-12-23;23;369.1
17;2025-12-24;0;108.6
17;2025-12-24;1;14.6
17;2025-12-24;2;11.1
17;2025-12-24;3;11.8
17;2025-12-24;4;45.0
17;2025-12-24;5;368.4
17;2025-12-24;6;1566.8
17;2025-12-24;7;4134.0
17;2025-12-24;8;5533.6
17;2025-12-24;9;3898.3
17;2025-12-24;10;3042.7
17;2025-12-24;11;2973.9
17;2025-12-24;12;3068.8
17;2025-12-24;13;3145.1
17;2025-12-24;14;3223.2
17;2025-12-24;15;3410.9
17;2025-12-24;16;3869.4
17;2025-12-24;17;4709.7
17;2025-12-24;18;5071.0
17;2025-12-24;19;3602.1
17;2025-12-24;20;2470.3
17;2025-12-24;21;1557.8
17;2025-12-24;22;817.6
17;2025-12-24;23;398.1
17;2025-12-25;0;117.3
17;2025-12-25;1;18.0
17;2025-12-25;2;12.4
17;2025-12-25;3;12.3
17;2025-12-25;4;53.2
17;2025-12-25;5;393.3
17;2025-12-25;6;1601.1
17;2025-12-25;7;4177.6
17;2025-12-25;8;5574.3
17;2025-12-25;9;4008.4
17;2025-12-25;10;3161.7
17;2025-12-25;11;3125.0
17;2025-12-25;12;3218.6
17;2025-12-25;13;3323.5
17;2025-12-25;14;3386.1
17;2025-12-25;15;3518.3
17;2025-12-25;16;4034.4
17;2025-12-25;17;4771.3
17;2025-12-25;18;5062.1
17;2025-12-25;19;3723.6
17;2025-12-25;20;2574.5
17;2025-12-25;21;1612.8
17;2025-12-25;22;862.2
17;2025-12-25;23;445.5
17;2025-12-26;0;127.1
17;2025-12-26;1;22.7
17;2025-12-26;2;12.6
17;2025-12-26;3;14.0
17;2025-12-26;4;55.3
17;2025-12-26;5;393.5
17;2025-12-26;6;1592.9
17;2025-12-26;7;4150.0
17;2025-12-26;8;5469.7
17;2025-12-26;9;3909.6
17;2025-12-26;10;3092.5
17;2025-12-26;11;3105.9
17;2025-12-26;12;3201.0
17;2025-12-26;13;3345.3
17;2025-12-26;14;3435.3
17;2025-12-26;15;3784.4
17;2025-12-26;16;4488.3
17;2025-12-26;17;4951.1
17;2025-12-26;18;4565.1
17;2025-12-26;19;3466.5
17;2025-12-26;20;2497.0
17;2025-12-26;21;1650.3
17;2025-12-26;22;891.5
17;2025-12-26;23;492.2
17;2025-12-27;0;190.4
17;2025-12-27;1;67.2
17;2025-12-27;2;43.8
17;2025-12-27;3;30.4
17;2025-12-27;4;30.9
17;2025-12-27;5;197.4
17;2025-12-27;6;640.8
17;2025-12-27;7;1079.7
17;2025-12-27;8;1545.1
17;2025-12-27;9;1962.6
17;2025-12-27;10;2287.1
17;2025-12-27;11;2740.6
17;2025-12-27;12;3114.4
17;2025-12-27;13;3392.0
17;2025-12-27;14;3483.7
17;2025-12-27;15;3546.3
17;2025-12-27;16;3540.2
17;2025-12-27;17;3379.1
17;2025-12-27;18;3091.9
17;2025-12-27;19;2602.5
17;2025-12-27;20;2027.8
17;2025-12-27;21;1505.3
17;2025-12-27;22;985.0
17;2025-12-27;23;597.3
17;2025-12-28;0;169.0
17;2025-12-28;1;50.0
17;2025-12-28;2;27.5
17;2025-12-28;3;8.3
17;2025-12-28;4;11.1
17;2025-12-28;5;137.0
17;2025-12-28;6;469.4
17;2025-12-28;7;777.3
17;2025-12-28;8;1157.8
17;2025-12-28;9;1604.9
17;2025-12-28;10;1968.5
17;2025-12-28;11;2456.6
17;2025-12-28;12;2849.0
17;2025-12-28;13;3117.8
17;2025-12-28;14;3213.6
17;2025-12-28;15;3277.5
17;2025-12-28;16;3249.9
17;2025-12-28;17;3119.0
17;2025-12-28;18;2792.4
17;2025-12-28;19;2316.3
17;2025-12-28;20;1787.9
17;2025-12-28;21;1326.9
17;2025-12-28;22;861.5
17;2025-12-28;23;491.7
17;2025-12-29;0;100.9
17;2025-12-29;1;12.7
17;2025-12-29;2;10.4
17;2025-12-29;3;9.8
17;2025-12-29;4;43.7
17;2025-12-29;5;367.6
17;2025-12-29;6;1578.4
17;2025-12-29;7;4073.7
17;2025-12-29;8;5517.7
17;2025-12-29;9;3866.5
17;2025-12-29;10;2960.1
17;2025-12-29;11;2873.2
17;2025-12-29;12;2941.8
17;2025-12-29;13;3045.7
17;2025-12-29;14;3107.4
17;2025-12-29;15;3304.3
17;2025-12-29;16;3822.3
17;2025-12-29;17;4599.9
17;2025-12-29;18;4994.8
17;2025-12-29;19;3532.3
17;2025-12-29;20;2383.8
17;2025-12-29;21;1477.6
17;2025-12-29;22;731.9
17;2025-12-29;23;338.3
17;2025-12-30;0;116.1
17;2025-12-30;1;30.2
17;2025-12-30;2;29.5
17;2025-12-30;3;33.9
17;2025-12-30;4;81.8
17;2025-12-30;5;418.9
17;2025-12-30;6;1633.7
17;2025-12-30;7;4208.4
17;2025-12-30;8;5579.5
17;2025-12-30;9;3972.1
17;2025-12-30;10;3120.4
17;2025-12-30;11;3101.5
17;2025-12-30;12;3177.5
17;2025-12-30;13;3282.3
17;2025-12-30;14;3370.5
17;2025-12-30;15;3565.6
17;2025-12-30;16;4028.5
17;2025-12-30;17;4746.1
17;2025-12-30;18;4767.1
17;2025-12-30;19;3535.8
17;2025-12-30;20;2475.5
17;2025-12-30;21;1572.3
17;2025-12-30;22;824.4
17;2025-12-30;23;424.3
17;2025-12-31;0;94.6
17;2025-12-31;1;5.0
17;2025-12-31;2;0.0
17;2025-12-31;3;1.9
17;2025-12-31;4;0.0
17;2025-12-31;5;31.6
17;2025-12-31;6;260.5
17;2025-12-31;7;482.7
17;2025-12-31;8;751.3
17;2025-12-31;9;898.7
17;2025-12-31;10;1127.8
17;2025-12-31;11;1502.3
17;2025-12-31;12;1907.2
17;2025-12-31;13;2176.1
17;2025-12-31;14;2280.9
17;2025-12-31;15;2430.9
17;2025-12-31;16;2493.2
17;2025-12-31;17;2488.2
17;2025-12-31;18;2386.4
17;2025-12-31;19;2071.1
17;2025-12-31;20;1595.3
17;2025-12-31;21;1159.8
17;2025-12-31;22;725.8
17;2025-12-31;23;369.6
25;2025-11-01;0;21.1
25;2025-11-01;1;11.1
25;2025-11-01;2;9.8
25;2025-11-01;3;9.5
25;2025-11-01;4;11.1
25;2025-11-01;5;39.6
25;2025-11-01;6;168.3
25;2025-11-01;7;371.3
25;2025-11-01;8;552.9
25;2025-11-01;9;413.4
25;2025-11-01;10;376.1
25;2025-11-01;11;412.3
25;2025-11-01;12;437.6
25;2025-11-01;13;491.2
25;2025-11-01;14;491.4
25;2025-11-01;15;549.6
25;2025-11-01;16;602.1
25;2025-11-01;17;609.2
25;2025-11-01;18;562.2
25;2025-11-01;19;449.2
25;2025-11-01;20;316.1
25;2025-11-01;21;224.0
25;2025-11-01;22;136.8
25;2025-11-01;23;63.3
25;2025-11-02;0;19.8
25;2025-11-02;1;3.5
25;2025-11-02;2;1.5
25;2025-11-02;3;0.0
25;2025-11-02;4;0.2
25;2025-11-02;5;12.7
25;2025-11-02;6;65.2
25;2025-11-02;7;113.1
25;2025-11-02;8;182.6
25;2025-11-02;9;227.4
25;2025-11-02;10;261.6
25;2025-11-02;11;326.0
25;2025-11-02;12;377.7
25;2025-11-02;13;428.8
25;2025-11-02;14;439.3
25;2025-11-02;15;480.5
25;2025-11-02;16;452.5
25;2025-11-02;17;434.2
25;2025-11-02;18;392.3
25;2025-11-02;19;315.0
25;2025-11-02;20;241.1
25;2025-11-02;21;179.1
25;2025-11-02;22;109.3
25;2025-11-02;23;55.7
25;2025-11-03;0;20.3
25;2025-11-03;1;6.3
25;2025-11-03;2;4.6
25;2025-11-03;3;2.8
25;2025-11-03;4;2.8
25;2025-11-03;5;21.6
25;2025-11-03;6;87.9
25;2025-11-03;7;150.7
25;2025-11-03;8;213.6
25;2025-11-03;9;237.1
25;2025-11-03;10;262.0
25;2025-11-03;11;313.8
25;2025-11-03;12;367.8
25;2025-11-03;13;403.8
25;2025-11-03;14;414.2
25;2025-11-03;15;427.0
25;2025-11-03;16;432.8
25;2025-11-03;17;427.0
25;2025-11-03;18;412.0
25;2025-11-03;19;343.1
25;2025-11-03;20;261.7
25;2025-11-03;21;189.9
25;2025-11-03;22;119.8
25;2025-11-03;23;68.6
25;2025-11-04;0;19.7
25;2025-11-04;1;5.1
25;2025-11-04;2;4.1
25;2025-11-04;3;3.0
25;2025-11-04;4;2.1
25;2025-11-04;5;17.8
25;2025-11-04;6;80.0
25;2025-11-04;7;138.1
25;2025-11-04;8;198.9
25;2025-11-04;9;217.7
25;2025-11-04;10;238.8
25;2025-11-04;11;288.1
25;2025-11-04;12;338.9
25;2025-11-04;13;374.2
25;2025-11-04;14;384.7
25;2025-11-04;15;396.9
25;2025-11-04;16;402.4
25;2025-11-04;17;398.8
25;2025-11-04;18;386.4
25;2025-11-04;19;324.5
25;2025-11-04;20;248.9
25;2025-11-04;21;180.1
25;2025-11-04;22;110.8
25;2025-11-04;23;59.3
25;2025-11-05;0;11.1
25;2025-11-05;1;2.8
25;2025-11-05;2;2.5
25;2025-11-05;3;2.5
25;2025-11-05;4;4.7
25;2025-11-05;5;37.6
25;2025-11-05;6;230.9
25;2025-11-05;7;555.8
25;2025-11-05;8;833.3
25;2025-11-05;9;531.8
25;2025-11-05;10;418.6
25;2025-11-05;11;425.5
25;2025-11-05;12;440.3
25;2025-11-05;13;483.1
25;2025-11-05;14;452.5
25;2025-11-05;15;522.6
25;2025-11-05;16;613.2
25;2025-11-05;17;721.3
25;2025-11-05;18;775.9
25;2025-11-05;19;560.7
25;2025-11-05;20;353.4
25;2025-11-05;21;223.4
25;2025-11-05;22;117.9
25;2025-11-05;23;32.5
25;2025-11-06;0;9.7
25;2025-11-06;1;0.5
25;2025-11-06;2;0.0
25;2025-11-06;3;0.1
25;2025-11-06;4;1.6
25;2025-11-06;5;32.8
25;2025-11-06;6;223.7
25;2025-11-06;7;555.3
25;2025-11-06;8;828.0
25;2025-11-06;9;536.6
25;2025-11-06;10;420.9
25;2025-11-06;11;433.5
25;2025-11-06;12;439.7
25;2025-11-06;13;479.2
25;2025-11-06;14;478.9
25;2025-11-06;15;539.7
25;2025-11-06;16;623.1
25;2025-11-06;17;719.8
25;2025-11-06;18;767.3
25;2025-11-06;19;562.2
25;2025-11-06;20;361.0
25;2025-11-06;21;232.4
25;2025-11-06;22;121.0
25;2025-11-06;23;37.7
25;2025-11-07;0;9.2
25;2025-11-07;1;0.8
25;2025-11-07;2;0.1
25;2025-11-07;3;0.1
25;2025-11-07;4;1.5
25;2025-11-07;5;34.9
25;2025-11-07;6;214.9
25;2025-11-07;7;546.7
25;2025-11-07;8;811.9
25;2025-11-07;9;515.3
25;2025-11-07;10;415.8
25;2025-11-07;11;432.1
25;2025-11-07;12;442.3
25;2025-11-07;13;484.0
25;2025-11-07;14;475.3
25;2025-11-07;15;543.0
25;2025-11-07;16;651.3
25;2025-11-07;17;709.9
25;2025-11-07;18;673.7
25;2025-11-07;19;513.3
25;2025-11-07;20;337.9
25;2025-11-07;21;225.0
25;2025-11-07;22;127.1
25;2025-11-07;23;41.5
25;2025-11-08;0;18.0
25;2025-11-08;1;5.1
25;2025-11-08;2;2.7
25;2025-11-08;3;1.0
25;2025-11-08;4;1.1
25;2025-11-08;5;20.6
25;2025-11-08;6;93.5
25;2025-11-08;7;159.1
25;2025-11-08;8;252.9
25;2025-11-08;9;282.1
25;2025-11-08;10;311.5
25;2025-11-08;11;374.4
25;2025-11-08;12;418.8
25;2025-11-08;13;486.9
25;2025-11-08;14;495.6
25;2025-11-08;15;532.2
25;2025-11-08;16;514.8
25;2025-11-08;17;479.2
25;2025-11-08;18;437.8
25;2025-11-08;19;370.5
25;2025-11-08;20;277.2
25;2025-11-08;21;207.3
25;2025-11-08;22;132.1
25;2025-11-08;23;71.0
25;2025-11-09;0;20.0
25;2025-11-09;1;3.7
25;2025-11-09;2;1.7
25;2025-11-09;3;0.0
25;2025-11-09;4;0.2
25;2025-11-09;5;12.9
25;2025-11-09;6;65.5
25;2025-11-09;7;113.3
25;2025-11-09;8;182.8
25;2025-11-09;9;227.8
25;2025-11-09;10;262.3
25;2025-11-09;11;326.7
25;2025-11-09;12;378.6
25;2025-11-09;13;430.0
25;2025-11-09;14;440.5
25;2025-11-09;15;481.9
25;2025-11-09;16;453.7
25;2025-11-09;17;435.4
25;2025-11-09;18;393.4
25;2025-11-09;19;315.8
25;2025-11-09;20;242.1
25;2025-11-09;21;180.0
25;2025-11-09;22;110.1
25;2025-11-09;23;56.4
25;2025-11-10;0;10.0
25;2025-11-10;1;0.4
25;2025-11-10;2;0.3
25;2025-11-10;3;0.2
25;2025-11-10;4;1.6
25;2025-11-10;5;35.3
25;2025-11-10;6;214.3
25;2025-11-10;7;553.8
25;2025-11-10;8;832.2
25;2025-11-10;9;529.3
25;2025-11-10;10;405.8
25;2025-11-10;11;414.4
25;2025-11-10;12;426.4
25;2025-11-10;13;467.0
25;2025-11-10;14;457.2
25;2025-11-10;15;504.9
25;2025-11-10;16;597.3
25;2025-11-10;17;700.9
25;2025-11-10;18;741.0
25;2025-11-10;19;536.8
25;2025-11-10;20;352.8
25;2025-11-10;21;218.5
25;2025-11-10;22;104.3
25;2025-11-10;23;27.2
25;2025-11-11;0;8.7
25;2025-11-11;1;0.4
25;2025-11-11;2;0.3
25;2025-11-11;3;0.3
25;2025-11-11;4;2.4
25;2025-11-11;5;36.6
25;2025-11-11;6;223.3
25;2025-11-11;7;563.8
25;2025-11-11;8;848.7
25;2025-11-11;9;529.8
25;2025-11-11;10;417.2
25;2025-11-11;11;436.5
25;2025-11-11;12;437.3
25;2025-11-11;13;476.0
25;2025-11-11;14;465.7
25;2025-11-11;15;519.8
25;2025-11-11;16;620.3
25;2025-11-11;17;711.2
25;2025-11-11;18;760.5
25;2025-11-11;19;547.3
25;2025-11-11;20;352.7
25;2025-11-11;21;227.7
25;2025-11-11;22;110.4
25;2025-11-11;23;31.7
25;2025-11-12;0;9.1
25;2025-11-12;1;0.6
25;2025-11-12;2;0.4
25;2025-11-12;3;0.3
25;2025-11-12;4;1.9
25;2025-11-12;5;35.9
25;2025-11-12;6;229.4
25;2025-11-12;7;555.1
25;2025-11-12;8;835.9
25;2025-11-12;9;534.1
25;2025-11-12;10;421.7
25;2025-11-12;11;428.3
25;2025-11-12;12;441.5
25;2025-11-12;13;483.5
25;2025-11-12;14;453.6
25;2025-11-12;15;523.3
25;2025-11-12;16;613.3
25;2025-11-12;17;723.5
25;2025-11-12;18;777.7
25;2025-11-12;19;565.2
25;2025-11-12;20;359.7
25;2025-11-12;21;229.8
25;2025-11-12;22;121.8
25;2025-11-12;23;35.3
25;2025-11-13;0;10.0
25;2025-11-13;1;0.7
25;2025-11-13;2;0.2
25;2025-11-13;3;0.4
25;2025-11-13;4;2.2
25;2025-11-13;5;33.9
25;2025-11-13;6;225.7
25;2025-11-13;7;559.8
25;2025-11-13;8;833.7
25;2025-11-13;9;540.9
25;2025-11-13;10;424.4
25;2025-11-13;11;436.9
25;2025-11-13;12;443.4
25;2025-11-13;13;483.4
25;2025-11-13;14;483.3
25;2025-11-13;15;544.5
25;2025-11-13;16;628.4
25;2025-11-13;17;725.0
25;2025-11-13;18;772.8
25;2025-11-13;19;565.7
25;2025-11-13;20;363.8
25;2025-11-13;21;234.4
25;2025-11-13;22;122.6
25;2025-11-13;23;38.6
25;2025-11-14;0;9.5
25;2025-11-14;1;1.1
25;2025-11-14;2;0.3
25;2025-11-14;3;0.4
25;2025-11-14;4;2.1
25;2025-11-14;5;35.9
25;2025-11-14;6;217.4
25;2025-11-14;7;552.1
25;2025-11-14;8;818.8
25;2025-11-14;9;520.5
25;2025-11-14;10;419.9
25;2025-11-14;11;436.4
25;2025-11-14;12;446.9
25;2025-11-14;13;489.2
25;2025-11-14;14;480.7
25;2025-11-14;15;549.0
25;2025-11-14;16;657.8
25;2025-11-14;17;716.4
25;2025-11-14;18;679.7
25;2025-11-14;19;517.6
25;2025-11-14;20;341.2
25;2025-11-14;21;227.5
25;2025-11-14;22;129.2
25;2025-11-14;23;42.9
25;2025-11-15;0;18.1
25;2025-11-15;1;5.3
25;2025-11-15;2;2.7
25;2025-11-15;3;1.1
25;2025-11-15;4;1.1
25;2025-11-15;5;21.3
25;2025-11-15;6;95.6
25;2025-11-15;7;162.2
25;2025-11-15;8;255.6
25;2025-11-15;9;288.0
25;2025-11-15;10;319.6
25;2025-11-15;11;384.0
25;2025-11-15;12;429.8
25;2025-11-15;13;499.6
25;2025-11-15;14;508.8
25;2025-11-15;15;545.6
25;2025-11-15;16;527.8
25;2025-11-15;17;490.5
25;2025-11-15;18;447.0
25;2025-11-15;19;378.1
25;2025-11-15;20;283.7
25;2025-11-15;21;212.7
25;2025-11-15;22;136.7
25;2025-11-15;23;74.5
25;2025-11-16;0;20.3
25;2025-11-16;1;4.1
25;2025-11-16;2;2.0
25;2025-11-16;3;0.0
25;2025-11-16;4;0.2
25;2025-11-16;5;14.1
25;2025-11-16;6;68.8
25;2025-11-16;7;117.7
25;2025-11-16;8;186.7
25;2025-11-16;9;235.9
25;2025-11-16;10;274.7
25;2025-11-16;11;342.1
25;2025-11-16;12;396.0
25;2025-11-16;13;449.7
25;2025-11-16;14;460.6
25;2025-11-16;15;502.0
25;2025-11-16;16;473.6
25;2025-11-16;17;452.7
25;2025-11-16;18;406.7
25;2025-11-16;19;326.6
25;2025-11-16;20;251.3
25;2025-11-16;21;187.5
25;2025-11-16;22;116.4
25;2025-11-16;23;61.4
25;2025-11-17;0;10.2
25;2025-11-17;1;0.6
25;2025-11-17;2;0.6
25;2025-11-17;3;0.6
25;2025-11-17;4;2.6
25;2025-11-17;5;37.2
25;2025-11-17;6;221.3
25;2025-11-17;7;572.6
25;2025-11-17;8;855.6
25;2025-11-17;9;547.7
25;2025-11-17;10;420.3
25;2025-11-17;11;429.2
25;2025-11-17;12;442.5
25;2025-11-17;13;484.4
25;2025-11-17;14;474.8
25;2025-11-17;15;523.7
25;2025-11-17;16;616.6
25;2025-11-17;17;721.0
25;2025-11-17;18;761.6
25;2025-11-17;19;550.0
25;2025-11-17;20;362.2
25;2025-11-17;21;225.5
25;2025-11-17;22;109.7
25;2025-11-17;23;31.4
25;2025-11-18;0;8.8
25;2025-11-18;1;0.6
25;2025-11-18;2;0.5
25;2025-11-18;3;0.7
25;2025-11-18;4;3.2
25;2025-11-18;5;38.2
25;2025-11-18;6;230.1
25;2025-11-18;7;581.8
25;2025-11-18;8;871.3
25;2025-11-18;9;547.2
25;2025-11-18;10;430.8
25;2025-11-18;11;450.3
25;2025-11-18;12;452.3
25;2025-11-18;13;492.3
25;2025-11-18;14;482.3
25;2025-11-18;15;537.5
25;2025-11-18;16;638.6
25;2025-11-18;17;730.2
25;2025-11-18;18;780.1
25;2025-11-18;19;559.6
25;2025-11-18;20;361.2
25;2025-11-18;21;234.1
25;2025-11-18;22;115.3
25;2025-11-18;23;35.4
25;2025-11-19;0;9.0
25;2025-11-19;1;0.7
25;2025-11-19;2;0.4
25;2025-11-19;3;0.6
25;2025-11-19;4;2.4
25;2025-11-19;5;37.2
25;2025-11-19;6;235.8
25;2025-11-19;7;574.1
25;2025-11-19;8;859.1
25;2025-11-19;9;552.5
25;2025-11-19;10;436.1
25;2025-11-19;11;442.9
25;2025-11-19;12;457.3
25;2025-11-19;13;500.5
25;2025-11-19;14;471.0
25;2025-11-19;15;541.6
25;2025-11-19;16;632.1
25;2025-11-19;17;743.2
25;2025-11-19;18;797.7
25;2025-11-19;19;578.1
25;2025-11-19;20;368.2
25;2025-11-19;21;235.7
25;2025-11-19;22;126.0
25;2025-11-19;23;38.7
25;2025-11-20;0;9.5
25;2025-11-20;1;0.6
25;2025-11-20;2;0.1
25;2025-11-20;3;0.3
25;2025-11-20;4;2.1
25;2025-11-20;5;34.4
25;2025-11-20;6;230.7
25;2025-11-20;7;576.5
25;2025-11-20;8;853.7
25;2025-11-20;9;556.8
25;2025-11-20;10;436.7
25;2025-11-20;11;449.4
25;2025-11-20;12;457.0
25;2025-11-20;13;498.0
25;2025-11-20;14;498.1
25;2025-11-20;15;560.4
25;2025-11-20;16;644.7
25;2025-11-20;17;741.8
25;2025-11-20;18;789.9
25;2025-11-20;19;576.1
25;2025-11-20;20;370.2
25;2025-11-20;21;238.5
25;2025-11-20;22;125.2
25;2025-11-20;23;40.7
25;2025-11-21;0;8.8
25;2025-11-21;1;0.7
25;2025-11-21;2;0.2
25;2025-11-21;3;0.2
25;2025-11-21;4;1.9
25;2025-11-21;5;36.3
25;2025-11-21;6;221.5
25;2025-11-21;7;567.8
25;2025-11-21;8;838.4
25;2025-11-21;9;536.3
25;2025-11-21;10;432.3
25;2025-11-21;11;449.6
25;2025-11-21;12;461.3
25;2025-11-21;13;504.6
25;2025-11-21;14;496.2
25;2025-11-21;15;566.0
25;2025-11-21;16;675.2
25;2025-11-21;17;733.4
25;2025-11-21;18;694.8
25;2025-11-21;19;527.8
25;2025-11-21;20;347.9
25;2025-11-21;21;231.8
25;2025-11-21;22;132.1
25;2025-11-21;23;45.2
25;2025-11-22;0;18.0
25;2025-11-22;1;5.3
25;2025-11-22;2;2.8
25;2025-11-22;3;1.1
25;2025-11-22;4;1.1
25;2025-11-22;5;21.5
25;2025-11-22;6;97.5
25;2025-11-22;7;166.9
25;2025-11-22;8;261.5
25;2025-11-22;9;295.7
25;2025-11-22;10;329.5
25;2025-11-22;11;395.8
25;2025-11-22;12;442.2
25;2025-11-22;13;513.1
25;2025-11-22;14;522.3
25;2025-11-22;15;558.7
25;2025-11-22;16;540.7
25;2025-11-22;17;501.4
25;2025-11-22;18;455.5
25;2025-11-22;19;385.0
25;2025-11-22;20;288.7
25;2025-11-22;21;215.9
25;2025-11-22;22;139.0
25;2025-11-22;23;76.5
25;2025-11-23;0;20.3
25;2025-11-23;1;4.2
25;2025-11-23;2;2.1
25;2025-11-23;3;0.1
25;2025-11-23;4;0.2
25;2025-11-23;5;14.5
25;2025-11-23;6;70.7
25;2025-11-23;7;122.9
25;2025-11-23;8;193.2
25;2025-11-23;9;244.0
25;2025-11-23;10;284.0
25;2025-11-23;11;352.4
25;2025-11-23;12;407.4
25;2025-11-23;13;461.6
25;2025-11-23;14;472.7
25;2025-11-23;15;513.6
25;2025-11-23;16;485.1
25;2025-11-23;17;462.1
25;2025-11-23;18;414.0
25;2025-11-23;19;333.0
25;2025-11-23;20;255.7
25;2025-11-23;21;190.5
25;2025-11-23;22;118.5
25;2025-11-23;23;63.4
25;2025-11-24;0;10.3
25;2025-11-24;1;0.7
25;2025-11-24;2;0.8
25;2025-11-24;3;0.9
25;2025-11-24;4;2.9
25;2025-11-24;5;37.8
25;2025-11-24;6;222.9
25;2025-11-24;7;578.9
25;2025-11-24;8;863.8
25;2025-11-24;9;555.0
25;2025-11-24;10;426.5
25;2025-11-24;11;435.4
25;2025-11-24;12;448.9
25;2025-11-24;13;490.8
25;2025-11-24;14;481.4
25;2025-11-24;15;531.0
25;2025-11-24;16;624.1
25;2025-11-24;17;728.8
25;2025-11-24;18;769.6
25;2025-11-24;19;556.7
25;2025-11-24;20;366.6
25;2025-11-24;21;227.6
25;2025-11-24;22;111.0
25;2025-11-24;23;32.5
25;2025-11-25;0;9.1
25;2025-11-25;1;0.9
25;2025-11-25;2;0.8
25;2025-11-25;3;0.9
25;2025-11-25;4;3.6
25;2025-11-25;5;39.1
25;2025-11-25;6;231.9
25;2025-11-25;7;588.3
25;2025-11-25;8;879.9
25;2025-11-25;9;554.9
25;2025-11-25;10;437.2
25;2025-11-25;11;456.6
25;2025-11-25;12;459.0
25;2025-11-25;13;499.1
25;2025-11-25;14;489.4
25;2025-11-25;15;545.2
25;2025-11-25;16;646.5
25;2025-11-25;17;738.4
25;2025-11-25;18;788.3
25;2025-11-25;19;566.4
25;2025-11-25;20;365.6
25;2025-11-25;21;236.3
25;2025-11-25;22;117.0
25;2025-11-25;23;36.9
25;2025-11-26;0;9.5
25;2025-11-26;1;1.1
25;2025-11-26;2;0.7
25;2025-11-26;3;0.8
25;2025-11-26;4;2.9
25;2025-11-26;5;37.9
25;2025-11-26;6;236.7
25;2025-11-26;7;577.2
25;2025-11-26;8;863.7
25;2025-11-26;9;556.7
25;2025-11-26;10;439.4
25;2025-11-26;11;446.4
25;2025-11-26;12;461.0
25;2025-11-26;13;504.2
25;2025-11-26;14;474.9
25;2025-11-26;15;546.1
25;2025-11-26;16;636.7
25;2025-11-26;17;747.9
25;2025-11-26;18;802.3
25;2025-11-26;19;582.1
25;2025-11-26;20;370.7
25;2025-11-26;21;237.0
25;2025-11-26;22;127.3
25;2025-11-26;23;40.0
25;2025-11-27;0;9.5
25;2025-11-27;1;0.5
25;2025-11-27;2;0.1
25;2025-11-27;3;0.2
25;2025-11-27;4;2.2
25;2025-11-27;5;34.5
25;2025-11-27;6;230.2
25;2025-11-27;7;577.4
25;2025-11-27;8;855.2
25;2025-11-27;9;558.2
25;2025-11-27;10;437.3
25;2025-11-27;11;450.3
25;2025-11-27;12;458.1
25;2025-11-27;13;499.0
25;2025-11-27;14;499.2
25;2025-11-27;15;562.1
25;2025-11-27;16;646.5
25;2025-11-27;17;743.3
25;2025-11-27;18;791.2
25;2025-11-27;19;577.2
25;2025-11-27;20;370.1
25;2025-11-27;21;237.9
25;2025-11-27;22;124.8
25;2025-11-27;23;40.5
25;2025-11-28;0;8.8
25;2025-11-28;1;0.7
25;2025-11-28;2;0.4
25;2025-11-28;3;0.2
25;2025-11-28;4;2.0
25;2025-11-28;5;36.3
25;2025-11-28;6;219.3
25;2025-11-28;7;558.2
25;2025-11-28;8;826.4
25;2025-11-28;9;525.6
25;2025-11-28;10;422.2
25;2025-11-28;11;439.6
25;2025-11-28;12;451.9
25;2025-11-28;13;495.1
25;2025-11-28;14;486.6
25;2025-11-28;15;556.0
25;2025-11-28;16;665.0
25;2025-11-28;17;723.2
25;2025-11-28;18;685.3
25;2025-11-28;19;519.1
25;2025-11-28;20;340.1
25;2025-11-28;21;226.3
25;2025-11-28;22;127.9
25;2025-11-28;23;41.3
25;2025-11-29;0;19.3
25;2025-11-29;1;6.6
25;2025-11-29;2;3.9
25;2025-11-29;3;2.0
25;2025-11-29;4;1.7
25;2025-11-29;5;22.3
25;2025-11-29;6;95.1
25;2025-11-29;7;154.9
25;2025-11-29;8;246.5
25;2025-11-29;9;279.5
25;2025-11-29;10;312.1
25;2025-11-29;11;378.5
25;2025-11-29;12;427.3
25;2025-11-29;13;498.3
25;2025-11-29;14;507.0
25;2025-11-29;15;543.8
25;2025-11-29;16;525.9
25;2025-11-29;17;486.2
25;2025-11-29;18;440.9
25;2025-11-29;19;373.0
25;2025-11-29;20;279.7
25;2025-11-29;21;210.8
25;2025-11-29;22;135.7
25;2025-11-29;23;73.6
25;2025-11-30;0;20.7
25;2025-11-30;1;4.7
25;2025-11-30;2;2.5
25;2025-11-30;3;0.2
25;2025-11-30;4;0.2
25;2025-11-30;5;14.4
25;2025-11-30;6;69.1
25;2025-11-30;7;113.9
25;2025-11-30;8;182.0
25;2025-11-30;9;230.7
25;2025-11-30;10;268.1
25;2025-11-30;11;335.7
25;2025-11-30;12;392.0
25;2025-11-30;13;446.4
25;2025-11-30;14;456.9
25;2025-11-30;15;498.5
25;2025-11-30;16;469.9
25;2025-11-30;17;447.7
25;2025-11-30;18;401.5
25;2025-11-30;19;322.9
25;2025-11-30;20;248.6
25;2025-11-30;21;186.7
25;2025-11-30;22;115.6
25;2025-11-30;23;60.9
25;2025-12-01;0;11.4
25;2025-12-01;1;1.1
25;2025-12-01;2;1.5
25;2025-12-01;3;1.3
25;2025-12-01;4;3.7
25;2025-12-01;5;41.4
25;2025-12-01;6;239.6
25;2025-12-01;7;615.6
25;2025-12-01;8;920.5
25;2025-12-01;9;589.1
25;2025-12-01;10;452.2
25;2025-12-01;11;462.6
25;2025-12-01;12;477.9
25;2025-12-01;13;523.5
25;2025-12-01;14;513.1
25;2025-12-01;15;566.0
25;2025-12-01;16;666.3
25;2025-12-01;17;776.4
25;2025-12-01;18;818.1
25;2025-12-01;19;592.2
25;2025-12-01;20;389.0
25;2025-12-01;21;241.7
25;2025-12-01;22;116.8
25;2025-12-01;23;32.1
25;2025-12-02;0;10.4
25;2025-12-02;1;1.7
25;2025-12-02;2;2.0
25;2025-12-02;3;1.9
25;2025-12-02;4;4.7
25;2025-12-02;5;42.1
25;2025-12-02;6;247.5
25;2025-12-02;7;621.6
25;2025-12-02;8;932.9
25;2025-12-02;9;584.2
25;2025-12-02;10;458.7
25;2025-12-02;11;480.6
25;2025-12-02;12;483.9
25;2025-12-02;13;527.8
25;2025-12-02;14;516.9
25;2025-12-02;15;576.5
25;2025-12-02;16;685.6
25;2025-12-02;17;782.4
25;2025-12-02;18;834.3
25;2025-12-02;19;598.8
25;2025-12-02;20;385.8
25;2025-12-02;21;249.6
25;2025-12-02;22;122.0
25;2025-12-02;23;35.9
25;2025-12-03;0;11.0
25;2025-12-03;1;2.1
25;2025-12-03;2;2.3
25;2025-12-03;3;2.2
25;2025-12-03;4;4.3
25;2025-12-03;5;41.0
25;2025-12-03;6;252.4
25;2025-12-03;7;609.0
25;2025-12-03;8;914.3
25;2025-12-03;9;584.4
25;2025-12-03;10;459.3
25;2025-12-03;11;467.7
25;2025-12-03;12;485.1
25;2025-12-03;13;532.6
25;2025-12-03;14;500.7
25;2025-12-03;15;577.0
25;2025-12-03;16;674.7
25;2025-12-03;17;792.2
25;2025-12-03;18;849.1
25;2025-12-03;19;615.8
25;2025-12-03;20;391.2
25;2025-12-03;21;250.4
25;2025-12-03;22;133.3
25;2025-12-03;23;39.4
25;2025-12-04;0;11.0
25;2025-12-04;1;1.1
25;2025-12-04;2;0.9
25;2025-12-04;3;0.8
25;2025-12-04;4;3.4
25;2025-12-04;5;37.5
25;2025-12-04;6;245.4
25;2025-12-04;7;611.6
25;2025-12-04;8;907.5
25;2025-12-04;9;588.6
25;2025-12-04;10;459.5
25;2025-12-04;11;474.6
25;2025-12-04;12;485.0
25;2025-12-04;13;530.7
25;2025-12-04;14;531.9
25;2025-12-04;15;599.5
25;2025-12-04;16;690.6
25;2025-12-04;17;793.1
25;2025-12-04;18;843.3
25;2025-12-04;19;614.9
25;2025-12-04;20;394.6
25;2025-12-04;21;254.3
25;2025-12-04;22;133.4
25;2025-12-04;23;42.5
25;2025-12-05;0;9.9
25;2025-12-05;1;1.2
25;2025-12-05;2;0.9
25;2025-12-05;3;0.7
25;2025-12-05;4;2.9
25;2025-12-05;5;39.3
25;2025-12-05;6;234.9
25;2025-12-05;7;600.4
25;2025-12-05;8;887.6
25;2025-12-05;9;562.9
25;2025-12-05;10;451.8
25;2025-12-05;11;471.5
25;2025-12-05;12;486.1
25;2025-12-05;13;534.3
25;2025-12-05;14;526.3
25;2025-12-05;15;601.6
25;2025-12-05;16;719.1
25;2025-12-05;17;781.3
25;2025-12-05;18;740.5
25;2025-12-05;19;560.8
25;2025-12-05;20;369.5
25;2025-12-05;21;246.7
25;2025-12-05;22;140.8
25;2025-12-05;23;47.2
25;2025-12-06;0;19.4
25;2025-12-06;1;5.7
25;2025-12-06;2;3.0
25;2025-12-06;3;1.1
25;2025-12-06;4;1.4
25;2025-12-06;5;22.6
25;2025-12-06;6;99.4
25;2025-12-06;7;162.3
25;2025-12-06;8;257.5
25;2025-12-06;9;292.4
25;2025-12-06;10;327.7
25;2025-12-06;11;400.3
25;2025-12-06;12;455.6
25;2025-12-06;13;535.3
25;2025-12-06;14;548.3
25;2025-12-06;15;590.0
25;2025-12-06;16;571.9
25;2025-12-06;17;530.2
25;2025-12-06;18;482.2
25;2025-12-06;19;408.0
25;2025-12-06;20;308.5
25;2025-12-06;21;233.4
25;2025-12-06;22;152.5
25;2025-12-06;23;85.6
25;2025-12-07;0;21.5
25;2025-12-07;1;4.2
25;2025-12-07;2;1.7
25;2025-12-07;3;0.0
25;2025-12-07;4;0.4
25;2025-12-07;5;14.7
25;2025-12-07;6;73.2
25;2025-12-07;7;119.9
25;2025-12-07;8;191.5
25;2025-12-07;9;243.3
25;2025-12-07;10;283.8
25;2025-12-07;11;357.0
25;2025-12-07;12;419.7
25;2025-12-07;13;481.1
25;2025-12-07;14;496.0
25;2025-12-07;15;542.8
25;2025-12-07;16;513.1
25;2025-12-07;17;490.6
25;2025-12-07;18;441.6
25;2025-12-07;19;355.8
25;2025-12-07;20;275.8
25;2025-12-07;21;207.9
25;2025-12-07;22;131.2
25;2025-12-07;23;72.4
25;2025-12-08;0;10.0
25;2025-12-08;1;1.0
25;2025-12-08;2;1.5
25;2025-12-08;3;1.4
25;2025-12-08;4;4.9
25;2025-12-08;5;42.7
25;2025-12-08;6;227.5
25;2025-12-08;7;593.8
25;2025-12-08;8;885.7
25;2025-12-08;9;560.5
25;2025-12-08;10;425.9
25;2025-12-08;11;436.9
25;2025-12-08;12;453.0
25;2025-12-08;13;499.9
25;2025-12-08;14;490.7
25;2025-12-08;15;543.9
25;2025-12-08;16;644.0
25;2025-12-08;17;753.1
25;2025-12-08;18;794.3
25;2025-12-08;19;580.2
25;2025-12-08;20;384.4
25;2025-12-08;21;239.7
25;2025-12-08;22;117.3
25;2025-12-08;23;32.8
25;2025-12-09;0;9.2
25;2025-12-09;1;1.3
25;2025-12-09;2;1.7
25;2025-12-09;3;1.7
25;2025-12-09;4;5.8
25;2025-12-09;5;43.9
25;2025-12-09;6;235.2
25;2025-12-09;7;599.0
25;2025-12-09;8;897.4
25;2025-12-09;9;554.8
25;2025-12-09;10;431.2
25;2025-12-09;11;453.6
25;2025-12-09;12;458.0
25;2025-12-09;13;503.3
25;2025-12-09;14;493.7
25;2025-12-09;15;554.0
25;2025-12-09;16;663.0
25;2025-12-09;17;758.7
25;2025-12-09;18;810.2
25;2025-12-09;19;586.8
25;2025-12-09;20;380.5
25;2025-12-09;21;247.0
25;2025-12-09;22;122.0
25;2025-12-09;23;36.1
25;2025-12-10;0;9.5
25;2025-12-10;1;1.5
25;2025-12-10;2;1.6
25;2025-12-10;3;1.7
25;2025-12-10;4;5.0
25;2025-12-10;5;42.5
25;2025-12-10;6;240.3
25;2025-12-10;7;586.6
25;2025-12-10;8;879.7
25;2025-12-10;9;556.3
25;2025-12-10;10;433.1
25;2025-12-10;11;442.0
25;2025-12-10;12;459.7
25;2025-12-10;13;508.3
25;2025-12-10;14;477.6
25;2025-12-10;15;554.6
25;2025-12-10;16;652.2
25;2025-12-10;17;768.6
25;2025-12-10;18;825.1
25;2025-12-10;19;603.6
25;2025-12-10;20;385.8
25;2025-12-10;21;247.6
25;2025-12-10;22;132.9
25;2025-12-10;23;39.2
25;2025-12-11;0;11.2
25;2025-12-11;1;1.8
25;2025-12-11;2;1.8
25;2025-12-11;3;1.8
25;2025-12-11;4;6.4
25;2025-12-11;5;41.3
25;2025-12-11;6;241.1
25;2025-12-11;7;600.0
25;2025-12-11;8;887.6
25;2025-12-11;9;575.4
25;2025-12-11;10;448.9
25;2025-12-11;11;465.7
25;2025-12-11;12;476.2
25;2025-12-11;13;522.9
25;2025-12-11;14;524.5
25;2025-12-11;15;592.1
25;2025-12-11;16;682.3
25;2025-12-11;17;783.0
25;2025-12-11;18;828.1
25;2025-12-11;19;610.0
25;2025-12-11;20;393.3
25;2025-12-11;21;255.4
25;2025-12-11;22;136.2
25;2025-12-11;23;45.3
25;2025-12-12;0;10.8
25;2025-12-12;1;2.2
25;2025-12-12;2;1.8
25;2025-12-12;3;2.0
25;2025-12-12;4;6.9
25;2025-12-12;5;44.6
25;2025-12-12;6;233.7
25;2025-12-12;7;592.6
25;2025-12-12;8;872.3
25;2025-12-12;9;554.1
25;2025-12-12;10;445.2
25;2025-12-12;11;464.5
25;2025-12-12;12;479.0
25;2025-12-12;13;526.6
25;2025-12-12;14;518.2
25;2025-12-12;15;592.8
25;2025-12-12;16;709.3
25;2025-12-12;17;771.9
25;2025-12-12;18;735.4
25;2025-12-12;19;559.4
25;2025-12-12;20;370.4
25;2025-12-12;21;247.2
25;2025-12-12;22;142.1
25;2025-12-12;23;48.2
25;2025-12-13;0;22.4
25;2025-12-13;1;9.1
25;2025-12-13;2;6.3
25;2025-12-13;3;4.3
25;2025-12-13;4;4.4
25;2025-12-13;5;27.1
25;2025-12-13;6;96.9
25;2025-12-13;7;154.2
25;2025-12-13;8;244.8
25;2025-12-13;9;278.2
25;2025-12-13;10;313.4
25;2025-12-13;11;385.0
25;2025-12-13;12;440.6
25;2025-12-13;13;520.3
25;2025-12-13;14;533.1
25;2025-12-13;15;575.4
25;2025-12-13;16;558.3
25;2025-12-13;17;518.1
25;2025-12-13;18;474.4
25;2025-12-13;19;403.3
25;2025-12-13;20;306.2
25;2025-12-13;21;231.6
25;2025-12-13;22;152.5
25;2025-12-13;23;85.4
25;2025-12-14;0;23.0
25;2025-12-14;1;6.0
25;2025-12-14;2;3.4
25;2025-12-14;3;0.8
25;2025-12-14;4;1.3
25;2025-12-14;5;18.1
25;2025-12-14;6;72.0
25;2025-12-14;7;113.5
25;2025-12-14;8;181.5
25;2025-12-14;9;231.4
25;2025-12-14;10;271.2
25;2025-12-14;11;342.4
25;2025-12-14;12;405.1
25;2025-12-14;13;466.0
25;2025-12-14;14;480.9
25;2025-12-14;15;528.4
25;2025-12-14;16;499.7
25;2025-12-14;17;478.9
25;2025-12-14;18;434.4
25;2025-12-14;19;351.6
25;2025-12-14;20;274.0
25;2025-12-14;21;206.0
25;2025-12-14;22;130.6
25;2025-12-14;23;71.5
25;2025-12-15;0;10.0
25;2025-12-15;1;1.0
25;2025-12-15;2;1.5
25;2025-12-15;3;1.4
25;2025-12-15;4;4.9
25;2025-12-15;5;42.7
25;2025-12-15;6;227.5
25;2025-12-15;7;593.8
25;2025-12-15;8;885.7
25;2025-12-15;9;560.5
25;2025-12-15;10;425.9
25;2025-12-15;11;436.9
25;2025-12-15;12;453.0
25;2025-12-15;13;499.9
25;2025-12-15;14;490.7
25;2025-12-15;15;543.9
25;2025-12-15;16;644.0
25;2025-12-15;17;753.1
25;2025-12-15;18;794.3
25;2025-12-15;19;580.2
25;2025-12-15;20;384.4
25;2025-12-15;21;239.7
25;2025-12-15;22;117.3
25;2025-12-15;23;32.8
25;2025-12-16;0;9.2
25;2025-12-16;1;1.3
25;2025-12-16;2;1.7
25;2025-12-16;3;1.7
25;2025-12-16;4;5.8
25;2025-12-16;5;43.9
25;2025-12-16;6;235.2
25;2025-12-16;7;599.0
25;2025-12-16;8;897.4
25;2025-12-16;9;554.8
25;2025-12-16;10;431.2
25;2025-12-16;11;453.6
25;2025-12-16;12;458.0
25;2025-12-16;13;503.3
25;2025-12-16;14;493.7
25;2025-12-16;15;554.0
25;2025-12-16;16;663.0
25;2025-12-16;17;758.7
25;2025-12-16;18;810.2
25;2025-12-16;19;586.8
25;2025-12-16;20;380.5
25;2025-12-16;21;247.0
25;2025-12-16;22;122.0
25;2025-12-16;23;36.1
25;2025-12-17;0;9.5
25;2025-12-17;1;1.5
25;2025-12-17;2;1.6
25;2025-12-17;3;1.7
25;2025-12-17;4;5.0
25;2025-12-17;5;42.5
25;2025-12-17;6;240.3
25;2025-12-17;7;586.6
25;2025-12-17;8;879.7
25;2025-12-17;9;556.3
25;2025-12-17;10;433.1
25;2025-12-17;11;442.0
25;2025-12-17;12;459.7
25;2025-12-17;13;508.3
25;2025-12-17;14;477.6
25;2025-12-17;15;554.6
25;2025-12-17;16;652.2
25;2025-12-17;17;768.6
25;2025-12-17;18;825.1
25;2025-12-17;19;603.6
25;2025-12-17;20;385.8
25;2025-12-17;21;247.6
25;2025-12-17;22;132.9
25;2025-12-17;23;39.2
25;2025-12-18;0;11.2
25;2025-12-18;1;1.8
25;2025-12-18;2;1.8
25;2025-12-18;3;1.8
25;2025-12-18;4;6.4
25;2025-12-18;5;41.3
25;2025-12-18;6;241.1
25;2025-12-18;7;600.0
25;2025-12-18;8;887.6
25;2025-12-18;9;575.4
25;2025-12-18;10;448.9
25;2025-12-18;11;465.7
25;2025-12-18;12;476.2
25;2025-12-18;13;522.9
25;2025-12-18;14;524.5
25;2025-12-18;15;592.1
25;2025-12-18;16;682.3
25;2025-12-18;17;783.0
25;2025-12-18;18;828.1
25;2025-12-18;19;610.0
25;2025-12-18;20;393.3
25;2025-12-18;21;255.4
25;2025-12-18;22;136.2
25;2025-12-18;23;45.3
25;2025-12-19;0;10.8
25;2025-12-19;1;2.2
25;2025-12-19;2;1.8
25;2025-12-19;3;2.0
25;2025-12-19;4;6.9
25;2025-12-19;5;44.6
25;2025-12-19;6;233.7
25;2025-12-19;7;592.6
25;2025-12-19;8;872.3
25;2025-12-19;9;554.1
25;2025-12-19;10;445.2
25;2025-12-19;11;464.5
25;2025-12-19;12;479.0
25;2025-12-19;13;526.6
25;2025-12-19;14;518.2
25;2025-12-19;15;592.8
25;2025-12-19;16;709.3
25;2025-12-19;17;771.9
25;2025-12-19;18;735.4
25;2025-12-19;19;559.4
25;2025-12-19;20;370.4
25;2025-12-19;21;247.2
25;2025-12-19;22;142.1
25;2025-12-19;23;48.2
25;2025-12-20;0;22.4
25;2025-12-20;1;9.1
25;2025-12-20;2;6.3
25;2025-12-20;3;4.3
25;2025-12-20;4;4.4
25;2025-12-20;5;27.1
25;2025-12-20;6;96.9
25;2025-12-20;7;154.2
25;2025-12-20;8;244.8
25;2025-12-20;9;278.2
25;2025-12-20;10;313.4
25;2025-12-20;11;385.0
25;2025-12-20;12;440.6
25;2025-12-20;13;520.3
25;2025-12-20;14;533.1
25;2025-12-20;15;575.4
25;2025-12-20;16;558.3
25;2025-12-20;17;518.1
25;2025-12-20;18;474.4
25;2025-12-20;19;403.3
25;2025-12-20;20;306.2
25;2025-12-20;21;231.6
25;2025-12-20;22;152.5
25;2025-12-20;23;85.4
25;2025-12-21;0;23.0
25;2025-12-21;1;6.0
25;2025-12-21;2;3.4
25;2025-12-21;3;0.8
25;2025-12-21;4;1.3
25;2025-12-21;5;18.1
25;2025-12-21;6;72.0
25;2025-12-21;7;113.5
25;2025-12-21;8;181.5
25;2025-12-21;9;231.4
25;2025-12-21;10;271.2
25;2025-12-21;11;342.4
25;2025-12-21;12;405.1
25;2025-12-21;13;466.0
25;2025-12-21;14;480.9
25;2025-12-21;15;528.4
25;2025-12-21;16;499.7
25;2025-12-21;17;478.9
25;2025-12-21;18;434.4
25;2025-12-21;19;351.6
25;2025-12-21;20;274.0
25;2025-12-21;21;206.0
25;2025-12-21;22;130.6
25;2025-12-21;23;71.5
25;2025-12-22;0;10.0
25;2025-12-22;1;1.0
25;2025-12-22;2;1.5
25;2025-12-22;3;1.4
25;2025-12-22;4;4.9
25;2025-12-22;5;42.7
25;2025-12-22;6;227.5
25;2025-12-22;7;593.8
25;2025-12-22;8;885.7
25;2025-12-22;9;560.5
25;2025-12-22;10;425.9
25;2025-12-22;11;436.9
25;2025-12-22;12;453.0
25;2025-12-22;13;499.9
25;2025-12-22;14;490.7
25;2025-12-22;15;543.9
25;2025-12-22;16;644.0
25;2025-12-22;17;753.1
25;2025-12-22;18;794.3
25;2025-12-22;19;580.2
25;2025-12-22;20;384.4
25;2025-12-22;21;239.7
25;2025-12-22;22;117.3
25;2025-12-22;23;32.8
25;2025-12-23;0;9.2
25;2025-12-23;1;1.3
25;2025-12-23;2;1.7
25;2025-12-23;3;1.7
25;2025-12-23;4;5.8
25;2025-12-23;5;43.9
25;2025-12-23;6;235.2
25;2025-12-23;7;599.0
25;2025-12-23;8;897.4
25;2025-12-23;9;554.8
25;2025-12-23;10;431.2
25;2025-12-23;11;453.6
25;2025-12-23;12;458.0
25;2025-12-23;13;503.3
25;2025-12-23;14;493.7
25;2025-12-23;15;554.0
25;2025-12-23;16;663.0
25;2025-12-23;17;758.7
25;2025-12-23;18;810.2
25;2025-12-23;19;586.8
25;2025-12-23;20;380.5
25;2025-12-23;21;247.0
25;2025-12-23;22;122.0
25;2025-12-23;23;36.1
25;2025-12-24;0;9.5
25;2025-12-24;1;1.5
25;2025-12-24;2;1.6
25;2025-12-24;3;1.7
25;2025-12-24;4;5.0
25;2025-12-24;5;42.5
25;2025-12-24;6;240.3
25;2025-12-24;7;586.6
25;2025-12-24;8;879.7
25;2025-12-24;9;556.3
25;2025-12-24;10;433.1
25;2025-12-24;11;442.0
25;2025-12-24;12;459.7
25;2025-12-24;13;508.3
25;2025-12-24;14;477.6
25;2025-12-24;15;554.6
25;2025-12-24;16;652.2
25;2025-12-24;17;768.6
25;2025-12-24;18;825.1
25;2025-12-24;19;603.6
25;2025-12-24;20;385.8
25;2025-12-24;21;247.6
25;2025-12-24;22;132.9
25;2025-12-24;23;39.2
25;2025-12-25;0;11.2
25;2025-12-25;1;1.8
25;2025-12-25;2;1.8
25;2025-12-25;3;1.8
25;2025-12-25;4;6.4
25;2025-12-25;5;41.3
25;2025-12-25;6;241.1
25;2025-12-25;7;600.0
25;2025-12-25;8;887.6
25;2025-12-25;9;575.4
25;2025-12-25;10;448.9
25;2025-12-25;11;465.7
25;2025-12-25;12;476.2
25;2025-12-25;13;522.9
25;2025-12-25;14;524.5
25;2025-12-25;15;592.1
25;2025-12-25;16;682.3
25;2025-12-25;17;783.0
25;2025-12-25;18;828.1
25;2025-12-25;19;610.0
25;2025-12-25;20;393.3
25;2025-12-25;21;255.4
25;2025-12-25;22;136.2
25;2025-12-25;23;45.3
25;2025-12-26;0;10.8
25;2025-12-26;1;2.2
25;2025-12-26;2;1.8
25;2025-12-26;3;2.0
25;2025-12-26;4;6.9
25;2025-12-26;5;44.6
25;2025-12-26;6;233.7
25;2025-12-26;7;592.6
25;2025-12-26;8;872.3
25;2025-12-26;9;554.1
25;2025-12-26;10;445.2
25;2025-12-26;11;464.5
25;2025-12-26;12;479.0
25;2025-12-26;13;526.6
25;2025-12-26;14;518.2
25;2025-12-26;15;592.8
25;2025-12-26;16;709.3
25;2025-12-26;17;771.9
25;2025-12-26;18;735.4
25;2025-12-26;19;559.4
25;2025-12-26;20;370.4
25;2025-12-26;21;247.2
25;2025-12-26;22;142.1
25;2025-12-26;23;48.2
25;2025-12-27;0;22.4
25;2025-12-27;1;9.1
25;2025-12-27;2;6.3
25;2025-12-27;3;4.3
25;2025-12-27;4;4.4
25;2025-12-27;5;27.1
25;2025-12-27;6;96.9
25;2025-12-27;7;154.2
25;2025-12-27;8;244.8
25;2025-12-27;9;278.2
25;2025-12-27;10;313.4
25;2025-12-27;11;385.0
25;2025-12-27;12;440.6
25;2025-12-27;13;520.3
25;2025-12-27;14;533.1
25;2025-12-27;15;575.4
25;2025-12-27;16;558.3
25;2025-12-27;17;518.1
25;2025-12-27;18;474.4
25;2025-12-27;19;403.3
25;2025-12-27;20;306.2
25;2025-12-27;21;231.6
25;2025-12-27;22;152.5
25;2025-12-27;23;85.4
25;2025-12-28;0;23.0
25;2025-12-28;1;6.0
25;2025-12-28;2;3.4
25;2025-12-28;3;0.8
25;2025-12-28;4;1.3
25;2025-12-28;5;18.1
25;2025-12-28;6;72.0
25;2025-12-28;7;113.5
25;2025-12-28;8;181.5
25;2025-12-28;9;231.4
25;2025-12-28;10;271.2
25;2025-12-28;11;342.4
25;2025-12-28;12;405.1
25;2025-12-28;13;466.0
25;2025-12-28;14;480.9
25;2025-12-28;15;528.4
25;2025-12-28;16;499.7
25;2025-12-28;17;478.9
25;2025-12-28;18;434.4
25;2025-12-28;19;351.6
25;2025-12-28;20;274.0
25;2025-12-28;21;206.0
25;2025-12-28;22;130.6
25;2025-12-28;23;71.5
25;2025-12-29;0;10.0
25;2025-12-29;1;1.0
25;2025-12-29;2;1.5
25;2025-12-29;3;1.4
25;2025-12-29;4;4.9
25;2025-12-29;5;42.7
25;2025-12-29;6;227.5
25;2025-12-29;7;593.8
25;2025-12-29;8;885.7
25;2025-12-29;9;560.5
25;2025-12-29;10;425.9
25;2025-12-29;11;436.9
25;2025-12-29;12;453.0
25;2025-12-29;13;499.9
25;2025-12-29;14;490.7
25;2025-12-29;15;543.9
25;2025-12-29;16;644.0
25;2025-12-29;17;753.1
25;2025-12-29;18;794.3
25;2025-12-29;19;580.2
25;2025-12-29;20;384.4
25;2025-12-29;21;239.7
25;2025-12-29;22;117.3
25;2025-12-29;23;32.8
25;2025-12-30;0;11.9
25;2025-12-30;1;3.9
25;2025-12-30;2;4.4
25;2025-12-30;3;5.1
25;2025-12-30;4;11.0
25;2025-12-30;5;48.3
25;2025-12-30;6;241.3
25;2025-12-30;7;603.7
25;2025-12-30;8;899.6
25;2025-12-30;9;562.2
25;2025-12-30;10;443.4
25;2025-12-30;11;471.2
25;2025-12-30;12;478.0
25;2025-12-30;13;527.7
25;2025-12-30;14;521.6
25;2025-12-30;15;586.0
25;2025-12-30;16;692.5
25;2025-12-30;17;758.3
25;2025-12-30;18;756.9
25;2025-12-30;19;567.0
25;2025-12-30;20;379.3
25;2025-12-30;21;250.6
25;2025-12-30;22;129.0
25;2025-12-30;23;44.4
25;2025-12-31;0;13.1
25;2025-12-31;1;0.1
25;2025-12-31;2;0.0
25;2025-12-31;3;0.2
25;2025-12-31;4;0.0
25;2025-12-31;5;3.9
25;2025-12-31;6;38.4
25;2025-12-31;7;71.7
25;2025-12-31;8;112.9
25;2025-12-31;9;125.9
25;2025-12-31;10;149.0
25;2025-12-31;11;205.4
25;2025-12-31;12;267.2
25;2025-12-31;13;312.9
25;2025-12-31;14;329.0
25;2025-12-31;15;347.0
25;2025-12-31;16;356.1
25;2025-12-31;17;355.9
25;2025-12-31;18;343.4
25;2025-12-31;19;296.4
25;2025-12-31;20;232.6
25;2025-12-31;21;170.2
25;2025-12-31;22;103.8
25;2025-12-31;23;49.6
26;2025-11-01;0;59.8
26;2025-11-01;1;27.4
26;2025-11-01;2;24.3
26;2025-11-01;3;23.5
26;2025-11-01;4;28.4
26;2025-11-01;5;110.5
26;2025-11-01;6;398.0
26;2025-11-01;7;821.5
26;2025-11-01;8;1326.6
26;2025-11-01;9;1044.1
26;2025-11-01;10;984.4
26;2025-11-01;11;1016.5
26;2025-11-01;12;1055.0
26;2025-11-01;13;1095.5
26;2025-11-01;14;1144.3
26;2025-11-01;15;1181.3
26;2025-11-01;16;1317.1
26;2025-11-01;17;1354.0
26;2025-11-01;18;1150.3
26;2025-11-01;19;946.6
26;2025-11-01;20;664.5
26;2025-11-01;21;462.0
26;2025-11-01;22;257.7
26;2025-11-01;23;158.0
26;2025-11-02;0;49.3
26;2025-11-02;1;11.6
26;2025-11-02;2;5.2
26;2025-11-02;3;1.1
26;2025-11-02;4;1.2
26;2025-11-02;5;34.4
26;2025-11-02;6;152.9
26;2025-11-02;7;258.8
26;2025-11-02;8;392.9
26;2025-11-02;9;512.9
26;2025-11-02;10;602.7
26;2025-11-02;11;747.9
26;2025-11-02;12;809.3
26;2025-11-02;13;857.0
26;2025-11-02;14;861.1
26;2025-11-02;15;817.5
26;2025-11-02;16;789.5
26;2025-11-02;17;777.5
26;2025-11-02;18;696.3
26;2025-11-02;19;582.1
26;2025-11-02;20;446.3
26;2025-11-02;21;323.0
26;2025-11-02;22;186.0
26;2025-11-02;23;92.7
26;2025-11-03;0;49.4
26;2025-11-03;1;17.8
26;2025-11-03;2;13.2
26;2025-11-03;3;8.8
26;2025-11-03;4;8.0
26;2025-11-03;5;53.5
26;2025-11-03;6;204.6
26;2025-11-03;7;347.2
26;2025-11-03;8;487.5
26;2025-11-03;9;545.8
26;2025-11-03;10;612.9
26;2025-11-03;11;715.6
26;2025-11-03;12;817.3
26;2025-11-03;13;872.7
26;2025-11-03;14;884.1
26;2025-11-03;15;877.7
26;2025-11-03;16;879.5
26;2025-11-03;17;866.0
26;2025-11-03;18;840.0
26;2025-11-03;19;716.5
26;2025-11-03;20;537.3
26;2025-11-03;21;383.7
26;2025-11-03;22;230.7
26;2025-11-03;23;120.1
26;2025-11-04;0;48.1
26;2025-11-04;1;15.2
26;2025-11-04;2;12.2
26;2025-11-04;3;8.7
26;2025-11-04;4;6.6
26;2025-11-04;5;44.8
26;2025-11-04;6;186.1
26;2025-11-04;7;317.7
26;2025-11-04;8;453.3
26;2025-11-04;9;500.5
26;2025-11-04;10;558.3
26;2025-11-04;11;655.1
26;2025-11-04;12;749.1
26;2025-11-04;13;803.3
26;2025-11-04;14;814.3
26;2025-11-04;15;805.8
26;2025-11-04;16;807.3
26;2025-11-04;17;799.1
26;2025-11-04;18;780.0
26;2025-11-04;19;671.4
26;2025-11-04;20;505.8
26;2025-11-04;21;359.9
26;2025-11-04;22;208.8
26;2025-11-04;23;97.9
26;2025-11-05;0;35.7
26;2025-11-05;1;6.8
26;2025-11-05;2;5.8
26;2025-11-05;3;5.8
26;2025-11-05;4;12.9
26;2025-11-05;5;119.9
26;2025-11-05;6;505.5
26;2025-11-05;7;1232.7
26;2025-11-05;8;2076.6
26;2025-11-05;9;1423.5
26;2025-11-05;10;1171.2
26;2025-11-05;11;1075.1
26;2025-11-05;12;1174.0
26;2025-11-05;13;1176.0
26;2025-11-05;14;1251.5
26;2025-11-05;15;1321.9
26;2025-11-05;16;1454.0
26;2025-11-05;17;1703.4
26;2025-11-05;18;1813.6
26;2025-11-05;19;1284.0
26;2025-11-05;20;812.9
26;2025-11-05;21;511.6
26;2025-11-05;22;239.8
26;2025-11-05;23;114.3
26;2025-11-06;0;37.4
26;2025-11-06;1;2.1
26;2025-11-06;2;0.6
26;2025-11-06;3;0.4
26;2025-11-06;4;5.8
26;2025-11-06;5;112.0
26;2025-11-06;6;504.1
26;2025-11-06;7;1209.5
26;2025-11-06;8;2035.6
26;2025-11-06;9;1444.1
26;2025-11-06;10;1156.1
26;2025-11-06;11;1116.4
26;2025-11-06;12;1153.4
26;2025-11-06;13;1164.8
26;2025-11-06;14;1248.1
26;2025-11-06;15;1305.3
26;2025-11-06;16;1458.4
26;2025-11-06;17;1698.4
26;2025-11-06;18;1825.5
26;2025-11-06;19;1250.5
26;2025-11-06;20;785.2
26;2025-11-06;21;500.9
26;2025-11-06;22;242.1
26;2025-11-06;23;124.6
26;2025-11-07;0;32.1
26;2025-11-07;1;1.9
26;2025-11-07;2;0.6
26;2025-11-07;3;0.4
26;2025-11-07;4;5.1
26;2025-11-07;5;106.9
26;2025-11-07;6;500.5
26;2025-11-07;7;1183.1
26;2025-11-07;8;1996.7
26;2025-11-07;9;1367.4
26;2025-11-07;10;1157.9
26;2025-11-07;11;1117.0
26;2025-11-07;12;1122.2
26;2025-11-07;13;1176.4
26;2025-11-07;14;1256.3
26;2025-11-07;15;1341.1
26;2025-11-07;16;1582.7
26;2025-11-07;17;1721.5
26;2025-11-07;18;1430.6
26;2025-11-07;19;1119.0
26;2025-11-07;20;734.7
26;2025-11-07;21;490.4
26;2025-11-07;22;243.8
26;2025-11-07;23;142.4
26;2025-11-08;0;52.6
26;2025-11-08;1;15.2
26;2025-11-08;2;8.5
26;2025-11-08;3;4.9
26;2025-11-08;4;4.9
26;2025-11-08;5;58.3
26;2025-11-08;6;229.4
26;2025-11-08;7;372.8
26;2025-11-08;8;558.2
26;2025-11-08;9;650.9
26;2025-11-08;10;751.4
26;2025-11-08;11;868.6
26;2025-11-08;12;948.7
26;2025-11-08;13;980.6
26;2025-11-08;14;991.3
26;2025-11-08;15;942.5
26;2025-11-08;16;937.4
26;2025-11-08;17;899.5
26;2025-11-08;18;828.1
26;2025-11-08;19;734.1
26;2025-11-08;20;551.4
26;2025-11-08;21;393.4
26;2025-11-08;22;236.1
26;2025-11-08;23;138.5
26;2025-11-09;0;49.9
26;2025-11-09;1;12.2
26;2025-11-09;2;5.7
26;2025-11-09;3;1.3
26;2025-11-09;4;1.2
26;2025-11-09;5;34.9
26;2025-11-09;6;153.5
26;2025-11-09;7;259.2
26;2025-11-09;8;393.5
26;2025-11-09;9;513.9
26;2025-11-09;10;604.2
26;2025-11-09;11;749.6
26;2025-11-09;12;811.5
26;2025-11-09;13;860.3
26;2025-11-09;14;864.5
26;2025-11-09;15;820.8
26;2025-11-09;16;792.4
26;2025-11-09;17;780.3
26;2025-11-09;18;698.8
26;2025-11-09;19;584.3
26;2025-11-09;20;448.5
26;2025-11-09;21;325.1
26;2025-11-09;22;188.0
26;2025-11-09;23;94.4
26;2025-11-10;0;27.2
26;2025-11-10;1;1.7
26;2025-11-10;2;0.8
26;2025-11-10;3;0.5
26;2025-11-10;4;4.3
26;2025-11-10;5;107.8
26;2025-11-10;6;496.8
26;2025-11-10;7;1220.2
26;2025-11-10;8;2023.8
26;2025-11-10;9;1386.9
26;2025-11-10;10;1137.7
26;2025-11-10;11;1036.7
26;2025-11-10;12;1064.4
26;2025-11-10;13;1107.5
26;2025-11-10;14;1164.1
26;2025-11-10;15;1243.2
26;2025-11-10;16;1407.2
26;2025-11-10;17;1670.0
26;2025-11-10;18;1818.3
26;2025-11-10;19;1248.4
26;2025-11-10;20;776.1
26;2025-11-10;21;474.0
26;2025-11-10;22;219.3
26;2025-11-10;23;95.5
26;2025-11-11;0;29.8
26;2025-11-11;1;1.2
26;2025-11-11;2;1.1
26;2025-11-11;3;1.2
26;2025-11-11;4;6.1
26;2025-11-11;5;111.6
26;2025-11-11;6;513.9
26;2025-11-11;7;1236.4
26;2025-11-11;8;2046.2
26;2025-11-11;9;1411.1
26;2025-11-11;10;1171.8
26;2025-11-11;11;1109.3
26;2025-11-11;12;1147.2
26;2025-11-11;13;1139.5
26;2025-11-11;14;1180.0
26;2025-11-11;15;1272.3
26;2025-11-11;16;1439.4
26;2025-11-11;17;1704.8
26;2025-11-11;18;1879.1
26;2025-11-11;19;1306.1
26;2025-11-11;20;798.0
26;2025-11-11;21;480.4
26;2025-11-11;22;229.4
26;2025-11-11;23;109.1
26;2025-11-12;0;30.9
26;2025-11-12;1;1.7
26;2025-11-12;2;1.1
26;2025-11-12;3;1.4
26;2025-11-12;4;6.4
26;2025-11-12;5;116.0
26;2025-11-12;6;502.1
26;2025-11-12;7;1231.2
26;2025-11-12;8;2082.2
26;2025-11-12;9;1429.0
26;2025-11-12;10;1178.8
26;2025-11-12;11;1082.1
26;2025-11-12;12;1177.2
26;2025-11-12;13;1177.0
26;2025-11-12;14;1254.2
26;2025-11-12;15;1323.6
26;2025-11-12;16;1454.1
26;2025-11-12;17;1708.8
26;2025-11-12;18;1817.6
26;2025-11-12;19;1294.5
26;2025-11-12;20;827.5
26;2025-11-12;21;526.5
26;2025-11-12;22;248.8
26;2025-11-12;23;120.9
26;2025-11-13;0;38.2
26;2025-11-13;1;2.6
26;2025-11-13;2;1.0
26;2025-11-13;3;0.9
26;2025-11-13;4;7.0
26;2025-11-13;5;114.6
26;2025-11-13;6;508.8
26;2025-11-13;7;1220.1
26;2025-11-13;8;2049.4
26;2025-11-13;9;1454.8
26;2025-11-13;10;1164.7
26;2025-11-13;11;1124.9
26;2025-11-13;12;1162.5
26;2025-11-13;13;1174.9
26;2025-11-13;14;1258.8
26;2025-11-13;15;1316.9
26;2025-11-13;16;1471.1
26;2025-11-13;17;1711.0
26;2025-11-13;18;1838.7
26;2025-11-13;19;1259.1
26;2025-11-13;20;792.2
26;2025-11-13;21;505.8
26;2025-11-13;22;246.1
26;2025-11-13;23;126.9
26;2025-11-14;0;32.9
26;2025-11-14;1;2.9
26;2025-11-14;2;1.0
26;2025-11-14;3;0.9
26;2025-11-14;4;6.5
26;2025-11-14;5;109.5
26;2025-11-14;6;506.6
26;2025-11-14;7;1196.1
26;2025-11-14;8;2013.1
26;2025-11-14;9;1379.9
26;2025-11-14;10;1168.0
26;2025-11-14;11;1127.4
26;2025-11-14;12;1133.5
26;2025-11-14;13;1189.1
26;2025-11-14;14;1269.5
26;2025-11-14;15;1355.6
26;2025-11-14;16;1598.5
26;2025-11-14;17;1737.3
26;2025-11-14;18;1445.0
26;2025-11-14;19;1129.4
26;2025-11-14;20;742.9
26;2025-11-14;21;496.5
26;2025-11-14;22;248.9
26;2025-11-14;23;145.8
26;2025-11-15;0;52.9
26;2025-11-15;1;15.7
26;2025-11-15;2;8.9
26;2025-11-15;3;5.1
26;2025-11-15;4;5.0
26;2025-11-15;5;60.1
26;2025-11-15;6;234.5
26;2025-11-15;7;380.3
26;2025-11-15;8;564.9
26;2025-11-15;9;665.1
26;2025-11-15;10;770.2
26;2025-11-15;11;890.9
26;2025-11-15;12;976.8
26;2025-11-15;13;1013.8
26;2025-11-15;14;1024.9
26;2025-11-15;15;975.6
26;2025-11-15;16;969.9
26;2025-11-15;17;927.4
26;2025-11-15;18;850.8
26;2025-11-15;19;752.7
26;2025-11-15;20;567.3
26;2025-11-15;21;407.3
26;2025-11-15;22;248.3
26;2025-11-15;23;148.0
26;2025-11-16;0;50.6
26;2025-11-16;1;13.2
26;2025-11-16;2;6.2
26;2025-11-16;3;1.4
26;2025-11-16;4;1.7
26;2025-11-16;5;37.7
26;2025-11-16;6;161.3
26;2025-11-16;7;269.7
26;2025-11-16;8;402.8
26;2025-11-16;9;533.7
26;2025-11-16;10;633.3
26;2025-11-16;11;785.6
26;2025-11-16;12;855.2
26;2025-11-16;13;910.1
26;2025-11-16;14;914.8
26;2025-11-16;15;870.9
26;2025-11-16;16;841.8
26;2025-11-16;17;823.3
26;2025-11-16;18;732.2
26;2025-11-16;19;610.9
26;2025-11-16;20;471.6
26;2025-11-16;21;344.4
26;2025-11-16;22;204.6
26;2025-11-16;23;108.2
26;2025-11-17;0;27.7
26;2025-11-17;1;2.1
26;2025-11-17;2;1.6
26;2025-11-17;3;1.6
26;2025-11-17;4;6.6
26;2025-11-17;5;112.3
26;2025-11-17;6;513.7
26;2025-11-17;7;1264.9
26;2025-11-17;8;2079.5
26;2025-11-17;9;1430.8
26;2025-11-17;10;1172.6
26;2025-11-17;11;1071.9
26;2025-11-17;12;1102.6
26;2025-11-17;13;1148.8
26;2025-11-17;14;1205.9
26;2025-11-17;15;1287.7
26;2025-11-17;16;1453.4
26;2025-11-17;17;1717.8
26;2025-11-17;18;1867.3
26;2025-11-17;19;1279.8
26;2025-11-17;20;798.6
26;2025-11-17;21;490.8
26;2025-11-17;22;232.3
26;2025-11-17;23;105.5
26;2025-11-18;0;30.2
26;2025-11-18;1;1.8
26;2025-11-18;2;1.8
26;2025-11-18;3;1.9
26;2025-11-18;4;8.1
26;2025-11-18;5;115.6
26;2025-11-18;6;529.9
26;2025-11-18;7;1279.0
26;2025-11-18;8;2099.7
26;2025-11-18;9;1452.9
26;2025-11-18;10;1204.3
26;2025-11-18;11;1142.3
26;2025-11-18;12;1183.1
26;2025-11-18;13;1178.4
26;2025-11-18;14;1219.7
26;2025-11-18;15;1314.5
26;2025-11-18;16;1482.9
26;2025-11-18;17;1750.3
26;2025-11-18;18;1925.7
26;2025-11-18;19;1335.6
26;2025-11-18;20;818.5
26;2025-11-18;21;495.7
26;2025-11-18;22;241.3
26;2025-11-18;23;118.0
26;2025-11-19;0;30.7
26;2025-11-19;1;2.0
26;2025-11-19;2;1.2
26;2025-11-19;3;1.5
26;2025-11-19;4;7.5
26;2025-11-19;5;119.1
26;2025-11-19;6;517.5
26;2025-11-19;7;1276.4
26;2025-11-19;8;2137.5
26;2025-11-19;9;1472.9
26;2025-11-19;10;1213.1
26;2025-11-19;11;1116.9
26;2025-11-19;12;1215.0
26;2025-11-19;13;1217.9
26;2025-11-19;14;1295.4
26;2025-11-19;15;1367.4
26;2025-11-19;16;1498.9
26;2025-11-19;17;1755.7
26;2025-11-19;18;1865.3
26;2025-11-19;19;1325.5
26;2025-11-19;20;847.8
26;2025-11-19;21;540.6
26;2025-11-19;22;258.7
26;2025-11-19;23;129.1
26;2025-11-20;0;37.0
26;2025-11-20;1;2.4
26;2025-11-20;2;0.8
26;2025-11-20;3;0.6
26;2025-11-20;4;6.9
26;2025-11-20;5;115.8
26;2025-11-20;6;520.7
26;2025-11-20;7;1259.8
26;2025-11-20;8;2096.6
26;2025-11-20;9;1492.3
26;2025-11-20;10;1193.7
26;2025-11-20;11;1154.4
26;2025-11-20;12;1194.9
26;2025-11-20;13;1209.6
26;2025-11-20;14;1293.7
26;2025-11-20;15;1354.4
26;2025-11-20;16;1509.5
26;2025-11-20;17;1750.8
26;2025-11-20;18;1879.3
26;2025-11-20;19;1283.8
26;2025-11-20;20;807.4
26;2025-11-20;21;515.4
26;2025-11-20;22;252.3
26;2025-11-20;23;131.7
26;2025-11-21;0;31.3
26;2025-11-21;1;1.7
26;2025-11-21;2;0.8
26;2025-11-21;3;0.7
26;2025-11-21;4;6.0
26;2025-11-21;5;110.2
26;2025-11-21;6;516.3
26;2025-11-21;7;1233.1
26;2025-11-21;8;2060.0
26;2025-11-21;9;1417.6
26;2025-11-21;10;1197.5
26;2025-11-21;11;1158.8
26;2025-11-21;12;1168.0
26;2025-11-21;13;1225.9
26;2025-11-21;14;1306.5
26;2025-11-21;15;1395.9
26;2025-11-21;16;1639.8
26;2025-11-21;17;1777.8
26;2025-11-21;18;1481.0
26;2025-11-21;19;1153.9
26;2025-11-21;20;758.5
26;2025-11-21;21;506.7
26;2025-11-21;22;255.7
26;2025-11-21;23;151.1
26;2025-11-22;0;52.6
26;2025-11-22;1;15.6
26;2025-11-22;2;8.9
26;2025-11-22;3;5.2
26;2025-11-22;4;4.9
26;2025-11-22;5;60.5
26;2025-11-22;6;239.0
26;2025-11-22;7;391.4
26;2025-11-22;8;579.3
26;2025-11-22;9;684.1
26;2025-11-22;10;794.2
26;2025-11-22;11;919.7
26;2025-11-22;12;1009.1
26;2025-11-22;13;1048.7
26;2025-11-22;14;1060.0
26;2025-11-22;15;1009.6
26;2025-11-22;16;1003.4
26;2025-11-22;17;956.2
26;2025-11-22;18;873.7
26;2025-11-22;19;771.6
26;2025-11-22;20;581.4
26;2025-11-22;21;416.9
26;2025-11-22;22;256.0
26;2025-11-22;23;154.8
26;2025-11-23;0;50.4
26;2025-11-23;1;13.2
26;2025-11-23;2;6.5
26;2025-11-23;3;1.3
26;2025-11-23;4;1.4
26;2025-11-23;5;38.5
26;2025-11-23;6;165.6
26;2025-11-23;7;281.9
26;2025-11-23;8;418.4
26;2025-11-23;9;553.0
26;2025-11-23;10;655.9
26;2025-11-23;11;810.9
26;2025-11-23;12;884.5
26;2025-11-23;13;940.9
26;2025-11-23;14;946.1
26;2025-11-23;15;900.7
26;2025-11-23;16;871.1
26;2025-11-23;17;847.7
26;2025-11-23;18;751.6
26;2025-11-23;19;627.9
26;2025-11-23;20;484.0
26;2025-11-23;21;353.1
26;2025-11-23;22;211.3
26;2025-11-23;23;114.5
26;2025-11-24;0;28.0
26;2025-11-24;1;2.6
26;2025-11-24;2;1.6
26;2025-11-24;3;2.1
26;2025-11-24;4;7.3
26;2025-11-24;5;113.8
26;2025-11-24;6;517.4
26;2025-11-24;7;1279.7
26;2025-11-24;8;2099.4
26;2025-11-24;9;1448.3
26;2025-11-24;10;1187.4
26;2025-11-24;11;1086.8
26;2025-11-24;12;1118.1
26;2025-11-24;13;1164.4
26;2025-11-24;14;1221.9
26;2025-11-24;15;1305.5
26;2025-11-24;16;1471.2
26;2025-11-24;17;1736.7
26;2025-11-24;18;1886.6
26;2025-11-24;19;1295.8
26;2025-11-24;20;808.7
26;2025-11-24;21;495.8
26;2025-11-24;22;235.3
26;2025-11-24;23;108.2
26;2025-11-25;0;30.9
26;2025-11-25;1;2.4
26;2025-11-25;2;2.2
26;2025-11-25;3;2.6
26;2025-11-25;4;9.2
26;2025-11-25;5;117.5
26;2025-11-25;6;534.2
26;2025-11-25;7;1294.4
26;2025-11-25;8;2120.6
26;2025-11-25;9;1471.0
26;2025-11-25;10;1219.4
26;2025-11-25;11;1157.5
26;2025-11-25;12;1199.0
26;2025-11-25;13;1194.5
26;2025-11-25;14;1236.6
26;2025-11-25;15;1333.0
26;2025-11-25;16;1501.6
26;2025-11-25;17;1769.8
26;2025-11-25;18;1945.5
26;2025-11-25;19;1352.0
26;2025-11-25;20;828.7
26;2025-11-25;21;500.9
26;2025-11-25;22;245.1
26;2025-11-25;23;121.5
26;2025-11-26;0;31.9
26;2025-11-26;1;2.8
26;2025-11-26;2;1.9
26;2025-11-26;3;2.2
26;2025-11-26;4;8.7
26;2025-11-26;5;120.7
26;2025-11-26;6;519.4
26;2025-11-26;7;1283.5
26;2025-11-26;8;2149.0
26;2025-11-26;9;1482.9
26;2025-11-26;10;1221.2
26;2025-11-26;11;1125.2
26;2025-11-26;12;1223.8
26;2025-11-26;13;1226.7
26;2025-11-26;14;1305.0
26;2025-11-26;15;1378.3
26;2025-11-26;16;1509.9
26;2025-11-26;17;1767.1
26;2025-11-26;18;1876.5
26;2025-11-26;19;1335.3
26;2025-11-26;20;853.7
26;2025-11-26;21;543.7
26;2025-11-26;22;261.7
26;2025-11-26;23;132.0
26;2025-11-27;0;37.1
26;2025-11-27;1;2.3
26;2025-11-27;2;0.8
26;2025-11-27;3;0.5
26;2025-11-27;4;7.4
26;2025-11-27;5;116.1
26;2025-11-27;6;519.6
26;2025-11-27;7;1262.1
26;2025-11-27;8;2101.0
26;2025-11-27;9;1495.6
26;2025-11-27;10;1195.5
26;2025-11-27;11;1156.8
26;2025-11-27;12;1197.6
26;2025-11-27;13;1212.1
26;2025-11-27;14;1296.5
26;2025-11-27;15;1358.6
26;2025-11-27;16;1513.8
26;2025-11-27;17;1754.5
26;2025-11-27;18;1882.5
26;2025-11-27;19;1286.8
26;2025-11-27;20;807.1
26;2025-11-27;21;514.0
26;2025-11-27;22;251.3
26;2025-11-27;23;131.3
26;2025-11-28;0;31.3
26;2025-11-28;1;1.9
26;2025-11-28;2;1.2
26;2025-11-28;3;0.6
26;2025-11-28;4;6.6
26;2025-11-28;5;110.3
26;2025-11-28;6;511.3
26;2025-11-28;7;1210.5
26;2025-11-28;8;2031.5
26;2025-11-28;9;1392.1
26;2025-11-28;10;1173.5
26;2025-11-28;11;1135.2
26;2025-11-28;12;1145.3
26;2025-11-28;13;1203.3
26;2025-11-28;14;1283.3
26;2025-11-28;15;1372.0
26;2025-11-28;16;1615.6
26;2025-11-28;17;1753.3
26;2025-11-28;18;1458.4
26;2025-11-28;19;1133.1
26;2025-11-28;20;740.3
26;2025-11-28;21;493.7
26;2025-11-28;22;245.7
26;2025-11-28;23;141.8
26;2025-11-29;0;55.6
26;2025-11-29;1;18.8
26;2025-11-29;2;11.8
26;2025-11-29;3;7.8
26;2025-11-29;4;6.5
26;2025-11-29;5;62.5
26;2025-11-29;6;233.3
26;2025-11-29;7;363.1
26;2025-11-29;8;543.7
26;2025-11-29;9;645.6
26;2025-11-29;10;753.1
26;2025-11-29;11;877.7
26;2025-11-29;12;971.7
26;2025-11-29;13;1011.5
26;2025-11-29;14;1022.3
26;2025-11-29;15;972.0
26;2025-11-29;16;965.8
26;2025-11-29;17;917.5
26;2025-11-29;18;836.6
26;2025-11-29;19;740.8
26;2025-11-29;20;558.3
26;2025-11-29;21;403.3
26;2025-11-29;22;246.8
26;2025-11-29;23;146.6
26;2025-11-30;0;51.4
26;2025-11-30;1;14.6
26;2025-11-30;2;7.6
26;2025-11-30;3;1.7
26;2025-11-30;4;1.7
26;2025-11-30;5;38.5
26;2025-11-30;6;162.1
26;2025-11-30;7;260.9
26;2025-11-30;8;392.2
26;2025-11-30;9;521.3
26;2025-11-30;10;618.0
26;2025-11-30;11;770.2
26;2025-11-30;12;845.9
26;2025-11-30;13;902.4
26;2025-11-30;14;907.0
26;2025-11-30;15;862.5
26;2025-11-30;16;832.9
26;2025-11-30;17;811.0
26;2025-11-30;18;719.4
26;2025-11-30;19;601.6
26;2025-11-30;20;464.8
26;2025-11-30;21;342.5
26;2025-11-30;22;202.8
26;2025-11-30;23;107.0
26;2025-12-01;0;30.6
26;2025-12-01;1;3.9
26;2025-12-01;2;4.0
26;2025-12-01;3;3.8
26;2025-12-01;4;9.4
26;2025-12-01;5;123.5
26;2025-12-01;6;552.4
26;2025-12-01;7;1350.4
26;2025-12-01;8;2222.9
26;2025-12-01;9;1529.5
26;2025-12-01;10;1254.0
26;2025-12-01;11;1148.1
26;2025-12-01;12;1183.3
26;2025-12-01;13;1233.5
26;2025-12-01;14;1294.9
26;2025-12-01;15;1382.6
26;2025-12-01;16;1560.1
26;2025-12-01;17;1838.0
26;2025-12-01;18;1993.2
26;2025-12-01;19;1369.1
26;2025-12-01;20;851.5
26;2025-12-01;21;522.1
26;2025-12-01;22;244.9
26;2025-12-01;23;108.8
26;2025-12-02;0;34.3
26;2025-12-02;1;4.9
26;2025-12-02;2;5.3
26;2025-12-02;3;5.4
26;2025-12-02;4;12.1
26;2025-12-02;5;125.8
26;2025-12-02;6;566.3
26;2025-12-02;7;1356.4
26;2025-12-02;8;2234.3
26;2025-12-02;9;1542.7
26;2025-12-02;10;1276.6
26;2025-12-02;11;1212.1
26;2025-12-02;12;1258.6
26;2025-12-02;13;1254.9
26;2025-12-02;14;1299.2
26;2025-12-02;15;1400.9
26;2025-12-02;16;1581.4
26;2025-12-02;17;1862.9
26;2025-12-02;18;2046.9
26;2025-12-02;19;1420.2
26;2025-12-02;20;868.0
26;2025-12-02;21;524.2
26;2025-12-02;22;252.6
26;2025-12-02;23;121.0
26;2025-12-03;0;36.0
26;2025-12-03;1;6.0
26;2025-12-03;2;5.7
26;2025-12-03;3;5.9
26;2025-12-03;4;12.6
26;2025-12-03;5;129.8
26;2025-12-03;6;549.7
26;2025-12-03;7;1343.4
26;2025-12-03;8;2261.9
26;2025-12-03;9;1551.6
26;2025-12-03;10;1274.4
26;2025-12-03;11;1173.3
26;2025-12-03;12;1282.3
26;2025-12-03;13;1287.1
26;2025-12-03;14;1370.7
26;2025-12-03;15;1447.4
26;2025-12-03;16;1588.7
26;2025-12-03;17;1858.4
26;2025-12-03;18;1971.4
26;2025-12-03;19;1401.2
26;2025-12-03;20;893.7
26;2025-12-03;21;569.1
26;2025-12-03;22;270.2
26;2025-12-03;23;131.8
26;2025-12-04;0;41.4
26;2025-12-04;1;4.1
26;2025-12-04;2;2.9
26;2025-12-04;3;2.2
26;2025-12-04;4;10.4
26;2025-12-04;5;125.0
26;2025-12-04;6;549.9
26;2025-12-04;7;1325.6
26;2025-12-04;8;2216.4
26;2025-12-04;9;1570.7
26;2025-12-04;10;1251.9
26;2025-12-04;11;1213.0
26;2025-12-04;12;1260.7
26;2025-12-04;13;1279.1
26;2025-12-04;14;1370.6
26;2025-12-04;15;1436.4
26;2025-12-04;16;1602.7
26;2025-12-04;17;1855.6
26;2025-12-04;18;1989.2
26;2025-12-04;19;1357.0
26;2025-12-04;20;851.4
26;2025-12-04;21;543.3
26;2025-12-04;22;264.3
26;2025-12-04;23;135.5
26;2025-12-05;0;34.4
26;2025-12-05;1;3.5
26;2025-12-05;2;2.6
26;2025-12-05;3;2.0
26;2025-12-05;4;9.0
26;2025-12-05;5;118.5
26;2025-12-05;6;543.7
26;2025-12-05;7;1292.8
26;2025-12-05;8;2168.6
26;2025-12-05;9;1482.3
26;2025-12-05;10;1248.4
26;2025-12-05;11;1209.5
26;2025-12-05;12;1222.7
26;2025-12-05;13;1287.3
26;2025-12-05;14;1374.9
26;2025-12-05;15;1470.6
26;2025-12-05;16;1731.2
26;2025-12-05;17;1877.6
26;2025-12-05;18;1561.2
26;2025-12-05;19;1213.1
26;2025-12-05;20;796.9
26;2025-12-05;21;533.3
26;2025-12-05;22;267.9
26;2025-12-05;23;156.3
26;2025-12-06;0;56.5
26;2025-12-06;1;17.2
26;2025-12-06;2;9.8
26;2025-12-06;3;5.7
26;2025-12-06;4;5.9
26;2025-12-06;5;63.3
26;2025-12-06;6;242.7
26;2025-12-06;7;377.8
26;2025-12-06;8;563.0
26;2025-12-06;9;670.3
26;2025-12-06;10;785.5
26;2025-12-06;11;921.3
26;2025-12-06;12;1026.2
26;2025-12-06;13;1072.3
26;2025-12-06;14;1089.0
26;2025-12-06;15;1038.4
26;2025-12-06;16;1033.4
26;2025-12-06;17;983.8
26;2025-12-06;18;898.9
26;2025-12-06;19;797.5
26;2025-12-06;20;604.8
26;2025-12-06;21;439.4
26;2025-12-06;22;271.7
26;2025-12-06;23;164.3
26;2025-12-07;0;53.0
26;2025-12-07;1;13.6
26;2025-12-07;2;6.1
26;2025-12-07;3;1.8
26;2025-12-07;4;2.5
26;2025-12-07;5;39.2
26;2025-12-07;6;170.4
26;2025-12-07;7;272.6
26;2025-12-07;8;409.1
26;2025-12-07;9;545.7
26;2025-12-07;10;649.4
26;2025-12-07;11;812.6
26;2025-12-07;12;896.5
26;2025-12-07;13;959.5
26;2025-12-07;14;969.2
26;2025-12-07;15;924.6
26;2025-12-07;16;894.6
26;2025-12-07;17;874.3
26;2025-12-07;18;777.8
26;2025-12-07;19;652.9
26;2025-12-07;20;506.6
26;2025-12-07;21;375.1
26;2025-12-07;22;225.6
26;2025-12-07;23;122.9
26;2025-12-08;0;27.4
26;2025-12-08;1;3.8
26;2025-12-08;2;3.7
26;2025-12-08;3;4.0
26;2025-12-08;4;12.1
26;2025-12-08;5;126.3
26;2025-12-08;6;524.1
26;2025-12-08;7;1298.5
26;2025-12-08;8;2140.7
26;2025-12-08;9;1460.5
26;2025-12-08;10;1189.3
26;2025-12-08;11;1084.9
26;2025-12-08;12;1121.8
26;2025-12-08;13;1174.6
26;2025-12-08;14;1237.5
26;2025-12-08;15;1325.5
26;2025-12-08;16;1502.3
26;2025-12-08;17;1777.4
26;2025-12-08;18;1931.3
26;2025-12-08;19;1335.4
26;2025-12-08;20;836.8
26;2025-12-08;21;514.0
26;2025-12-08;22;243.0
26;2025-12-08;23;107.5
26;2025-12-09;0;31.6
26;2025-12-09;1;3.9
26;2025-12-09;2;4.5
26;2025-12-09;3;5.0
26;2025-12-09;4;14.5
26;2025-12-09;5;129.8
26;2025-12-09;6;537.5
26;2025-12-09;7;1303.0
26;2025-12-09;8;2150.5
26;2025-12-09;9;1471.7
26;2025-12-09;10;1209.2
26;2025-12-09;11;1146.2
26;2025-12-09;12;1194.8
26;2025-12-09;13;1194.0
26;2025-12-09;14;1240.1
26;2025-12-09;15;1342.8
26;2025-12-09;16;1522.8
26;2025-12-09;17;1801.5
26;2025-12-09;18;1984.5
26;2025-12-09;19;1386.6
26;2025-12-09;20;851.7
26;2025-12-09;21;514.8
26;2025-12-09;22;249.5
26;2025-12-09;23;118.4
26;2025-12-10;0;32.6
26;2025-12-10;1;4.3
26;2025-12-10;2;4.0
26;2025-12-10;3;4.7
26;2025-12-10;4;14.0
26;2025-12-10;5;133.2
26;2025-12-10;6;521.4
26;2025-12-10;7;1290.3
26;2025-12-10;8;2180.0
26;2025-12-10;9;1483.6
26;2025-12-10;10;1210.0
26;2025-12-10;11;1110.5
26;2025-12-10;12;1220.2
26;2025-12-10;13;1227.4
26;2025-12-10;14;1312.5
26;2025-12-10;15;1390.5
26;2025-12-10;16;1530.9
26;2025-12-10;17;1797.9
26;2025-12-10;18;1909.8
26;2025-12-10;19;1368.1
26;2025-12-10;20;877.8
26;2025-12-10;21;560.1
26;2025-12-10;22;266.9
26;2025-12-10;23;129.1
26;2025-12-11;0;41.9
26;2025-12-11;1;5.9
26;2025-12-11;2;5.0
26;2025-12-11;3;4.7
26;2025-12-11;4;16.8
26;2025-12-11;5;134.1
26;2025-12-11;6;539.6
26;2025-12-11;7;1298.2
26;2025-12-11;8;2169.2
26;2025-12-11;9;1539.0
26;2025-12-11;10;1225.9
26;2025-12-11;11;1191.0
26;2025-12-11;12;1239.3
26;2025-12-11;13;1260.1
26;2025-12-11;14;1352.4
26;2025-12-11;15;1417.6
26;2025-12-11;16;1582.2
26;2025-12-11;17;1830.7
26;2025-12-11;18;1952.7
26;2025-12-11;19;1344.6
26;2025-12-11;20;848.1
26;2025-12-11;21;545.4
26;2025-12-11;22;270.7
26;2025-12-11;23;142.2
26;2025-12-12;0;36.4
26;2025-12-12;1;5.9
26;2025-12-12;2;4.7
26;2025-12-12;3;5.2
26;2025-12-12;4;17.8
26;2025-12-12;5;130.8
26;2025-12-12;6;540.9
26;2025-12-12;7;1274.5
26;2025-12-12;8;2132.1
26;2025-12-12;9;1460.9
26;2025-12-12;10;1232.1
26;2025-12-12;11;1192.5
26;2025-12-12;12;1205.1
26;2025-12-12;13;1268.7
26;2025-12-12;14;1355.1
26;2025-12-12;15;1448.8
26;2025-12-12;16;1706.9
26;2025-12-12;17;1854.0
26;2025-12-12;18;1548.0
26;2025-12-12;19;1208.8
26;2025-12-12;20;798.3
26;2025-12-12;21;534.0
26;2025-12-12;22;270.7
26;2025-12-12;23;158.7
26;2025-12-13;0;63.4
26;2025-12-13;1;24.9
26;2025-12-13;2;17.5
26;2025-12-13;3;13.3
26;2025-12-13;4;13.3
26;2025-12-13;5;74.0
26;2025-12-13;6;236.8
26;2025-12-13;7;358.7
26;2025-12-13;8;533.1
26;2025-12-13;9;637.0
26;2025-12-13;10;752.4
26;2025-12-13;11;886.1
26;2025-12-13;12;992.0
26;2025-12-13;13;1037.6
26;2025-12-13;14;1054.0
26;2025-12-13;15;1005.6
26;2025-12-13;16;1002.8
26;2025-12-13;17;956.7
26;2025-12-13;18;881.5
26;2025-12-13;19;787.1
26;2025-12-13;20;599.8
26;2025-12-13;21;435.0
26;2025-12-13;22;271.3
26;2025-12-13;23;163.4
26;2025-12-14;0;56.5
26;2025-12-14;1;18.0
26;2025-12-14;2;10.3
26;2025-12-14;3;4.3
26;2025-12-14;4;4.8
26;2025-12-14;5;47.3
26;2025-12-14;6;167.5
26;2025-12-14;7;257.6
26;2025-12-14;8;385.4
26;2025-12-14;9;517.6
26;2025-12-14;10;620.4
26;2025-12-14;11;779.1
26;2025-12-14;12;863.2
26;2025-12-14;13;925.4
26;2025-12-14;14;934.9
26;2025-12-14;15;892.5
26;2025-12-14;16;864.7
26;2025-12-14;17;848.0
26;2025-12-14;18;761.8
26;2025-12-14;19;643.8
26;2025-12-14;20;502.9
26;2025-12-14;21;370.8
26;2025-12-14;22;224.1
26;2025-12-14;23;120.8
26;2025-12-15;0;27.4
26;2025-12-15;1;3.8
26;2025-12-15;2;3.7
26;2025-12-15;3;4.0
26;2025-12-15;4;12.1
26;2025-12-15;5;126.3
26;2025-12-15;6;524.1
26;2025-12-15;7;1298.5
26;2025-12-15;8;2140.7
26;2025-12-15;9;1460.5
26;2025-12-15;10;1189.3
26;2025-12-15;11;1084.9
26;2025-12-15;12;1121.8
26;2025-12-15;13;1174.6
26;2025-12-15;14;1237.5
26;2025-12-15;15;1325.5
26;2025-12-15;16;1502.3
26;2025-12-15;17;1777.4
26;2025-12-15;18;1931.3
26;2025-12-15;19;1335.4
26;2025-12-15;20;836.8
26;2025-12-15;21;514.0
26;2025-12-15;22;243.0
26;2025-12-15;23;107.5
26;2025-12-16;0;31.6
26;2025-12-16;1;3.9
26;2025-12-16;2;4.5
26;2025-12-16;3;5.0
26;2025-12-16;4;14.5
26;2025-12-16;5;129.8
26;2025-12-16;6;537.5
26;2025-12-16;7;1303.0
26;2025-12-16;8;2150.5
26;2025-12-16;9;1471.7
26;2025-12-16;10;1209.2
26;2025-12-16;11;1146.2
26;2025-12-16;12;1194.8
26;2025-12-16;13;1194.0
26;2025-12-16;14;1240.1
26;2025-12-16;15;1342.8
26;2025-12-16;16;1522.8
26;2025-12-16;17;1801.5
26;2025-12-16;18;1984.5
26;2025-12-16;19;1386.6
26;2025-12-16;20;851.7
26;2025-12-16;21;514.8
26;2025-12-16;22;249.5
26;2025-12-16;23;118.4
26;2025-12-17;0;32.6
26;2025-12-17;1;4.3
26;2025-12-17;2;4.0
26;2025-12-17;3;4.7
26;2025-12-17;4;14.0
26;2025-12-17;5;133.2
26;2025-12-17;6;521.4
26;2025-12-17;7;1290.3
26;2025-12-17;8;2180.0
26;2025-12-17;9;1483.6
26;2025-12-17;10;1210.0
26;2025-12-17;11;1110.5
26;2025-12-17;12;1220.2
26;2025-12-17;13;1227.4
26;2025-12-17;14;1312.5
26;2025-12-17;15;1390.5
26;2025-12-17;16;1530.9
26;2025-12-17;17;1797.9
26;2025-12-17;18;1909.8
26;2025-12-17;19;1368.1
26;2025-12-17;20;877.8
26;2025-12-17;21;560.1
26;2025-12-17;22;266.9
26;2025-12-17;23;129.1
26;2025-12-18;0;41.9
26;2025-12-18;1;5.9
26;2025-12-18;2;5.0
26;2025-12-18;3;4.7
26;2025-12-18;4;16.8
26;2025-12-18;5;134.1
26;2025-12-18;6;539.6
26;2025-12-18;7;1298.2
26;2025-12-18;8;2169.2
26;2025-12-18;9;1539.0
26;2025-12-18;10;1225.9
26;2025-12-18;11;1191.0
26;2025-12-18;12;1239.3
26;2025-12-18;13;1260.1
26;2025-12-18;14;1352.4
26;2025-12-18;15;1417.6
26;2025-12-18;16;1582.2
26;2025-12-18;17;1830.7
26;2025-12-18;18;1952.7
26;2025-12-18;19;1344.6
26;2025-12-18;20;848.1
26;2025-12-18;21;545.4
26;2025-12-18;22;270.7
26;2025-12-18;23;142.2
26;2025-12-19;0;36.4
26;2025-12-19;1;5.9
26;2025-12-19;2;4.7
26;2025-12-19;3;5.2
26;2025-12-19;4;17.8
26;2025-12-19;5;130.8
26;2025-12-19;6;540.9
26;2025-12-19;7;1274.5
26;2025-12-19;8;2132.1
26;2025-12-19;9;1460.9
26;2025-12-19;10;1232.1
26;2025-12-19;11;1192.5
26;2025-12-19;12;1205.1
26;2025-12-19;13;1268.7
26;2025-12-19;14;1355.1
26;2025-12-19;15;1448.8
26;2025-12-19;16;1706.9
26;2025-12-19;17;1854.0
26;2025-12-19;18;1548.0
26;2025-12-19;19;1208.8
26;2025-12-19;20;798.3
26;2025-12-19;21;534.0
26;2025-12-19;22;270.7
26;2025-12-19;23;158.7
26;2025-12-20;0;63.4
26;2025-12-20;1;24.9
26;2025-12-20;2;17.5
26;2025-12-20;3;13.3
26;2025-12-20;4;13.3
26;2025-12-20;5;74.0
26;2025-12-20;6;236.8
26;2025-12-20;7;358.7
26;2025-12-20;8;533.1
26;2025-12-20;9;637.0
26;2025-12-20;10;752.4
26;2025-12-20;11;886.1
26;2025-12-20;12;992.0
26;2025-12-20;13;1037.6
26;2025-12-20;14;1054.0
26;2025-12-20;15;1005.6
26;2025-12-20;16;1002.8
26;2025-12-20;17;956.7
26;2025-12-20;18;881.5
26;2025-12-20;19;787.1
26;2025-12-20;20;599.8
26;2025-12-20;21;435.0
26;2025-12-20;22;271.3
26;2025-12-20;23;163.4
26;2025-12-21;0;56.5
26;2025-12-21;1;18.0
26;2025-12-21;2;10.3
26;2025-12-21;3;4.3
26;2025-12-21;4;4.8
26;2025-12-21;5;47.3
26;2025-12-21;6;167.5
26;2025-12-21;7;257.6
26;2025-12-21;8;385.4
26;2025-12-21;9;517.6
26;2025-12-21;10;620.4
26;2025-12-21;11;779.1
26;2025-12-21;12;863.2
26;2025-12-21;13;925.4
26;2025-12-21;14;934.9
26;2025-12-21;15;892.5
26;2025-12-21;16;864.7
26;2025-12-21;17;848.0
26;2025-12-21;18;761.8
26;2025-12-21;19;643.8
26;2025-12-21;20;502.9
26;2025-12-21;21;370.8
26;2025-12-21;22;224.1
26;2025-12-21;23;120.8
26;2025-12-22;0;27.4
26;2025-12-22;1;3.8
26;2025-12-22;2;3.7
26;2025-12-22;3;4.0
26;2025-12-22;4;12.1
26;2025-12-22;5;126.3
26;2025-12-22;6;524.1
26;2025-12-22;7;1298.5
26;2025-12-22;8;2140.7
26;2025-12-22;9;1460.5
26;2025-12-22;10;1189.3
26;2025-12-22;11;1084.9
26;2025-12-22;12;1121.8
26;2025-12-22;13;1174.6
26;2025-12-22;14;1237.5
26;2025-12-22;15;1325.5
26;2025-12-22;16;1502.3
26;2025-12-22;17;1777.4
26;2025-12-22;18;1931.3
26;2025-12-22;19;1335.4
26;2025-12-22;20;836.8
26;2025-12-22;21;514.0
26;2025-12-22;22;243.0
26;2025-12-22;23;107.5
26;2025-12-23;0;31.6
26;2025-12-23;1;3.9
26;2025-12-23;2;4.5
26;2025-12-23;3;5.0
26;2025-12-23;4;14.5
26;2025-12-23;5;129.8
26;2025-12-23;6;537.5
26;2025-12-23;7;1303.0
26;2025-12-23;8;2150.5
26;2025-12-23;9;1471.7
26;2025-12-23;10;1209.2
26;2025-12-23;11;1146.2
26;2025-12-23;12;1194.8
26;2025-12-23;13;1194.0
26;2025-12-23;14;1240.1
26;2025-12-23;15;1342.8
26;2025-12-23;16;1522.8
26;2025-12-23;17;1801.5
26;2025-12-23;18;1984.5
26;2025-12-23;19;1386.6
26;2025-12-23;20;851.7
26;2025-12-23;21;514.8
26;2025-12-23;22;249.5
26;2025-12-23;23;118.4
26;2025-12-24;0;32.6
26;2025-12-24;1;4.3
26;2025-12-24;2;4.0
26;2025-12-24;3;4.7
26;2025-12-24;4;14.0
26;2025-12-24;5;133.2
26;2025-12-24;6;521.4
26;2025-12-24;7;1290.3
26;2025-12-24;8;2180.0
26;2025-12-24;9;1483.6
26;2025-12-24;10;1210.0
26;2025-12-24;11;1110.5
26;2025-12-24;12;1220.2
26;2025-12-24;13;1227.4
26;2025-12-24;14;1312.5
26;2025-12-24;15;1390.5
26;2025-12-24;16;1530.9
26;2025-12-24;17;1797.9
26;2025-12-24;18;1909.8
26;2025-12-24;19;1368.1
26;2025-12-24;20;877.8
26;2025-12-24;21;560.1
26;2025-12-24;22;266.9
26;2025-12-24;23;129.1
26;2025-12-25;0;41.9
26;2025-12-25;1;5.9
26;2025-12-25;2;5.0
26;2025-12-25;3;4.7
26;2025-12-25;4;16.8
26;2025-12-25;5;134.1
26;2025-12-25;6;539.6
26;2025-12-25;7;1298.2
26;2025-12-25;8;2169.2
26;2025-12-25;9;1539.0
26;2025-12-25;10;1225.9
26;2025-12-25;11;1191.0
26;2025-12-25;12;1239.3
26;2025-12-25;13;1260.1
26;2025-12-25;14;1352.4
26;2025-12-25;15;1417.6
26;2025-12-25;16;1582.2
26;2025-12-25;17;1830.7
26;2025-12-25;18;1952.7
26;2025-12-25;19;1344.6
26;2025-12-25;20;848.1
26;2025-12-25;21;545.4
26;2025-12-25;22;270.7
26;2025-12-25;23;142.2
26;2025-12-26;0;36.4
26;2025-12-26;1;5.9
26;2025-12-26;2;4.7
26;2025-12-26;3;5.2
26;2025-12-26;4;17.8
26;2025-12-26;5;130.8
26;2025-12-26;6;540.9
26;2025-12-26;7;1274.5
26;2025-12-26;8;2132.1
26;2025-12-26;9;1460.9
26;2025-12-26;10;1232.1
26;2025-12-26;11;1192.5
26;2025-12-26;12;1205.1
26;2025-12-26;13;1268.7
26;2025-12-26;14;1355.1
26;2025-12-26;15;1448.8
26;2025-12-26;16;1706.9
26;2025-12-26;17;1854.0
26;2025-12-26;18;1548.0
26;2025-12-26;19;1208.8
26;2025-12-26;20;798.3
26;2025-12-26;21;534.0
26;2025-12-26;22;270.7
26;2025-12-26;23;158.7
26;2025-12-27;0;63.4
26;2025-12-27;1;24.9
26;2025-12-27;2;17.5
26;2025-12-27;3;13.3
26;2025-12-27;4;13.3
26;2025-12-27;5;74.0
26;2025-12-27;6;236.8
26;2025-12-27;7;358.7
26;2025-12-27;8;533.1
26;2025-12-27;9;637.0
26;2025-12-27;10;752.4
26;2025-12-27;11;886.1
26;2025-12-27;12;992.0
26;2025-12-27;13;1037.6
26;2025-12-27;14;1054.0
26;2025-12-27;15;1005.6
26;2025-12-27;16;1002.8
26;2025-12-27;17;956.7
26;2025-12-27;18;881.5
26;2025-12-27;19;787.1
26;2025-12-27;20;599.8
26;2025-12-27;21;435.0
26;2025-12-27;22;271.3
26;2025-12-27;23;163.4
26;2025-12-28;0;56.5
26;2025-12-28;1;18.0
26;2025-12-28;2;10.3
26;2025-12-28;3;4.3
26;2025-12-28;4;4.8
26;2025-12-28;5;47.3
26;2025-12-28;6;167.5
26;2025-12-28;7;257.6
26;2025-12-28;8;385.4
26;2025-12-28;9;517.6
26;2025-12-28;10;620.4
26;2025-12-28;11;779.1
26;2025-12-28;12;863.2
26;2025-12-28;13;925.4
26;2025-12-28;14;934.9
26;2025-12-28;15;892.5
26;2025-12-28;16;864.7
26;2025-12-28;17;848.0
26;2025-12-28;18;761.8
26;2025-12-28;19;643.8
26;2025-12-28;20;502.9
26;2025-12-28;21;370.8
26;2025-12-28;22;224.1
26;2025-12-28;23;120.8
26;2025-12-29;0;27.4
26;2025-12-29;1;3.8
26;2025-12-29;2;3.7
26;2025-12-29;3;4.0
26;2025-12-29;4;12.1
26;2025-12-29;5;126.3
26;2025-12-29;6;524.1
26;2025-12-29;7;1298.5
26;2025-12-29;8;2140.7
26;2025-12-29;9;1460.5
26;2025-12-29;10;1189.3
26;2025-12-29;11;1084.9
26;2025-12-29;12;1121.8
26;2025-12-29;13;1174.6
26;2025-12-29;14;1237.5
26;2025-12-29;15;1325.5
26;2025-12-29;16;1502.3
26;2025-12-29;17;1777.4
26;2025-12-29;18;1931.3
26;2025-12-29;19;1335.4
26;2025-12-29;20;836.8
26;2025-12-29;21;514.0
26;2025-12-29;22;243.0
26;2025-12-29;23;107.5
26;2025-12-30;0;37.7
26;2025-12-30;1;9.8
26;2025-12-30;2;11.2
26;2025-12-30;3;12.6
26;2025-12-30;4;26.7
26;2025-12-30;5;140.1
26;2025-12-30;6;551.4
26;2025-12-30;7;1313.6
26;2025-12-30;8;2155.6
26;2025-12-30;9;1488.5
26;2025-12-30;10;1237.3
26;2025-12-30;11;1186.9
26;2025-12-30;12;1241.4
26;2025-12-30;13;1251.0
26;2025-12-30;14;1305.7
26;2025-12-30;15;1418.0
26;2025-12-30;16;1591.2
26;2025-12-30;17;1798.0
26;2025-12-30;18;1855.1
26;2025-12-30;19;1337.5
26;2025-12-30;20;847.4
26;2025-12-30;21;521.8
26;2025-12-30;22;264.6
26;2025-12-30;23;137.0
26;2025-12-31;0;31.6
26;2025-12-31;1;1.2
26;2025-12-31;2;0.2
26;2025-12-31;3;1.7
26;2025-12-31;4;0.3
26;2025-12-31;5;10.4
26;2025-12-31;6;86.7
26;2025-12-31;7;157.5
26;2025-12-31;8;244.7
26;2025-12-31;9;277.6
26;2025-12-31;10;339.7
26;2025-12-31;11;450.0
26;2025-12-31;12;569.8
26;2025-12-31;13;642.5
26;2025-12-31;14;661.4
26;2025-12-31;15;659.9
26;2025-12-31;16;667.0
26;2025-12-31;17;665.3
26;2025-12-31;18;645.8
26;2025-12-31;19;578.4
26;2025-12-31;20;442.4
26;2025-12-31;21;317.9
26;2025-12-31;22;176.0
26;2025-12-31;23;60.8
28;2025-11-01;0;28.0
28;2025-11-01;1;15.0
28;2025-11-01;2;13.3
28;2025-11-01;3;12.9
28;2025-11-01;4;15.6
28;2025-11-01;5;69.6
28;2025-11-01;6;226.1
28;2025-11-01;7;524.4
28;2025-11-01;8;765.6
28;2025-11-01;9;603.9
28;2025-11-01;10;545.2
28;2025-11-01;11;561.1
28;2025-11-01;12;630.7
28;2025-11-01;13;629.4
28;2025-11-01;14;632.0
28;2025-11-01;15;669.0
28;2025-11-01;16;760.9
28;2025-11-01;17;766.5
28;2025-11-01;18;689.5
28;2025-11-01;19;539.0
28;2025-11-01;20;394.8
28;2025-11-01;21;291.4
28;2025-11-01;22;150.1
28;2025-11-01;23;71.0
28;2025-11-02;0;22.4
28;2025-11-02;1;5.2
28;2025-11-02;2;2.5
28;2025-11-02;3;0.2
28;2025-11-02;4;0.1
28;2025-11-02;5;21.8
28;2025-11-02;6;84.8
28;2025-11-02;7;154.2
28;2025-11-02;8;235.5
28;2025-11-02;9;305.6
28;2025-11-02;10;358.3
28;2025-11-02;11;419.9
28;2025-11-02;12;462.2
28;2025-11-02;13;503.2
28;2025-11-02;14;500.3
28;2025-11-02;15;492.1
28;2025-11-02;16;474.3
28;2025-11-02;17;465.3
28;2025-11-02;18;418.4
28;2025-11-02;19;354.5
28;2025-11-02;20;271.6
28;2025-11-02;21;203.8
28;2025-11-02;22;113.6
28;2025-11-02;23;45.7
28;2025-11-03;0;27.1
28;2025-11-03;1;8.4
28;2025-11-03;2;5.9
28;2025-11-03;3;3.7
28;2025-11-03;4;3.2
28;2025-11-03;5;28.8
28;2025-11-03;6;117.2
28;2025-11-03;7;201.9
28;2025-11-03;8;281.9
28;2025-11-03;9;313.5
28;2025-11-03;10;350.9
28;2025-11-03;11;409.9
28;2025-11-03;12;469.4
28;2025-11-03;13;503.8
28;2025-11-03;14;510.7
28;2025-11-03;15;513.8
28;2025-11-03;16;516.9
28;2025-11-03;17;508.9
28;2025-11-03;18;492.7
28;2025-11-03;19;413.7
28;2025-11-03;20;311.5
28;2025-11-03;21;223.8
28;2025-11-03;22;136.2
28;2025-11-03;23;70.2
28;2025-11-04;0;25.9
28;2025-11-04;1;6.3
28;2025-11-04;2;5.0
28;2025-11-04;3;3.8
28;2025-11-04;4;2.2
28;2025-11-04;5;23.3
28;2025-11-04;6;106.2
28;2025-11-04;7;184.7
28;2025-11-04;8;261.8
28;2025-11-04;9;287.1
28;2025-11-04;10;319.2
28;2025-11-04;11;374.9
28;2025-11-04;12;429.9
28;2025-11-04;13;463.3
28;2025-11-04;14;469.9
28;2025-11-04;15;471.8
28;2025-11-04;16;474.8
28;2025-11-04;17;469.9
28;2025-11-04;18;457.4
28;2025-11-04;19;387.7
28;2025-11-04;20;293.2
28;2025-11-04;21;209.9
28;2025-11-04;22;123.4
28;2025-11-04;23;57.1
28;2025-11-05;0;13.8
28;2025-11-05;1;3.8
28;2025-11-05;2;3.5
28;2025-11-05;3;3.4
28;2025-11-05;4;7.0
28;2025-11-05;5;73.2
28;2025-11-05;6;286.4
28;2025-11-05;7;763.0
28;2025-11-05;8;1152.1
28;2025-11-05;9;821.7
28;2025-11-05;10;615.6
28;2025-11-05;11;593.1
28;2025-11-05;12;670.1
28;2025-11-05;13;668.1
28;2025-11-05;14;659.8
28;2025-11-05;15;681.0
28;2025-11-05;16;865.5
28;2025-11-05;17;983.5
28;2025-11-05;18;1035.5
28;2025-11-05;19;767.7
28;2025-11-05;20;505.6
28;2025-11-05;21;307.9
28;2025-11-05;22;132.2
28;2025-11-05;23;40.7
28;2025-11-06;0;11.2
28;2025-11-06;1;1.1
28;2025-11-06;2;0.3
28;2025-11-06;3;0.4
28;2025-11-06;4;2.9
28;2025-11-06;5;75.6
28;2025-11-06;6;287.2
28;2025-11-06;7;787.4
28;2025-11-06;8;1170.5
28;2025-11-06;9;807.6
28;2025-11-06;10;610.8
28;2025-11-06;11;584.3
28;2025-11-06;12;655.7
28;2025-11-06;13;666.2
28;2025-11-06;14;649.1
28;2025-11-06;15;721.3
28;2025-11-06;16;835.3
28;2025-11-06;17;1010.8
28;2025-11-06;18;1050.5
28;2025-11-06;19;757.4
28;2025-11-06;20;522.1
28;2025-11-06;21;313.7
28;2025-11-06;22;145.4
28;2025-11-06;23;49.5
28;2025-11-07;0;11.6
28;2025-11-07;1;1.2
28;2025-11-07;2;0.3
28;2025-11-07;3;0.4
28;2025-11-07;4;3.0
28;2025-11-07;5;72.9
28;2025-11-07;6;288.9
28;2025-11-07;7;777.9
28;2025-11-07;8;1141.3
28;2025-11-07;9;776.4
28;2025-11-07;10;618.5
28;2025-11-07;11;608.0
28;2025-11-07;12;695.3
28;2025-11-07;13;670.2
28;2025-11-07;14;683.3
28;2025-11-07;15;735.2
28;2025-11-07;16;906.0
28;2025-11-07;17;950.7
28;2025-11-07;18;866.3
28;2025-11-07;19;640.8
28;2025-11-07;20;450.3
28;2025-11-07;21;319.9
28;2025-11-07;22;142.0
28;2025-11-07;23;55.5
28;2025-11-08;0;24.6
28;2025-11-08;1;7.4
28;2025-11-08;2;4.0
28;2025-11-08;3;2.0
28;2025-11-08;4;1.9
28;2025-11-08;5;34.4
28;2025-11-08;6;125.7
28;2025-11-08;7;221.1
28;2025-11-08;8;334.2
28;2025-11-08;9;391.7
28;2025-11-08;10;438.1
28;2025-11-08;11;487.1
28;2025-11-08;12;543.4
28;2025-11-08;13;568.4
28;2025-11-08;14;556.7
28;2025-11-08;15;558.1
28;2025-11-08;16;551.2
28;2025-11-08;17;532.9
28;2025-11-08;18;488.2
28;2025-11-08;19;413.9
28;2025-11-08;20;314.5
28;2025-11-08;21;239.6
28;2025-11-08;22;137.4
28;2025-11-08;23;66.1
28;2025-11-09;0;22.7
28;2025-11-09;1;5.5
28;2025-11-09;2;2.8
28;2025-11-09;3;0.2
28;2025-11-09;4;0.1
28;2025-11-09;5;22.0
28;2025-11-09;6;85.2
28;2025-11-09;7;154.5
28;2025-11-09;8;235.8
28;2025-11-09;9;306.1
28;2025-11-09;10;359.3
28;2025-11-09;11;420.9
28;2025-11-09;12;463.6
28;2025-11-09;13;504.9
28;2025-11-09;14;501.9
28;2025-11-09;15;493.8
28;2025-11-09;16;475.8
28;2025-11-09;17;466.8
28;2025-11-09;18;419.7
28;2025-11-09;19;355.6
28;2025-11-09;20;272.8
28;2025-11-09;21;204.9
28;2025-11-09;22;114.6
28;2025-11-09;23;46.6
28;2025-11-10;0;10.2
28;2025-11-10;1;0.5
28;2025-11-10;2;0.5
28;2025-11-10;3;0.3
28;2025-11-10;4;3.0
28;2025-11-10;5;69.7
28;2025-11-10;6;286.9
28;2025-11-10;7;735.7
28;2025-11-10;8;1138.7
28;2025-11-10;9;784.0
28;2025-11-10;10;605.2
28;2025-11-10;11;557.3
28;2025-11-10;12;618.5
28;2025-11-10;13;634.9
28;2025-11-10;14;598.1
28;2025-11-10;15;633.4
28;2025-11-10;16;813.5
28;2025-11-10;17;943.8
28;2025-11-10;18;982.2
28;2025-11-10;19;723.4
28;2025-11-10;20;464.0
28;2025-11-10;21;286.0
28;2025-11-10;22;122.8
28;2025-11-10;23;33.0
28;2025-11-11;0;10.5
28;2025-11-11;1;0.5
28;2025-11-11;2;0.5
28;2025-11-11;3;0.5
28;2025-11-11;4;3.5
28;2025-11-11;5;71.5
28;2025-11-11;6;287.5
28;2025-11-11;7;766.8
28;2025-11-11;8;1202.4
28;2025-11-11;9;781.8
28;2025-11-11;10;643.3
28;2025-11-11;11;589.1
28;2025-11-11;12;644.8
28;2025-11-11;13;646.9
28;2025-11-11;14;639.4
28;2025-11-11;15;682.5
28;2025-11-11;16;774.8
28;2025-11-11;17;979.8
28;2025-11-11;18;987.7
28;2025-11-11;19;718.1
28;2025-11-11;20;477.3
28;2025-11-11;21;303.9
28;2025-11-11;22;137.4
28;2025-11-11;23;40.7
28;2025-11-12;0;11.0
28;2025-11-12;1;0.8
28;2025-11-12;2;0.6
28;2025-11-12;3;0.6
28;2025-11-12;4;3.3
28;2025-11-12;5;70.9
28;2025-11-12;6;284.4
28;2025-11-12;7;762.1
28;2025-11-12;8;1155.2
28;2025-11-12;9;824.7
28;2025-11-12;10;619.7
28;2025-11-12;11;596.8
28;2025-11-12;12;671.9
28;2025-11-12;13;668.5
28;2025-11-12;14;661.3
28;2025-11-12;15;681.9
28;2025-11-12;16;865.5
28;2025-11-12;17;986.5
28;2025-11-12;18;1037.7
28;2025-11-12;19;773.8
28;2025-11-12;20;514.1
28;2025-11-12;21;316.5
28;2025-11-12;22;137.4
28;2025-11-12;23;44.5
28;2025-11-13;0;11.7
28;2025-11-13;1;1.4
28;2025-11-13;2;0.5
28;2025-11-13;3;0.7
28;2025-11-13;4;3.7
28;2025-11-13;5;77.1
28;2025-11-13;6;289.8
28;2025-11-13;7;793.4
28;2025-11-13;8;1178.2
28;2025-11-13;9;813.6
28;2025-11-13;10;615.7
28;2025-11-13;11;589.1
28;2025-11-13;12;660.8
28;2025-11-13;13;672.0
28;2025-11-13;14;655.0
28;2025-11-13;15;727.9
28;2025-11-13;16;842.4
28;2025-11-13;17;1017.9
28;2025-11-13;18;1057.9
28;2025-11-13;19;762.3
28;2025-11-13;20;526.0
28;2025-11-13;21;316.4
28;2025-11-13;22;147.5
28;2025-11-13;23;50.7
28;2025-11-14;0;12.0
28;2025-11-14;1;1.7
28;2025-11-14;2;0.6
28;2025-11-14;3;0.8
28;2025-11-14;4;3.8
28;2025-11-14;5;74.4
28;2025-11-14;6;292.3
28;2025-11-14;7;785.3
28;2025-11-14;8;1150.6
28;2025-11-14;9;783.5
28;2025-11-14;10;624.1
28;2025-11-14;11;613.8
28;2025-11-14;12;701.6
28;2025-11-14;13;677.3
28;2025-11-14;14;690.7
28;2025-11-14;15;743.4
28;2025-11-14;16;914.8
28;2025-11-14;17;959.6
28;2025-11-14;18;874.4
28;2025-11-14;19;646.6
28;2025-11-14;20;454.9
28;2025-11-14;21;323.2
28;2025-11-14;22;144.9
28;2025-11-14;23;57.4
28;2025-11-15;0;24.8
28;2025-11-15;1;7.7
28;2025-11-15;2;4.1
28;2025-11-15;3;2.1
28;2025-11-15;4;1.9
28;2025-11-15;5;35.4
28;2025-11-15;6;128.6
28;2025-11-15;7;225.3
28;2025-11-15;8;338.0
28;2025-11-15;9;399.6
28;2025-11-15;10;448.8
28;2025-11-15;11;499.4
28;2025-11-15;12;558.9
28;2025-11-15;13;586.6
28;2025-11-15;14;575.0
28;2025-11-15;15;576.2
28;2025-11-15;16;568.9
28;2025-11-15;17;548.0
28;2025-11-15;18;500.4
28;2025-11-15;19;423.9
28;2025-11-15;20;322.9
28;2025-11-15;21;247.2
28;2025-11-15;22;144.0
28;2025-11-15;23;71.3
28;2025-11-16;0;23.2
28;2025-11-16;1;6.1
28;2025-11-16;2;3.1
28;2025-11-16;3;0.2
28;2025-11-16;4;0.2
28;2025-11-16;5;23.7
28;2025-11-16;6;89.7
28;2025-11-16;7;160.3
28;2025-11-16;8;241.0
28;2025-11-16;9;317.2
28;2025-11-16;10;375.9
28;2025-11-16;11;441.2
28;2025-11-16;12;487.9
28;2025-11-16;13;532.5
28;2025-11-16;14;529.8
28;2025-11-16;15;521.6
28;2025-11-16;16;503.1
28;2025-11-16;17;490.4
28;2025-11-16;18;437.9
28;2025-11-16;19;370.0
28;2025-11-16;20;285.2
28;2025-11-16;21;215.4
28;2025-11-16;22;123.8
28;2025-11-16;23;54.3
28;2025-11-17;0;10.5
28;2025-11-17;1;0.7
28;2025-11-17;2;0.9
28;2025-11-17;3;0.9
28;2025-11-17;4;4.4
28;2025-11-17;5;72.2
28;2025-11-17;6;296.5
28;2025-11-17;7;761.2
28;2025-11-17;8;1170.3
28;2025-11-17;9;808.9
28;2025-11-17;10;624.9
28;2025-11-17;11;577.2
28;2025-11-17;12;640.2
28;2025-11-17;13;658.2
28;2025-11-17;14;621.9
28;2025-11-17;15;658.6
28;2025-11-17;16;839.8
28;2025-11-17;17;971.1
28;2025-11-17;18;1010.1
28;2025-11-17;19;741.3
28;2025-11-17;20;476.8
28;2025-11-17;21;295.6
28;2025-11-17;22;130.2
28;2025-11-17;23;38.8
28;2025-11-18;0;10.7
28;2025-11-18;1;0.8
28;2025-11-18;2;0.8
28;2025-11-18;3;1.0
28;2025-11-18;4;4.6
28;2025-11-18;5;73.8
28;2025-11-18;6;296.6
28;2025-11-18;7;791.1
28;2025-11-18;8;1232.9
28;2025-11-18;9;805.5
28;2025-11-18;10;661.7
28;2025-11-18;11;607.8
28;2025-11-18;12;665.1
28;2025-11-18;13;668.9
28;2025-11-18;14;661.8
28;2025-11-18;15;706.5
28;2025-11-18;16;799.7
28;2025-11-18;17;1005.7
28;2025-11-18;18;1014.4
28;2025-11-18;19;734.9
28;2025-11-18;20;489.0
28;2025-11-18;21;312.6
28;2025-11-18;22;144.1
28;2025-11-18;23;45.8
28;2025-11-19;0;10.9
28;2025-11-19;1;1.0
28;2025-11-19;2;0.6
28;2025-11-19;3;0.9
28;2025-11-19;4;3.9
28;2025-11-19;5;72.7
28;2025-11-19;6;293.2
28;2025-11-19;7;787.9
28;2025-11-19;8;1186.6
28;2025-11-19;9;849.6
28;2025-11-19;10;639.1
28;2025-11-19;11;616.5
28;2025-11-19;12;693.3
28;2025-11-19;13;691.7
28;2025-11-19;14;684.7
28;2025-11-19;15;706.7
28;2025-11-19;16;891.1
28;2025-11-19;17;1013.2
28;2025-11-19;18;1064.9
28;2025-11-19;19;791.4
28;2025-11-19;20;525.7
28;2025-11-19;21;324.6
28;2025-11-19;22;143.2
28;2025-11-19;23;49.2
28;2025-11-20;0;11.0
28;2025-11-20;1;1.3
28;2025-11-20;2;0.4
28;2025-11-20;3;0.6
28;2025-11-20;4;3.6
28;2025-11-20;5;77.8
28;2025-11-20;6;296.6
28;2025-11-20;7;816.0
28;2025-11-20;8;1205.1
28;2025-11-20;9;835.0
28;2025-11-20;10;632.2
28;2025-11-20;11;605.9
28;2025-11-20;12;679.3
28;2025-11-20;13;691.7
28;2025-11-20;14;675.0
28;2025-11-20;15;749.1
28;2025-11-20;16;864.5
28;2025-11-20;17;1040.6
28;2025-11-20;18;1081.1
28;2025-11-20;19;776.5
28;2025-11-20;20;534.8
28;2025-11-20;21;322.0
28;2025-11-20;22;151.2
28;2025-11-20;23;53.6
28;2025-11-21;0;11.1
28;2025-11-21;1;1.1
28;2025-11-21;2;0.4
28;2025-11-21;3;0.5
28;2025-11-21;4;3.5
28;2025-11-21;5;74.8
28;2025-11-21;6;297.8
28;2025-11-21;7;806.4
28;2025-11-21;8;1177.2
28;2025-11-21;9;805.0
28;2025-11-21;10;641.0
28;2025-11-21;11;631.8
28;2025-11-21;12;721.3
28;2025-11-21;13;698.4
28;2025-11-21;14;711.9
28;2025-11-21;15;766.5
28;2025-11-21;16;938.4
28;2025-11-21;17;982.8
28;2025-11-21;18;895.1
28;2025-11-21;19;660.6
28;2025-11-21;20;464.0
28;2025-11-21;21;329.2
28;2025-11-21;22;148.9
28;2025-11-21;23;60.5
28;2025-11-22;0;24.6
28;2025-11-22;1;7.7
28;2025-11-22;2;4.2
28;2025-11-22;3;2.2
28;2025-11-22;4;2.0
28;2025-11-22;5;35.6
28;2025-11-22;6;131.1
28;2025-11-22;7;231.6
28;2025-11-22;8;346.3
28;2025-11-22;9;410.3
28;2025-11-22;10;462.5
28;2025-11-22;11;515.8
28;2025-11-22;12;577.1
28;2025-11-22;13;606.2
28;2025-11-22;14;594.7
28;2025-11-22;15;595.2
28;2025-11-22;16;587.7
28;2025-11-22;17;564.0
28;2025-11-22;18;513.2
28;2025-11-22;19;434.5
28;2025-11-22;20;330.7
28;2025-11-22;21;252.5
28;2025-11-22;22;148.4
28;2025-11-22;23;75.3
28;2025-11-23;0;23.1
28;2025-11-23;1;6.1
28;2025-11-23;2;3.2
28;2025-11-23;3;0.3
28;2025-11-23;4;0.1
28;2025-11-23;5;24.1
28;2025-11-23;6;92.3
28;2025-11-23;7;167.4
28;2025-11-23;8;250.0
28;2025-11-23;9;328.3
28;2025-11-23;10;388.8
28;2025-11-23;11;455.8
28;2025-11-23;12;504.6
28;2025-11-23;13;550.0
28;2025-11-23;14;547.7
28;2025-11-23;15;538.4
28;2025-11-23;16;519.7
28;2025-11-23;17;504.1
28;2025-11-23;18;448.9
28;2025-11-23;19;379.8
28;2025-11-23;20;292.3
28;2025-11-23;21;220.3
28;2025-11-23;22;127.6
28;2025-11-23;23;57.9
28;2025-11-24;0;10.6
28;2025-11-24;1;1.0
28;2025-11-24;2;1.1
28;2025-11-24;3;1.2
28;2025-11-24;4;4.8
28;2025-11-24;5;73.1
28;2025-11-24;6;298.6
28;2025-11-24;7;769.6
28;2025-11-24;8;1181.6
28;2025-11-24;9;818.9
28;2025-11-24;10;633.5
28;2025-11-24;11;585.9
28;2025-11-24;12;649.1
28;2025-11-24;13;667.1
28;2025-11-24;14;631.1
28;2025-11-24;15;668.8
28;2025-11-24;16;850.1
28;2025-11-24;17;981.9
28;2025-11-24;18;1021.2
28;2025-11-24;19;750.5
28;2025-11-24;20;482.6
28;2025-11-24;21;298.4
28;2025-11-24;22;131.8
28;2025-11-24;23;40.3
28;2025-11-25;0;11.1
28;2025-11-25;1;1.2
28;2025-11-25;2;1.2
28;2025-11-25;3;1.4
28;2025-11-25;4;5.2
28;2025-11-25;5;74.9
28;2025-11-25;6;299.0
28;2025-11-25;7;799.8
28;2025-11-25;8;1244.8
28;2025-11-25;9;815.9
28;2025-11-25;10;670.4
28;2025-11-25;11;616.6
28;2025-11-25;12;674.3
28;2025-11-25;13;678.2
28;2025-11-25;14;671.5
28;2025-11-25;15;717.2
28;2025-11-25;16;810.4
28;2025-11-25;17;1016.9
28;2025-11-25;18;1025.7
28;2025-11-25;19;744.3
28;2025-11-25;20;494.8
28;2025-11-25;21;315.5
28;2025-11-25;22;146.3
28;2025-11-25;23;47.8
28;2025-11-26;0;11.6
28;2025-11-26;1;1.4
28;2025-11-26;2;1.0
28;2025-11-26;3;1.2
28;2025-11-26;4;4.6
28;2025-11-26;5;73.6
28;2025-11-26;6;294.3
28;2025-11-26;7;791.9
28;2025-11-26;8;1193.1
28;2025-11-26;9;855.4
28;2025-11-26;10;643.8
28;2025-11-26;11;621.4
28;2025-11-26;12;698.4
28;2025-11-26;13;696.8
28;2025-11-26;14;690.2
28;2025-11-26;15;713.0
28;2025-11-26;16;897.4
28;2025-11-26;17;1019.8
28;2025-11-26;18;1071.3
28;2025-11-26;19;797.1
28;2025-11-26;20;529.1
28;2025-11-26;21;326.3
28;2025-11-26;22;144.9
28;2025-11-26;23;50.9
28;2025-11-27;0;11.1
28;2025-11-27;1;1.1
28;2025-11-27;2;0.3
28;2025-11-27;3;0.4
28;2025-11-27;4;3.7
28;2025-11-27;5;77.9
28;2025-11-27;6;295.9
28;2025-11-27;7;817.3
28;2025-11-27;8;1207.6
28;2025-11-27;9;837.0
28;2025-11-27;10;633.3
28;2025-11-27;11;607.3
28;2025-11-27;12;680.9
28;2025-11-27;13;693.2
28;2025-11-27;14;676.6
28;2025-11-27;15;751.6
28;2025-11-27;16;867.0
28;2025-11-27;17;1042.8
28;2025-11-27;18;1083.0
28;2025-11-27;19;778.2
28;2025-11-27;20;534.7
28;2025-11-27;21;321.2
28;2025-11-27;22;150.6
28;2025-11-27;23;53.3
28;2025-11-28;0;11.1
28;2025-11-28;1;1.1
28;2025-11-28;2;0.7
28;2025-11-28;3;0.5
28;2025-11-28;4;3.7
28;2025-11-28;5;74.9
28;2025-11-28;6;295.0
28;2025-11-28;7;793.5
28;2025-11-28;8;1161.1
28;2025-11-28;9;790.5
28;2025-11-28;10;627.3
28;2025-11-28;11;618.3
28;2025-11-28;12;708.4
28;2025-11-28;13;685.5
28;2025-11-28;14;698.7
28;2025-11-28;15;752.9
28;2025-11-28;16;924.7
28;2025-11-28;17;968.9
28;2025-11-28;18;882.2
28;2025-11-28;19;648.9
28;2025-11-28;20;453.6
28;2025-11-28;21;321.7
28;2025-11-28;22;143.2
28;2025-11-28;23;55.2
28;2025-11-29;0;26.3
28;2025-11-29;1;9.5
28;2025-11-29;2;5.8
28;2025-11-29;3;3.5
28;2025-11-29;4;2.8
28;2025-11-29;5;36.8
28;2025-11-29;6;128.0
28;2025-11-29;7;215.5
28;2025-11-29;8;326.0
28;2025-11-29;9;388.3
28;2025-11-29;10;438.9
28;2025-11-29;11;491.6
28;2025-11-29;12;555.4
28;2025-11-29;13;584.7
28;2025-11-29;14;572.8
28;2025-11-29;15;573.3
28;2025-11-29;16;565.7
28;2025-11-29;17;541.6
28;2025-11-29;18;491.5
28;2025-11-29;19;416.5
28;2025-11-29;20;317.2
28;2025-11-29;21;244.6
28;2025-11-29;22;142.9
28;2025-11-29;23;70.3
28;2025-11-30;0;23.7
28;2025-11-30;1;6.9
28;2025-11-30;2;3.9
28;2025-11-30;3;0.5
28;2025-11-30;4;0.2
28;2025-11-30;5;24.1
28;2025-11-30;6;90.2
28;2025-11-30;7;155.3
28;2025-11-30;8;235.0
28;2025-11-30;9;310.1
28;2025-11-30;10;367.1
28;2025-11-30;11;432.2
28;2025-11-30;12;482.2
28;2025-11-30;13;527.7
28;2025-11-30;14;524.9
28;2025-11-30;15;516.1
28;2025-11-30;16;497.3
28;2025-11-30;17;482.7
28;2025-11-30;18;430.0
28;2025-11-30;19;364.4
28;2025-11-30;20;281.0
28;2025-11-30;21;214.2
28;2025-11-30;22;122.6
28;2025-11-30;23;53.5
28;2025-12-01;0;11.7
28;2025-12-01;1;1.5
28;2025-12-01;2;2.2
28;2025-12-01;3;1.9
28;2025-12-01;4;6.0
28;2025-12-01;5;79.0
28;2025-12-01;6;318.0
28;2025-12-01;7;810.8
28;2025-12-01;8;1247.8
28;2025-12-01;9;862.6
28;2025-12-01;10;666.5
28;2025-12-01;11;616.7
28;2025-12-01;12;685.3
28;2025-12-01;13;705.1
28;2025-12-01;14;666.2
28;2025-12-01;15;705.8
28;2025-12-01;16;899.5
28;2025-12-01;17;1036.8
28;2025-12-01;18;1075.5
28;2025-12-01;19;791.1
28;2025-12-01;20;507.3
28;2025-12-01;21;313.8
28;2025-12-01;22;136.9
28;2025-12-01;23;39.0
28;2025-12-02;0;12.6
28;2025-12-02;1;2.3
28;2025-12-02;2;2.9
28;2025-12-02;3;2.7
28;2025-12-02;4;6.7
28;2025-12-02;5;80.0
28;2025-12-02;6;316.2
28;2025-12-02;7;837.5
28;2025-12-02;8;1308.9
28;2025-12-02;9;853.0
28;2025-12-02;10;699.4
28;2025-12-02;11;642.9
28;2025-12-02;12;705.8
28;2025-12-02;13;710.7
28;2025-12-02;14;703.0
28;2025-12-02;15;751.0
28;2025-12-02;16;850.7
28;2025-12-02;17;1068.1
28;2025-12-02;18;1074.9
28;2025-12-02;19;779.4
28;2025-12-02;20;517.6
28;2025-12-02;21;330.2
28;2025-12-02;22;150.8
28;2025-12-02;23;45.9
28;2025-12-03;0;13.4
28;2025-12-03;1;2.9
28;2025-12-03;2;3.2
28;2025-12-03;3;3.1
28;2025-12-03;4;6.6
28;2025-12-03;5;78.9
28;2025-12-03;6;310.6
28;2025-12-03;7;828.3
28;2025-12-03;8;1252.1
28;2025-12-03;9;893.0
28;2025-12-03;10;668.5
28;2025-12-03;11;645.6
28;2025-12-03;12;729.9
28;2025-12-03;13;729.2
28;2025-12-03;14;721.9
28;2025-12-03;15;745.5
28;2025-12-03;16;942.8
28;2025-12-03;17;1070.3
28;2025-12-03;18;1122.9
28;2025-12-03;19;835.1
28;2025-12-03;20;553.7
28;2025-12-03;21;341.2
28;2025-12-03;22;149.1
28;2025-12-03;23;49.0
28;2025-12-04;0;12.7
28;2025-12-04;1;1.9
28;2025-12-04;2;1.5
28;2025-12-04;3;1.2
28;2025-12-04;4;5.4
28;2025-12-04;5;83.6
28;2025-12-04;6;312.4
28;2025-12-04;7;858.5
28;2025-12-04;8;1270.9
28;2025-12-04;9;876.4
28;2025-12-04;10;660.2
28;2025-12-04;11;633.9
28;2025-12-04;12;714.9
28;2025-12-04;13;729.5
28;2025-12-04;14;712.2
28;2025-12-04;15;791.9
28;2025-12-04;16;915.1
28;2025-12-04;17;1100.4
28;2025-12-04;18;1141.2
28;2025-12-04;19;818.9
28;2025-12-04;20;563.5
28;2025-12-04;21;338.9
28;2025-12-04;22;158.1
28;2025-12-04;23;54.0
28;2025-12-05;0;12.4
28;2025-12-05;1;1.9
28;2025-12-05;2;1.4
28;2025-12-05;3;1.1
28;2025-12-05;4;4.9
28;2025-12-05;5;80.1
28;2025-12-05;6;312.9
28;2025-12-05;7;845.8
28;2025-12-05;8;1236.2
28;2025-12-05;9;839.5
28;2025-12-05;10;665.2
28;2025-12-05;11;656.8
28;2025-12-05;12;754.6
28;2025-12-05;13;731.3
28;2025-12-05;14;746.2
28;2025-12-05;15;804.5
28;2025-12-05;16;987.9
28;2025-12-05;17;1034.5
28;2025-12-05;18;941.6
28;2025-12-05;19;692.4
28;2025-12-05;20;486.6
28;2025-12-05;21;346.2
28;2025-12-05;22;155.5
28;2025-12-05;23;61.4
28;2025-12-06;0;26.3
28;2025-12-06;1;8.4
28;2025-12-06;2;4.6
28;2025-12-06;3;2.3
28;2025-12-06;4;2.4
28;2025-12-06;5;37.1
28;2025-12-06;6;132.7
28;2025-12-06;7;224.0
28;2025-12-06;8;337.3
28;2025-12-06;9;402.8
28;2025-12-06;10;457.0
28;2025-12-06;11;514.4
28;2025-12-06;12;585.0
28;2025-12-06;13;617.8
28;2025-12-06;14;607.8
28;2025-12-06;15;609.7
28;2025-12-06;16;602.6
28;2025-12-06;17;577.9
28;2025-12-06;18;525.6
28;2025-12-06;19;446.6
28;2025-12-06;20;342.0
28;2025-12-06;21;265.1
28;2025-12-06;22;156.5
28;2025-12-06;23;78.8
28;2025-12-07;0;24.0
28;2025-12-07;1;6.2
28;2025-12-07;2;2.8
28;2025-12-07;3;0.4
28;2025-12-07;4;0.6
28;2025-12-07;5;24.6
28;2025-12-07;6;94.5
28;2025-12-07;7;162.1
28;2025-12-07;8;244.8
28;2025-12-07;9;324.0
28;2025-12-07;10;385.0
28;2025-12-07;11;455.1
28;2025-12-07;12;510.0
28;2025-12-07;13;559.6
28;2025-12-07;14;559.1
28;2025-12-07;15;551.0
28;2025-12-07;16;531.9
28;2025-12-07;17;518.0
28;2025-12-07;18;462.7
28;2025-12-07;19;393.6
28;2025-12-07;20;304.8
28;2025-12-07;21;233.2
28;2025-12-07;22;135.3
28;2025-12-07;23;61.5
28;2025-12-08;0;9.8
28;2025-12-08;1;1.3
28;2025-12-08;2;2.1
28;2025-12-08;3;1.9
28;2025-12-08;4;7.5
28;2025-12-08;5;80.5
28;2025-12-08;6;301.9
28;2025-12-08;7;781.4
28;2025-12-08;8;1200.9
28;2025-12-08;9;823.0
28;2025-12-08;10;629.5
28;2025-12-08;11;580.2
28;2025-12-08;12;649.8
28;2025-12-08;13;670.9
28;2025-12-08;14;632.9
28;2025-12-08;15;672.3
28;2025-12-08;16;865.7
28;2025-12-08;17;1001.2
28;2025-12-08;18;1039.4
28;2025-12-08;19;771.1
28;2025-12-08;20;498.1
28;2025-12-08;21;308.6
28;2025-12-08;22;135.2
28;2025-12-08;23;37.6
28;2025-12-09;0;10.9
28;2025-12-09;1;1.7
28;2025-12-09;2;2.4
28;2025-12-09;3;2.4
28;2025-12-09;4;8.2
28;2025-12-09;5;82.2
28;2025-12-09;6;299.8
28;2025-12-09;7;807.2
28;2025-12-09;8;1261.1
28;2025-12-09;9;812.3
28;2025-12-09;10;660.8
28;2025-12-09;11;604.9
28;2025-12-09;12;669.0
28;2025-12-09;13;675.3
28;2025-12-09;14;668.7
28;2025-12-09;15;717.1
28;2025-12-09;16;816.3
28;2025-12-09;17;1032.3
28;2025-12-09;18;1038.5
28;2025-12-09;19;759.3
28;2025-12-09;20;507.5
28;2025-12-09;21;324.2
28;2025-12-09;22;148.4
28;2025-12-09;23;43.8
28;2025-12-10;0;11.4
28;2025-12-10;1;2.0
28;2025-12-10;2;2.2
28;2025-12-10;3;2.3
28;2025-12-10;4;7.6
28;2025-12-10;5;80.8
28;2025-12-10;6;294.5
28;2025-12-10;7;798.3
28;2025-12-10;8;1205.3
28;2025-12-10;9;854.1
28;2025-12-10;10;631.7
28;2025-12-10;11;609.5
28;2025-12-10;12;694.2
28;2025-12-10;13;694.6
28;2025-12-10;14;688.2
28;2025-12-10;15;712.2
28;2025-12-10;16;908.9
28;2025-12-10;17;1034.9
28;2025-12-10;18;1087.0
28;2025-12-10;19;815.4
28;2025-12-10;20;543.7
28;2025-12-10;21;335.4
28;2025-12-10;22;146.5
28;2025-12-10;23;46.8
28;2025-12-11;0;13.1
28;2025-12-11;1;2.9
28;2025-12-11;2;2.7
28;2025-12-11;3;2.6
28;2025-12-11;4;9.2
28;2025-12-11;5;88.8
28;2025-12-11;6;306.5
28;2025-12-11;7;843.0
28;2025-12-11;8;1244.0
28;2025-12-11;9;858.2
28;2025-12-11;10;645.2
28;2025-12-11;11;620.9
28;2025-12-11;12;702.3
28;2025-12-11;13;718.2
28;2025-12-11;14;701.5
28;2025-12-11;15;780.9
28;2025-12-11;16;903.1
28;2025-12-11;17;1085.9
28;2025-12-11;18;1120.1
28;2025-12-11;19;811.4
28;2025-12-11;20;561.2
28;2025-12-11;21;339.7
28;2025-12-11;22;161.2
28;2025-12-11;23;57.3
28;2025-12-12;0;13.5
28;2025-12-12;1;3.3
28;2025-12-12;2;2.6
28;2025-12-12;3;3.0
28;2025-12-12;4;10.2
28;2025-12-12;5;87.2
28;2025-12-12;6;311.3
28;2025-12-12;7;835.5
28;2025-12-12;8;1215.3
28;2025-12-12;9;827.1
28;2025-12-12;10;655.7
28;2025-12-12;11;646.7
28;2025-12-12;12;744.1
28;2025-12-12;13;720.3
28;2025-12-12;14;734.7
28;2025-12-12;15;791.8
28;2025-12-12;16;973.7
28;2025-12-12;17;1020.8
28;2025-12-12;18;933.8
28;2025-12-12;19;689.5
28;2025-12-12;20;487.0
28;2025-12-12;21;346.1
28;2025-12-12;22;156.6
28;2025-12-12;23;62.3
28;2025-12-13;0;30.3
28;2025-12-13;1;12.8
28;2025-12-13;2;8.9
28;2025-12-13;3;6.5
28;2025-12-13;4;6.4
28;2025-12-13;5;43.3
28;2025-12-13;6;129.3
28;2025-12-13;7;213.4
28;2025-12-13;8;320.2
28;2025-12-13;9;383.7
28;2025-12-13;10;437.8
28;2025-12-13;11;493.7
28;2025-12-13;12;564.8
28;2025-12-13;13;597.4
28;2025-12-13;14;587.4
28;2025-12-13;15;590.5
28;2025-12-13;16;584.6
28;2025-12-13;17;562.0
28;2025-12-13;18;515.2
28;2025-12-13;19;439.9
28;2025-12-13;20;338.5
28;2025-12-13;21;262.0
28;2025-12-13;22;155.7
28;2025-12-13;23;77.7
28;2025-12-14;0;26.0
28;2025-12-14;1;8.7
28;2025-12-14;2;5.2
28;2025-12-14;3;1.7
28;2025-12-14;4;1.8
28;2025-12-14;5;29.2
28;2025-12-14;6;92.8
28;2025-12-14;7;153.7
28;2025-12-14;8;231.1
28;2025-12-14;9;307.7
28;2025-12-14;10;368.1
28;2025-12-14;11;435.3
28;2025-12-14;12;490.4
28;2025-12-14;13;539.7
28;2025-12-14;14;539.2
28;2025-12-14;15;532.4
28;2025-12-14;16;514.4
28;2025-12-14;17;502.7
28;2025-12-14;18;453.2
28;2025-12-14;19;387.8
28;2025-12-14;20;302.1
28;2025-12-14;21;230.2
28;2025-12-14;22;134.0
28;2025-12-14;23;59.7
28;2025-12-15;0;9.8
28;2025-12-15;1;1.3
28;2025-12-15;2;2.1
28;2025-12-15;3;1.9
28;2025-12-15;4;7.5
28;2025-12-15;5;80.5
28;2025-12-15;6;301.9
28;2025-12-15;7;781.4
28;2025-12-15;8;1200.9
28;2025-12-15;9;823.0
28;2025-12-15;10;629.5
28;2025-12-15;11;580.2
28;2025-12-15;12;649.8
28;2025-12-15;13;670.9
28;2025-12-15;14;632.9
28;2025-12-15;15;672.3
28;2025-12-15;16;865.7
28;2025-12-15;17;1001.2
28;2025-12-15;18;1039.4
28;2025-12-15;19;771.1
28;2025-12-15;20;498.1
28;2025-12-15;21;308.6
28;2025-12-15;22;135.2
28;2025-12-15;23;37.6
28;2025-12-16;0;10.9
28;2025-12-16;1;1.7
28;2025-12-16;2;2.4
28;2025-12-16;3;2.4
28;2025-12-16;4;8.2
28;2025-12-16;5;82.2
28;2025-12-16;6;299.8
28;2025-12-16;7;807.2
28;2025-12-16;8;1261.1
28;2025-12-16;9;812.3
28;2025-12-16;10;660.8
28;2025-12-16;11;604.9
28;2025-12-16;12;669.0
28;2025-12-16;13;675.3
28;2025-12-16;14;668.7
28;2025-12-16;15;717.1
28;2025-12-16;16;816.3
28;2025-12-16;17;1032.3
28;2025-12-16;18;1038.5
28;2025-12-16;19;759.3
28;2025-12-16;20;507.5
28;2025-12-16;21;324.2
28;2025-12-16;22;148.4
28;2025-12-16;23;43.8
28;2025-12-17;0;11.4
28;2025-12-17;1;2.0
28;2025-12-17;2;2.2
28;2025-12-17;3;2.3
28;2025-12-17;4;7.6
28;2025-12-17;5;80.8
28;2025-12-17;6;294.5
28;2025-12-17;7;798.3
28;2025-12-17;8;1205.3
28;2025-12-17;9;854.1
28;2025-12-17;10;631.7
28;2025-12-17;11;609.5
28;2025-12-17;12;694.2
28;2025-12-17;13;694.6
28;2025-12-17;14;688.2
28;2025-12-17;15;712.2
28;2025-12-17;16;908.9
28;2025-12-17;17;1034.9
28;2025-12-17;18;1087.0
28;2025-12-17;19;815.4
28;2025-12-17;20;543.7
28;2025-12-17;21;335.4
28;2025-12-17;22;146.5
28;2025-12-17;23;46.8
28;2025-12-18;0;13.1
28;2025-12-18;1;2.9
28;2025-12-18;2;2.7
28;2025-12-18;3;2.6
28;2025-12-18;4;9.2
28;2025-12-18;5;88.8
28;2025-12-18;6;306.5
28;2025-12-18;7;843.0
28;2025-12-18;8;1244.0
28;2025-12-18;9;858.2
28;2025-12-18;10;645.2
28;2025-12-18;11;620.9
28;2025-12-18;12;702.3
28;2025-12-18;13;718.2
28;2025-12-18;14;701.5
28;2025-12-18;15;780.9
28;2025-12-18;16;903.1
28;2025-12-18;17;1085.9
28;2025-12-18;18;1120.1
28;2025-12-18;19;811.4
28;2025-12-18;20;561.2
28;2025-12-18;21;339.7
28;2025-12-18;22;161.2
28;2025-12-18;23;57.3
28;2025-12-19;0;13.5
28;2025-12-19;1;3.3
28;2025-12-19;2;2.6
28;2025-12-19;3;3.0
28;2025-12-19;4;10.2
28;2025-12-19;5;87.2
28;2025-12-19;6;311.3
28;2025-12-19;7;835.5
28;2025-12-19;8;1215.3
28;2025-12-19;9;827.1
28;2025-12-19;10;655.7
28;2025-12-19;11;646.7
28;2025-12-19;12;744.1
28;2025-12-19;13;720.3
28;2025-12-19;14;734.7
28;2025-12-19;15;791.8
28;2025-12-19;16;973.7
28;2025-12-19;17;1020.8
28;2025-12-19;18;933.8
28;2025-12-19;19;689.5
28;2025-12-19;20;487.0
28;2025-12-19;21;346.1
28;2025-12-19;22;156.6
28;2025-12-19;23;62.3
28;2025-12-20;0;30.3
28;2025-12-20;1;12.8
28;2025-12-20;2;8.9
28;2025-12-20;3;6.5
28;2025-12-20;4;6.4
28;2025-12-20;5;43.3
28;2025-12-20;6;129.3
28;2025-12-20;7;213.4
28;2025-12-20;8;320.2
28;2025-12-20;9;383.7
28;2025-12-20;10;437.8
28;2025-12-20;11;493.7
28;2025-12-20;12;564.8
28;2025-12-20;13;597.4
28;2025-12-20;14;587.4
28;2025-12-20;15;590.5
28;2025-12-20;16;584.6
28;2025-12-20;17;562.0
28;2025-12-20;18;515.2
28;2025-12-20;19;439.9
28;2025-12-20;20;338.5
28;2025-12-20;21;262.0
28;2025-12-20;22;155.7
28;2025-12-20;23;77.7
28;2025-12-21;0;26.0
28;2025-12-21;1;8.7
28;2025-12-21;2;5.2
28;2025-12-21;3;1.7
28;2025-12-21;4;1.8
28;2025-12-21;5;29.2
28;2025-12-21;6;92.8
28;2025-12-21;7;153.7
28;2025-12-21;8;231.1
28;2025-12-21;9;307.7
28;2025-12-21;10;368.1
28;2025-12-21;11;435.3
28;2025-12-21;12;490.4
28;2025-12-21;13;539.7
28;2025-12-21;14;539.2
28;2025-12-21;15;532.4
28;2025-12-21;16;514.4
28;2025-12-21;17;502.7
28;2025-12-21;18;453.2
28;2025-12-21;19;387.8
28;2025-12-21;20;302.1
28;2025-12-21;21;230.2
28;2025-12-21;22;134.0
28;2025-12-21;23;59.7
28;2025-12-22;0;9.8
28;2025-12-22;1;1.3
28;2025-12-22;2;2.1
28;2025-12-22;3;1.9
28;2025-12-22;4;7.5
28;2025-12-22;5;80.5
28;2025-12-22;6;301.9
28;2025-12-22;7;781.4
28;2025-12-22;8;1200.9
28;2025-12-22;9;823.0
28;2025-12-22;10;629.5
28;2025-12-22;11;580.2
28;2025-12-22;12;649.8
28;2025-12-22;13;670.9
28;2025-12-22;14;632.9
28;2025-12-22;15;672.3
28;2025-12-22;16;865.7
28;2025-12-22;17;1001.2
28;2025-12-22;18;1039.4
28;2025-12-22;19;771.1
28;2025-12-22;20;498.1
28;2025-12-22;21;308.6
28;2025-12-22;22;135.2
28;2025-12-22;23;37.6
28;2025-12-23;0;10.9
28;2025-12-23;1;1.7
28;2025-12-23;2;2.4
28;2025-12-23;3;2.4
28;2025-12-23;4;8.2
28;2025-12-23;5;82.2
28;2025-12-23;6;299.8
28;2025-12-23;7;807.2
28;2025-12-23;8;1261.1
28;2025-12-23;9;812.3
28;2025-12-23;10;660.8
28;2025-12-23;11;604.9
28;2025-12-23;12;669.0
28;2025-12-23;13;675.3
28;2025-12-23;14;668.7
28;2025-12-23;15;717.1
28;2025-12-23;16;816.3
28;2025-12-23;17;1032.3
28;2025-12-23;18;1038.5
28;2025-12-23;19;759.3
28;2025-12-23;20;507.5
28;2025-12-23;21;324.2
28;2025-12-23;22;148.4
28;2025-12-23;23;43.8
28;2025-12-24;0;11.4
28;2025-12-24;1;2.0
28;2025-12-24;2;2.2
28;2025-12-24;3;2.3
28;2025-12-24;4;7.6
28;2025-12-24;5;80.8
28;2025-12-24;6;294.5
28;2025-12-24;7;798.3
28;2025-12-24;8;1205.3
28;2025-12-24;9;854.1
28;2025-12-24;10;631.7
28;2025-12-24;11;609.5
28;2025-12-24;12;694.2
28;2025-12-24;13;694.6
28;2025-12-24;14;688.2
28;2025-12-24;15;712.2
28;2025-12-24;16;908.9
28;2025-12-24;17;1034.9
28;2025-12-24;18;1087.0
28;2025-12-24;19;815.4
28;2025-12-24;20;543.7
28;2025-12-24;21;335.4
28;2025-12-24;22;146.5
28;2025-12-24;23;46.8
28;2025-12-25;0;13.1
28;2025-12-25;1;2.9
28;2025-12-25;2;2.7
28;2025-12-25;3;2.6
28;2025-12-25;4;9.2
28;2025-12-25;5;88.8
28;2025-12-25;6;306.5
28;2025-12-25;7;843.0
28;2025-12-25;8;1244.0
28;2025-12-25;9;858.2
28;2025-12-25;10;645.2
28;2025-12-25;11;620.9
28;2025-12-25;12;702.3
28;2025-12-25;13;718.2
28;2025-12-25;14;701.5
28;2025-12-25;15;780.9
28;2025-12-25;16;903.1
28;2025-12-25;17;1085.9
28;2025-12-25;18;1120.1
28;2025-12-25;19;811.4
28;2025-12-25;20;561.2
28;2025-12-25;21;339.7
28;2025-12-25;22;161.2
28;2025-12-25;23;57.3
28;2025-12-26;0;13.5
28;2025-12-26;1;3.3
28;2025-12-26;2;2.6
28;2025-12-26;3;3.0
28;2025-12-26;4;10.2
28;2025-12-26;5;87.2
28;2025-12-26;6;311.3
28;2025-12-26;7;835.5
28;2025-12-26;8;1215.3
28;2025-12-26;9;827.1
28;2025-12-26;10;655.7
28;2025-12-26;11;646.7
28;2025-12-26;12;744.1
28;2025-12-26;13;720.3
28;2025-12-26;14;734.7
28;2025-12-26;15;791.8
28;2025-12-26;16;973.7
28;2025-12-26;17;1020.8
28;2025-12-26;18;933.8
28;2025-12-26;19;689.5
28;2025-12-26;20;487.0
28;2025-12-26;21;346.1
28;2025-12-26;22;156.6
28;2025-12-26;23;62.3
28;2025-12-27;0;30.3
28;2025-12-27;1;12.8
28;2025-12-27;2;8.9
28;2025-12-27;3;6.5
28;2025-12-27;4;6.4
28;2025-12-27;5;43.3
28;2025-12-27;6;129.3
28;2025-12-27;7;213.4
28;2025-12-27;8;320.2
28;2025-12-27;9;383.7
28;2025-12-27;10;437.8
28;2025-12-27;11;493.7
28;2025-12-27;12;564.8
28;2025-12-27;13;597.4
28;2025-12-27;14;587.4
28;2025-12-27;15;590.5
28;2025-12-27;16;584.6
28;2025-12-27;17;562.0
28;2025-12-27;18;515.2
28;2025-12-27;19;439.9
28;2025-12-27;20;338.5
28;2025-12-27;21;262.0
28;2025-12-27;22;155.7
28;2025-12-27;23;77.7
28;2025-12-28;0;26.0
28;2025-12-28;1;8.7
28;2025-12-28;2;5.2
28;2025-12-28;3;1.7
28;2025-12-28;4;1.8
28;2025-12-28;5;29.2
28;2025-12-28;6;92.8
28;2025-12-28;7;153.7
28;2025-12-28;8;231.1
28;2025-12-28;9;307.7
28;2025-12-28;10;368.1
28;2025-12-28;11;435.3
28;2025-12-28;12;490.4
28;2025-12-28;13;539.7
28;2025-12-28;14;539.2
28;2025-12-28;15;532.4
28;2025-12-28;16;514.4
28;2025-12-28;17;502.7
28;2025-12-28;18;453.2
28;2025-12-28;19;387.8
28;2025-12-28;20;302.1
28;2025-12-28;21;230.2
28;2025-12-28;22;134.0
28;2025-12-28;23;59.7
28;2025-12-29;0;9.8
28;2025-12-29;1;1.3
28;2025-12-29;2;2.1
28;2025-12-29;3;1.9
28;2025-12-29;4;7.5
28;2025-12-29;5;80.5
28;2025-12-29;6;301.9
28;2025-12-29;7;781.4
28;2025-12-29;8;1200.9
28;2025-12-29;9;823.0
28;2025-12-29;10;629.5
28;2025-12-29;11;580.2
28;2025-12-29;12;649.8
28;2025-12-29;13;670.9
28;2025-12-29;14;632.9
28;2025-12-29;15;672.3
28;2025-12-29;16;865.7
28;2025-12-29;17;1001.2
28;2025-12-29;18;1039.4
28;2025-12-29;19;771.1
28;2025-12-29;20;498.1
28;2025-12-29;21;308.6
28;2025-12-29;22;135.2
28;2025-12-29;23;37.6
28;2025-12-30;0;14.6
28;2025-12-30;1;5.3
28;2025-12-30;2;6.0
28;2025-12-30;3;6.9
28;2025-12-30;4;14.9
28;2025-12-30;5;88.2
28;2025-12-30;6;307.8
28;2025-12-30;7;813.3
28;2025-12-30;8;1264.0
28;2025-12-30;9;822.0
28;2025-12-30;10;677.0
28;2025-12-30;11;628.2
28;2025-12-30;12;695.7
28;2025-12-30;13;707.9
28;2025-12-30;14;706.1
28;2025-12-30;15;760.0
28;2025-12-30;16;855.7
28;2025-12-30;17;1031.5
28;2025-12-30;18;967.1
28;2025-12-30;19;732.5
28;2025-12-30;20;505.9
28;2025-12-30;21;328.9
28;2025-12-30;22;157.7
28;2025-12-30;23;54.9
28;2025-12-31;0;16.6
28;2025-12-31;1;0.0
28;2025-12-31;2;0.0
28;2025-12-31;3;0.1
28;2025-12-31;4;0.0
28;2025-12-31;5;4.7
28;2025-12-31;6;49.5
28;2025-12-31;7;93.6
28;2025-12-31;8;142.4
28;2025-12-31;9;158.6
28;2025-12-31;10;193.2
28;2025-12-31;11;255.6
28;2025-12-31;12;324.9
28;2025-12-31;13;368.6
28;2025-12-31;14;379.0
28;2025-12-31;15;385.0
28;2025-12-31;16;391.4
28;2025-12-31;17;390.2
28;2025-12-31;18;377.5
28;2025-12-31;19;331.5
28;2025-12-31;20;254.3
28;2025-12-31;21;184.1
28;2025-12-31;22;103.3
28;2025-12-31;23;34.7
50;2025-11-01;0;71.1
50;2025-11-01;1;35.4
50;2025-11-01;2;30.1
50;2025-11-01;3;28.4
50;2025-11-01;4;28.4
50;2025-11-01;5;99.1
50;2025-11-01;6;405.8
50;2025-11-01;7;1088.7
50;2025-11-01;8;1631.3
50;2025-11-01;9;1355.9
50;2025-11-01;10;1130.5
50;2025-11-01;11;1162.8
50;2025-11-01;12;1150.0
50;2025-11-01;13;1190.1
50;2025-11-01;14;1181.6
50;2025-11-01;15;1306.5
50;2025-11-01;16;1480.4
50;2025-11-01;17;1479.5
50;2025-11-01;18;1228.1
50;2025-11-01;19;946.6
50;2025-11-01;20;686.6
50;2025-11-01;21;483.9
50;2025-11-01;22;269.0
50;2025-11-01;23;152.6
50;2025-11-02;0;47.9
50;2025-11-02;1;8.0
50;2025-11-02;2;2.6
50;2025-11-02;3;0.5
50;2025-11-02;4;0.3
50;2025-11-02;5;12.3
50;2025-11-02;6;109.4
50;2025-11-02;7;211.2
50;2025-11-02;8;340.1
50;2025-11-02;9;433.2
50;2025-11-02;10;489.1
50;2025-11-02;11;596.4
50;2025-11-02;12;667.4
50;2025-11-02;13;714.7
50;2025-11-02;14;731.8
50;2025-11-02;15;685.9
50;2025-11-02;16;663.8
50;2025-11-02;17;660.0
50;2025-11-02;18;582.0
50;2025-11-02;19;516.3
50;2025-11-02;20;408.1
50;2025-11-02;21;323.2
50;2025-11-02;22;187.1
50;2025-11-02;23;89.2
50;2025-11-03;0;44.0
50;2025-11-03;1;13.8
50;2025-11-03;2;11.4
50;2025-11-03;3;8.2
50;2025-11-03;4;4.8
50;2025-11-03;5;36.6
50;2025-11-03;6;191.3
50;2025-11-03;7;380.4
50;2025-11-03;8;569.6
50;2025-11-03;9;600.6
50;2025-11-03;10;617.5
50;2025-11-03;11;701.6
50;2025-11-03;12;762.4
50;2025-11-03;13;804.1
50;2025-11-03;14;813.9
50;2025-11-03;15;804.3
50;2025-11-03;16;774.9
50;2025-11-03;17;858.0
50;2025-11-03;18;837.2
50;2025-11-03;19;665.3
50;2025-11-03;20;495.0
50;2025-11-03;21;372.8
50;2025-11-03;22;220.7
50;2025-11-03;23;105.4
50;2025-11-04;0;45.4
50;2025-11-04;1;11.2
50;2025-11-04;2;10.8
50;2025-11-04;3;6.9
50;2025-11-04;4;3.7
50;2025-11-04;5;27.2
50;2025-11-04;6;169.2
50;2025-11-04;7;345.0
50;2025-11-04;8;525.8
50;2025-11-04;9;547.0
50;2025-11-04;10;557.2
50;2025-11-04;11;635.1
50;2025-11-04;12;689.7
50;2025-11-04;13;729.4
50;2025-11-04;14;739.2
50;2025-11-04;15;726.3
50;2025-11-04;16;696.6
50;2025-11-04;17;784.0
50;2025-11-04;18;769.8
50;2025-11-04;19;611.4
50;2025-11-04;20;458.3
50;2025-11-04;21;345.0
50;2025-11-04;22;195.8
50;2025-11-04;23;81.6
50;2025-11-05;0;39.8
50;2025-11-05;1;12.4
50;2025-11-05;2;8.4
50;2025-11-05;3;5.7
50;2025-11-05;4;8.1
50;2025-11-05;5;102.3
50;2025-11-05;6;561.4
50;2025-11-05;7;1687.6
50;2025-11-05;8;2678.0
50;2025-11-05;9;2024.8
50;2025-11-05;10;1602.5
50;2025-11-05;11;1520.2
50;2025-11-05;12;1450.4
50;2025-11-05;13;1469.1
50;2025-11-05;14;1416.1
50;2025-11-05;15;1591.0
50;2025-11-05;16;1680.9
50;2025-11-05;17;2267.3
50;2025-11-05;18;2337.5
50;2025-11-05;19;1434.1
50;2025-11-05;20;883.8
50;2025-11-05;21;602.2
50;2025-11-05;22;277.5
50;2025-11-05;23;138.6
50;2025-11-06;0;37.6
50;2025-11-06;1;2.5
50;2025-11-06;2;0.1
50;2025-11-06;3;0.0
50;2025-11-06;4;1.6
50;2025-11-06;5;85.0
50;2025-11-06;6;523.3
50;2025-11-06;7;1621.3
50;2025-11-06;8;2514.5
50;2025-11-06;9;1993.3
50;2025-11-06;10;1596.7
50;2025-11-06;11;1461.6
50;2025-11-06;12;1444.1
50;2025-11-06;13;1422.9
50;2025-11-06;14;1410.2
50;2025-11-06;15;1555.5
50;2025-11-06;16;1633.7
50;2025-11-06;17;2217.1
50;2025-11-06;18;2348.0
50;2025-11-06;19;1459.1
50;2025-11-06;20;916.9
50;2025-11-06;21;619.8
50;2025-11-06;22;279.6
50;2025-11-06;23;143.1
50;2025-11-07;0;36.2
50;2025-11-07;1;3.8
50;2025-11-07;2;0.1
50;2025-11-07;3;0.2
50;2025-11-07;4;1.4
50;2025-11-07;5;89.5
50;2025-11-07;6;534.7
50;2025-11-07;7;1700.5
50;2025-11-07;8;2576.4
50;2025-11-07;9;1984.7
50;2025-11-07;10;1515.8
50;2025-11-07;11;1486.8
50;2025-11-07;12;1422.5
50;2025-11-07;13;1469.1
50;2025-11-07;14;1439.4
50;2025-11-07;15;1679.6
50;2025-11-07;16;2012.0
50;2025-11-07;17;2072.5
50;2025-11-07;18;1719.5
50;2025-11-07;19;1228.2
50;2025-11-07;20;842.2
50;2025-11-07;21;544.3
50;2025-11-07;22;275.7
50;2025-11-07;23;146.6
50;2025-11-08;0;53.0
50;2025-11-08;1;10.9
50;2025-11-08;2;4.5
50;2025-11-08;3;0.6
50;2025-11-08;4;0.2
50;2025-11-08;5;28.0
50;2025-11-08;6;182.1
50;2025-11-08;7;351.3
50;2025-11-08;8;540.5
50;2025-11-08;9;613.5
50;2025-11-08;10;642.4
50;2025-11-08;11;745.4
50;2025-11-08;12;792.3
50;2025-11-08;13;830.3
50;2025-11-08;14;835.9
50;2025-11-08;15;793.3
50;2025-11-08;16;759.0
50;2025-11-08;17;759.2
50;2025-11-08;18;677.0
50;2025-11-08;19;609.6
50;2025-11-08;20;476.0
50;2025-11-08;21;374.5
50;2025-11-08;22;219.1
50;2025-11-08;23;118.4
50;2025-11-09;0;48.6
50;2025-11-09;1;8.8
50;2025-11-09;2;3.3
50;2025-11-09;3;0.5
50;2025-11-09;4;0.3
50;2025-11-09;5;12.8
50;2025-11-09;6;111.6
50;2025-11-09;7;213.6
50;2025-11-09;8;342.5
50;2025-11-09;9;436.5
50;2025-11-09;10;493.5
50;2025-11-09;11;601.0
50;2025-11-09;12;672.6
50;2025-11-09;13;720.2
50;2025-11-09;14;737.7
50;2025-11-09;15;691.6
50;2025-11-09;16;669.2
50;2025-11-09;17;665.3
50;2025-11-09;18;587.1
50;2025-11-09;19;520.6
50;2025-11-09;20;412.0
50;2025-11-09;21;326.9
50;2025-11-09;22;190.8
50;2025-11-09;23;92.4
50;2025-11-10;0;21.7
50;2025-11-10;1;1.5
50;2025-11-10;2;0.5
50;2025-11-10;3;0.0
50;2025-11-10;4;1.4
50;2025-11-10;5;87.5
50;2025-11-10;6;541.1
50;2025-11-10;7;1677.4
50;2025-11-10;8;2607.8
50;2025-11-10;9;2055.3
50;2025-11-10;10;1568.5
50;2025-11-10;11;1414.8
50;2025-11-10;12;1312.5
50;2025-11-10;13;1397.0
50;2025-11-10;14;1360.7
50;2025-11-10;15;1530.8
50;2025-11-10;16;1634.7
50;2025-11-10;17;2226.1
50;2025-11-10;18;2381.9
50;2025-11-10;19;1373.3
50;2025-11-10;20;879.2
50;2025-11-10;21;582.1
50;2025-11-10;22;239.9
50;2025-11-10;23;104.5
50;2025-11-11;0;31.2
50;2025-11-11;1;3.8
50;2025-11-11;2;1.7
50;2025-11-11;3;0.1
50;2025-11-11;4;1.9
50;2025-11-11;5;98.3
50;2025-11-11;6;578.6
50;2025-11-11;7;1745.0
50;2025-11-11;8;2693.9
50;2025-11-11;9;2063.5
50;2025-11-11;10;1651.0
50;2025-11-11;11;1491.4
50;2025-11-11;12;1375.4
50;2025-11-11;13;1458.6
50;2025-11-11;14;1382.5
50;2025-11-11;15;1575.1
50;2025-11-11;16;1709.8
50;2025-11-11;17;2317.0
50;2025-11-11;18;2426.4
50;2025-11-11;19;1494.9
50;2025-11-11;20;946.7
50;2025-11-11;21;581.0
50;2025-11-11;22;261.2
50;2025-11-11;23;130.3
50;2025-11-12;0;31.3
50;2025-11-12;1;3.2
50;2025-11-12;2;0.9
50;2025-11-12;3;0.0
50;2025-11-12;4;1.3
50;2025-11-12;5;95.8
50;2025-11-12;6;556.3
50;2025-11-12;7;1687.8
50;2025-11-12;8;2687.8
50;2025-11-12;9;2033.6
50;2025-11-12;10;1612.5
50;2025-11-12;11;1528.1
50;2025-11-12;12;1451.8
50;2025-11-12;13;1465.3
50;2025-11-12;14;1411.8
50;2025-11-12;15;1585.7
50;2025-11-12;16;1676.1
50;2025-11-12;17;2265.3
50;2025-11-12;18;2333.0
50;2025-11-12;19;1435.0
50;2025-11-12;20;888.7
50;2025-11-12;21;606.9
50;2025-11-12;22;275.7
50;2025-11-12;23;134.8
50;2025-11-13;0;40.5
50;2025-11-13;1;3.3
50;2025-11-13;2;0.4
50;2025-11-13;3;0.2
50;2025-11-13;4;1.6
50;2025-11-13;5;91.6
50;2025-11-13;6;534.0
50;2025-11-13;7;1642.3
50;2025-11-13;8;2540.2
50;2025-11-13;9;2017.4
50;2025-11-13;10;1620.5
50;2025-11-13;11;1484.8
50;2025-11-13;12;1467.4
50;2025-11-13;13;1445.3
50;2025-11-13;14;1431.9
50;2025-11-13;15;1577.5
50;2025-11-13;16;1656.4
50;2025-11-13;17;2240.1
50;2025-11-13;18;2371.5
50;2025-11-13;19;1475.6
50;2025-11-13;20;930.4
50;2025-11-13;21;628.5
50;2025-11-13;22;287.0
50;2025-11-13;23;148.5
50;2025-11-14;0;39.3
50;2025-11-14;1;6.3
50;2025-11-14;2;1.9
50;2025-11-14;3;1.0
50;2025-11-14;4;2.4
50;2025-11-14;5;95.7
50;2025-11-14;6;546.2
50;2025-11-14;7;1722.9
50;2025-11-14;8;2603.8
50;2025-11-14;9;2009.9
50;2025-11-14;10;1540.7
50;2025-11-14;11;1511.6
50;2025-11-14;12;1447.8
50;2025-11-14;13;1493.7
50;2025-11-14;14;1463.7
50;2025-11-14;15;1704.7
50;2025-11-14;16;2038.0
50;2025-11-14;17;2099.0
50;2025-11-14;18;1744.3
50;2025-11-14;19;1247.2
50;2025-11-14;20;857.2
50;2025-11-14;21;554.7
50;2025-11-14;22;284.7
50;2025-11-14;23;153.4
50;2025-11-15;0;53.5
50;2025-11-15;1;11.9
50;2025-11-15;2;5.1
50;2025-11-15;3;0.8
50;2025-11-15;4;0.2
50;2025-11-15;5;32.4
50;2025-11-15;6;191.9
50;2025-11-15;7;367.8
50;2025-11-15;8;557.8
50;2025-11-15;9;637.6
50;2025-11-15;10;674.0
50;2025-11-15;11;780.9
50;2025-11-15;12;831.7
50;2025-11-15;13;872.0
50;2025-11-15;14;877.5
50;2025-11-15;15;833.3
50;2025-11-15;16;797.8
50;2025-11-15;17;793.3
50;2025-11-15;18;704.8
50;2025-11-15;19;631.9
50;2025-11-15;20;494.9
50;2025-11-15;21;389.9
50;2025-11-15;22;232.8
50;2025-11-15;23;128.6
50;2025-11-16;0;49.0
50;2025-11-16;1;9.7
50;2025-11-16;2;3.7
50;2025-11-16;3;0.5
50;2025-11-16;4;0.3
50;2025-11-16;5;16.6
50;2025-11-16;6;123.8
50;2025-11-16;7;233.5
50;2025-11-16;8;362.5
50;2025-11-16;9;466.4
50;2025-11-16;10;536.7
50;2025-11-16;11;652.2
50;2025-11-16;12;729.2
50;2025-11-16;13;780.4
50;2025-11-16;14;797.8
50;2025-11-16;15;750.4
50;2025-11-16;16;726.5
50;2025-11-16;17;715.6
50;2025-11-16;18;627.2
50;2025-11-16;19;551.9
50;2025-11-16;20;438.6
50;2025-11-16;21;347.8
50;2025-11-16;22;208.5
50;2025-11-16;23;106.7
50;2025-11-17;0;24.2
50;2025-11-17;1;3.5
50;2025-11-17;2;2.3
50;2025-11-17;3;1.5
50;2025-11-17;4;3.7
50;2025-11-17;5;95.8
50;2025-11-17;6;564.7
50;2025-11-17;7;1732.2
50;2025-11-17;8;2674.5
50;2025-11-17;9;2113.3
50;2025-11-17;10;1623.3
50;2025-11-17;11;1470.1
50;2025-11-17;12;1369.0
50;2025-11-17;13;1454.2
50;2025-11-17;14;1417.9
50;2025-11-17;15;1589.3
50;2025-11-17;16;1694.1
50;2025-11-17;17;2287.4
50;2025-11-17;18;2444.1
50;2025-11-17;19;1414.5
50;2025-11-17;20;909.0
50;2025-11-17;21;603.1
50;2025-11-17;22;256.4
50;2025-11-17;23;117.5
50;2025-11-18;0;33.5
50;2025-11-18;1;6.5
50;2025-11-18;2;3.6
50;2025-11-18;3;1.3
50;2025-11-18;4;4.7
50;2025-11-18;5;106.7
50;2025-11-18;6;602.1
50;2025-11-18;7;1800.4
50;2025-11-18;8;2761.3
50;2025-11-18;9;2122.0
50;2025-11-18;10;1705.6
50;2025-11-18;11;1546.7
50;2025-11-18;12;1432.6
50;2025-11-18;13;1517.1
50;2025-11-18;14;1440.6
50;2025-11-18;15;1634.8
50;2025-11-18;16;1770.4
50;2025-11-18;17;2379.6
50;2025-11-18;18;2490.1
50;2025-11-18;19;1537.3
50;2025-11-18;20;977.7
50;2025-11-18;21;603.2
50;2025-11-18;22;279.3
50;2025-11-18;23;144.6
50;2025-11-19;0;32.1
50;2025-11-19;1;4.2
50;2025-11-19;2;1.6
50;2025-11-19;3;0.3
50;2025-11-19;4;2.7
50;2025-11-19;5;101.2
50;2025-11-19;6;576.7
50;2025-11-19;7;1741.3
50;2025-11-19;8;2752.2
50;2025-11-19;9;2088.7
50;2025-11-19;10;1662.8
50;2025-11-19;11;1579.5
50;2025-11-19;12;1506.2
50;2025-11-19;13;1521.7
50;2025-11-19;14;1468.7
50;2025-11-19;15;1643.9
50;2025-11-19;16;1735.4
50;2025-11-19;17;2326.0
50;2025-11-19;18;2394.1
50;2025-11-19;19;1475.7
50;2025-11-19;20;916.5
50;2025-11-19;21;625.5
50;2025-11-19;22;289.2
50;2025-11-19;23;146.1
50;2025-11-20;0;40.2
50;2025-11-20;1;4.1
50;2025-11-20;2;0.7
50;2025-11-20;3;0.1
50;2025-11-20;4;2.6
50;2025-11-20;5;95.0
50;2025-11-20;6;550.3
50;2025-11-20;7;1688.8
50;2025-11-20;8;2595.0
50;2025-11-20;9;2064.3
50;2025-11-20;10;1663.0
50;2025-11-20;11;1528.3
50;2025-11-20;12;1513.7
50;2025-11-20;13;1493.4
50;2025-11-20;14;1480.3
50;2025-11-20;15;1627.4
50;2025-11-20;16;1707.3
50;2025-11-20;17;2291.7
50;2025-11-20;18;2423.4
50;2025-11-20;19;1508.4
50;2025-11-20;20;951.4
50;2025-11-20;21;641.5
50;2025-11-20;22;296.0
50;2025-11-20;23;155.6
50;2025-11-21;0;38.6
50;2025-11-21;1;5.9
50;2025-11-21;2;1.8
50;2025-11-21;3;0.6
50;2025-11-21;4;3.3
50;2025-11-21;5;98.4
50;2025-11-21;6;560.0
50;2025-11-21;7;1766.9
50;2025-11-21;8;2658.4
50;2025-11-21;9;2056.6
50;2025-11-21;10;1583.3
50;2025-11-21;11;1556.8
50;2025-11-21;12;1496.0
50;2025-11-21;13;1544.0
50;2025-11-21;14;1514.1
50;2025-11-21;15;1756.5
50;2025-11-21;16;2090.1
50;2025-11-21;17;2150.4
50;2025-11-21;18;1791.8
50;2025-11-21;19;1279.2
50;2025-11-21;20;878.4
50;2025-11-21;21;567.8
50;2025-11-21;22;293.8
50;2025-11-21;23;160.5
50;2025-11-22;0;53.3
50;2025-11-22;1;12.1
50;2025-11-22;2;5.4
50;2025-11-22;3;1.5
50;2025-11-22;4;0.9
50;2025-11-22;5;33.8
50;2025-11-22;6;199.1
50;2025-11-22;7;386.5
50;2025-11-22;8;581.5
50;2025-11-22;9;666.0
50;2025-11-22;10;709.3
50;2025-11-22;11;821.9
50;2025-11-22;12;875.8
50;2025-11-22;13;917.4
50;2025-11-22;14;923.0
50;2025-11-22;15;877.1
50;2025-11-22;16;841.2
50;2025-11-22;17;831.2
50;2025-11-22;18;737.4
50;2025-11-22;19;657.8
50;2025-11-22;20;513.2
50;2025-11-22;21;400.2
50;2025-11-22;22;240.9
50;2025-11-22;23;135.5
50;2025-11-23;0;48.6
50;2025-11-23;1;9.7
50;2025-11-23;2;3.4
50;2025-11-23;3;0.5
50;2025-11-23;4;0.3
50;2025-11-23;5;17.4
50;2025-11-23;6;129.9
50;2025-11-23;7;251.3
50;2025-11-23;8;384.7
50;2025-11-23;9;492.7
50;2025-11-23;10;567.1
50;2025-11-23;11;685.8
50;2025-11-23;12;766.1
50;2025-11-23;13;818.1
50;2025-11-23;14;836.0
50;2025-11-23;15;786.6
50;2025-11-23;16;762.3
50;2025-11-23;17;747.0
50;2025-11-23;18;653.2
50;2025-11-23;19;574.8
50;2025-11-23;20;454.3
50;2025-11-23;21;356.8
50;2025-11-23;22;215.1
50;2025-11-23;23;112.8
50;2025-11-24;0;23.8
50;2025-11-24;1;3.7
50;2025-11-24;2;2.2
50;2025-11-24;3;2.0
50;2025-11-24;4;4.0
50;2025-11-24;5;97.3
50;2025-11-24;6;568.9
50;2025-11-24;7;1746.3
50;2025-11-24;8;2695.0
50;2025-11-24;9;2130.7
50;2025-11-24;10;1638.7
50;2025-11-24;11;1485.6
50;2025-11-24;12;1385.0
50;2025-11-24;13;1469.5
50;2025-11-24;14;1433.6
50;2025-11-24;15;1606.2
50;2025-11-24;16;1711.1
50;2025-11-24;17;2303.7
50;2025-11-24;18;2460.8
50;2025-11-24;19;1428.0
50;2025-11-24;20;915.7
50;2025-11-24;21;605.1
50;2025-11-24;22;256.0
50;2025-11-24;23;116.8
50;2025-11-25;0;33.6
50;2025-11-25;1;6.7
50;2025-11-25;2;3.8
50;2025-11-25;3;1.7
50;2025-11-25;4;5.2
50;2025-11-25;5;108.4
50;2025-11-25;6;606.8
50;2025-11-25;7;1818.7
50;2025-11-25;8;2787.2
50;2025-11-25;9;2145.0
50;2025-11-25;10;1726.0
50;2025-11-25;11;1567.1
50;2025-11-25;12;1454.2
50;2025-11-25;13;1538.7
50;2025-11-25;14;1462.8
50;2025-11-25;15;1658.1
50;2025-11-25;16;1793.8
50;2025-11-25;17;2402.7
50;2025-11-25;18;2513.5
50;2025-11-25;19;1556.6
50;2025-11-25;20;988.7
50;2025-11-25;21;606.9
50;2025-11-25;22;281.8
50;2025-11-25;23;146.8
50;2025-11-26;0;33.0
50;2025-11-26;1;5.1
50;2025-11-26;2;2.3
50;2025-11-26;3;0.9
50;2025-11-26;4;3.4
50;2025-11-26;5;102.8
50;2025-11-26;6;578.9
50;2025-11-26;7;1749.4
50;2025-11-26;8;2766.1
50;2025-11-26;9;2101.2
50;2025-11-26;10;1673.6
50;2025-11-26;11;1590.7
50;2025-11-26;12;1518.1
50;2025-11-26;13;1533.5
50;2025-11-26;14;1481.0
50;2025-11-26;15;1657.4
50;2025-11-26;16;1749.0
50;2025-11-26;17;2339.0
50;2025-11-26;18;2407.0
50;2025-11-26;19;1487.1
50;2025-11-26;20;922.7
50;2025-11-26;21;627.9
50;2025-11-26;22;291.8
50;2025-11-26;23;148.7
50;2025-11-27;0;40.1
50;2025-11-27;1;3.4
50;2025-11-27;2;0.3
50;2025-11-27;3;0.3
50;2025-11-27;4;2.5
50;2025-11-27;5;95.4
50;2025-11-27;6;549.4
50;2025-11-27;7;1690.9
50;2025-11-27;8;2599.6
50;2025-11-27;9;2068.0
50;2025-11-27;10;1665.7
50;2025-11-27;11;1531.6
50;2025-11-27;12;1517.3
50;2025-11-27;13;1496.9
50;2025-11-27;14;1483.7
50;2025-11-27;15;1631.7
50;2025-11-27;16;1711.6
50;2025-11-27;17;2294.4
50;2025-11-27;18;2426.1
50;2025-11-27;19;1511.5
50;2025-11-27;20;950.4
50;2025-11-27;21;638.8
50;2025-11-27;22;294.0
50;2025-11-27;23;154.6
50;2025-11-28;0;39.5
50;2025-11-28;1;7.1
50;2025-11-28;2;2.6
50;2025-11-28;3;1.4
50;2025-11-28;4;4.7
50;2025-11-28;5;99.7
50;2025-11-28;6;555.3
50;2025-11-28;7;1740.1
50;2025-11-28;8;2625.0
50;2025-11-28;9;2027.4
50;2025-11-28;10;1556.2
50;2025-11-28;11;1531.0
50;2025-11-28;12;1473.1
50;2025-11-28;13;1521.1
50;2025-11-28;14;1490.1
50;2025-11-28;15;1731.3
50;2025-11-28;16;2064.6
50;2025-11-28;17;2124.6
50;2025-11-28;18;1767.8
50;2025-11-28;19;1257.5
50;2025-11-28;20;859.2
50;2025-11-28;21;554.6
50;2025-11-28;22;284.4
50;2025-11-28;23;152.2
50;2025-11-29;0;57.5
50;2025-11-29;1;16.6
50;2025-11-29;2;9.1
50;2025-11-29;3;3.6
50;2025-11-29;4;1.8
50;2025-11-29;5;37.2
50;2025-11-29;6;193.6
50;2025-11-29;7;354.6
50;2025-11-29;8;541.3
50;2025-11-29;9;625.5
50;2025-11-29;10;668.3
50;2025-11-29;11;781.2
50;2025-11-29;12;836.6
50;2025-11-29;13;877.6
50;2025-11-29;14;882.0
50;2025-11-29;15;835.9
50;2025-11-29;16;800.1
50;2025-11-29;17;788.1
50;2025-11-29;18;695.3
50;2025-11-29;19;623.3
50;2025-11-29;20;487.8
50;2025-11-29;21;385.6
50;2025-11-29;22;231.6
50;2025-11-29;23;127.8
50;2025-11-30;0;51.0
50;2025-11-30;1;12.5
50;2025-11-30;2;5.4
50;2025-11-30;3;0.7
50;2025-11-30;4;0.3
50;2025-11-30;5;18.4
50;2025-11-30;6;126.5
50;2025-11-30;7;227.7
50;2025-11-30;8;356.1
50;2025-11-30;9;460.6
50;2025-11-30;10;530.9
50;2025-11-30;11;647.7
50;2025-11-30;12;727.5
50;2025-11-30;13;779.2
50;2025-11-30;14;795.9
50;2025-11-30;15;747.1
50;2025-11-30;16;723.1
50;2025-11-30;17;707.2
50;2025-11-30;18;617.9
50;2025-11-30;19;546.0
50;2025-11-30;20;434.1
50;2025-11-30;21;346.0
50;2025-11-30;22;207.2
50;2025-11-30;23;106.3
50;2025-12-01;0;26.3
50;2025-12-01;1;5.1
50;2025-12-01;2;5.0
50;2025-12-01;3;3.7
50;2025-12-01;4;6.4
50;2025-12-01;5;104.4
50;2025-12-01;6;597.3
50;2025-12-01;7;1816.8
50;2025-12-01;8;2808.8
50;2025-12-01;9;2219.5
50;2025-12-01;10;1703.6
50;2025-12-01;11;1544.1
50;2025-12-01;12;1443.7
50;2025-12-01;13;1534.6
50;2025-12-01;14;1495.7
50;2025-12-01;15;1676.2
50;2025-12-01;16;1787.1
50;2025-12-01;17;2405.2
50;2025-12-01;18;2565.1
50;2025-12-01;19;1486.6
50;2025-12-01;20;950.7
50;2025-12-01;21;628.7
50;2025-12-01;22;263.1
50;2025-12-01;23;117.0
50;2025-12-02;0;37.9
50;2025-12-02;1;10.0
50;2025-12-02;2;8.1
50;2025-12-02;3;5.2
50;2025-12-02;4;8.6
50;2025-12-02;5;115.2
50;2025-12-02;6;634.2
50;2025-12-02;7;1881.6
50;2025-12-02;8;2893.4
50;2025-12-02;9;2221.4
50;2025-12-02;10;1782.7
50;2025-12-02;11;1617.6
50;2025-12-02;12;1503.0
50;2025-12-02;13;1593.9
50;2025-12-02;14;1512.6
50;2025-12-02;15;1717.1
50;2025-12-02;16;1860.5
50;2025-12-02;17;2496.0
50;2025-12-02;18;2608.0
50;2025-12-02;19;1611.0
50;2025-12-02;20;1021.9
50;2025-12-02;21;628.8
50;2025-12-02;22;288.4
50;2025-12-02;23;147.1
50;2025-12-03;0;37.9
50;2025-12-03;1;9.0
50;2025-12-03;2;7.1
50;2025-12-03;3;5.4
50;2025-12-03;4;7.5
50;2025-12-03;5;110.1
50;2025-12-03;6;603.7
50;2025-12-03;7;1807.4
50;2025-12-03;8;2868.3
50;2025-12-03;9;2171.1
50;2025-12-03;10;1723.3
50;2025-12-03;11;1638.5
50;2025-12-03;12;1568.0
50;2025-12-03;13;1586.6
50;2025-12-03;14;1530.2
50;2025-12-03;15;1714.5
50;2025-12-03;16;1811.1
50;2025-12-03;17;2426.3
50;2025-12-03;18;2493.2
50;2025-12-03;19;1536.1
50;2025-12-03;20;950.6
50;2025-12-03;21;649.1
50;2025-12-03;22;297.7
50;2025-12-03;23;147.8
50;2025-12-04;0;46.3
50;2025-12-04;1;7.4
50;2025-12-04;2;4.0
50;2025-12-04;3;2.5
50;2025-12-04;4;5.6
50;2025-12-04;5;103.9
50;2025-12-04;6;574.7
50;2025-12-04;7;1756.1
50;2025-12-04;8;2704.5
50;2025-12-04;9;2147.9
50;2025-12-04;10;1726.5
50;2025-12-04;11;1588.7
50;2025-12-04;12;1581.9
50;2025-12-04;13;1563.3
50;2025-12-04;14;1549.5
50;2025-12-04;15;1705.0
50;2025-12-04;16;1788.3
50;2025-12-04;17;2393.9
50;2025-12-04;18;2528.8
50;2025-12-04;19;1575.2
50;2025-12-04;20;992.2
50;2025-12-04;21;669.2
50;2025-12-04;22;307.9
50;2025-12-04;23;160.4
50;2025-12-05;0;43.3
50;2025-12-05;1;9.3
50;2025-12-05;2;5.0
50;2025-12-05;3;3.6
50;2025-12-05;4;6.6
50;2025-12-05;5;106.6
50;2025-12-05;6;582.7
50;2025-12-05;7;1833.8
50;2025-12-05;8;2762.0
50;2025-12-05;9;2130.7
50;2025-12-05;10;1633.9
50;2025-12-05;11;1609.5
50;2025-12-05;12;1551.8
50;2025-12-05;13;1604.7
50;2025-12-05;14;1572.7
50;2025-12-05;15;1828.2
50;2025-12-05;16;2178.8
50;2025-12-05;17;2239.9
50;2025-12-05;18;1862.3
50;2025-12-05;19;1325.9
50;2025-12-05;20;910.9
50;2025-12-05;21;589.3
50;2025-12-05;22;304.3
50;2025-12-05;23;164.5
50;2025-12-06;0;59.1
50;2025-12-06;1;16.1
50;2025-12-06;2;7.9
50;2025-12-06;3;2.6
50;2025-12-06;4;0.9
50;2025-12-06;5;37.5
50;2025-12-06;6;199.0
50;2025-12-06;7;364.7
50;2025-12-06;8;553.5
50;2025-12-06;9;641.5
50;2025-12-06;10;688.6
50;2025-12-06;11;810.3
50;2025-12-06;12;873.0
50;2025-12-06;13;919.0
50;2025-12-06;14;925.5
50;2025-12-06;15;879.1
50;2025-12-06;16;841.0
50;2025-12-06;17;829.2
50;2025-12-06;18;733.2
50;2025-12-06;19;658.7
50;2025-12-06;20;519.1
50;2025-12-06;21;411.4
50;2025-12-06;22;248.9
50;2025-12-06;23;139.1
50;2025-12-07;0;52.4
50;2025-12-07;1;11.9
50;2025-12-07;2;4.3
50;2025-12-07;3;0.6
50;2025-12-07;4;0.3
50;2025-12-07;5;19.3
50;2025-12-07;6;131.4
50;2025-12-07;7;234.1
50;2025-12-07;8;365.6
50;2025-12-07;9;475.1
50;2025-12-07;10;550.5
50;2025-12-07;11;674.5
50;2025-12-07;12;760.0
50;2025-12-07;13;815.8
50;2025-12-07;14;834.8
50;2025-12-07;15;785.5
50;2025-12-07;16;759.7
50;2025-12-07;17;745.4
50;2025-12-07;18;652.8
50;2025-12-07;19;578.7
50;2025-12-07;20;461.4
50;2025-12-07;21;367.8
50;2025-12-07;22;221.4
50;2025-12-07;23;114.7
50;2025-12-08;0;22.6
50;2025-12-08;1;4.5
50;2025-12-08;2;4.9
50;2025-12-08;3;4.4
50;2025-12-08;4;9.3
50;2025-12-08;5;109.3
50;2025-12-08;6;567.7
50;2025-12-08;7;1758.0
50;2025-12-08;8;2713.1
50;2025-12-08;9;2136.9
50;2025-12-08;10;1627.6
50;2025-12-08;11;1469.7
50;2025-12-08;12;1372.9
50;2025-12-08;13;1466.7
50;2025-12-08;14;1429.6
50;2025-12-08;15;1609.9
50;2025-12-08;16;1719.7
50;2025-12-08;17;2329.3
50;2025-12-08;18;2487.3
50;2025-12-08;19;1447.6
50;2025-12-08;20;933.7
50;2025-12-08;21;618.2
50;2025-12-08;22;258.9
50;2025-12-08;23;113.5
50;2025-12-09;0;34.5
50;2025-12-09;1;8.4
50;2025-12-09;2;7.1
50;2025-12-09;3;5.1
50;2025-12-09;4;12.0
50;2025-12-09;5;121.5
50;2025-12-09;6;603.4
50;2025-12-09;7;1820.6
50;2025-12-09;8;2795.4
50;2025-12-09;9;2136.3
50;2025-12-09;10;1703.1
50;2025-12-09;11;1539.6
50;2025-12-09;12;1429.0
50;2025-12-09;13;1522.9
50;2025-12-09;14;1443.6
50;2025-12-09;15;1648.7
50;2025-12-09;16;1791.0
50;2025-12-09;17;2418.4
50;2025-12-09;18;2528.9
50;2025-12-09;19;1571.3
50;2025-12-09;20;1002.2
50;2025-12-09;21;616.1
50;2025-12-09;22;282.2
50;2025-12-09;23;141.6
50;2025-12-10;0;33.6
50;2025-12-10;1;6.7
50;2025-12-10;2;5.6
50;2025-12-10;3;4.5
50;2025-12-10;4;10.1
50;2025-12-10;5;115.6
50;2025-12-10;6;573.4
50;2025-12-10;7;1747.1
50;2025-12-10;8;2772.9
50;2025-12-10;9;2089.8
50;2025-12-10;10;1647.4
50;2025-12-10;11;1564.2
50;2025-12-10;12;1496.0
50;2025-12-10;13;1517.0
50;2025-12-10;14;1462.3
50;2025-12-10;15;1647.7
50;2025-12-10;16;1743.5
50;2025-12-10;17;2350.8
50;2025-12-10;18;2416.1
50;2025-12-10;19;1497.7
50;2025-12-10;20;932.3
50;2025-12-10;21;637.5
50;2025-12-10;22;292.2
50;2025-12-10;23;142.9
50;2025-12-11;0;46.4
50;2025-12-11;1;8.6
50;2025-12-11;2;6.3
50;2025-12-11;3;5.0
50;2025-12-11;4;13.3
50;2025-12-11;5;115.0
50;2025-12-11;6;564.4
50;2025-12-11;7;1724.5
50;2025-12-11;8;2647.7
50;2025-12-11;9;2106.9
50;2025-12-11;10;1692.9
50;2025-12-11;11;1558.9
50;2025-12-11;12;1553.4
50;2025-12-11;13;1537.7
50;2025-12-11;14;1524.8
50;2025-12-11;15;1679.8
50;2025-12-11;16;1761.1
50;2025-12-11;17;2361.6
50;2025-12-11;18;2482.7
50;2025-12-11;19;1558.9
50;2025-12-11;20;986.8
50;2025-12-11;21;670.0
50;2025-12-11;22;313.1
50;2025-12-11;23;165.8
50;2025-12-12;0;45.2
50;2025-12-12;1;12.6
50;2025-12-12;2;8.2
50;2025-12-12;3;7.8
50;2025-12-12;4;17.8
50;2025-12-12;5;121.5
50;2025-12-12;6;581.1
50;2025-12-12;7;1812.7
50;2025-12-12;8;2717.8
50;2025-12-12;9;2102.0
50;2025-12-12;10;1611.5
50;2025-12-12;11;1585.9
50;2025-12-12;12;1527.8
50;2025-12-12;13;1579.7
50;2025-12-12;14;1546.5
50;2025-12-12;15;1799.9
50;2025-12-12;16;2147.7
50;2025-12-12;17;2210.0
50;2025-12-12;18;1844.7
50;2025-12-12;19;1319.4
50;2025-12-12;20;911.5
50;2025-12-12;21;588.8
50;2025-12-12;22;305.7
50;2025-12-12;23;165.4
50;2025-12-13;0;65.3
50;2025-12-13;1;23.1
50;2025-12-13;2;15.0
50;2025-12-13;3;9.2
50;2025-12-13;4;6.1
50;2025-12-13;5;49.4
50;2025-12-13;6;192.7
50;2025-12-13;7;347.0
50;2025-12-13;8;523.7
50;2025-12-13;9;608.5
50;2025-12-13;10;655.7
50;2025-12-13;11;774.0
50;2025-12-13;12;836.4
50;2025-12-13;13;882.1
50;2025-12-13;14;888.8
50;2025-12-13;15;844.3
50;2025-12-13;16;808.6
50;2025-12-13;17;800.8
50;2025-12-13;18;716.0
50;2025-12-13;19;648.7
50;2025-12-13;20;514.4
50;2025-12-13;21;405.7
50;2025-12-13;22;247.5
50;2025-12-13;23;136.9
50;2025-12-14;0;54.6
50;2025-12-14;1;15.0
50;2025-12-14;2;7.0
50;2025-12-14;3;1.7
50;2025-12-14;4;1.2
50;2025-12-14;5;27.2
50;2025-12-14;6;127.8
50;2025-12-14;7;220.0
50;2025-12-14;8;342.5
50;2025-12-14;9;447.6
50;2025-12-14;10;521.5
50;2025-12-14;11;639.5
50;2025-12-14;12;724.8
50;2025-12-14;13;779.7
50;2025-12-14;14;799.0
50;2025-12-14;15;751.9
50;2025-12-14;16;728.5
50;2025-12-14;17;718.1
50;2025-12-14;18;637.4
50;2025-12-14;19;570.0
50;2025-12-14;20;457.9
50;2025-12-14;21;362.6
50;2025-12-14;22;218.9
50;2025-12-14;23;111.3
50;2025-12-15;0;22.6
50;2025-12-15;1;4.5
50;2025-12-15;2;4.9
50;2025-12-15;3;4.4
50;2025-12-15;4;9.3
50;2025-12-15;5;109.3
50;2025-12-15;6;567.7
50;2025-12-15;7;1758.0
50;2025-12-15;8;2713.1
50;2025-12-15;9;2136.9
50;2025-12-15;10;1627.6
50;2025-12-15;11;1469.7
50;2025-12-15;12;1372.9
50;2025-12-15;13;1466.7
50;2025-12-15;14;1429.6
50;2025-12-15;15;1609.9
50;2025-12-15;16;1719.7
50;2025-12-15;17;2329.3
50;2025-12-15;18;2487.3
50;2025-12-15;19;1447.6
50;2025-12-15;20;933.7
50;2025-12-15;21;618.2
50;2025-12-15;22;258.9
50;2025-12-15;23;113.5
50;2025-12-16;0;34.5
50;2025-12-16;1;8.4
50;2025-12-16;2;7.1
50;2025-12-16;3;5.1
50;2025-12-16;4;12.0
50;2025-12-16;5;121.5
50;2025-12-16;6;603.4
50;2025-12-16;7;1820.6
50;2025-12-16;8;2795.4
50;2025-12-16;9;2136.3
50;2025-12-16;10;1703.1
50;2025-12-16;11;1539.6
50;2025-12-16;12;1429.0
50;2025-12-16;13;1522.9
50;2025-12-16;14;1443.6
50;2025-12-16;15;1648.7
50;2025-12-16;16;1791.0
50;2025-12-16;17;2418.4
50;2025-12-16;18;2528.9
50;2025-12-16;19;1571.3
50;2025-12-16;20;1002.2
50;2025-12-16;21;616.1
50;2025-12-16;22;282.2
50;2025-12-16;23;141.6
50;2025-12-17;0;33.6
50;2025-12-17;1;6.7
50;2025-12-17;2;5.6
50;2025-12-17;3;4.5
50;2025-12-17;4;10.1
50;2025-12-17;5;115.6
50;2025-12-17;6;573.4
50;2025-12-17;7;1747.1
50;2025-12-17;8;2772.9
50;2025-12-17;9;2089.8
50;2025-12-17;10;1647.4
50;2025-12-17;11;1564.2
50;2025-12-17;12;1496.0
50;2025-12-17;13;1517.0
50;2025-12-17;14;1462.3
50;2025-12-17;15;1647.7
50;2025-12-17;16;1743.5
50;2025-12-17;17;2350.8
50;2025-12-17;18;2416.1
50;2025-12-17;19;1497.7
50;2025-12-17;20;932.3
50;2025-12-17;21;637.5
50;2025-12-17;22;292.2
50;2025-12-17;23;142.9
50;2025-12-18;0;46.4
50;2025-12-18;1;8.6
50;2025-12-18;2;6.3
50;2025-12-18;3;5.0
50;2025-12-18;4;13.3
50;2025-12-18;5;115.0
50;2025-12-18;6;564.4
50;2025-12-18;7;1724.5
50;2025-12-18;8;2647.7
50;2025-12-18;9;2106.9
50;2025-12-18;10;1692.9
50;2025-12-18;11;1558.9
50;2025-12-18;12;1553.4
50;2025-12-18;13;1537.7
50;2025-12-18;14;1524.8
50;2025-12-18;15;1679.8
50;2025-12-18;16;1761.1
50;2025-12-18;17;2361.6
50;2025-12-18;18;2482.7
50;2025-12-18;19;1558.9
50;2025-12-18;20;986.8
50;2025-12-18;21;670.0
50;2025-12-18;22;313.1
50;2025-12-18;23;165.8
50;2025-12-19;0;45.2
50;2025-12-19;1;12.6
50;2025-12-19;2;8.2
50;2025-12-19;3;7.8
50;2025-12-19;4;17.8
50;2025-12-19;5;121.5
50;2025-12-19;6;581.1
50;2025-12-19;7;1812.7
50;2025-12-19;8;2717.8
50;2025-12-19;9;2102.0
50;2025-12-19;10;1611.5
50;2025-12-19;11;1585.9
50;2025-12-19;12;1527.8
50;2025-12-19;13;1579.7
50;2025-12-19;14;1546.5
50;2025-12-19;15;1799.9
50;2025-12-19;16;2147.7
50;2025-12-19;17;2210.0
50;2025-12-19;18;1844.7
50;2025-12-19;19;1319.4
50;2025-12-19;20;911.5
50;2025-12-19;21;588.8
50;2025-12-19;22;305.7
50;2025-12-19;23;165.4
50;2025-12-20;0;65.3
50;2025-12-20;1;23.1
50;2025-12-20;2;15.0
50;2025-12-20;3;9.2
50;2025-12-20;4;6.1
50;2025-12-20;5;49.4
50;2025-12-20;6;192.7
50;2025-12-20;7;347.0
50;2025-12-20;8;523.7
50;2025-12-20;9;608.5
50;2025-12-20;10;655.7
50;2025-12-20;11;774.0
50;2025-12-20;12;836.4
50;2025-12-20;13;882.1
50;2025-12-20;14;888.8
50;2025-12-20;15;844.3
50;2025-12-20;16;808.6
50;2025-12-20;17;800.8
50;2025-12-20;18;716.0
50;2025-12-20;19;648.7
50;2025-12-20;20;514.4
50;2025-12-20;21;405.7
50;2025-12-20;22;247.5
50;2025-12-20;23;136.9
50;2025-12-21;0;54.6
50;2025-12-21;1;15.0
50;2025-12-21;2;7.0
50;2025-12-21;3;1.7
50;2025-12-21;4;1.2
50;2025-12-21;5;27.2
50;2025-12-21;6;127.8
50;2025-12-21;7;220.0
50;2025-12-21;8;342.5
50;2025-12-21;9;447.6
50;2025-12-21;10;521.5
50;2025-12-21;11;639.5
50;2025-12-21;12;724.8
50;2025-12-21;13;779.7
50;2025-12-21;14;799.0
50;2025-12-21;15;751.9
50;2025-12-21;16;728.5
50;2025-12-21;17;718.1
50;2025-12-21;18;637.4
50;2025-12-21;19;570.0
50;2025-12-21;20;457.9
50;2025-12-21;21;362.6
50;2025-12-21;22;218.9
50;2025-12-21;23;111.3
50;2025-12-22;0;22.6
50;2025-12-22;1;4.5
50;2025-12-22;2;4.9
50;2025-12-22;3;4.4
50;2025-12-22;4;9.3
50;2025-12-22;5;109.3
50;2025-12-22;6;567.7
50;2025-12-22;7;1758.0
50;2025-12-22;8;2713.1
50;2025-12-22;9;2136.9
50;2025-12-22;10;1627.6
50;2025-12-22;11;1469.7
50;2025-12-22;12;1372.9
50;2025-12-22;13;1466.7
50;2025-12-22;14;1429.6
50;2025-12-22;15;1609.9
50;2025-12-22;16;1719.7
50;2025-12-22;17;2329.3
50;2025-12-22;18;2487.3
50;2025-12-22;19;1447.6
50;2025-12-22;20;933.7
50;2025-12-22;21;618.2
50;2025-12-22;22;258.9
50;2025-12-22;23;113.5
50;2025-12-23;0;34.5
50;2025-12-23;1;8.4
50;2025-12-23;2;7.1
50;2025-12-23;3;5.1
50;2025-12-23;4;12.0
50;2025-12-23;5;121.5
50;2025-12-23;6;603.4
50;2025-12-23;7;1820.6
50;2025-12-23;8;2795.4
50;2025-12-23;9;2136.3
50;2025-12-23;10;1703.1
50;2025-12-23;11;1539.6
50;2025-12-23;12;1429.0
50;2025-12-23;13;1522.9
50;2025-12-23;14;1443.6
50;2025-12-23;15;1648.7
50;2025-12-23;16;1791.0
50;2025-12-23;17;2418.4
50;2025-12-23;18;2528.9
50;2025-12-23;19;1571.3
50;2025-12-23;20;1002.2
50;2025-12-23;21;616.1
50;2025-12-23;22;282.2
50;2025-12-23;23;141.6
50;2025-12-24;0;33.6
50;2025-12-24;1;6.7
50;2025-12-24;2;5.6
50;2025-12-24;3;4.5
50;2025-12-24;4;10.1
50;2025-12-24;5;115.6
50;2025-12-24;6;573.4
50;2025-12-24;7;1747.1
50;2025-12-24;8;2772.9
50;2025-12-24;9;2089.8
50;2025-12-24;10;1647.4
50;2025-12-24;11;1564.2
50;2025-12-24;12;1496.0
50;2025-12-24;13;1517.0
50;2025-12-24;14;1462.3
50;2025-12-24;15;1647.7
50;2025-12-24;16;1743.5
50;2025-12-24;17;2350.8
50;2025-12-24;18;2416.1
50;2025-12-24;19;1497.7
50;2025-12-24;20;932.3
50;2025-12-24;21;637.5
50;2025-12-24;22;292.2
50;2025-12-24;23;142.9
50;2025-12-25;0;46.4
50;2025-12-25;1;8.6
50;2025-12-25;2;6.3
50;2025-12-25;3;5.0
50;2025-12-25;4;13.3
50;2025-12-25;5;115.0
50;2025-12-25;6;564.4
50;2025-12-25;7;1724.5
50;2025-12-25;8;2647.7
50;2025-12-25;9;2106.9
50;2025-12-25;10;1692.9
50;2025-12-25;11;1558.9
50;2025-12-25;12;1553.4
50;2025-12-25;13;1537.7
50;2025-12-25;14;1524.8
50;2025-12-25;15;1679.8
50;2025-12-25;16;1761.1
50;2025-12-25;17;2361.6
50;2025-12-25;18;2482.7
50;2025-12-25;19;1558.9
50;2025-12-25;20;986.8
50;2025-12-25;21;670.0
50;2025-12-25;22;313.1
50;2025-12-25;23;165.8
50;2025-12-26;0;45.2
50;2025-12-26;1;12.6
50;2025-12-26;2;8.2
50;2025-12-26;3;7.8
50;2025-12-26;4;17.8
50;2025-12-26;5;121.5
50;2025-12-26;6;581.1
50;2025-12-26;7;1812.7
50;2025-12-26;8;2717.8
50;2025-12-26;9;2102.0
50;2025-12-26;10;1611.5
50;2025-12-26;11;1585.9
50;2025-12-26;12;1527.8
50;2025-12-26;13;1579.7
50;2025-12-26;14;1546.5
50;2025-12-26;15;1799.9
50;2025-12-26;16;2147.7
50;2025-12-26;17;2210.0
50;2025-12-26;18;1844.7
50;2025-12-26;19;1319.4
50;2025-12-26;20;911.5
50;2025-12-26;21;588.8
50;2025-12-26;22;305.7
50;2025-12-26;23;165.4
50;2025-12-27;0;65.3
50;2025-12-27;1;23.1
50;2025-12-27;2;15.0
50;2025-12-27;3;9.2
50;2025-12-27;4;6.1
50;2025-12-27;5;49.4
50;2025-12-27;6;192.7
50;2025-12-27;7;347.0
50;2025-12-27;8;523.7
50;2025-12-27;9;608.5
50;2025-12-27;10;655.7
50;2025-12-27;11;774.0
50;2025-12-27;12;836.4
50;2025-12-27;13;882.1
50;2025-12-27;14;888.8
50;2025-12-27;15;844.3
50;2025-12-27;16;808.6
50;2025-12-27;17;800.8
50;2025-12-27;18;716.0
50;2025-12-27;19;648.7
50;2025-12-27;20;514.4
50;2025-12-27;21;405.7
50;2025-12-27;22;247.5
50;2025-12-27;23;136.9
50;2025-12-28;0;54.6
50;2025-12-28;1;15.0
50;2025-12-28;2;7.0
50;2025-12-28;3;1.7
50;2025-12-28;4;1.2
50;2025-12-28;5;27.2
50;2025-12-28;6;127.8
50;2025-12-28;7;220.0
50;2025-12-28;8;342.5
50;2025-12-28;9;447.6
50;2025-12-28;10;521.5
50;2025-12-28;11;639.5
50;2025-12-28;12;724.8
50;2025-12-28;13;779.7
50;2025-12-28;14;799.0
50;2025-12-28;15;751.9
50;2025-12-28;16;728.5
50;2025-12-28;17;718.1
50;2025-12-28;18;637.4
50;2025-12-28;19;570.0
50;2025-12-28;20;457.9
50;2025-12-28;21;362.6
50;2025-12-28;22;218.9
50;2025-12-28;23;111.3
50;2025-12-29;0;22.6
50;2025-12-29;1;4.5
50;2025-12-29;2;4.9
50;2025-12-29;3;4.4
50;2025-12-29;4;9.3
50;2025-12-29;5;109.3
50;2025-12-29;6;567.7
50;2025-12-29;7;1758.0
50;2025-12-29;8;2713.1
50;2025-12-29;9;2136.9
50;2025-12-29;10;1627.6
50;2025-12-29;11;1469.7
50;2025-12-29;12;1372.9
50;2025-12-29;13;1466.7
50;2025-12-29;14;1429.6
50;2025-12-29;15;1609.9
50;2025-12-29;16;1719.7
50;2025-12-29;17;2329.3
50;2025-12-29;18;2487.3
50;2025-12-29;19;1447.6
50;2025-12-29;20;933.7
50;2025-12-29;21;618.2
50;2025-12-29;22;258.9
50;2025-12-29;23;113.5
50;2025-12-30;0;43.7
50;2025-12-30;1;17.3
50;2025-12-30;2;15.0
50;2025-12-30;3;15.3
50;2025-12-30;4;26.8
50;2025-12-30;5;134.6
50;2025-12-30;6;620.9
50;2025-12-30;7;1830.9
50;2025-12-30;8;2799.3
50;2025-12-30;9;2150.7
50;2025-12-30;10;1732.2
50;2025-12-30;11;1585.2
50;2025-12-30;12;1482.9
50;2025-12-30;13;1589.6
50;2025-12-30;14;1519.1
50;2025-12-30;15;1736.4
50;2025-12-30;16;1889.5
50;2025-12-30;17;2367.1
50;2025-12-30;18;2333.0
50;2025-12-30;19;1504.8
50;2025-12-30;20;986.9
50;2025-12-30;21;609.7
50;2025-12-30;22;286.0
50;2025-12-30;23;151.4
50;2025-12-31;0;27.8
50;2025-12-31;1;1.1
50;2025-12-31;2;0.0
50;2025-12-31;3;0.5
50;2025-12-31;4;0.0
50;2025-12-31;5;2.3
50;2025-12-31;6;59.7
50;2025-12-31;7;169.6
50;2025-12-31;8;295.5
50;2025-12-31;9;302.6
50;2025-12-31;10;325.8
50;2025-12-31;11;417.4
50;2025-12-31;12;491.3
50;2025-12-31;13;546.3
50;2025-12-31;14;561.8
50;2025-12-31;15;551.5
50;2025-12-31;16;528.3
50;2025-12-31;17;608.8
50;2025-12-31;18;591.0
50;2025-12-31;19;487.4
50;2025-12-31;20;370.8
50;2025-12-31;21;281.9
50;2025-12-31;22;147.8
50;2025-12-31;23;32.0
