route;date;hour;prediction
1;2025-11-01;0;49.6
1;2025-11-01;1;23.6
1;2025-11-01;2;21.5
1;2025-11-01;3;18.2
1;2025-11-01;4;25.3
1;2025-11-01;5;120.1
1;2025-11-01;6;398.3
1;2025-11-01;7;938.0
1;2025-11-01;8;1258.3
1;2025-11-01;9;1126.7
1;2025-11-01;10;1068.0
1;2025-11-01;11;1115.0
1;2025-11-01;12;1177.0
1;2025-11-01;13;1194.5
1;2025-11-01;14;1159.3
1;2025-11-01;15;1207.1
1;2025-11-01;16;1251.3
1;2025-11-01;17;1327.6
1;2025-11-01;18;1154.3
1;2025-11-01;19;975.5
1;2025-11-01;20;683.7
1;2025-11-01;21;453.9
1;2025-11-01;22;229.8
1;2025-11-01;23;102.4
1;2025-11-02;0;35.7
1;2025-11-02;1;4.3
1;2025-11-02;2;0.3
1;2025-11-02;3;0.0
1;2025-11-02;4;0.0
1;2025-11-02;5;28.2
1;2025-11-02;6;145.6
1;2025-11-02;7;263.0
1;2025-11-02;8;384.0
1;2025-11-02;9;553.7
1;2025-11-02;10;642.6
1;2025-11-02;11;722.5
1;2025-11-02;12;811.2
1;2025-11-02;13;833.3
1;2025-11-02;14;810.9
1;2025-11-02;15;737.6
1;2025-11-02;16;668.8
1;2025-11-02;17;638.6
1;2025-11-02;18;563.5
1;2025-11-02;19;498.6
1;2025-11-02;20;378.3
1;2025-11-02;21;278.1
1;2025-11-02;22;131.1
1;2025-11-02;23;33.9
1;2025-11-03;0;43.8
1;2025-11-03;1;8.5
1;2025-11-03;2;4.8
1;2025-11-03;3;7.4
1;2025-11-03;4;2.9
1;2025-11-03;5;51.3
1;2025-11-03;6;203.7
1;2025-11-03;7;336.2
1;2025-11-03;8;458.4
1;2025-11-03;9;551.6
1;2025-11-03;10;678.3
1;2025-11-03;11;791.4
1;2025-11-03;12;924.6
1;2025-11-03;13;986.2
1;2025-11-03;14;975.7
1;2025-11-03;15;936.5
1;2025-11-03;16;886.2
1;2025-11-03;17;831.0
1;2025-11-03;18;763.5
1;2025-11-03;19;704.2
1;2025-11-03;20;516.5
1;2025-11-03;21;371.8
1;2025-11-03;22;209.1
1;2025-11-03;23;103.7
1;2025-11-04;0;43.7
1;2025-11-04;1;5.5
1;2025-11-04;2;3.7
1;2025-11-04;3;5.7
1;2025-11-04;4;2.1
1;2025-11-04;5;38.1
1;2025-11-04;6;165.4
1;2025-11-04;7;281.3
1;2025-11-04;8;396.2
1;2025-11-04;9;473.2
1;2025-11-04;10;580.0
1;2025-11-04;11;682.0
1;2025-11-04;12;806.7
1;2025-11-04;13;863.9
1;2025-11-04;14;851.8
1;2025-11-04;15;809.2
1;2025-11-04;16;759.2
1;2025-11-04;17;718.2
1;2025-11-04;18;667.3
1;2025-11-04;19;627.6
1;2025-11-04;20;460.0
1;2025-11-04;21;329.8
1;2025-11-04;22;163.8
1;2025-11-04;23;57.4
1;2025-11-05;0;29.0
1;2025-11-05;1;7.7
1;2025-11-05;2;10.8
1;2025-11-05;3;9.2
1;2025-11-05;4;18.4
1;2025-11-05;5;143.8
1;2025-11-05;6;572.0
1;2025-11-05;7;1395.1
1;2025-11-05;8;1970.9
1;2025-11-05;9;1498.7
1;2025-11-05;10;1342.9
1;2025-11-05;11;1317.1
1;2025-11-05;12;1353.6
1;2025-11-05;13;1442.4
1;2025-11-05;14;1347.4
1;2025-11-05;15;1464.0
1;2025-11-05;16;1515.0
1;2025-11-05;17;1793.9
1;2025-11-05;18;1851.3
1;2025-11-05;19;1360.1
1;2025-11-05;20;888.5
1;2025-11-05;21;502.1
1;2025-11-05;22;258.0
1;2025-11-05;23;75.4
1;2025-11-06;0;25.3
1;2025-11-06;1;3.3
1;2025-11-06;2;3.3
1;2025-11-06;3;2.2
1;2025-11-06;4;10.6
1;2025-11-06;5;123.2
1;2025-11-06;6;524.7
1;2025-11-06;7;1401.9
1;2025-11-06;8;1937.1
1;2025-11-06;9;1482.4
1;2025-11-06;10;1317.1
1;2025-11-06;11;1283.3
1;2025-11-06;12;1347.3
1;2025-11-06;13;1390.8
1;2025-11-06;14;1317.9
1;2025-11-06;15;1444.4
1;2025-11-06;16;1514.6
1;2025-11-06;17;1765.7
1;2025-11-06;18;1876.9
1;2025-11-06;19;1334.2
1;2025-11-06;20;898.9
1;2025-11-06;21;508.2
1;2025-11-06;22;227.1
1;2025-11-06;23;87.8
1;2025-11-07;0;24.1
1;2025-11-07;1;1.3
1;2025-11-07;2;2.6
1;2025-11-07;3;0.0
1;2025-11-07;4;6.7
1;2025-11-07;5;128.8
1;2025-11-07;6;507.3
1;2025-11-07;7;1391.4
1;2025-11-07;8;1856.0
1;2025-11-07;9;1461.1
1;2025-11-07;10;1254.0
1;2025-11-07;11;1295.6
1;2025-11-07;12;1327.0
1;2025-11-07;13;1333.5
1;2025-11-07;14;1291.2
1;2025-11-07;15;1438.1
1;2025-11-07;16;1580.5
1;2025-11-07;17;1787.0
1;2025-11-07;18;1554.3
1;2025-11-07;19;1245.4
1;2025-11-07;20;816.2
1;2025-11-07;21;514.1
1;2025-11-07;22;241.8
1;2025-11-07;23;92.6
1;2025-11-08;0;36.9
1;2025-11-08;1;5.9
1;2025-11-08;2;1.9
1;2025-11-08;3;0.9
1;2025-11-08;4;1.7
1;2025-11-08;5;45.2
1;2025-11-08;6;207.9
1;2025-11-08;7;381.0
1;2025-11-08;8;549.3
1;2025-11-08;9;703.5
1;2025-11-08;10;806.7
1;2025-11-08;11;867.5
1;2025-11-08;12;964.1
1;2025-11-08;13;993.1
1;2025-11-08;14;959.9
1;2025-11-08;15;873.5
1;2025-11-08;16;776.1
1;2025-11-08;17;737.6
1;2025-11-08;18;675.0
1;2025-11-08;19;639.2
1;2025-11-08;20;479.5
1;2025-11-08;21;334.3
1;2025-11-08;22;160.2
1;2025-11-08;23;58.0
1;2025-11-09;0;35.7
1;2025-11-09;1;4.3
1;2025-11-09;2;0.3
1;2025-11-09;3;0.0
1;2025-11-09;4;0.0
1;2025-11-09;5;28.2
1;2025-11-09;6;145.6
1;2025-11-09;7;263.0
1;2025-11-09;8;384.0
1;2025-11-09;9;553.7
1;2025-11-09;10;642.6
1;2025-11-09;11;722.5
1;2025-11-09;12;811.2
1;2025-11-09;13;833.3
1;2025-11-09;14;810.9
1;2025-11-09;15;737.6
1;2025-11-09;16;668.8
1;2025-11-09;17;638.6
1;2025-11-09;18;563.5
1;2025-11-09;19;498.6
1;2025-11-09;20;378.3
1;2025-11-09;21;278.1
1;2025-11-09;22;131.1
1;2025-11-09;23;33.9
1;2025-11-10;0;20.2
1;2025-11-10;1;0.2
1;2025-11-10;2;2.0
1;2025-11-10;3;0.4
1;2025-11-10;4;8.0
1;2025-11-10;5;130.3
1;2025-11-10;6;526.7
1;2025-11-10;7;1348.6
1;2025-11-10;8;1921.7
1;2025-11-10;9;1455.9
1;2025-11-10;10;1263.4
1;2025-11-10;11;1237.9
1;2025-11-10;12;1300.4
1;2025-11-10;13;1313.2
1;2025-11-10;14;1318.2
1;2025-11-10;15;1383.8
1;2025-11-10;16;1506.1
1;2025-11-10;17;1772.0
1;2025-11-10;18;1915.9
1;2025-11-10;19;1391.4
1;2025-11-10;20;889.2
1;2025-11-10;21;470.2
1;2025-11-10;22;196.3
1;2025-11-10;23;61.7
1;2025-11-11;0;22.8
1;2025-11-11;1;0.5
1;2025-11-11;2;3.4
1;2025-11-11;3;1.5
1;2025-11-11;4;10.5
1;2025-11-11;5;117.9
1;2025-11-11;6;535.0
1;2025-11-11;7;1443.9
1;2025-11-11;8;1979.0
1;2025-11-11;9;1502.0
1;2025-11-11;10;1317.7
1;2025-11-11;11;1279.7
1;2025-11-11;12;1305.1
1;2025-11-11;13;1357.7
1;2025-11-11;14;1262.0
1;2025-11-11;15;1358.1
1;2025-11-11;16;1471.7
1;2025-11-11;17;1753.2
1;2025-11-11;18;1867.3
1;2025-11-11;19;1407.1
1;2025-11-11;20;886.5
1;2025-11-11;21;511.7
1;2025-11-11;22;227.7
1;2025-11-11;23;75.4
1;2025-11-12;0;22.6
1;2025-11-12;1;1.1
1;2025-11-12;2;3.4
1;2025-11-12;3;1.2
1;2025-11-12;4;9.2
1;2025-11-12;5;132.4
1;2025-11-12;6;557.2
1;2025-11-12;7;1376.8
1;2025-11-12;8;1959.4
1;2025-11-12;9;1490.4
1;2025-11-12;10;1339.4
1;2025-11-12;11;1313.0
1;2025-11-12;12;1341.2
1;2025-11-12;13;1425.1
1;2025-11-12;14;1329.4
1;2025-11-12;15;1443.8
1;2025-11-12;16;1489.8
1;2025-11-12;17;1775.1
1;2025-11-12;18;1833.3
1;2025-11-12;19;1363.5
1;2025-11-12;20;896.3
1;2025-11-12;21;514.6
1;2025-11-12;22;263.0
1;2025-11-12;23;79.1
1;2025-11-13;0;25.3
1;2025-11-13;1;3.3
1;2025-11-13;2;3.3
1;2025-11-13;3;2.2
1;2025-11-13;4;10.6
1;2025-11-13;5;123.2
1;2025-11-13;6;524.7
1;2025-11-13;7;1401.9
1;2025-11-13;8;1937.1
1;2025-11-13;9;1482.4
1;2025-11-13;10;1317.1
1;2025-11-13;11;1283.3
1;2025-11-13;12;1347.3
1;2025-11-13;13;1390.8
1;2025-11-13;14;1317.9
1;2025-11-13;15;1444.4
1;2025-11-13;16;1514.6
1;2025-11-13;17;1765.7
1;2025-11-13;18;1876.9
1;2025-11-13;19;1334.2
1;2025-11-13;20;898.9
1;2025-11-13;21;508.2
1;2025-11-13;22;227.1
1;2025-11-13;23;87.8
1;2025-11-14;0;24.1
1;2025-11-14;1;1.3
1;2025-11-14;2;2.6
1;2025-11-14;3;0.0
1;2025-11-14;4;6.7
1;2025-11-14;5;128.8
1;2025-11-14;6;507.3
1;2025-11-14;7;1391.4
1;2025-11-14;8;1856.0
1;2025-11-14;9;1461.1
1;2025-11-14;10;1254.0
1;2025-11-14;11;1295.6
1;2025-11-14;12;1327.0
1;2025-11-14;13;1333.5
1;2025-11-14;14;1291.2
1;2025-11-14;15;1438.1
1;2025-11-14;16;1580.5
1;2025-11-14;17;1787.0
1;2025-11-14;18;1554.3
1;2025-11-14;19;1245.4
1;2025-11-14;20;816.2
1;2025-11-14;21;514.1
1;2025-11-14;22;241.8
1;2025-11-14;23;92.6
1;2025-11-15;0;36.9
1;2025-11-15;1;5.9
1;2025-11-15;2;1.9
1;2025-11-15;3;0.9
1;2025-11-15;4;1.7
1;2025-11-15;5;45.2
1;2025-11-15;6;207.9
1;2025-11-15;7;381.0
1;2025-11-15;8;549.3
1;2025-11-15;9;703.5
1;2025-11-15;10;806.7
1;2025-11-15;11;867.5
1;2025-11-15;12;964.1
1;2025-11-15;13;993.1
1;2025-11-15;14;959.9
1;2025-11-15;15;873.5
1;2025-11-15;16;776.1
1;2025-11-15;17;737.6
1;2025-11-15;18;675.0
1;2025-11-15;19;639.2
1;2025-11-15;20;479.5
1;2025-11-15;21;334.3
1;2025-11-15;22;160.2
1;2025-11-15;23;58.0
1;2025-11-16;0;35.7
1;2025-11-16;1;4.3
1;2025-11-16;2;0.3
1;2025-11-16;3;0.0
1;2025-11-16;4;0.0
1;2025-11-16;5;28.2
1;2025-11-16;6;145.6
1;2025-11-16;7;263.0
1;2025-11-16;8;384.0
1;2025-11-16;9;553.7
1;2025-11-16;10;642.6
1;2025-11-16;11;722.5
1;2025-11-16;12;811.2
1;2025-11-16;13;833.3
1;2025-11-16;14;810.9
1;2025-11-16;15;737.6
1;2025-11-16;16;668.8
1;2025-11-16;17;638.6
1;2025-11-16;18;563.5
1;2025-11-16;19;498.6
1;2025-11-16;20;378.3
1;2025-11-16;21;278.1
1;2025-11-16;22;131.1
1;2025-11-16;23;33.9
1;2025-11-17;0;20.2
1;2025-11-17;1;0.2
1;2025-11-17;2;2.0
1;2025-11-17;3;0.4
1;2025-11-17;4;8.0
1;2025-11-17;5;130.3
1;2025-11-17;6;526.7
1;2025-11-17;7;1348.6
1;2025-11-17;8;1921.7
1;2025-11-17;9;1455.9
1;2025-11-17;10;1263.4
1;2025-11-17;11;1237.9
1;2025-11-17;12;1300.4
1;2025-11-17;13;1313.2
1;2025-11-17;14;1318.2
1;2025-11-17;15;1383.8
1;2025-11-17;16;1506.1
1;2025-11-17;17;1772.0
1;2025-11-17;18;1915.9
1;2025-11-17;19;1391.4
1;2025-11-17;20;889.2
1;2025-11-17;21;470.2
1;2025-11-17;22;196.3
1;2025-11-17;23;61.7
1;2025-11-18;0;22.8
1;2025-11-18;1;0.5
1;2025-11-18;2;3.4
1;2025-11-18;3;1.5
1;2025-11-18;4;10.5
1;2025-11-18;5;117.9
1;2025-11-18;6;535.0
1;2025-11-18;7;1443.9
1;2025-11-18;8;1979.0
1;2025-11-18;9;1502.0
1;2025-11-18;10;1317.7
1;2025-11-18;11;1279.7
1;2025-11-18;12;1305.1
1;2025-11-18;13;1357.7
1;2025-11-18;14;1262.0
1;2025-11-18;15;1358.1
1;2025-11-18;16;1471.7
1;2025-11-18;17;1753.2
1;2025-11-18;18;1867.3
1;2025-11-18;19;1407.1
1;2025-11-18;20;886.5
1;2025-11-18;21;511.7
1;2025-11-18;22;227.7
1;2025-11-18;23;75.4
1;2025-11-19;0;22.6
1;2025-11-19;1;1.1
1;2025-11-19;2;3.4
1;2025-11-19;3;1.2
1;2025-11-19;4;9.2
1;2025-11-19;5;132.4
1;2025-11-19;6;557.2
1;2025-11-19;7;1376.8
1;2025-11-19;8;1959.4
1;2025-11-19;9;1490.4
1;2025-11-19;10;1339.4
1;2025-11-19;11;1313.0
1;2025-11-19;12;1341.2
1;2025-11-19;13;1425.1
1;2025-11-19;14;1329.4
1;2025-11-19;15;1443.8
1;2025-11-19;16;1489.8
1;2025-11-19;17;1775.1
1;2025-11-19;18;1833.3
1;2025-11-19;19;1363.5
1;2025-11-19;20;896.3
1;2025-11-19;21;514.6
1;2025-11-19;22;263.0
1;2025-11-19;23;79.1
1;2025-11-20;0;25.3
1;2025-11-20;1;3.3
1;2025-11-20;2;3.3
1;2025-11-20;3;2.2
1;2025-11-20;4;10.6
1;2025-11-20;5;123.2
1;2025-11-20;6;524.7
1;2025-11-20;7;1401.9
1;2025-11-20;8;1937.1
1;2025-11-20;9;1482.4
1;2025-11-20;10;1317.1
1;2025-11-20;11;1283.3
1;2025-11-20;12;1347.3
1;2025-11-20;13;1390.8
1;2025-11-20;14;1317.9
1;2025-11-20;15;1444.4
1;2025-11-20;16;1514.6
1;2025-11-20;17;1765.7
1;2025-11-20;18;1876.9
1;2025-11-20;19;1334.2
1;2025-11-20;20;898.9
1;2025-11-20;21;508.2
1;2025-11-20;22;227.1
1;2025-11-20;23;87.8
1;2025-11-21;0;24.1
1;2025-11-21;1;1.3
1;2025-11-21;2;2.6
1;2025-11-21;3;0.0
1;2025-11-21;4;6.7
1;2025-11-21;5;128.8
1;2025-11-21;6;507.3
1;2025-11-21;7;1391.4
1;2025-11-21;8;1856.0
1;2025-11-21;9;1461.1
1;2025-11-21;10;1254.0
1;2025-11-21;11;1295.6
1;2025-11-21;12;1327.0
1;2025-11-21;13;1333.5
1;2025-11-21;14;1291.2
1;2025-11-21;15;1438.1
1;2025-11-21;16;1580.5
1;2025-11-21;17;1787.0
1;2025-11-21;18;1554.3
1;2025-11-21;19;1245.4
1;2025-11-21;20;816.2
1;2025-11-21;21;514.1
1;2025-11-21;22;241.8
1;2025-11-21;23;92.6
1;2025-11-22;0;36.9
1;2025-11-22;1;5.9
1;2025-11-22;2;1.9
1;2025-11-22;3;0.9
1;2025-11-22;4;1.7
1;2025-11-22;5;45.2
1;2025-11-22;6;207.9
1;2025-11-22;7;381.0
1;2025-11-22;8;549.3
1;2025-11-22;9;703.5
1;2025-11-22;10;806.7
1;2025-11-22;11;867.5
1;2025-11-22;12;964.1
1;2025-11-22;13;993.1
1;2025-11-22;14;959.9
1;2025-11-22;15;873.5
1;2025-11-22;16;776.1
1;2025-11-22;17;737.6
1;2025-11-22;18;675.0
1;2025-11-22;19;639.2
1;2025-11-22;20;479.5
1;2025-11-22;21;334.3
1;2025-11-22;22;160.2
1;2025-11-22;23;58.0
1;2025-11-23;0;35.7
1;2025-11-23;1;4.3
1;2025-11-23;2;0.3
1;2025-11-23;3;0.0
1;2025-11-23;4;0.0
1;2025-11-23;5;28.2
1;2025-11-23;6;145.6
1;2025-11-23;7;263.0
1;2025-11-23;8;384.0
1;2025-11-23;9;553.7
1;2025-11-23;10;642.6
1;2025-11-23;11;722.5
1;2025-11-23;12;811.2
1;2025-11-23;13;833.3
1;2025-11-23;14;810.9
1;2025-11-23;15;737.6
1;2025-11-23;16;668.8
1;2025-11-23;17;638.6
1;2025-11-23;18;563.5
1;2025-11-23;19;498.6
1;2025-11-23;20;378.3
1;2025-11-23;21;278.1
1;2025-11-23;22;131.1
1;2025-11-23;23;33.9
1;2025-11-24;0;20.2
1;2025-11-24;1;0.2
1;2025-11-24;2;2.0
1;2025-11-24;3;0.4
1;2025-11-24;4;8.0
1;2025-11-24;5;130.3
1;2025-11-24;6;526.7
1;2025-11-24;7;1348.6
1;2025-11-24;8;1921.7
1;2025-11-24;9;1455.9
1;2025-11-24;10;1263.4
1;2025-11-24;11;1237.9
1;2025-11-24;12;1300.4
1;2025-11-24;13;1313.2
1;2025-11-24;14;1318.2
1;2025-11-24;15;1383.8
1;2025-11-24;16;1506.1
1;2025-11-24;17;1772.0
1;2025-11-24;18;1915.9
1;2025-11-24;19;1391.4
1;2025-11-24;20;889.2
1;2025-11-24;21;470.2
1;2025-11-24;22;196.3
1;2025-11-24;23;61.7
1;2025-11-25;0;22.8
1;2025-11-25;1;0.5
1;2025-11-25;2;3.4
1;2025-11-25;3;1.5
1;2025-11-25;4;10.5
1;2025-11-25;5;117.9
1;2025-11-25;6;535.0
1;2025-11-25;7;1443.9
1;2025-11-25;8;1979.0
1;2025-11-25;9;1502.0
1;2025-11-25;10;1317.7
1;2025-11-25;11;1279.7
1;2025-11-25;12;1305.1
1;2025-11-25;13;1357.7
1;2025-11-25;14;1262.0
1;2025-11-25;15;1358.1
1;2025-11-25;16;1471.7
1;2025-11-25;17;1753.2
1;2025-11-25;18;1867.3
1;2025-11-25;19;1407.1
1;2025-11-25;20;886.5
1;2025-11-25;21;511.7
1;2025-11-25;22;227.7
1;2025-11-25;23;75.4
1;2025-11-26;0;22.6
1;2025-11-26;1;1.1
1;2025-11-26;2;3.4
1;2025-11-26;3;1.2
1;2025-11-26;4;9.2
1;2025-11-26;5;132.4
1;2025-11-26;6;557.2
1;2025-11-26;7;1376.8
1;2025-11-26;8;1959.4
1;2025-11-26;9;1490.4
1;2025-11-26;10;1339.4
1;2025-11-26;11;1313.0
1;2025-11-26;12;1341.2
1;2025-11-26;13;1425.1
1;2025-11-26;14;1329.4
1;2025-11-26;15;1443.8
1;2025-11-26;16;1489.8
1;2025-11-26;17;1775.1
1;2025-11-26;18;1833.3
1;2025-11-26;19;1363.5
1;2025-11-26;20;896.3
1;2025-11-26;21;514.6
1;2025-11-26;22;263.0
1;2025-11-26;23;79.1
1;2025-11-27;0;25.3
1;2025-11-27;1;3.3
1;2025-11-27;2;3.3
1;2025-11-27;3;2.2
1;2025-11-27;4;10.6
1;2025-11-27;5;123.2
1;2025-11-27;6;524.7
1;2025-11-27;7;1401.9
1;2025-11-27;8;1937.1
1;2025-11-27;9;1482.4
1;2025-11-27;10;1317.1
1;2025-11-27;11;1283.3
1;2025-11-27;12;1347.3
1;2025-11-27;13;1390.8
1;2025-11-27;14;1317.9
1;2025-11-27;15;1444.4
1;2025-11-27;16;1514.6
1;2025-11-27;17;1765.7
1;2025-11-27;18;1876.9
1;2025-11-27;19;1334.2
1;2025-11-27;20;898.9
1;2025-11-27;21;508.2
1;2025-11-27;22;227.1
1;2025-11-27;23;87.8
1;2025-11-28;0;24.1
1;2025-11-28;1;1.3
1;2025-11-28;2;2.6
1;2025-11-28;3;0.0
1;2025-11-28;4;6.7
1;2025-11-28;5;128.8
1;2025-11-28;6;507.3
1;2025-11-28;7;1391.4
1;2025-11-28;8;1856.0
1;2025-11-28;9;1461.1
1;2025-11-28;10;1254.0
1;2025-11-28;11;1295.6
1;2025-11-28;12;1327.0
1;2025-11-28;13;1333.5
1;2025-11-28;14;1291.2
1;2025-11-28;15;1438.1
1;2025-11-28;16;1580.5
1;2025-11-28;17;1787.0
1;2025-11-28;18;1554.3
1;2025-11-28;19;1245.4
1;2025-11-28;20;816.2
1;2025-11-28;21;514.1
1;2025-11-28;22;241.8
1;2025-11-28;23;92.6
1;2025-11-29;0;36.9
1;2025-11-29;1;5.9
1;2025-11-29;2;1.9
1;2025-11-29;3;0.9
1;2025-11-29;4;1.7
1;2025-11-29;5;45.2
1;2025-11-29;6;207.9
1;2025-11-29;7;381.0
1;2025-11-29;8;549.3
1;2025-11-29;9;703.5
1;2025-11-29;10;806.7
1;2025-11-29;11;867.5
1;2025-11-29;12;964.1
1;2025-11-29;13;993.1
1;2025-11-29;14;959.9
1;2025-11-29;15;873.5
1;2025-11-29;16;776.1
1;2025-11-29;17;737.6
1;2025-11-29;18;675.0
1;2025-11-29;19;639.2
1;2025-11-29;20;479.5
1;2025-11-29;21;334.3
1;2025-11-29;22;160.2
1;2025-11-29;23;58.0
1;2025-11-30;0;35.7
1;2025-11-30;1;4.3
1;2025-11-30;2;0.3
1;2025-11-30;3;0.0
1;2025-11-30;4;0.0
1;2025-11-30;5;28.2
1;2025-11-30;6;145.6
1;2025-11-30;7;263.0
1;2025-11-30;8;384.0
1;2025-11-30;9;553.7
1;2025-11-30;10;642.6
1;2025-11-30;11;722.5
1;2025-11-30;12;811.2
1;2025-11-30;13;833.3
1;2025-11-30;14;810.9
1;2025-11-30;15;737.6
1;2025-11-30;16;668.8
1;2025-11-30;17;638.6
1;2025-11-30;18;563.5
1;2025-11-30;19;498.6
1;2025-11-30;20;378.3
1;2025-11-30;21;278.1
1;2025-11-30;22;131.1
1;2025-11-30;23;33.9
1;2025-12-01;0;21.6
1;2025-12-01;1;0.2
1;2025-12-01;2;2.2
1;2025-12-01;3;0.4
1;2025-12-01;4;8.5
1;2025-12-01;5;139.2
1;2025-12-01;6;562.7
1;2025-12-01;7;1440.6
1;2025-12-01;8;2052.9
1;2025-12-01;9;1555.3
1;2025-12-01;10;1349.6
1;2025-12-01;11;1322.4
1;2025-12-01;12;1389.1
1;2025-12-01;13;1402.8
1;2025-12-01;14;1408.1
1;2025-12-01;15;1478.2
1;2025-12-01;16;1608.9
1;2025-12-01;17;1892.9
1;2025-12-01;18;2046.6
1;2025-12-01;19;1486.4
1;2025-12-01;20;949.9
1;2025-12-01;21;502.3
1;2025-12-01;22;209.7
1;2025-12-01;23;65.9
1;2025-12-02;0;24.3
1;2025-12-02;1;0.6
1;2025-12-02;2;3.6
1;2025-12-02;3;1.6
1;2025-12-02;4;11.2
1;2025-12-02;5;126.0
1;2025-12-02;6;571.6
1;2025-12-02;7;1542.5
1;2025-12-02;8;2114.1
1;2025-12-02;9;1604.5
1;2025-12-02;10;1407.6
1;2025-12-02;11;1367.1
1;2025-12-02;12;1394.2
1;2025-12-02;13;1450.3
1;2025-12-02;14;1348.1
1;2025-12-02;15;1450.8
1;2025-12-02;16;1572.2
1;2025-12-02;17;1872.9
1;2025-12-02;18;1994.8
1;2025-12-02;19;1503.2
1;2025-12-02;20;947.0
1;2025-12-02;21;546.6
1;2025-12-02;22;243.3
1;2025-12-02;23;80.6
1;2025-12-03;0;24.2
1;2025-12-03;1;1.2
1;2025-12-03;2;3.7
1;2025-12-03;3;1.3
1;2025-12-03;4;9.8
1;2025-12-03;5;141.4
1;2025-12-03;6;595.2
1;2025-12-03;7;1470.8
1;2025-12-03;8;2093.1
1;2025-12-03;9;1592.1
1;2025-12-03;10;1430.9
1;2025-12-03;11;1402.6
1;2025-12-03;12;1432.7
1;2025-12-03;13;1522.3
1;2025-12-03;14;1420.1
1;2025-12-03;15;1542.4
1;2025-12-03;16;1591.5
1;2025-12-03;17;1896.2
1;2025-12-03;18;1958.4
1;2025-12-03;19;1456.5
1;2025-12-03;20;957.5
1;2025-12-03;21;549.7
1;2025-12-03;22;280.9
1;2025-12-03;23;84.5
1;2025-12-04;0;27.0
1;2025-12-04;1;3.5
1;2025-12-04;2;3.6
1;2025-12-04;3;2.4
1;2025-12-04;4;11.3
1;2025-12-04;5;131.6
1;2025-12-04;6;560.5
1;2025-12-04;7;1497.6
1;2025-12-04;8;2069.3
1;2025-12-04;9;1583.6
1;2025-12-04;10;1407.0
1;2025-12-04;11;1370.9
1;2025-12-04;12;1439.3
1;2025-12-04;13;1485.8
1;2025-12-04;14;1407.8
1;2025-12-04;15;1543.0
1;2025-12-04;16;1618.0
1;2025-12-04;17;1886.2
1;2025-12-04;18;2005.0
1;2025-12-04;19;1425.2
1;2025-12-04;20;960.3
1;2025-12-04;21;542.9
1;2025-12-04;22;242.6
1;2025-12-04;23;93.8
1;2025-12-05;0;25.8
1;2025-12-05;1;1.4
1;2025-12-05;2;2.7
1;2025-12-05;3;0.0
1;2025-12-05;4;7.1
1;2025-12-05;5;137.6
1;2025-12-05;6;541.9
1;2025-12-05;7;1486.4
1;2025-12-05;8;1982.7
1;2025-12-05;9;1560.8
1;2025-12-05;10;1339.6
1;2025-12-05;11;1384.0
1;2025-12-05;12;1417.6
1;2025-12-05;13;1424.5
1;2025-12-05;14;1379.4
1;2025-12-05;15;1536.2
1;2025-12-05;16;1688.4
1;2025-12-05;17;1909.0
1;2025-12-05;18;1660.4
1;2025-12-05;19;1330.4
1;2025-12-05;20;871.9
1;2025-12-05;21;549.2
1;2025-12-05;22;258.3
1;2025-12-05;23;98.9
1;2025-12-06;0;39.4
1;2025-12-06;1;6.3
1;2025-12-06;2;2.1
1;2025-12-06;3;0.9
1;2025-12-06;4;1.8
1;2025-12-06;5;48.3
1;2025-12-06;6;222.1
1;2025-12-06;7;407.0
1;2025-12-06;8;586.8
1;2025-12-06;9;751.5
1;2025-12-06;10;861.7
1;2025-12-06;11;926.7
1;2025-12-06;12;1029.9
1;2025-12-06;13;1060.9
1;2025-12-06;14;1025.4
1;2025-12-06;15;933.1
1;2025-12-06;16;829.1
1;2025-12-06;17;788.0
1;2025-12-06;18;721.1
1;2025-12-06;19;682.9
1;2025-12-06;20;512.2
1;2025-12-06;21;357.1
1;2025-12-06;22;171.2
1;2025-12-06;23;61.9
1;2025-12-07;0;38.1
1;2025-12-07;1;4.6
1;2025-12-07;2;0.3
1;2025-12-07;3;0.0
1;2025-12-07;4;0.0
1;2025-12-07;5;30.1
1;2025-12-07;6;155.5
1;2025-12-07;7;280.9
1;2025-12-07;8;410.2
1;2025-12-07;9;591.5
1;2025-12-07;10;686.5
1;2025-12-07;11;771.8
1;2025-12-07;12;866.5
1;2025-12-07;13;890.2
1;2025-12-07;14;866.3
1;2025-12-07;15;788.0
1;2025-12-07;16;714.5
1;2025-12-07;17;682.2
1;2025-12-07;18;601.9
1;2025-12-07;19;532.6
1;2025-12-07;20;404.1
1;2025-12-07;21;297.1
1;2025-12-07;22;140.0
1;2025-12-07;23;36.2
1;2025-12-08;0;21.6
1;2025-12-08;1;0.2
1;2025-12-08;2;2.2
1;2025-12-08;3;0.4
1;2025-12-08;4;8.5
1;2025-12-08;5;139.2
1;2025-12-08;6;562.7
1;2025-12-08;7;1440.6
1;2025-12-08;8;2052.9
1;2025-12-08;9;1555.3
1;2025-12-08;10;1349.6
1;2025-12-08;11;1322.4
1;2025-12-08;12;1389.1
1;2025-12-08;13;1402.8
1;2025-12-08;14;1408.1
1;2025-12-08;15;1478.2
1;2025-12-08;16;1608.9
1;2025-12-08;17;1892.9
1;2025-12-08;18;2046.6
1;2025-12-08;19;1486.4
1;2025-12-08;20;949.9
1;2025-12-08;21;502.3
1;2025-12-08;22;209.7
1;2025-12-08;23;65.9
1;2025-12-09;0;24.3
1;2025-12-09;1;0.6
1;2025-12-09;2;3.6
1;2025-12-09;3;1.6
1;2025-12-09;4;11.2
1;2025-12-09;5;126.0
1;2025-12-09;6;571.6
1;2025-12-09;7;1542.5
1;2025-12-09;8;2114.1
1;2025-12-09;9;1604.5
1;2025-12-09;10;1407.6
1;2025-12-09;11;1367.1
1;2025-12-09;12;1394.2
1;2025-12-09;13;1450.3
1;2025-12-09;14;1348.1
1;2025-12-09;15;1450.8
1;2025-12-09;16;1572.2
1;2025-12-09;17;1872.9
1;2025-12-09;18;1994.8
1;2025-12-09;19;1503.2
1;2025-12-09;20;947.0
1;2025-12-09;21;546.6
1;2025-12-09;22;243.3
1;2025-12-09;23;80.6
1;2025-12-10;0;24.2
1;2025-12-10;1;1.2
1;2025-12-10;2;3.7
1;2025-12-10;3;1.3
1;2025-12-10;4;9.8
1;2025-12-10;5;141.4
1;2025-12-10;6;595.2
1;2025-12-10;7;1470.8
1;2025-12-10;8;2093.1
1;2025-12-10;9;1592.1
1;2025-12-10;10;1430.9
1;2025-12-10;11;1402.6
1;2025-12-10;12;1432.7
1;2025-12-10;13;1522.3
1;2025-12-10;14;1420.1
1;2025-12-10;15;1542.4
1;2025-12-10;16;1591.5
1;2025-12-10;17;1896.2
1;2025-12-10;18;1958.4
1;2025-12-10;19;1456.5
1;2025-12-10;20;957.5
1;2025-12-10;21;549.7
1;2025-12-10;22;280.9
1;2025-12-10;23;84.5
1;2025-12-11;0;27.0
1;2025-12-11;1;3.5
1;2025-12-11;2;3.6
1;2025-12-11;3;2.4
1;2025-12-11;4;11.3
1;2025-12-11;5;131.6
1;2025-12-11;6;560.5
1;2025-12-11;7;1497.6
1;2025-12-11;8;2069.3
1;2025-12-11;9;1583.6
1;2025-12-11;10;1407.0
1;2025-12-11;11;1370.9
1;2025-12-11;12;1439.3
1;2025-12-11;13;1485.8
1;2025-12-11;14;1407.8
1;2025-12-11;15;1543.0
1;2025-12-11;16;1618.0
1;2025-12-11;17;1886.2
1;2025-12-11;18;2005.0
1;2025-12-11;19;1425.2
1;2025-12-11;20;960.3
1;2025-12-11;21;542.9
1;2025-12-11;22;242.6
1;2025-12-11;23;93.8
1;2025-12-12;0;25.8
1;2025-12-12;1;1.4
1;2025-12-12;2;2.7
1;2025-12-12;3;0.0
1;2025-12-12;4;7.1
1;2025-12-12;5;137.6
1;2025-12-12;6;541.9
1;2025-12-12;7;1486.4
1;2025-12-12;8;1982.7
1;2025-12-12;9;1560.8
1;2025-12-12;10;1339.6
1;2025-12-12;11;1384.0
1;2025-12-12;12;1417.6
1;2025-12-12;13;1424.5
1;2025-12-12;14;1379.4
1;2025-12-12;15;1536.2
1;2025-12-12;16;1688.4
1;2025-12-12;17;1909.0
1;2025-12-12;18;1660.4
1;2025-12-12;19;1330.4
1;2025-12-12;20;871.9
1;2025-12-12;21;549.2
1;2025-12-12;22;258.3
1;2025-12-12;23;98.9
1;2025-12-13;0;39.4
1;2025-12-13;1;6.3
1;2025-12-13;2;2.1
1;2025-12-13;3;0.9
1;2025-12-13;4;1.8
1;2025-12-13;5;48.3
1;2025-12-13;6;222.1
1;2025-12-13;7;407.0
1;2025-12-13;8;586.8
1;2025-12-13;9;751.5
1;2025-12-13;10;861.7
1;2025-12-13;11;926.7
1;2025-12-13;12;1029.9
1;2025-12-13;13;1060.9
1;2025-12-13;14;1025.4
1;2025-12-13;15;933.1
1;2025-12-13;16;829.1
1;2025-12-13;17;788.0
1;2025-12-13;18;721.1
1;2025-12-13;19;682.9
1;2025-12-13;20;512.2
1;2025-12-13;21;357.1
1;2025-12-13;22;171.2
1;2025-12-13;23;61.9
1;2025-12-14;0;38.1
1;2025-12-14;1;4.6
1;2025-12-14;2;0.3
1;2025-12-14;3;0.0
1;2025-12-14;4;0.0
1;2025-12-14;5;30.1
1;2025-12-14;6;155.5
1;2025-12-14;7;280.9
1;2025-12-14;8;410.2
1;2025-12-14;9;591.5
1;2025-12-14;10;686.5
1;2025-12-14;11;771.8
1;2025-12-14;12;866.5
1;2025-12-14;13;890.2
1;2025-12-14;14;866.3
1;2025-12-14;15;788.0
1;2025-12-14;16;714.5
1;2025-12-14;17;682.2
1;2025-12-14;18;601.9
1;2025-12-14;19;532.6
1;2025-12-14;20;404.1
1;2025-12-14;21;297.1
1;2025-12-14;22;140.0
1;2025-12-14;23;36.2
1;2025-12-15;0;21.6
1;2025-12-15;1;0.2
1;2025-12-15;2;2.2
1;2025-12-15;3;0.4
1;2025-12-15;4;8.5
1;2025-12-15;5;139.2
1;2025-12-15;6;562.7
1;2025-12-15;7;1440.6
1;2025-12-15;8;2052.9
1;2025-12-15;9;1555.3
1;2025-12-15;10;1349.6
1;2025-12-15;11;1322.4
1;2025-12-15;12;1389.1
1;2025-12-15;13;1402.8
1;2025-12-15;14;1408.1
1;2025-12-15;15;1478.2
1;2025-12-15;16;1608.9
1;2025-12-15;17;1892.9
1;2025-12-15;18;2046.6
1;2025-12-15;19;1486.4
1;2025-12-15;20;949.9
1;2025-12-15;21;502.3
1;2025-12-15;22;209.7
1;2025-12-15;23;65.9
1;2025-12-16;0;24.3
1;2025-12-16;1;0.6
1;2025-12-16;2;3.6
1;2025-12-16;3;1.6
1;2025-12-16;4;11.2
1;2025-12-16;5;126.0
1;2025-12-16;6;571.6
1;2025-12-16;7;1542.5
1;2025-12-16;8;2114.1
1;2025-12-16;9;1604.5
1;2025-12-16;10;1407.6
1;2025-12-16;11;1367.1
1;2025-12-16;12;1394.2
1;2025-12-16;13;1450.3
1;2025-12-16;14;1348.1
1;2025-12-16;15;1450.8
1;2025-12-16;16;1572.2
1;2025-12-16;17;1872.9
1;2025-12-16;18;1994.8
1;2025-12-16;19;1503.2
1;2025-12-16;20;947.0
1;2025-12-16;21;546.6
1;2025-12-16;22;243.3
1;2025-12-16;23;80.6
1;2025-12-17;0;24.2
1;2025-12-17;1;1.2
1;2025-12-17;2;3.7
1;2025-12-17;3;1.3
1;2025-12-17;4;9.8
1;2025-12-17;5;141.4
1;2025-12-17;6;595.2
1;2025-12-17;7;1470.8
1;2025-12-17;8;2093.1
1;2025-12-17;9;1592.1
1;2025-12-17;10;1430.9
1;2025-12-17;11;1402.6
1;2025-12-17;12;1432.7
1;2025-12-17;13;1522.3
1;2025-12-17;14;1420.1
1;2025-12-17;15;1542.4
1;2025-12-17;16;1591.5
1;2025-12-17;17;1896.2
1;2025-12-17;18;1958.4
1;2025-12-17;19;1456.5
1;2025-12-17;20;957.5
1;2025-12-17;21;549.7
1;2025-12-17;22;280.9
1;2025-12-17;23;84.5
1;2025-12-18;0;27.0
1;2025-12-18;1;3.5
1;2025-12-18;2;3.6
1;2025-12-18;3;2.4
1;2025-12-18;4;11.3
1;2025-12-18;5;131.6
1;2025-12-18;6;560.5
1;2025-12-18;7;1497.6
1;2025-12-18;8;2069.3
1;2025-12-18;9;1583.6
1;2025-12-18;10;1407.0
1;2025-12-18;11;1370.9
1;2025-12-18;12;1439.3
1;2025-12-18;13;1485.8
1;2025-12-18;14;1407.8
1;2025-12-18;15;1543.0
1;2025-12-18;16;1618.0
1;2025-12-18;17;1886.2
1;2025-12-18;18;2005.0
1;2025-12-18;19;1425.2
1;2025-12-18;20;960.3
1;2025-12-18;21;542.9
1;2025-12-18;22;242.6
1;2025-12-18;23;93.8
1;2025-12-19;0;25.8
1;2025-12-19;1;1.4
1;2025-12-19;2;2.7
1;2025-12-19;3;0.0
1;2025-12-19;4;7.1
1;2025-12-19;5;137.6
1;2025-12-19;6;541.9
1;2025-12-19;7;1486.4
1;2025-12-19;8;1982.7
1;2025-12-19;9;1560.8
1;2025-12-19;10;1339.6
1;2025-12-19;11;1384.0
1;2025-12-19;12;1417.6
1;2025-12-19;13;1424.5
1;2025-12-19;14;1379.4
1;2025-12-19;15;1536.2
1;2025-12-19;16;1688.4
1;2025-12-19;17;1909.0
1;2025-12-19;18;1660.4
1;2025-12-19;19;1330.4
1;2025-12-19;20;871.9
1;2025-12-19;21;549.2
1;2025-12-19;22;258.3
1;2025-12-19;23;98.9
1;2025-12-20;0;39.4
1;2025-12-20;1;6.3
1;2025-12-20;2;2.1
1;2025-12-20;3;0.9
1;2025-12-20;4;1.8
1;2025-12-20;5;48.3
1;2025-12-20;6;222.1
1;2025-12-20;7;407.0
1;2025-12-20;8;586.8
1;2025-12-20;9;751.5
1;2025-12-20;10;861.7
1;2025-12-20;11;926.7
1;2025-12-20;12;1029.9
1;2025-12-20;13;1060.9
1;2025-12-20;14;1025.4
1;2025-12-20;15;933.1
1;2025-12-20;16;829.1
1;2025-12-20;17;788.0
1;2025-12-20;18;721.1
1;2025-12-20;19;682.9
1;2025-12-20;20;512.2
1;2025-12-20;21;357.1
1;2025-12-20;22;171.2
1;2025-12-20;23;61.9
1;2025-12-21;0;38.1
1;2025-12-21;1;4.6
1;2025-12-21;2;0.3
1;2025-12-21;3;0.0
1;2025-12-21;4;0.0
1;2025-12-21;5;30.1
1;2025-12-21;6;155.5
1;2025-12-21;7;280.9
1;2025-12-21;8;410.2
1;2025-12-21;9;591.5
1;2025-12-21;10;686.5
1;2025-12-21;11;771.8
1;2025-12-21;12;866.5
1;2025-12-21;13;890.2
1;2025-12-21;14;866.3
1;2025-12-21;15;788.0
1;2025-12-21;16;714.5
1;2025-12-21;17;682.2
1;2025-12-21;18;601.9
1;2025-12-21;19;532.6
1;2025-12-21;20;404.1
1;2025-12-21;21;297.1
1;2025-12-21;22;140.0
1;2025-12-21;23;36.2
1;2025-12-22;0;21.6
1;2025-12-22;1;0.2
1;2025-12-22;2;2.2
1;2025-12-22;3;0.4
1;2025-12-22;4;8.5
1;2025-12-22;5;139.2
1;2025-12-22;6;562.7
1;2025-12-22;7;1440.6
1;2025-12-22;8;2052.9
1;2025-12-22;9;1555.3
1;2025-12-22;10;1349.6
1;2025-12-22;11;1322.4
1;2025-12-22;12;1389.1
1;2025-12-22;13;1402.8
1;2025-12-22;14;1408.1
1;2025-12-22;15;1478.2
1;2025-12-22;16;1608.9
1;2025-12-22;17;1892.9
1;2025-12-22;18;2046.6
1;2025-12-22;19;1486.4
1;2025-12-22;20;949.9
1;2025-12-22;21;502.3
1;2025-12-22;22;209.7
1;2025-12-22;23;65.9
1;2025-12-23;0;24.3
1;2025-12-23;1;0.6
1;2025-12-23;2;3.6
1;2025-12-23;3;1.6
1;2025-12-23;4;11.2
1;2025-12-23;5;126.0
1;2025-12-23;6;571.6
1;2025-12-23;7;1542.5
1;2025-12-23;8;2114.1
1;2025-12-23;9;1604.5
1;2025-12-23;10;1407.6
1;2025-12-23;11;1367.1
1;2025-12-23;12;1394.2
1;2025-12-23;13;1450.3
1;2025-12-23;14;1348.1
1;2025-12-23;15;1450.8
1;2025-12-23;16;1572.2
1;2025-12-23;17;1872.9
1;2025-12-23;18;1994.8
1;2025-12-23;19;1503.2
1;2025-12-23;20;947.0
1;2025-12-23;21;546.6
1;2025-12-23;22;243.3
1;2025-12-23;23;80.6
1;2025-12-24;0;24.2
1;2025-12-24;1;1.2
1;2025-12-24;2;3.7
1;2025-12-24;3;1.3
1;2025-12-24;4;9.8
1;2025-12-24;5;141.4
1;2025-12-24;6;595.2
1;2025-12-24;7;1470.8
1;2025-12-24;8;2093.1
1;2025-12-24;9;1592.1
1;2025-12-24;10;1430.9
1;2025-12-24;11;1402.6
1;2025-12-24;12;1432.7
1;2025-12-24;13;1522.3
1;2025-12-24;14;1420.1
1;2025-12-24;15;1542.4
1;2025-12-24;16;1591.5
1;2025-12-24;17;1896.2
1;2025-12-24;18;1958.4
1;2025-12-24;19;1456.5
1;2025-12-24;20;957.5
1;2025-12-24;21;549.7
1;2025-12-24;22;280.9
1;2025-12-24;23;84.5
1;2025-12-25;0;27.0
1;2025-12-25;1;3.5
1;2025-12-25;2;3.6
1;2025-12-25;3;2.4
1;2025-12-25;4;11.3
1;2025-12-25;5;131.6
1;2025-12-25;6;560.5
1;2025-12-25;7;1497.6
1;2025-12-25;8;2069.3
1;2025-12-25;9;1583.6
1;2025-12-25;10;1407.0
1;2025-12-25;11;1370.9
1;2025-12-25;12;1439.3
1;2025-12-25;13;1485.8
1;2025-12-25;14;1407.8
1;2025-12-25;15;1543.0
1;2025-12-25;16;1618.0
1;2025-12-25;17;1886.2
1;2025-12-25;18;2005.0
1;2025-12-25;19;1425.2
1;2025-12-25;20;960.3
1;2025-12-25;21;542.9
1;2025-12-25;22;242.6
1;2025-12-25;23;93.8
1;2025-12-26;0;25.8
1;2025-12-26;1;1.4
1;2025-12-26;2;2.7
1;2025-12-26;3;0.0
1;2025-12-26;4;7.1
1;2025-12-26;5;137.6
1;2025-12-26;6;541.9
1;2025-12-26;7;1486.4
1;2025-12-26;8;1982.7
1;2025-12-26;9;1560.8
1;2025-12-26;10;1339.6
1;2025-12-26;11;1384.0
1;2025-12-26;12;1417.6
1;2025-12-26;13;1424.5
1;2025-12-26;14;1379.4
1;2025-12-26;15;1536.2
1;2025-12-26;16;1688.4
1;2025-12-26;17;1909.0
1;2025-12-26;18;1660.4
1;2025-12-26;19;1330.4
1;2025-12-26;20;871.9
1;2025-12-26;21;549.2
1;2025-12-26;22;258.3
1;2025-12-26;23;98.9
1;2025-12-27;0;39.4
1;2025-12-27;1;6.3
1;2025-12-27;2;2.1
1;2025-12-27;3;0.9
1;2025-12-27;4;1.8
1;2025-12-27;5;48.3
1;2025-12-27;6;222.1
1;2025-12-27;7;407.0
1;2025-12-27;8;586.8
1;2025-12-27;9;751.5
1;2025-12-27;10;861.7
1;2025-12-27;11;926.7
1;2025-12-27;12;1029.9
1;2025-12-27;13;1060.9
1;2025-12-27;14;1025.4
1;2025-12-27;15;933.1
1;2025-12-27;16;829.1
1;2025-12-27;17;788.0
1;2025-12-27;18;721.1
1;2025-12-27;19;682.9
1;2025-12-27;20;512.2
1;2025-12-27;21;357.1
1;2025-12-27;22;171.2
1;2025-12-27;23;61.9
1;2025-12-28;0;38.1
1;2025-12-28;1;4.6
1;2025-12-28;2;0.3
1;2025-12-28;3;0.0
1;2025-12-28;4;0.0
1;2025-12-28;5;30.1
1;2025-12-28;6;155.5
1;2025-12-28;7;280.9
1;2025-12-28;8;410.2
1;2025-12-28;9;591.5
1;2025-12-28;10;686.5
1;2025-12-28;11;771.8
1;2025-12-28;12;866.5
1;2025-12-28;13;890.2
1;2025-12-28;14;866.3
1;2025-12-28;15;788.0
1;2025-12-28;16;714.5
1;2025-12-28;17;682.2
1;2025-12-28;18;601.9
1;2025-12-28;19;532.6
1;2025-12-28;20;404.1
1;2025-12-28;21;297.1
1;2025-12-28;22;140.0
1;2025-12-28;23;36.2
1;2025-12-29;0;21.6
1;2025-12-29;1;0.2
1;2025-12-29;2;2.2
1;2025-12-29;3;0.4
1;2025-12-29;4;8.5
1;2025-12-29;5;139.2
1;2025-12-29;6;562.7
1;2025-12-29;7;1440.6
1;2025-12-29;8;2052.9
1;2025-12-29;9;1555.3
1;2025-12-29;10;1349.6
1;2025-12-29;11;1322.4
1;2025-12-29;12;1389.1
1;2025-12-29;13;1402.8
1;2025-12-29;14;1408.1
1;2025-12-29;15;1478.2
1;2025-12-29;16;1608.9
1;2025-12-29;17;1892.9
1;2025-12-29;18;2046.6
1;2025-12-29;19;1486.4
1;2025-12-29;20;949.9
1;2025-12-29;21;502.3
1;2025-12-29;22;209.7
1;2025-12-29;23;65.9
1;2025-12-30;0;21.3
1;2025-12-30;1;0.3
1;2025-12-30;2;3.6
1;2025-12-30;3;1.7
1;2025-12-30;4;12.2
1;2025-12-30;5;130.0
1;2025-12-30;6;573.7
1;2025-12-30;7;1537.2
1;2025-12-30;8;2110.6
1;2025-12-30;9;1610.8
1;2025-12-30;10;1422.2
1;2025-12-30;11;1400.9
1;2025-12-30;12;1438.0
1;2025-12-30;13;1509.3
1;2025-12-30;14;1420.5
1;2025-12-30;15;1535.6
1;2025-12-30;16;1653.1
1;2025-12-30;17;1865.1
1;2025-12-30;18;1811.7
1;2025-12-30;19;1427.8
1;2025-12-30;20;934.2
1;2025-12-30;21;557.8
1;2025-12-30;22;254.2
1;2025-12-30;23;94.4
1;2025-12-31;0;26.1
1;2025-12-31;1;0.0
1;2025-12-31;2;0.0
1;2025-12-31;3;0.0
1;2025-12-31;4;0.0
1;2025-12-31;5;9.8
1;2025-12-31;6;130.9
1;2025-12-31;7;236.0
1;2025-12-31;8;344.0
1;2025-12-31;9;408.5
1;2025-12-31;10;506.4
1;2025-12-31;11;596.0
1;2025-12-31;12;713.3
1;2025-12-31;13;769.4
1;2025-12-31;14;756.6
1;2025-12-31;15;709.1
1;2025-12-31;16;654.6
1;2025-12-31;17;619.9
1;2025-12-31;18;590.7
1;2025-12-31;19;556.1
1;2025-12-31;20;400.3
1;2025-12-31;21;282.3
1;2025-12-31;22;111.7
1;2025-12-31;23;6.7
5;2025-11-01;0;0.0
5;2025-11-01;1;0.0
5;2025-11-01;2;0.0
5;2025-11-01;3;0.0
5;2025-11-01;4;0.0
5;2025-11-01;5;0.0
5;2025-11-01;6;0.0
5;2025-11-01;7;0.0
5;2025-11-01;8;0.0
5;2025-11-01;9;0.0
5;2025-11-01;10;0.0
5;2025-11-01;11;0.0
5;2025-11-01;12;0.0
5;2025-11-01;13;0.0
5;2025-11-01;14;0.0
5;2025-11-01;15;0.0
5;2025-11-01;16;0.0
5;2025-11-01;17;0.0
5;2025-11-01;18;0.0
5;2025-11-01;19;0.0
5;2025-11-01;20;0.0
5;2025-11-01;21;0.0
5;2025-11-01;22;0.0
5;2025-11-01;23;0.0
5;2025-11-02;0;0.0
5;2025-11-02;1;0.0
5;2025-11-02;2;0.0
5;2025-11-02;3;0.0
5;2025-11-02;4;0.0
5;2025-11-02;5;0.0
5;2025-11-02;6;0.0
5;2025-11-02;7;0.0
5;2025-11-02;8;0.0
5;2025-11-02;9;0.0
5;2025-11-02;10;0.0
5;2025-11-02;11;0.0
5;2025-11-02;12;0.0
5;2025-11-02;13;0.0
5;2025-11-02;14;0.0
5;2025-11-02;15;0.0
5;2025-11-02;16;0.0
5;2025-11-02;17;0.0
5;2025-11-02;18;0.0
5;2025-11-02;19;0.0
5;2025-11-02;20;0.0
5;2025-11-02;21;0.0
5;2025-11-02;22;0.0
5;2025-11-02;23;0.0
5;2025-11-03;0;0.0
5;2025-11-03;1;0.0
5;2025-11-03;2;0.0
5;2025-11-03;3;0.0
5;2025-11-03;4;0.0
5;2025-11-03;5;0.0
5;2025-11-03;6;0.0
5;2025-11-03;7;0.0
5;2025-11-03;8;0.0
5;2025-11-03;9;0.0
5;2025-11-03;10;0.0
5;2025-11-03;11;0.0
5;2025-11-03;12;0.0
5;2025-11-03;13;0.0
5;2025-11-03;14;0.0
5;2025-11-03;15;0.0
5;2025-11-03;16;0.0
5;2025-11-03;17;0.0
5;2025-11-03;18;0.0
5;2025-11-03;19;0.0
5;2025-11-03;20;0.0
5;2025-11-03;21;0.0
5;2025-11-03;22;0.0
5;2025-11-03;23;0.0
5;2025-11-04;0;0.0
5;2025-11-04;1;0.0
5;2025-11-04;2;0.0
5;2025-11-04;3;0.0
5;2025-11-04;4;0.0
5;2025-11-04;5;0.0
5;2025-11-04;6;0.0
5;2025-11-04;7;0.0
5;2025-11-04;8;0.0
5;2025-11-04;9;0.0
5;2025-11-04;10;0.0
5;2025-11-04;11;0.0
5;2025-11-04;12;0.0
5;2025-11-04;13;0.0
5;2025-11-04;14;0.0
5;2025-11-04;15;0.0
5;2025-11-04;16;0.0
5;2025-11-04;17;0.0
5;2025-11-04;18;0.0
5;2025-11-04;19;0.0
5;2025-11-04;20;0.0
5;2025-11-04;21;0.0
5;2025-11-04;22;0.0
5;2025-11-04;23;0.0
5;2025-11-05;0;0.0
5;2025-11-05;1;0.0
5;2025-11-05;2;0.0
5;2025-11-05;3;0.0
5;2025-11-05;4;0.0
5;2025-11-05;5;0.0
5;2025-11-05;6;0.0
5;2025-11-05;7;0.0
5;2025-11-05;8;0.0
5;2025-11-05;9;0.0
5;2025-11-05;10;0.0
5;2025-11-05;11;0.0
5;2025-11-05;12;0.0
5;2025-11-05;13;0.0
5;2025-11-05;14;0.0
5;2025-11-05;15;0.0
5;2025-11-05;16;0.0
5;2025-11-05;17;0.0
5;2025-11-05;18;0.0
5;2025-11-05;19;0.0
5;2025-11-05;20;0.0
5;2025-11-05;21;0.0
5;2025-11-05;22;0.0
5;2025-11-05;23;0.0
5;2025-11-06;0;0.0
5;2025-11-06;1;0.0
5;2025-11-06;2;0.0
5;2025-11-06;3;0.0
5;2025-11-06;4;0.0
5;2025-11-06;5;0.0
5;2025-11-06;6;0.0
5;2025-11-06;7;0.0
5;2025-11-06;8;0.0
5;2025-11-06;9;0.0
5;2025-11-06;10;0.0
5;2025-11-06;11;0.0
5;2025-11-06;12;0.0
5;2025-11-06;13;0.0
5;2025-11-06;14;0.0
5;2025-11-06;15;0.0
5;2025-11-06;16;0.0
5;2025-11-06;17;0.0
5;2025-11-06;18;0.0
5;2025-11-06;19;0.0
5;2025-11-06;20;0.0
5;2025-11-06;21;0.0
5;2025-11-06;22;0.0
5;2025-11-06;23;0.0
5;2025-11-07;0;0.0
5;2025-11-07;1;0.0
5;2025-11-07;2;0.0
5;2025-11-07;3;0.0
5;2025-11-07;4;0.0
5;2025-11-07;5;0.0
5;2025-11-07;6;0.0
5;2025-11-07;7;0.0
5;2025-11-07;8;0.0
5;2025-11-07;9;0.0
5;2025-11-07;10;0.0
5;2025-11-07;11;0.0
5;2025-11-07;12;0.0
5;2025-11-07;13;0.0
5;2025-11-07;14;0.0
5;2025-11-07;15;0.0
5;2025-11-07;16;0.0
5;2025-11-07;17;0.0
5;2025-11-07;18;0.0
5;2025-11-07;19;0.0
5;2025-11-07;20;0.0
5;2025-11-07;21;0.0
5;2025-11-07;22;0.0
5;2025-11-07;23;0.0
5;2025-11-08;0;0.0
5;2025-11-08;1;0.0
5;2025-11-08;2;0.0
5;2025-11-08;3;0.0
5;2025-11-08;4;0.0
5;2025-11-08;5;0.0
5;2025-11-08;6;0.0
5;2025-11-08;7;0.0
5;2025-11-08;8;0.0
5;2025-11-08;9;0.0
5;2025-11-08;10;0.0
5;2025-11-08;11;0.0
5;2025-11-08;12;0.0
5;2025-11-08;13;0.0
5;2025-11-08;14;0.0
5;2025-11-08;15;0.0
5;2025-11-08;16;0.0
5;2025-11-08;17;0.0
5;2025-11-08;18;0.0
5;2025-11-08;19;0.0
5;2025-11-08;20;0.0
5;2025-11-08;21;0.0
5;2025-11-08;22;0.0
5;2025-11-08;23;0.0
5;2025-11-09;0;0.0
5;2025-11-09;1;0.0
5;2025-11-09;2;0.0
5;2025-11-09;3;0.0
5;2025-11-09;4;0.0
5;2025-11-09;5;0.0
5;2025-11-09;6;0.0
5;2025-11-09;7;0.0
5;2025-11-09;8;0.0
5;2025-11-09;9;0.0
5;2025-11-09;10;0.0
5;2025-11-09;11;0.0
5;2025-11-09;12;0.0
5;2025-11-09;13;0.0
5;2025-11-09;14;0.0
5;2025-11-09;15;0.0
5;2025-11-09;16;0.0
5;2025-11-09;17;0.0
5;2025-11-09;18;0.0
5;2025-11-09;19;0.0
5;2025-11-09;20;0.0
5;2025-11-09;21;0.0
5;2025-11-09;22;0.0
5;2025-11-09;23;0.0
5;2025-11-10;0;0.0
5;2025-11-10;1;0.0
5;2025-11-10;2;0.0
5;2025-11-10;3;0.0
5;2025-11-10;4;0.0
5;2025-11-10;5;0.0
5;2025-11-10;6;0.0
5;2025-11-10;7;0.0
5;2025-11-10;8;0.0
5;2025-11-10;9;0.0
5;2025-11-10;10;0.0
5;2025-11-10;11;0.0
5;2025-11-10;12;0.0
5;2025-11-10;13;0.0
5;2025-11-10;14;0.0
5;2025-11-10;15;0.0
5;2025-11-10;16;0.0
5;2025-11-10;17;0.0
5;2025-11-10;18;0.0
5;2025-11-10;19;0.0
5;2025-11-10;20;0.0
5;2025-11-10;21;0.0
5;2025-11-10;22;0.0
5;2025-11-10;23;0.0
5;2025-11-11;0;0.0
5;2025-11-11;1;0.0
5;2025-11-11;2;0.0
5;2025-11-11;3;0.0
5;2025-11-11;4;0.0
5;2025-11-11;5;0.0
5;2025-11-11;6;0.0
5;2025-11-11;7;0.0
5;2025-11-11;8;0.0
5;2025-11-11;9;0.0
5;2025-11-11;10;0.0
5;2025-11-11;11;0.0
5;2025-11-11;12;0.0
5;2025-11-11;13;0.0
5;2025-11-11;14;0.0
5;2025-11-11;15;0.0
5;2025-11-11;16;0.0
5;2025-11-11;17;0.0
5;2025-11-11;18;0.0
5;2025-11-11;19;0.0
5;2025-11-11;20;0.0
5;2025-11-11;21;0.0
5;2025-11-11;22;0.0
5;2025-11-11;23;0.0
5;2025-11-12;0;0.0
5;2025-11-12;1;0.0
5;2025-11-12;2;0.0
5;2025-11-12;3;0.0
5;2025-11-12;4;0.0
5;2025-11-12;5;0.0
5;2025-11-12;6;0.0
5;2025-11-12;7;0.0
5;2025-11-12;8;0.0
5;2025-11-12;9;0.0
5;2025-11-12;10;0.0
5;2025-11-12;11;0.0
5;2025-11-12;12;0.0
5;2025-11-12;13;0.0
5;2025-11-12;14;0.0
5;2025-11-12;15;0.0
5;2025-11-12;16;0.0
5;2025-11-12;17;0.0
5;2025-11-12;18;0.0
5;2025-11-12;19;0.0
5;2025-11-12;20;0.0
5;2025-11-12;21;0.0
5;2025-11-12;22;0.0
5;2025-11-12;23;0.0
5;2025-11-13;0;0.0
5;2025-11-13;1;0.0
5;2025-11-13;2;0.0
5;2025-11-13;3;0.0
5;2025-11-13;4;0.0
5;2025-11-13;5;0.0
5;2025-11-13;6;0.0
5;2025-11-13;7;0.0
5;2025-11-13;8;0.0
5;2025-11-13;9;0.0
5;2025-11-13;10;0.0
5;2025-11-13;11;0.0
5;2025-11-13;12;0.0
5;2025-11-13;13;0.0
5;2025-11-13;14;0.0
5;2025-11-13;15;0.0
5;2025-11-13;16;0.0
5;2025-11-13;17;0.0
5;2025-11-13;18;0.0
5;2025-11-13;19;0.0
5;2025-11-13;20;0.0
5;2025-11-13;21;0.0
5;2025-11-13;22;0.0
5;2025-11-13;23;0.0
5;2025-11-14;0;0.0
5;2025-11-14;1;0.0
5;2025-11-14;2;0.0
5;2025-11-14;3;0.0
5;2025-11-14;4;0.0
5;2025-11-14;5;0.0
5;2025-11-14;6;0.0
5;2025-11-14;7;0.0
5;2025-11-14;8;0.0
5;2025-11-14;9;0.0
5;2025-11-14;10;0.0
5;2025-11-14;11;0.0
5;2025-11-14;12;0.0
5;2025-11-14;13;0.0
5;2025-11-14;14;0.0
5;2025-11-14;15;0.0
5;2025-11-14;16;0.0
5;2025-11-14;17;0.0
5;2025-11-14;18;0.0
5;2025-11-14;19;0.0
5;2025-11-14;20;0.0
5;2025-11-14;21;0.0
5;2025-11-14;22;0.0
5;2025-11-14;23;0.0
5;2025-11-15;0;0.0
5;2025-11-15;1;0.0
5;2025-11-15;2;0.0
5;2025-11-15;3;0.0
5;2025-11-15;4;0.0
5;2025-11-15;5;0.0
5;2025-11-15;6;0.0
5;2025-11-15;7;0.0
5;2025-11-15;8;0.0
5;2025-11-15;9;0.0
5;2025-11-15;10;0.0
5;2025-11-15;11;0.0
5;2025-11-15;12;0.0
5;2025-11-15;13;0.0
5;2025-11-15;14;0.0
5;2025-11-15;15;0.0
5;2025-11-15;16;0.0
5;2025-11-15;17;0.0
5;2025-11-15;18;0.0
5;2025-11-15;19;0.0
5;2025-11-15;20;0.0
5;2025-11-15;21;0.0
5;2025-11-15;22;0.0
5;2025-11-15;23;0.0
5;2025-11-16;0;0.0
5;2025-11-16;1;0.0
5;2025-11-16;2;0.0
5;2025-11-16;3;0.0
5;2025-11-16;4;0.0
5;2025-11-16;5;0.0
5;2025-11-16;6;0.0
5;2025-11-16;7;0.0
5;2025-11-16;8;0.0
5;2025-11-16;9;0.0
5;2025-11-16;10;0.0
5;2025-11-16;11;0.0
5;2025-11-16;12;0.0
5;2025-11-16;13;0.0
5;2025-11-16;14;0.0
5;2025-11-16;15;0.0
5;2025-11-16;16;0.0
5;2025-11-16;17;0.0
5;2025-11-16;18;0.0
5;2025-11-16;19;0.0
5;2025-11-16;20;0.0
5;2025-11-16;21;0.0
5;2025-11-16;22;0.0
5;2025-11-16;23;0.0
5;2025-11-17;0;0.0
5;2025-11-17;1;0.0
5;2025-11-17;2;0.0
5;2025-11-17;3;0.0
5;2025-11-17;4;0.0
5;2025-11-17;5;0.0
5;2025-11-17;6;0.0
5;2025-11-17;7;0.0
5;2025-11-17;8;0.0
5;2025-11-17;9;0.0
5;2025-11-17;10;0.0
5;2025-11-17;11;0.0
5;2025-11-17;12;0.0
5;2025-11-17;13;0.0
5;2025-11-17;14;0.0
5;2025-11-17;15;0.0
5;2025-11-17;16;0.0
5;2025-11-17;17;0.0
5;2025-11-17;18;0.0
5;2025-11-17;19;0.0
5;2025-11-17;20;0.0
5;2025-11-17;21;0.0
5;2025-11-17;22;0.0
5;2025-11-17;23;0.0
5;2025-11-18;0;0.0
5;2025-11-18;1;0.0
5;2025-11-18;2;0.0
5;2025-11-18;3;0.0
5;2025-11-18;4;0.0
5;2025-11-18;5;0.0
5;2025-11-18;6;0.0
5;2025-11-18;7;0.0
5;2025-11-18;8;0.0
5;2025-11-18;9;0.0
5;2025-11-18;10;0.0
5;2025-11-18;11;0.0
5;2025-11-18;12;0.0
5;2025-11-18;13;0.0
5;2025-11-18;14;0.0
5;2025-11-18;15;0.0
5;2025-11-18;16;0.0
5;2025-11-18;17;0.0
5;2025-11-18;18;0.0
5;2025-11-18;19;0.0
5;2025-11-18;20;0.0
5;2025-11-18;21;0.0
5;2025-11-18;22;0.0
5;2025-11-18;23;0.0
5;2025-11-19;0;0.0
5;2025-11-19;1;0.0
5;2025-11-19;2;0.0
5;2025-11-19;3;0.0
5;2025-11-19;4;0.0
5;2025-11-19;5;0.0
5;2025-11-19;6;0.0
5;2025-11-19;7;0.0
5;2025-11-19;8;0.0
5;2025-11-19;9;0.0
5;2025-11-19;10;0.0
5;2025-11-19;11;0.0
5;2025-11-19;12;0.0
5;2025-11-19;13;0.0
5;2025-11-19;14;0.0
5;2025-11-19;15;0.0
5;2025-11-19;16;0.0
5;2025-11-19;17;0.0
5;2025-11-19;18;0.0
5;2025-11-19;19;0.0
5;2025-11-19;20;0.0
5;2025-11-19;21;0.0
5;2025-11-19;22;0.0
5;2025-11-19;23;0.0
5;2025-11-20;0;0.0
5;2025-11-20;1;0.0
5;2025-11-20;2;0.0
5;2025-11-20;3;0.0
5;2025-11-20;4;0.0
5;2025-11-20;5;0.0
5;2025-11-20;6;0.0
5;2025-11-20;7;0.0
5;2025-11-20;8;0.0
5;2025-11-20;9;0.0
5;2025-11-20;10;0.0
5;2025-11-20;11;0.0
5;2025-11-20;12;0.0
5;2025-11-20;13;0.0
5;2025-11-20;14;0.0
5;2025-11-20;15;0.0
5;2025-11-20;16;0.0
5;2025-11-20;17;0.0
5;2025-11-20;18;0.0
5;2025-11-20;19;0.0
5;2025-11-20;20;0.0
5;2025-11-20;21;0.0
5;2025-11-20;22;0.0
5;2025-11-20;23;0.0
5;2025-11-21;0;0.0
5;2025-11-21;1;0.0
5;2025-11-21;2;0.0
5;2025-11-21;3;0.0
5;2025-11-21;4;0.0
5;2025-11-21;5;0.0
5;2025-11-21;6;0.0
5;2025-11-21;7;0.0
5;2025-11-21;8;0.0
5;2025-11-21;9;0.0
5;2025-11-21;10;0.0
5;2025-11-21;11;0.0
5;2025-11-21;12;0.0
5;2025-11-21;13;0.0
5;2025-11-21;14;0.0
5;2025-11-21;15;0.0
5;2025-11-21;16;0.0
5;2025-11-21;17;0.0
5;2025-11-21;18;0.0
5;2025-11-21;19;0.0
5;2025-11-21;20;0.0
5;2025-11-21;21;0.0
5;2025-11-21;22;0.0
5;2025-11-21;23;0.0
5;2025-11-22;0;0.0
5;2025-11-22;1;0.0
5;2025-11-22;2;0.0
5;2025-11-22;3;0.0
5;2025-11-22;4;0.0
5;2025-11-22;5;0.0
5;2025-11-22;6;0.0
5;2025-11-22;7;0.0
5;2025-11-22;8;0.0
5;2025-11-22;9;0.0
5;2025-11-22;10;0.0
5;2025-11-22;11;0.0
5;2025-11-22;12;0.0
5;2025-11-22;13;0.0
5;2025-11-22;14;0.0
5;2025-11-22;15;0.0
5;2025-11-22;16;0.0
5;2025-11-22;17;0.0
5;2025-11-22;18;0.0
5;2025-11-22;19;0.0
5;2025-11-22;20;0.0
5;2025-11-22;21;0.0
5;2025-11-22;22;0.0
5;2025-11-22;23;0.0
5;2025-11-23;0;0.0
5;2025-11-23;1;0.0
5;2025-11-23;2;0.0
5;2025-11-23;3;0.0
5;2025-11-23;4;0.0
5;2025-11-23;5;0.0
5;2025-11-23;6;0.0
5;2025-11-23;7;0.0
5;2025-11-23;8;0.0
5;2025-11-23;9;0.0
5;2025-11-23;10;0.0
5;2025-11-23;11;0.0
5;2025-11-23;12;0.0
5;2025-11-23;13;0.0
5;2025-11-23;14;0.0
5;2025-11-23;15;0.0
5;2025-11-23;16;0.0
5;2025-11-23;17;0.0
5;2025-11-23;18;0.0
5;2025-11-23;19;0.0
5;2025-11-23;20;0.0
5;2025-11-23;21;0.0
5;2025-11-23;22;0.0
5;2025-11-23;23;0.0
5;2025-11-24;0;0.0
5;2025-11-24;1;0.0
5;2025-11-24;2;0.0
5;2025-11-24;3;0.0
5;2025-11-24;4;0.0
5;2025-11-24;5;0.0
5;2025-11-24;6;0.0
5;2025-11-24;7;0.0
5;2025-11-24;8;0.0
5;2025-11-24;9;0.0
5;2025-11-24;10;0.0
5;2025-11-24;11;0.0
5;2025-11-24;12;0.0
5;2025-11-24;13;0.0
5;2025-11-24;14;0.0
5;2025-11-24;15;0.0
5;2025-11-24;16;0.0
5;2025-11-24;17;0.0
5;2025-11-24;18;0.0
5;2025-11-24;19;0.0
5;2025-11-24;20;0.0
5;2025-11-24;21;0.0
5;2025-11-24;22;0.0
5;2025-11-24;23;0.0
5;2025-11-25;0;0.0
5;2025-11-25;1;0.0
5;2025-11-25;2;0.0
5;2025-11-25;3;0.0
5;2025-11-25;4;0.0
5;2025-11-25;5;0.0
5;2025-11-25;6;0.0
5;2025-11-25;7;0.0
5;2025-11-25;8;0.0
5;2025-11-25;9;0.0
5;2025-11-25;10;0.0
5;2025-11-25;11;0.0
5;2025-11-25;12;0.0
5;2025-11-25;13;0.0
5;2025-11-25;14;0.0
5;2025-11-25;15;0.0
5;2025-11-25;16;0.0
5;2025-11-25;17;0.0
5;2025-11-25;18;0.0
5;2025-11-25;19;0.0
5;2025-11-25;20;0.0
5;2025-11-25;21;0.0
5;2025-11-25;22;0.0
5;2025-11-25;23;0.0
5;2025-11-26;0;0.0
5;2025-11-26;1;0.0
5;2025-11-26;2;0.0
5;2025-11-26;3;0.0
5;2025-11-26;4;0.0
5;2025-11-26;5;0.0
5;2025-11-26;6;0.0
5;2025-11-26;7;0.0
5;2025-11-26;8;0.0
5;2025-11-26;9;0.0
5;2025-11-26;10;0.0
5;2025-11-26;11;0.0
5;2025-11-26;12;0.0
5;2025-11-26;13;0.0
5;2025-11-26;14;0.0
5;2025-11-26;15;0.0
5;2025-11-26;16;0.0
5;2025-11-26;17;0.0
5;2025-11-26;18;0.0
5;2025-11-26;19;0.0
5;2025-11-26;20;0.0
5;2025-11-26;21;0.0
5;2025-11-26;22;0.0
5;2025-11-26;23;0.0
5;2025-11-27;0;0.0
5;2025-11-27;1;0.0
5;2025-11-27;2;0.0
5;2025-11-27;3;0.0
5;2025-11-27;4;0.0
5;2025-11-27;5;0.0
5;2025-11-27;6;0.0
5;2025-11-27;7;0.0
5;2025-11-27;8;0.0
5;2025-11-27;9;0.0
5;2025-11-27;10;0.0
5;2025-11-27;11;0.0
5;2025-11-27;12;0.0
5;2025-11-27;13;0.0
5;2025-11-27;14;0.0
5;2025-11-27;15;0.0
5;2025-11-27;16;0.0
5;2025-11-27;17;0.0
5;2025-11-27;18;0.0
5;2025-11-27;19;0.0
5;2025-11-27;20;0.0
5;2025-11-27;21;0.0
5;2025-11-27;22;0.0
5;2025-11-27;23;0.0
5;2025-11-28;0;0.0
5;2025-11-28;1;0.0
5;2025-11-28;2;0.0
5;2025-11-28;3;0.0
5;2025-11-28;4;0.0
5;2025-11-28;5;0.0
5;2025-11-28;6;0.0
5;2025-11-28;7;0.0
5;2025-11-28;8;0.0
5;2025-11-28;9;0.0
5;2025-11-28;10;0.0
5;2025-11-28;11;0.0
5;2025-11-28;12;0.0
5;2025-11-28;13;0.0
5;2025-11-28;14;0.0
5;2025-11-28;15;0.0
5;2025-11-28;16;0.0
5;2025-11-28;17;0.0
5;2025-11-28;18;0.0
5;2025-11-28;19;0.0
5;2025-11-28;20;0.0
5;2025-11-28;21;0.0
5;2025-11-28;22;0.0
5;2025-11-28;23;0.0
5;2025-11-29;0;0.0
5;2025-11-29;1;0.0
5;2025-11-29;2;0.0
5;2025-11-29;3;0.0
5;2025-11-29;4;0.0
5;2025-11-29;5;0.0
5;2025-11-29;6;0.0
5;2025-11-29;7;0.0
5;2025-11-29;8;0.0
5;2025-11-29;9;0.0
5;2025-11-29;10;0.0
5;2025-11-29;11;0.0
5;2025-11-29;12;0.0
5;2025-11-29;13;0.0
5;2025-11-29;14;0.0
5;2025-11-29;15;0.0
5;2025-11-29;16;0.0
5;2025-11-29;17;0.0
5;2025-11-29;18;0.0
5;2025-11-29;19;0.0
5;2025-11-29;20;0.0
5;2025-11-29;21;0.0
5;2025-11-29;22;0.0
5;2025-11-29;23;0.0
5;2025-11-30;0;0.0
5;2025-11-30;1;0.0
5;2025-11-30;2;0.0
5;2025-11-30;3;0.0
5;2025-11-30;4;0.0
5;2025-11-30;5;0.0
5;2025-11-30;6;0.0
5;2025-11-30;7;0.0
5;2025-11-30;8;0.0
5;2025-11-30;9;0.0
5;2025-11-30;10;0.0
5;2025-11-30;11;0.0
5;2025-11-30;12;0.0
5;2025-11-30;13;0.0
5;2025-11-30;14;0.0
5;2025-11-30;15;0.0
5;2025-11-30;16;0.0
5;2025-11-30;17;0.0
5;2025-11-30;18;0.0
5;2025-11-30;19;0.0
5;2025-11-30;20;0.0
5;2025-11-30;21;0.0
5;2025-11-30;22;0.0
5;2025-11-30;23;0.0
5;2025-12-01;0;0.0
5;2025-12-01;1;0.0
5;2025-12-01;2;0.0
5;2025-12-01;3;0.0
5;2025-12-01;4;0.0
5;2025-12-01;5;0.0
5;2025-12-01;6;0.0
5;2025-12-01;7;0.0
5;2025-12-01;8;0.0
5;2025-12-01;9;0.0
5;2025-12-01;10;0.0
5;2025-12-01;11;0.0
5;2025-12-01;12;0.0
5;2025-12-01;13;0.0
5;2025-12-01;14;0.0
5;2025-12-01;15;0.0
5;2025-12-01;16;0.0
5;2025-12-01;17;0.0
5;2025-12-01;18;0.0
5;2025-12-01;19;0.0
5;2025-12-01;20;0.0
5;2025-12-01;21;0.0
5;2025-12-01;22;0.0
5;2025-12-01;23;0.0
5;2025-12-02;0;0.0
5;2025-12-02;1;0.0
5;2025-12-02;2;0.0
5;2025-12-02;3;0.0
5;2025-12-02;4;0.0
5;2025-12-02;5;0.0
5;2025-12-02;6;0.0
5;2025-12-02;7;0.0
5;2025-12-02;8;0.0
5;2025-12-02;9;0.0
5;2025-12-02;10;0.0
5;2025-12-02;11;0.0
5;2025-12-02;12;0.0
5;2025-12-02;13;0.0
5;2025-12-02;14;0.0
5;2025-12-02;15;0.0
5;2025-12-02;16;0.0
5;2025-12-02;17;0.0
5;2025-12-02;18;0.0
5;2025-12-02;19;0.0
5;2025-12-02;20;0.0
5;2025-12-02;21;0.0
5;2025-12-02;22;0.0
5;2025-12-02;23;0.0
5;2025-12-03;0;0.0
5;2025-12-03;1;0.0
5;2025-12-03;2;0.0
5;2025-12-03;3;0.0
5;2025-12-03;4;0.0
5;2025-12-03;5;0.0
5;2025-12-03;6;0.0
5;2025-12-03;7;0.0
5;2025-12-03;8;0.0
5;2025-12-03;9;0.0
5;2025-12-03;10;0.0
5;2025-12-03;11;0.0
5;2025-12-03;12;0.0
5;2025-12-03;13;0.0
5;2025-12-03;14;0.0
5;2025-12-03;15;0.0
5;2025-12-03;16;0.0
5;2025-12-03;17;0.0
5;2025-12-03;18;0.0
5;2025-12-03;19;0.0
5;2025-12-03;20;0.0
5;2025-12-03;21;0.0
5;2025-12-03;22;0.0
5;2025-12-03;23;0.0
5;2025-12-04;0;0.0
5;2025-12-04;1;0.0
5;2025-12-04;2;0.0
5;2025-12-04;3;0.0
5;2025-12-04;4;0.0
5;2025-12-04;5;0.0
5;2025-12-04;6;0.0
5;2025-12-04;7;0.0
5;2025-12-04;8;0.0
5;2025-12-04;9;0.0
5;2025-12-04;10;0.0
5;2025-12-04;11;0.0
5;2025-12-04;12;0.0
5;2025-12-04;13;0.0
5;2025-12-04;14;0.0
5;2025-12-04;15;0.0
5;2025-12-04;16;0.0
5;2025-12-04;17;0.0
5;2025-12-04;18;0.0
5;2025-12-04;19;0.0
5;2025-12-04;20;0.0
5;2025-12-04;21;0.0
5;2025-12-04;22;0.0
5;2025-12-04;23;0.0
5;2025-12-05;0;0.0
5;2025-12-05;1;0.0
5;2025-12-05;2;0.0
5;2025-12-05;3;0.0
5;2025-12-05;4;0.0
5;2025-12-05;5;0.0
5;2025-12-05;6;0.0
5;2025-12-05;7;0.0
5;2025-12-05;8;0.0
5;2025-12-05;9;0.0
5;2025-12-05;10;0.0
5;2025-12-05;11;0.0
5;2025-12-05;12;0.0
5;2025-12-05;13;0.0
5;2025-12-05;14;0.0
5;2025-12-05;15;0.0
5;2025-12-05;16;0.0
5;2025-12-05;17;0.0
5;2025-12-05;18;0.0
5;2025-12-05;19;0.0
5;2025-12-05;20;0.0
5;2025-12-05;21;0.0
5;2025-12-05;22;0.0
5;2025-12-05;23;0.0
5;2025-12-06;0;0.0
5;2025-12-06;1;0.0
5;2025-12-06;2;0.0
5;2025-12-06;3;0.0
5;2025-12-06;4;0.0
5;2025-12-06;5;0.0
5;2025-12-06;6;0.0
5;2025-12-06;7;0.0
5;2025-12-06;8;0.0
5;2025-12-06;9;0.0
5;2025-12-06;10;0.0
5;2025-12-06;11;0.0
5;2025-12-06;12;0.0
5;2025-12-06;13;0.0
5;2025-12-06;14;0.0
5;2025-12-06;15;0.0
5;2025-12-06;16;0.0
5;2025-12-06;17;0.0
5;2025-12-06;18;0.0
5;2025-12-06;19;0.0
5;2025-12-06;20;0.0
5;2025-12-06;21;0.0
5;2025-12-06;22;0.0
5;2025-12-06;23;0.0
5;2025-12-07;0;0.0
5;2025-12-07;1;0.0
5;2025-12-07;2;0.0
5;2025-12-07;3;0.0
5;2025-12-07;4;0.0
5;2025-12-07;5;0.0
5;2025-12-07;6;0.0
5;2025-12-07;7;0.0
5;2025-12-07;8;0.0
5;2025-12-07;9;0.0
5;2025-12-07;10;0.0
5;2025-12-07;11;0.0
5;2025-12-07;12;0.0
5;2025-12-07;13;0.0
5;2025-12-07;14;0.0
5;2025-12-07;15;0.0
5;2025-12-07;16;0.0
5;2025-12-07;17;0.0
5;2025-12-07;18;0.0
5;2025-12-07;19;0.0
5;2025-12-07;20;0.0
5;2025-12-07;21;0.0
5;2025-12-07;22;0.0
5;2025-12-07;23;0.0
5;2025-12-08;0;0.0
5;2025-12-08;1;0.0
5;2025-12-08;2;0.0
5;2025-12-08;3;0.0
5;2025-12-08;4;0.0
5;2025-12-08;5;0.0
5;2025-12-08;6;0.0
5;2025-12-08;7;0.0
5;2025-12-08;8;0.0
5;2025-12-08;9;0.0
5;2025-12-08;10;0.0
5;2025-12-08;11;0.0
5;2025-12-08;12;0.0
5;2025-12-08;13;0.0
5;2025-12-08;14;0.0
5;2025-12-08;15;0.0
5;2025-12-08;16;0.0
5;2025-12-08;17;0.0
5;2025-12-08;18;0.0
5;2025-12-08;19;0.0
5;2025-12-08;20;0.0
5;2025-12-08;21;0.0
5;2025-12-08;22;0.0
5;2025-12-08;23;0.0
5;2025-12-09;0;0.0
5;2025-12-09;1;0.0
5;2025-12-09;2;0.0
5;2025-12-09;3;0.0
5;2025-12-09;4;0.0
5;2025-12-09;5;0.0
5;2025-12-09;6;0.0
5;2025-12-09;7;0.0
5;2025-12-09;8;0.0
5;2025-12-09;9;0.0
5;2025-12-09;10;0.0
5;2025-12-09;11;0.0
5;2025-12-09;12;0.0
5;2025-12-09;13;0.0
5;2025-12-09;14;0.0
5;2025-12-09;15;0.0
5;2025-12-09;16;0.0
5;2025-12-09;17;0.0
5;2025-12-09;18;0.0
5;2025-12-09;19;0.0
5;2025-12-09;20;0.0
5;2025-12-09;21;0.0
5;2025-12-09;22;0.0
5;2025-12-09;23;0.0
5;2025-12-10;0;0.0
5;2025-12-10;1;0.0
5;2025-12-10;2;0.0
5;2025-12-10;3;0.0
5;2025-12-10;4;0.0
5;2025-12-10;5;0.0
5;2025-12-10;6;0.0
5;2025-12-10;7;0.0
5;2025-12-10;8;0.0
5;2025-12-10;9;0.0
5;2025-12-10;10;0.0
5;2025-12-10;11;0.0
5;2025-12-10;12;0.0
5;2025-12-10;13;0.0
5;2025-12-10;14;0.0
5;2025-12-10;15;0.0
5;2025-12-10;16;0.0
5;2025-12-10;17;0.0
5;2025-12-10;18;0.0
5;2025-12-10;19;0.0
5;2025-12-10;20;0.0
5;2025-12-10;21;0.0
5;2025-12-10;22;0.0
5;2025-12-10;23;0.0
5;2025-12-11;0;0.0
5;2025-12-11;1;0.0
5;2025-12-11;2;0.0
5;2025-12-11;3;0.0
5;2025-12-11;4;0.0
5;2025-12-11;5;0.0
5;2025-12-11;6;0.0
5;2025-12-11;7;0.0
5;2025-12-11;8;0.0
5;2025-12-11;9;0.0
5;2025-12-11;10;0.0
5;2025-12-11;11;0.0
5;2025-12-11;12;0.0
5;2025-12-11;13;0.0
5;2025-12-11;14;0.0
5;2025-12-11;15;0.0
5;2025-12-11;16;0.0
5;2025-12-11;17;0.0
5;2025-12-11;18;0.0
5;2025-12-11;19;0.0
5;2025-12-11;20;0.0
5;2025-12-11;21;0.0
5;2025-12-11;22;0.0
5;2025-12-11;23;0.0
5;2025-12-12;0;0.0
5;2025-12-12;1;0.0
5;2025-12-12;2;0.0
5;2025-12-12;3;0.0
5;2025-12-12;4;0.0
5;2025-12-12;5;0.0
5;2025-12-12;6;0.0
5;2025-12-12;7;0.0
5;2025-12-12;8;0.0
5;2025-12-12;9;0.0
5;2025-12-12;10;0.0
5;2025-12-12;11;0.0
5;2025-12-12;12;0.0
5;2025-12-12;13;0.0
5;2025-12-12;14;0.0
5;2025-12-12;15;0.0
5;2025-12-12;16;0.0
5;2025-12-12;17;0.0
5;2025-12-12;18;0.0
5;2025-12-12;19;0.0
5;2025-12-12;20;0.0
5;2025-12-12;21;0.0
5;2025-12-12;22;0.0
5;2025-12-12;23;0.0
5;2025-12-13;0;0.0
5;2025-12-13;1;0.0
5;2025-12-13;2;0.0
5;2025-12-13;3;0.0
5;2025-12-13;4;0.0
5;2025-12-13;5;0.0
5;2025-12-13;6;0.0
5;2025-12-13;7;0.0
5;2025-12-13;8;0.0
5;2025-12-13;9;0.0
5;2025-12-13;10;0.0
5;2025-12-13;11;0.0
5;2025-12-13;12;0.0
5;2025-12-13;13;0.0
5;2025-12-13;14;0.0
5;2025-12-13;15;0.0
5;2025-12-13;16;0.0
5;2025-12-13;17;0.0
5;2025-12-13;18;0.0
5;2025-12-13;19;0.0
5;2025-12-13;20;0.0
5;2025-12-13;21;0.0
5;2025-12-13;22;0.0
5;2025-12-13;23;0.0
5;2025-12-14;0;0.0
5;2025-12-14;1;0.0
5;2025-12-14;2;0.0
5;2025-12-14;3;0.0
5;2025-12-14;4;0.0
5;2025-12-14;5;0.0
5;2025-12-14;6;0.0
5;2025-12-14;7;0.0
5;2025-12-14;8;0.0
5;2025-12-14;9;0.0
5;2025-12-14;10;0.0
5;2025-12-14;11;0.0
5;2025-12-14;12;0.0
5;2025-12-14;13;0.0
5;2025-12-14;14;0.0
5;2025-12-14;15;0.0
5;2025-12-14;16;0.0
5;2025-12-14;17;0.0
5;2025-12-14;18;0.0
5;2025-12-14;19;0.0
5;2025-12-14;20;0.0
5;2025-12-14;21;0.0
5;2025-12-14;22;0.0
5;2025-12-14;23;0.0
5;2025-12-15;0;0.0
5;2025-12-15;1;0.0
5;2025-12-15;2;0.0
5;2025-12-15;3;0.0
5;2025-12-15;4;0.0
5;2025-12-15;5;0.0
5;2025-12-15;6;0.0
5;2025-12-15;7;0.0
5;2025-12-15;8;0.0
5;2025-12-15;9;0.0
5;2025-12-15;10;0.0
5;2025-12-15;11;0.0
5;2025-12-15;12;0.0
5;2025-12-15;13;0.0
5;2025-12-15;14;0.0
5;2025-12-15;15;0.0
5;2025-12-15;16;0.0
5;2025-12-15;17;0.0
5;2025-12-15;18;0.0
5;2025-12-15;19;0.0
5;2025-12-15;20;0.0
5;2025-12-15;21;0.0
5;2025-12-15;22;0.0
5;2025-12-15;23;0.0
5;2025-12-16;0;0.0
5;2025-12-16;1;0.0
5;2025-12-16;2;0.0
5;2025-12-16;3;0.0
5;2025-12-16;4;0.0
5;2025-12-16;5;0.0
5;2025-12-16;6;0.0
5;2025-12-16;7;0.0
5;2025-12-16;8;0.0
5;2025-12-16;9;0.0
5;2025-12-16;10;0.0
5;2025-12-16;11;0.0
5;2025-12-16;12;0.0
5;2025-12-16;13;0.0
5;2025-12-16;14;0.0
5;2025-12-16;15;0.0
5;2025-12-16;16;0.0
5;2025-12-16;17;0.0
5;2025-12-16;18;0.0
5;2025-12-16;19;0.0
5;2025-12-16;20;0.0
5;2025-12-16;21;0.0
5;2025-12-16;22;0.0
5;2025-12-16;23;0.0
5;2025-12-17;0;0.0
5;2025-12-17;1;0.0
5;2025-12-17;2;0.0
5;2025-12-17;3;0.0
5;2025-12-17;4;0.0
5;2025-12-17;5;0.0
5;2025-12-17;6;0.0
5;2025-12-17;7;0.0
5;2025-12-17;8;0.0
5;2025-12-17;9;0.0
5;2025-12-17;10;0.0
5;2025-12-17;11;0.0
5;2025-12-17;12;0.0
5;2025-12-17;13;0.0
5;2025-12-17;14;0.0
5;2025-12-17;15;0.0
5;2025-12-17;16;0.0
5;2025-12-17;17;0.0
5;2025-12-17;18;0.0
5;2025-12-17;19;0.0
5;2025-12-17;20;0.0
5;2025-12-17;21;0.0
5;2025-12-17;22;0.0
5;2025-12-17;23;0.0
5;2025-12-18;0;0.0
5;2025-12-18;1;0.0
5;2025-12-18;2;0.0
5;2025-12-18;3;0.0
5;2025-12-18;4;0.0
5;2025-12-18;5;0.0
5;2025-12-18;6;0.0
5;2025-12-18;7;0.0
5;2025-12-18;8;0.0
5;2025-12-18;9;0.0
5;2025-12-18;10;0.0
5;2025-12-18;11;0.0
5;2025-12-18;12;0.0
5;2025-12-18;13;0.0
5;2025-12-18;14;0.0
5;2025-12-18;15;0.0
5;2025-12-18;16;0.0
5;2025-12-18;17;0.0
5;2025-12-18;18;0.0
5;2025-12-18;19;0.0
5;2025-12-18;20;0.0
5;2025-12-18;21;0.0
5;2025-12-18;22;0.0
5;2025-12-18;23;0.0
5;2025-12-19;0;0.0
5;2025-12-19;1;0.0
5;2025-12-19;2;0.0
5;2025-12-19;3;0.0
5;2025-12-19;4;0.0
5;2025-12-19;5;0.0
5;2025-12-19;6;0.0
5;2025-12-19;7;0.0
5;2025-12-19;8;0.0
5;2025-12-19;9;0.0
5;2025-12-19;10;0.0
5;2025-12-19;11;0.0
5;2025-12-19;12;0.0
5;2025-12-19;13;0.0
5;2025-12-19;14;0.0
5;2025-12-19;15;0.0
5;2025-12-19;16;0.0
5;2025-12-19;17;0.0
5;2025-12-19;18;0.0
5;2025-12-19;19;0.0
5;2025-12-19;20;0.0
5;2025-12-19;21;0.0
5;2025-12-19;22;0.0
5;2025-12-19;23;0.0
5;2025-12-20;0;0.0
5;2025-12-20;1;0.0
5;2025-12-20;2;0.0
5;2025-12-20;3;0.0
5;2025-12-20;4;0.0
5;2025-12-20;5;0.0
5;2025-12-20;6;0.0
5;2025-12-20;7;0.0
5;2025-12-20;8;0.0
5;2025-12-20;9;0.0
5;2025-12-20;10;0.0
5;2025-12-20;11;0.0
5;2025-12-20;12;0.0
5;2025-12-20;13;0.0
5;2025-12-20;14;0.0
5;2025-12-20;15;0.0
5;2025-12-20;16;0.0
5;2025-12-20;17;0.0
5;2025-12-20;18;0.0
5;2025-12-20;19;0.0
5;2025-12-20;20;0.0
5;2025-12-20;21;0.0
5;2025-12-20;22;0.0
5;2025-12-20;23;0.0
5;2025-12-21;0;0.0
5;2025-12-21;1;0.0
5;2025-12-21;2;0.0
5;2025-12-21;3;0.0
5;2025-12-21;4;0.0
5;2025-12-21;5;0.0
5;2025-12-21;6;0.0
5;2025-12-21;7;0.0
5;2025-12-21;8;0.0
5;2025-12-21;9;0.0
5;2025-12-21;10;0.0
5;2025-12-21;11;0.0
5;2025-12-21;12;0.0
5;2025-12-21;13;0.0
5;2025-12-21;14;0.0
5;2025-12-21;15;0.0
5;2025-12-21;16;0.0
5;2025-12-21;17;0.0
5;2025-12-21;18;0.0
5;2025-12-21;19;0.0
5;2025-12-21;20;0.0
5;2025-12-21;21;0.0
5;2025-12-21;22;0.0
5;2025-12-21;23;0.0
5;2025-12-22;0;0.0
5;2025-12-22;1;0.0
5;2025-12-22;2;0.0
5;2025-12-22;3;0.0
5;2025-12-22;4;0.0
5;2025-12-22;5;0.0
5;2025-12-22;6;0.0
5;2025-12-22;7;0.0
5;2025-12-22;8;0.0
5;2025-12-22;9;0.0
5;2025-12-22;10;0.0
5;2025-12-22;11;0.0
5;2025-12-22;12;0.0
5;2025-12-22;13;0.0
5;2025-12-22;14;0.0
5;2025-12-22;15;0.0
5;2025-12-22;16;0.0
5;2025-12-22;17;0.0
5;2025-12-22;18;0.0
5;2025-12-22;19;0.0
5;2025-12-22;20;0.0
5;2025-12-22;21;0.0
5;2025-12-22;22;0.0
5;2025-12-22;23;0.0
5;2025-12-23;0;0.0
5;2025-12-23;1;0.0
5;2025-12-23;2;0.0
5;2025-12-23;3;0.0
5;2025-12-23;4;0.0
5;2025-12-23;5;0.0
5;2025-12-23;6;0.0
5;2025-12-23;7;0.0
5;2025-12-23;8;0.0
5;2025-12-23;9;0.0
5;2025-12-23;10;0.0
5;2025-12-23;11;0.0
5;2025-12-23;12;0.0
5;2025-12-23;13;0.0
5;2025-12-23;14;0.0
5;2025-12-23;15;0.0
5;2025-12-23;16;0.0
5;2025-12-23;17;0.0
5;2025-12-23;18;0.0
5;2025-12-23;19;0.0
5;2025-12-23;20;0.0
5;2025-12-23;21;0.0
5;2025-12-23;22;0.0
5;2025-12-23;23;0.0
5;2025-12-24;0;0.0
5;2025-12-24;1;0.0
5;2025-12-24;2;0.0
5;2025-12-24;3;0.0
5;2025-12-24;4;0.0
5;2025-12-24;5;0.0
5;2025-12-24;6;0.0
5;2025-12-24;7;0.0
5;2025-12-24;8;0.0
5;2025-12-24;9;0.0
5;2025-12-24;10;0.0
5;2025-12-24;11;0.0
5;2025-12-24;12;0.0
5;2025-12-24;13;0.0
5;2025-12-24;14;0.0
5;2025-12-24;15;0.0
5;2025-12-24;16;0.0
5;2025-12-24;17;0.0
5;2025-12-24;18;0.0
5;2025-12-24;19;0.0
5;2025-12-24;20;0.0
5;2025-12-24;21;0.0
5;2025-12-24;22;0.0
5;2025-12-24;23;0.0
5;2025-12-25;0;0.0
5;2025-12-25;1;0.0
5;2025-12-25;2;0.0
5;2025-12-25;3;0.0
5;2025-12-25;4;0.0
5;2025-12-25;5;0.0
5;2025-12-25;6;0.0
5;2025-12-25;7;0.0
5;2025-12-25;8;0.0
5;2025-12-25;9;0.0
5;2025-12-25;10;0.0
5;2025-12-25;11;0.0
5;2025-12-25;12;0.0
5;2025-12-25;13;0.0
5;2025-12-25;14;0.0
5;2025-12-25;15;0.0
5;2025-12-25;16;0.0
5;2025-12-25;17;0.0
5;2025-12-25;18;0.0
5;2025-12-25;19;0.0
5;2025-12-25;20;0.0
5;2025-12-25;21;0.0
5;2025-12-25;22;0.0
5;2025-12-25;23;0.0
5;2025-12-26;0;0.0
5;2025-12-26;1;0.0
5;2025-12-26;2;0.0
5;2025-12-26;3;0.0
5;2025-12-26;4;0.0
5;2025-12-26;5;0.0
5;2025-12-26;6;0.0
5;2025-12-26;7;0.0
5;2025-12-26;8;0.0
5;2025-12-26;9;0.0
5;2025-12-26;10;0.0
5;2025-12-26;11;0.0
5;2025-12-26;12;0.0
5;2025-12-26;13;0.0
5;2025-12-26;14;0.0
5;2025-12-26;15;0.0
5;2025-12-26;16;0.0
5;2025-12-26;17;0.0
5;2025-12-26;18;0.0
5;2025-12-26;19;0.0
5;2025-12-26;20;0.0
5;2025-12-26;21;0.0
5;2025-12-26;22;0.0
5;2025-12-26;23;0.0
5;2025-12-27;0;0.0
5;2025-12-27;1;0.0
5;2025-12-27;2;0.0
5;2025-12-27;3;0.0
5;2025-12-27;4;0.0
5;2025-12-27;5;0.0
5;2025-12-27;6;0.0
5;2025-12-27;7;0.0
5;2025-12-27;8;0.0
5;2025-12-27;9;0.0
5;2025-12-27;10;0.0
5;2025-12-27;11;0.0
5;2025-12-27;12;0.0
5;2025-12-27;13;0.0
5;2025-12-27;14;0.0
5;2025-12-27;15;0.0
5;2025-12-27;16;0.0
5;2025-12-27;17;0.0
5;2025-12-27;18;0.0
5;2025-12-27;19;0.0
5;2025-12-27;20;0.0
5;2025-12-27;21;0.0
5;2025-12-27;22;0.0
5;2025-12-27;23;0.0
5;2025-12-28;0;0.0
5;2025-12-28;1;0.0
5;2025-12-28;2;0.0
5;2025-12-28;3;0.0
5;2025-12-28;4;0.0
5;2025-12-28;5;0.0
5;2025-12-28;6;0.0
5;2025-12-28;7;0.0
5;2025-12-28;8;0.0
5;2025-12-28;9;0.0
5;2025-12-28;10;0.0
5;2025-12-28;11;0.0
5;2025-12-28;12;0.0
5;2025-12-28;13;0.0
5;2025-12-28;14;0.0
5;2025-12-28;15;0.0
5;2025-12-28;16;0.0
5;2025-12-28;17;0.0
5;2025-12-28;18;0.0
5;2025-12-28;19;0.0
5;2025-12-28;20;0.0
5;2025-12-28;21;0.0
5;2025-12-28;22;0.0
5;2025-12-28;23;0.0
5;2025-12-29;0;0.0
5;2025-12-29;1;0.0
5;2025-12-29;2;0.0
5;2025-12-29;3;0.0
5;2025-12-29;4;0.0
5;2025-12-29;5;0.0
5;2025-12-29;6;0.0
5;2025-12-29;7;0.0
5;2025-12-29;8;0.0
5;2025-12-29;9;0.0
5;2025-12-29;10;0.0
5;2025-12-29;11;0.0
5;2025-12-29;12;0.0
5;2025-12-29;13;0.0
5;2025-12-29;14;0.0
5;2025-12-29;15;0.0
5;2025-12-29;16;0.0
5;2025-12-29;17;0.0
5;2025-12-29;18;0.0
5;2025-12-29;19;0.0
5;2025-12-29;20;0.0
5;2025-12-29;21;0.0
5;2025-12-29;22;0.0
5;2025-12-29;23;0.0
5;2025-12-30;0;0.0
5;2025-12-30;1;0.0
5;2025-12-30;2;0.0
5;2025-12-30;3;0.0
5;2025-12-30;4;0.0
5;2025-12-30;5;0.0
5;2025-12-30;6;0.0
5;2025-12-30;7;0.0
5;2025-12-30;8;0.0
5;2025-12-30;9;0.0
5;2025-12-30;10;0.0
5;2025-12-30;11;0.0
5;2025-12-30;12;0.0
5;2025-12-30;13;0.0
5;2025-12-30;14;0.0
5;2025-12-30;15;0.0
5;2025-12-30;16;0.0
5;2025-12-30;17;0.0
5;2025-12-30;18;0.0
5;2025-12-30;19;0.0
5;2025-12-30;20;0.0
5;2025-12-30;21;0.0
5;2025-12-30;22;0.0
5;2025-12-30;23;0.0
5;2025-12-31;0;0.0
5;2025-12-31;1;0.0
5;2025-12-31;2;0.0
5;2025-12-31;3;0.0
5;2025-12-31;4;0.0
5;2025-12-31;5;0.0
5;2025-12-31;6;0.0
5;2025-12-31;7;0.0
5;2025-12-31;8;0.0
5;2025-12-31;9;0.0
5;2025-12-31;10;0.0
5;2025-12-31;11;0.0
5;2025-12-31;12;0.0
5;2025-12-31;13;0.0
5;2025-12-31;14;0.0
5;2025-12-31;15;0.0
5;2025-12-31;16;0.0
5;2025-12-31;17;0.0
5;2025-12-31;18;0.0
5;2025-12-31;19;0.0
5;2025-12-31;20;0.0
5;2025-12-31;21;0.0
5;2025-12-31;22;0.0
5;2025-12-31;23;0.0
7;2025-11-01;0;86.6
7;2025-11-01;1;34.6
7;2025-11-01;2;27.9
7;2025-11-01;3;24.6
7;2025-11-01;4;31.4
7;2025-11-01;5;147.2
7;2025-11-01;6;491.6
7;2025-11-01;7;1013.5
7;2025-11-01;8;1497.7
7;2025-11-01;9;1268.9
7;2025-11-01;10;1235.2
7;2025-11-01;11;1236.5
7;2025-11-01;12;1325.8
7;2025-11-01;13;1366.1
7;2025-11-01;14;1342.6
7;2025-11-01;15;1420.8
7;2025-11-01;16;1537.8
7;2025-11-01;17;1656.6
7;2025-11-01;18;1447.5
7;2025-11-01;19;1145.3
7;2025-11-01;20;847.8
7;2025-11-01;21;578.1
7;2025-11-01;22;328.6
7;2025-11-01;23;209.5
7;2025-11-02;0;69.2
7;2025-11-02;1;16.1
7;2025-11-02;2;2.1
7;2025-11-02;3;0.2
7;2025-11-02;4;0.2
7;2025-11-02;5;38.6
7;2025-11-02;6;177.3
7;2025-11-02;7;288.7
7;2025-11-02;8;460.0
7;2025-11-02;9;592.2
7;2025-11-02;10;655.2
7;2025-11-02;11;763.5
7;2025-11-02;12;855.1
7;2025-11-02;13;917.3
7;2025-11-02;14;923.0
7;2025-11-02;15;892.0
7;2025-11-02;16;826.6
7;2025-11-02;17;828.6
7;2025-11-02;18;777.6
7;2025-11-02;19;665.4
7;2025-11-02;20;526.0
7;2025-11-02;21;395.5
7;2025-11-02;22;222.0
7;2025-11-02;23;122.5
7;2025-11-03;0;61.1
7;2025-11-03;1;17.6
7;2025-11-03;2;14.3
7;2025-11-03;3;13.1
7;2025-11-03;4;7.7
7;2025-11-03;5;69.5
7;2025-11-03;6;249.9
7;2025-11-03;7;404.5
7;2025-11-03;8;562.9
7;2025-11-03;9;656.6
7;2025-11-03;10;791.4
7;2025-11-03;11;937.4
7;2025-11-03;12;1097.6
7;2025-11-03;13;1188.6
7;2025-11-03;14;1198.4
7;2025-11-03;15;1174.8
7;2025-11-03;16;1144.9
7;2025-11-03;17;1100.1
7;2025-11-03;18;1035.8
7;2025-11-03;19;933.1
7;2025-11-03;20;704.9
7;2025-11-03;21;524.1
7;2025-11-03;22;327.3
7;2025-11-03;23;201.9
7;2025-11-04;0;61.3
7;2025-11-04;1;15.5
7;2025-11-04;2;12.5
7;2025-11-04;3;9.6
7;2025-11-04;4;7.6
7;2025-11-04;5;54.2
7;2025-11-04;6;204.9
7;2025-11-04;7;339.8
7;2025-11-04;8;490.3
7;2025-11-04;9;563.9
7;2025-11-04;10;674.9
7;2025-11-04;11;807.7
7;2025-11-04;12;959.6
7;2025-11-04;13;1045.4
7;2025-11-04;14;1055.2
7;2025-11-04;15;1027.1
7;2025-11-04;16;998.5
7;2025-11-04;17;970.8
7;2025-11-04;18;926.1
7;2025-11-04;19;846.6
7;2025-11-04;20;641.0
7;2025-11-04;21;475.9
7;2025-11-04;22;275.3
7;2025-11-04;23;148.1
7;2025-11-05;0;58.1
7;2025-11-05;1;12.0
7;2025-11-05;2;13.1
7;2025-11-05;3;11.3
7;2025-11-05;4;18.3
7;2025-11-05;5;177.3
7;2025-11-05;6;646.5
7;2025-11-05;7;1593.2
7;2025-11-05;8;2329.0
7;2025-11-05;9;1837.0
7;2025-11-05;10;1577.6
7;2025-11-05;11;1488.9
7;2025-11-05;12;1639.1
7;2025-11-05;13;1519.3
7;2025-11-05;14;1538.7
7;2025-11-05;15;1678.6
7;2025-11-05;16;1803.1
7;2025-11-05;17;2258.7
7;2025-11-05;18;2393.4
7;2025-11-05;19;1563.0
7;2025-11-05;20;1013.4
7;2025-11-05;21;619.0
7;2025-11-05;22;290.1
7;2025-11-05;23;144.0
7;2025-11-06;0;52.2
7;2025-11-06;1;9.2
7;2025-11-06;2;4.3
7;2025-11-06;3;3.6
7;2025-11-06;4;9.2
7;2025-11-06;5;163.1
7;2025-11-06;6;634.9
7;2025-11-06;7;1542.9
7;2025-11-06;8;2370.2
7;2025-11-06;9;1770.4
7;2025-11-06;10;1482.4
7;2025-11-06;11;1482.0
7;2025-11-06;12;1561.2
7;2025-11-06;13;1488.3
7;2025-11-06;14;1568.3
7;2025-11-06;15;1664.4
7;2025-11-06;16;1824.8
7;2025-11-06;17;2168.9
7;2025-11-06;18;2425.0
7;2025-11-06;19;1634.2
7;2025-11-06;20;1088.7
7;2025-11-06;21;640.4
7;2025-11-06;22;325.2
7;2025-11-06;23;177.2
7;2025-11-07;0;55.8
7;2025-11-07;1;5.3
7;2025-11-07;2;3.0
7;2025-11-07;3;0.0
7;2025-11-07;4;4.4
7;2025-11-07;5;155.5
7;2025-11-07;6;618.5
7;2025-11-07;7;1484.3
7;2025-11-07;8;2193.6
7;2025-11-07;9;1696.7
7;2025-11-07;10;1564.8
7;2025-11-07;11;1470.4
7;2025-11-07;12;1544.5
7;2025-11-07;13;1587.0
7;2025-11-07;14;1557.8
7;2025-11-07;15;1721.7
7;2025-11-07;16;1948.3
7;2025-11-07;17;2224.5
7;2025-11-07;18;1938.4
7;2025-11-07;19;1398.8
7;2025-11-07;20;969.9
7;2025-11-07;21;620.0
7;2025-11-07;22;319.2
7;2025-11-07;23;193.6
7;2025-11-08;0;74.5
7;2025-11-08;1;18.6
7;2025-11-08;2;6.7
7;2025-11-08;3;4.3
7;2025-11-08;4;3.3
7;2025-11-08;5;62.9
7;2025-11-08;6;271.4
7;2025-11-08;7;424.3
7;2025-11-08;8;673.9
7;2025-11-08;9;738.4
7;2025-11-08;10;818.0
7;2025-11-08;11;926.9
7;2025-11-08;12;1035.6
7;2025-11-08;13;1075.6
7;2025-11-08;14;1052.8
7;2025-11-08;15;1006.8
7;2025-11-08;16;965.3
7;2025-11-08;17;951.5
7;2025-11-08;18;886.7
7;2025-11-08;19;827.4
7;2025-11-08;20;651.2
7;2025-11-08;21;475.1
7;2025-11-08;22;279.0
7;2025-11-08;23;170.2
7;2025-11-09;0;69.2
7;2025-11-09;1;16.1
7;2025-11-09;2;2.1
7;2025-11-09;3;0.2
7;2025-11-09;4;0.2
7;2025-11-09;5;38.6
7;2025-11-09;6;177.3
7;2025-11-09;7;288.7
7;2025-11-09;8;460.0
7;2025-11-09;9;592.2
7;2025-11-09;10;655.2
7;2025-11-09;11;763.5
7;2025-11-09;12;855.1
7;2025-11-09;13;917.3
7;2025-11-09;14;923.0
7;2025-11-09;15;892.0
7;2025-11-09;16;826.6
7;2025-11-09;17;828.6
7;2025-11-09;18;777.6
7;2025-11-09;19;665.4
7;2025-11-09;20;526.0
7;2025-11-09;21;395.5
7;2025-11-09;22;222.0
7;2025-11-09;23;122.5
7;2025-11-10;0;46.5
7;2025-11-10;1;4.7
7;2025-11-10;2;2.4
7;2025-11-10;3;0.8
7;2025-11-10;4;4.3
7;2025-11-10;5;158.3
7;2025-11-10;6;611.6
7;2025-11-10;7;1578.0
7;2025-11-10;8;2335.5
7;2025-11-10;9;1726.3
7;2025-11-10;10;1476.3
7;2025-11-10;11;1411.5
7;2025-11-10;12;1431.4
7;2025-11-10;13;1492.4
7;2025-11-10;14;1492.7
7;2025-11-10;15;1584.7
7;2025-11-10;16;1717.6
7;2025-11-10;17;2149.5
7;2025-11-10;18;2363.9
7;2025-11-10;19;1692.0
7;2025-11-10;20;1029.3
7;2025-11-10;21;616.6
7;2025-11-10;22;295.0
7;2025-11-10;23;122.3
7;2025-11-11;0;47.8
7;2025-11-11;1;6.5
7;2025-11-11;2;4.3
7;2025-11-11;3;1.9
7;2025-11-11;4;7.3
7;2025-11-11;5;166.6
7;2025-11-11;6;631.1
7;2025-11-11;7;1628.7
7;2025-11-11;8;2306.3
7;2025-11-11;9;1806.8
7;2025-11-11;10;1606.7
7;2025-11-11;11;1490.0
7;2025-11-11;12;1550.4
7;2025-11-11;13;1512.1
7;2025-11-11;14;1441.0
7;2025-11-11;15;1622.6
7;2025-11-11;16;1738.1
7;2025-11-11;17;2231.6
7;2025-11-11;18;2394.5
7;2025-11-11;19;1682.4
7;2025-11-11;20;1123.9
7;2025-11-11;21;640.6
7;2025-11-11;22;321.1
7;2025-11-11;23;172.9
7;2025-11-12;0;50.6
7;2025-11-12;1;4.2
7;2025-11-12;2;4.4
7;2025-11-12;3;1.9
7;2025-11-12;4;7.0
7;2025-11-12;5;163.8
7;2025-11-12;6;629.4
7;2025-11-12;7;1572.2
7;2025-11-12;8;2316.5
7;2025-11-12;9;1827.5
7;2025-11-12;10;1572.9
7;2025-11-12;11;1483.2
7;2025-11-12;12;1623.8
7;2025-11-12;13;1498.3
7;2025-11-12;14;1516.8
7;2025-11-12;15;1654.6
7;2025-11-12;16;1775.8
7;2025-11-12;17;2240.4
7;2025-11-12;18;2375.8
7;2025-11-12;19;1569.2
7;2025-11-12;20;1024.5
7;2025-11-12;21;635.7
7;2025-11-12;22;298.2
7;2025-11-12;23;150.7
7;2025-11-13;0;52.2
7;2025-11-13;1;9.2
7;2025-11-13;2;4.3
7;2025-11-13;3;3.6
7;2025-11-13;4;9.2
7;2025-11-13;5;163.1
7;2025-11-13;6;634.9
7;2025-11-13;7;1542.9
7;2025-11-13;8;2370.2
7;2025-11-13;9;1770.4
7;2025-11-13;10;1482.4
7;2025-11-13;11;1482.0
7;2025-11-13;12;1561.2
7;2025-11-13;13;1488.3
7;2025-11-13;14;1568.3
7;2025-11-13;15;1664.4
7;2025-11-13;16;1824.8
7;2025-11-13;17;2168.9
7;2025-11-13;18;2425.0
7;2025-11-13;19;1634.2
7;2025-11-13;20;1088.7
7;2025-11-13;21;640.4
7;2025-11-13;22;325.2
7;2025-11-13;23;177.2
7;2025-11-14;0;55.8
7;2025-11-14;1;5.3
7;2025-11-14;2;3.0
7;2025-11-14;3;0.0
7;2025-11-14;4;4.4
7;2025-11-14;5;155.5
7;2025-11-14;6;618.5
7;2025-11-14;7;1484.3
7;2025-11-14;8;2193.6
7;2025-11-14;9;1696.7
7;2025-11-14;10;1564.8
7;2025-11-14;11;1470.4
7;2025-11-14;12;1544.5
7;2025-11-14;13;1587.0
7;2025-11-14;14;1557.8
7;2025-11-14;15;1721.7
7;2025-11-14;16;1948.3
7;2025-11-14;17;2224.5
7;2025-11-14;18;1938.4
7;2025-11-14;19;1398.8
7;2025-11-14;20;969.9
7;2025-11-14;21;620.0
7;2025-11-14;22;319.2
7;2025-11-14;23;193.6
7;2025-11-15;0;74.5
7;2025-11-15;1;18.6
7;2025-11-15;2;6.7
7;2025-11-15;3;4.3
7;2025-11-15;4;3.3
7;2025-11-15;5;62.9
7;2025-11-15;6;271.4
7;2025-11-15;7;424.3
7;2025-11-15;8;673.9
7;2025-11-15;9;738.4
7;2025-11-15;10;818.0
7;2025-11-15;11;926.9
7;2025-11-15;12;1035.6
7;2025-11-15;13;1075.6
7;2025-11-15;14;1052.8
7;2025-11-15;15;1006.8
7;2025-11-15;16;965.3
7;2025-11-15;17;951.5
7;2025-11-15;18;886.7
7;2025-11-15;19;827.4
7;2025-11-15;20;651.2
7;2025-11-15;21;475.1
7;2025-11-15;22;279.0
7;2025-11-15;23;170.2
7;2025-11-16;0;69.2
7;2025-11-16;1;16.1
7;2025-11-16;2;2.1
7;2025-11-16;3;0.2
7;2025-11-16;4;0.2
7;2025-11-16;5;38.6
7;2025-11-16;6;177.3
7;2025-11-16;7;288.7
7;2025-11-16;8;460.0
7;2025-11-16;9;592.2
7;2025-11-16;10;655.2
7;2025-11-16;11;763.5
7;2025-11-16;12;855.1
7;2025-11-16;13;917.3
7;2025-11-16;14;923.0
7;2025-11-16;15;892.0
7;2025-11-16;16;826.6
7;2025-11-16;17;828.6
7;2025-11-16;18;777.6
7;2025-11-16;19;665.4
7;2025-11-16;20;526.0
7;2025-11-16;21;395.5
7;2025-11-16;22;222.0
7;2025-11-16;23;122.5
7;2025-11-17;0;46.5
7;2025-11-17;1;4.7
7;2025-11-17;2;2.4
7;2025-11-17;3;0.8
7;2025-11-17;4;4.3
7;2025-11-17;5;158.3
7;2025-11-17;6;611.6
7;2025-11-17;7;1578.0
7;2025-11-17;8;2335.5
7;2025-11-17;9;1726.3
7;2025-11-17;10;1476.3
7;2025-11-17;11;1411.5
7;2025-11-17;12;1431.4
7;2025-11-17;13;1492.4
7;2025-11-17;14;1492.7
7;2025-11-17;15;1584.7
7;2025-11-17;16;1717.6
7;2025-11-17;17;2149.5
7;2025-11-17;18;2363.9
7;2025-11-17;19;1692.0
7;2025-11-17;20;1029.3
7;2025-11-17;21;616.6
7;2025-11-17;22;295.0
7;2025-11-17;23;122.3
7;2025-11-18;0;47.8
7;2025-11-18;1;6.5
7;2025-11-18;2;4.3
7;2025-11-18;3;1.9
7;2025-11-18;4;7.3
7;2025-11-18;5;166.6
7;2025-11-18;6;631.1
7;2025-11-18;7;1628.7
7;2025-11-18;8;2306.3
7;2025-11-18;9;1806.8
7;2025-11-18;10;1606.7
7;2025-11-18;11;1490.0
7;2025-11-18;12;1550.4
7;2025-11-18;13;1512.1
7;2025-11-18;14;1441.0
7;2025-11-18;15;1622.6
7;2025-11-18;16;1738.1
7;2025-11-18;17;2231.6
7;2025-11-18;18;2394.5
7;2025-11-18;19;1682.4
7;2025-11-18;20;1123.9
7;2025-11-18;21;640.6
7;2025-11-18;22;321.1
7;2025-11-18;23;172.9
7;2025-11-19;0;50.6
7;2025-11-19;1;4.2
7;2025-11-19;2;4.4
7;2025-11-19;3;1.9
7;2025-11-19;4;7.0
7;2025-11-19;5;163.8
7;2025-11-19;6;629.4
7;2025-11-19;7;1572.2
7;2025-11-19;8;2316.5
7;2025-11-19;9;1827.5
7;2025-11-19;10;1572.9
7;2025-11-19;11;1483.2
7;2025-11-19;12;1623.8
7;2025-11-19;13;1498.3
7;2025-11-19;14;1516.8
7;2025-11-19;15;1654.6
7;2025-11-19;16;1775.8
7;2025-11-19;17;2240.4
7;2025-11-19;18;2375.8
7;2025-11-19;19;1569.2
7;2025-11-19;20;1024.5
7;2025-11-19;21;635.7
7;2025-11-19;22;298.2
7;2025-11-19;23;150.7
7;2025-11-20;0;52.2
7;2025-11-20;1;9.2
7;2025-11-20;2;4.3
7;2025-11-20;3;3.6
7;2025-11-20;4;9.2
7;2025-11-20;5;163.1
7;2025-11-20;6;634.9
7;2025-11-20;7;1542.9
7;2025-11-20;8;2370.2
7;2025-11-20;9;1770.4
7;2025-11-20;10;1482.4
7;2025-11-20;11;1482.0
7;2025-11-20;12;1561.2
7;2025-11-20;13;1488.3
7;2025-11-20;14;1568.3
7;2025-11-20;15;1664.4
7;2025-11-20;16;1824.8
7;2025-11-20;17;2168.9
7;2025-11-20;18;2425.0
7;2025-11-20;19;1634.2
7;2025-11-20;20;1088.7
7;2025-11-20;21;640.4
7;2025-11-20;22;325.2
7;2025-11-20;23;177.2
7;2025-11-21;0;55.8
7;2025-11-21;1;5.3
7;2025-11-21;2;3.0
7;2025-11-21;3;0.0
7;2025-11-21;4;4.4
7;2025-11-21;5;155.5
7;2025-11-21;6;618.5
7;2025-11-21;7;1484.3
7;2025-11-21;8;2193.6
7;2025-11-21;9;1696.7
7;2025-11-21;10;1564.8
7;2025-11-21;11;1470.4
7;2025-11-21;12;1544.5
7;2025-11-21;13;1587.0
7;2025-11-21;14;1557.8
7;2025-11-21;15;1721.7
7;2025-11-21;16;1948.3
7;2025-11-21;17;2224.5
7;2025-11-21;18;1938.4
7;2025-11-21;19;1398.8
7;2025-11-21;20;969.9
7;2025-11-21;21;620.0
7;2025-11-21;22;319.2
7;2025-11-21;23;193.6
7;2025-11-22;0;74.5
7;2025-11-22;1;18.6
7;2025-11-22;2;6.7
7;2025-11-22;3;4.3
7;2025-11-22;4;3.3
7;2025-11-22;5;62.9
7;2025-11-22;6;271.4
7;2025-11-22;7;424.3
7;2025-11-22;8;673.9
7;2025-11-22;9;738.4
7;2025-11-22;10;818.0
7;2025-11-22;11;926.9
7;2025-11-22;12;1035.6
7;2025-11-22;13;1075.6
7;2025-11-22;14;1052.8
7;2025-11-22;15;1006.8
7;2025-11-22;16;965.3
7;2025-11-22;17;951.5
7;2025-11-22;18;886.7
7;2025-11-22;19;827.4
7;2025-11-22;20;651.2
7;2025-11-22;21;475.1
7;2025-11-22;22;279.0
7;2025-11-22;23;170.2
7;2025-11-23;0;69.2
7;2025-11-23;1;16.1
7;2025-11-23;2;2.1
7;2025-11-23;3;0.2
7;2025-11-23;4;0.2
7;2025-11-23;5;38.6
7;2025-11-23;6;177.3
7;2025-11-23;7;288.7
7;2025-11-23;8;460.0
7;2025-11-23;9;592.2
7;2025-11-23;10;655.2
7;2025-11-23;11;763.5
7;2025-11-23;12;855.1
7;2025-11-23;13;917.3
7;2025-11-23;14;923.0
7;2025-11-23;15;892.0
7;2025-11-23;16;826.6
7;2025-11-23;17;828.6
7;2025-11-23;18;777.6
7;2025-11-23;19;665.4
7;2025-11-23;20;526.0
7;2025-11-23;21;395.5
7;2025-11-23;22;222.0
7;2025-11-23;23;122.5
7;2025-11-24;0;46.5
7;2025-11-24;1;4.7
7;2025-11-24;2;2.4
7;2025-11-24;3;0.8
7;2025-11-24;4;4.3
7;2025-11-24;5;158.3
7;2025-11-24;6;611.6
7;2025-11-24;7;1578.0
7;2025-11-24;8;2335.5
7;2025-11-24;9;1726.3
7;2025-11-24;10;1476.3
7;2025-11-24;11;1411.5
7;2025-11-24;12;1431.4
7;2025-11-24;13;1492.4
7;2025-11-24;14;1492.7
7;2025-11-24;15;1584.7
7;2025-11-24;16;1717.6
7;2025-11-24;17;2149.5
7;2025-11-24;18;2363.9
7;2025-11-24;19;1692.0
7;2025-11-24;20;1029.3
7;2025-11-24;21;616.6
7;2025-11-24;22;295.0
7;2025-11-24;23;122.3
7;2025-11-25;0;47.8
7;2025-11-25;1;6.5
7;2025-11-25;2;4.3
7;2025-11-25;3;1.9
7;2025-11-25;4;7.3
7;2025-11-25;5;166.6
7;2025-11-25;6;631.1
7;2025-11-25;7;1628.7
7;2025-11-25;8;2306.3
7;2025-11-25;9;1806.8
7;2025-11-25;10;1606.7
7;2025-11-25;11;1490.0
7;2025-11-25;12;1550.4
7;2025-11-25;13;1512.1
7;2025-11-25;14;1441.0
7;2025-11-25;15;1622.6
7;2025-11-25;16;1738.1
7;2025-11-25;17;2231.6
7;2025-11-25;18;2394.5
7;2025-11-25;19;1682.4
7;2025-11-25;20;1123.9
7;2025-11-25;21;640.6
7;2025-11-25;22;321.1
7;2025-11-25;23;172.9
7;2025-11-26;0;50.6
7;2025-11-26;1;4.2
7;2025-11-26;2;4.4
7;2025-11-26;3;1.9
7;2025-11-26;4;7.0
7;2025-11-26;5;163.8
7;2025-11-26;6;629.4
7;2025-11-26;7;1572.2
7;2025-11-26;8;2316.5
7;2025-11-26;9;1827.5
7;2025-11-26;10;1572.9
7;2025-11-26;11;1483.2
7;2025-11-26;12;1623.8
7;2025-11-26;13;1498.3
7;2025-11-26;14;1516.8
7;2025-11-26;15;1654.6
7;2025-11-26;16;1775.8
7;2025-11-26;17;2240.4
7;2025-11-26;18;2375.8
7;2025-11-26;19;1569.2
7;2025-11-26;20;1024.5
7;2025-11-26;21;635.7
7;2025-11-26;22;298.2
7;2025-11-26;23;150.7
7;2025-11-27;0;52.2
7;2025-11-27;1;9.2
7;2025-11-27;2;4.3
7;2025-11-27;3;3.6
7;2025-11-27;4;9.2
7;2025-11-27;5;163.1
7;2025-11-27;6;634.9
7;2025-11-27;7;1542.9
7;2025-11-27;8;2370.2
7;2025-11-27;9;1770.4
7;2025-11-27;10;1482.4
7;2025-11-27;11;1482.0
7;2025-11-27;12;1561.2
7;2025-11-27;13;1488.3
7;2025-11-27;14;1568.3
7;2025-11-27;15;1664.4
7;2025-11-27;16;1824.8
7;2025-11-27;17;2168.9
7;2025-11-27;18;2425.0
7;2025-11-27;19;1634.2
7;2025-11-27;20;1088.7
7;2025-11-27;21;640.4
7;2025-11-27;22;325.2
7;2025-11-27;23;177.2
7;2025-11-28;0;55.8
7;2025-11-28;1;5.3
7;2025-11-28;2;3.0
7;2025-11-28;3;0.0
7;2025-11-28;4;4.4
7;2025-11-28;5;155.5
7;2025-11-28;6;618.5
7;2025-11-28;7;1484.3
7;2025-11-28;8;2193.6
7;2025-11-28;9;1696.7
7;2025-11-28;10;1564.8
7;2025-11-28;11;1470.4
7;2025-11-28;12;1544.5
7;2025-11-28;13;1587.0
7;2025-11-28;14;1557.8
7;2025-11-28;15;1721.7
7;2025-11-28;16;1948.3
7;2025-11-28;17;2224.5
7;2025-11-28;18;1938.4
7;2025-11-28;19;1398.8
7;2025-11-28;20;969.9
7;2025-11-28;21;620.0
7;2025-11-28;22;319.2
7;2025-11-28;23;193.6
7;2025-11-29;0;74.5
7;2025-11-29;1;18.6
7;2025-11-29;2;6.7
7;2025-11-29;3;4.3
7;2025-11-29;4;3.3
7;2025-11-29;5;62.9
7;2025-11-29;6;271.4
7;2025-11-29;7;424.3
7;2025-11-29;8;673.9
7;2025-11-29;9;738.4
7;2025-11-29;10;818.0
7;2025-11-29;11;926.9
7;2025-11-29;12;1035.6
7;2025-11-29;13;1075.6
7;2025-11-29;14;1052.8
7;2025-11-29;15;1006.8
7;2025-11-29;16;965.3
7;2025-11-29;17;951.5
7;2025-11-29;18;886.7
7;2025-11-29;19;827.4
7;2025-11-29;20;651.2
7;2025-11-29;21;475.1
7;2025-11-29;22;279.0
7;2025-11-29;23;170.2
7;2025-11-30;0;69.2
7;2025-11-30;1;16.1
7;2025-11-30;2;2.1
7;2025-11-30;3;0.2
7;2025-11-30;4;0.2
7;2025-11-30;5;38.6
7;2025-11-30;6;177.3
7;2025-11-30;7;288.7
7;2025-11-30;8;460.0
7;2025-11-30;9;592.2
7;2025-11-30;10;655.2
7;2025-11-30;11;763.5
7;2025-11-30;12;855.1
7;2025-11-30;13;917.3
7;2025-11-30;14;923.0
7;2025-11-30;15;892.0
7;2025-11-30;16;826.6
7;2025-11-30;17;828.6
7;2025-11-30;18;777.6
7;2025-11-30;19;665.4
7;2025-11-30;20;526.0
7;2025-11-30;21;395.5
7;2025-11-30;22;222.0
7;2025-11-30;23;122.5
7;2025-12-01;0;49.7
7;2025-12-01;1;5.0
7;2025-12-01;2;2.5
7;2025-12-01;3;0.9
7;2025-12-01;4;4.6
7;2025-12-01;5;169.1
7;2025-12-01;6;653.4
7;2025-12-01;7;1685.7
7;2025-12-01;8;2494.9
7;2025-12-01;9;1844.1
7;2025-12-01;10;1577.1
7;2025-12-01;11;1507.8
7;2025-12-01;12;1529.1
7;2025-12-01;13;1594.2
7;2025-12-01;14;1594.6
7;2025-12-01;15;1692.9
7;2025-12-01;16;1834.9
7;2025-12-01;17;2296.2
7;2025-12-01;18;2525.2
7;2025-12-01;19;1807.4
7;2025-12-01;20;1099.6
7;2025-12-01;21;658.7
7;2025-12-01;22;315.1
7;2025-12-01;23;130.7
7;2025-12-02;0;51.0
7;2025-12-02;1;6.9
7;2025-12-02;2;4.6
7;2025-12-02;3;2.1
7;2025-12-02;4;7.8
7;2025-12-02;5;178.0
7;2025-12-02;6;674.2
7;2025-12-02;7;1739.9
7;2025-12-02;8;2463.7
7;2025-12-02;9;1930.1
7;2025-12-02;10;1716.4
7;2025-12-02;11;1591.7
7;2025-12-02;12;1656.2
7;2025-12-02;13;1615.3
7;2025-12-02;14;1539.3
7;2025-12-02;15;1733.3
7;2025-12-02;16;1856.8
7;2025-12-02;17;2383.9
7;2025-12-02;18;2557.9
7;2025-12-02;19;1797.2
7;2025-12-02;20;1200.6
7;2025-12-02;21;684.3
7;2025-12-02;22;343.0
7;2025-12-02;23;184.7
7;2025-12-03;0;54.0
7;2025-12-03;1;4.5
7;2025-12-03;2;4.7
7;2025-12-03;3;2.0
7;2025-12-03;4;7.5
7;2025-12-03;5;175.0
7;2025-12-03;6;672.4
7;2025-12-03;7;1679.5
7;2025-12-03;8;2474.6
7;2025-12-03;9;1952.3
7;2025-12-03;10;1680.3
7;2025-12-03;11;1584.4
7;2025-12-03;12;1734.7
7;2025-12-03;13;1600.5
7;2025-12-03;14;1620.4
7;2025-12-03;15;1767.5
7;2025-12-03;16;1897.0
7;2025-12-03;17;2393.3
7;2025-12-03;18;2537.9
7;2025-12-03;19;1676.3
7;2025-12-03;20;1094.4
7;2025-12-03;21;679.1
7;2025-12-03;22;318.5
7;2025-12-03;23;161.0
7;2025-12-04;0;55.7
7;2025-12-04;1;9.8
7;2025-12-04;2;4.6
7;2025-12-04;3;3.8
7;2025-12-04;4;9.9
7;2025-12-04;5;174.3
7;2025-12-04;6;678.2
7;2025-12-04;7;1648.2
7;2025-12-04;8;2531.9
7;2025-12-04;9;1891.2
7;2025-12-04;10;1583.6
7;2025-12-04;11;1583.2
7;2025-12-04;12;1667.8
7;2025-12-04;13;1589.8
7;2025-12-04;14;1675.3
7;2025-12-04;15;1778.0
7;2025-12-04;16;1949.3
7;2025-12-04;17;2317.0
7;2025-12-04;18;2590.5
7;2025-12-04;19;1745.8
7;2025-12-04;20;1163.0
7;2025-12-04;21;684.1
7;2025-12-04;22;347.4
7;2025-12-04;23;189.3
7;2025-12-05;0;59.6
7;2025-12-05;1;5.6
7;2025-12-05;2;3.2
7;2025-12-05;3;0.0
7;2025-12-05;4;4.7
7;2025-12-05;5;166.1
7;2025-12-05;6;660.8
7;2025-12-05;7;1585.6
7;2025-12-05;8;2343.3
7;2025-12-05;9;1812.5
7;2025-12-05;10;1671.6
7;2025-12-05;11;1570.8
7;2025-12-05;12;1649.9
7;2025-12-05;13;1695.3
7;2025-12-05;14;1664.1
7;2025-12-05;15;1839.2
7;2025-12-05;16;2081.3
7;2025-12-05;17;2376.3
7;2025-12-05;18;2070.6
7;2025-12-05;19;1494.3
7;2025-12-05;20;1036.1
7;2025-12-05;21;662.3
7;2025-12-05;22;341.0
7;2025-12-05;23;206.8
7;2025-12-06;0;79.5
7;2025-12-06;1;19.8
7;2025-12-06;2;7.2
7;2025-12-06;3;4.6
7;2025-12-06;4;3.5
7;2025-12-06;5;67.2
7;2025-12-06;6;289.9
7;2025-12-06;7;453.2
7;2025-12-06;8;719.9
7;2025-12-06;9;788.8
7;2025-12-06;10;873.9
7;2025-12-06;11;990.1
7;2025-12-06;12;1106.3
7;2025-12-06;13;1149.0
7;2025-12-06;14;1124.7
7;2025-12-06;15;1075.5
7;2025-12-06;16;1031.2
7;2025-12-06;17;1016.4
7;2025-12-06;18;947.3
7;2025-12-06;19;883.9
7;2025-12-06;20;695.6
7;2025-12-06;21;507.5
7;2025-12-06;22;298.0
7;2025-12-06;23;181.8
7;2025-12-07;0;73.9
7;2025-12-07;1;17.2
7;2025-12-07;2;2.3
7;2025-12-07;3;0.2
7;2025-12-07;4;0.2
7;2025-12-07;5;41.2
7;2025-12-07;6;189.4
7;2025-12-07;7;308.4
7;2025-12-07;8;491.4
7;2025-12-07;9;632.6
7;2025-12-07;10;699.9
7;2025-12-07;11;815.6
7;2025-12-07;12;913.4
7;2025-12-07;13;979.9
7;2025-12-07;14;986.0
7;2025-12-07;15;952.9
7;2025-12-07;16;883.0
7;2025-12-07;17;885.1
7;2025-12-07;18;830.6
7;2025-12-07;19;710.8
7;2025-12-07;20;561.9
7;2025-12-07;21;422.5
7;2025-12-07;22;237.1
7;2025-12-07;23;130.8
7;2025-12-08;0;49.7
7;2025-12-08;1;5.0
7;2025-12-08;2;2.5
7;2025-12-08;3;0.9
7;2025-12-08;4;4.6
7;2025-12-08;5;169.1
7;2025-12-08;6;653.4
7;2025-12-08;7;1685.7
7;2025-12-08;8;2494.9
7;2025-12-08;9;1844.1
7;2025-12-08;10;1577.1
7;2025-12-08;11;1507.8
7;2025-12-08;12;1529.1
7;2025-12-08;13;1594.2
7;2025-12-08;14;1594.6
7;2025-12-08;15;1692.9
7;2025-12-08;16;1834.9
7;2025-12-08;17;2296.2
7;2025-12-08;18;2525.2
7;2025-12-08;19;1807.4
7;2025-12-08;20;1099.6
7;2025-12-08;21;658.7
7;2025-12-08;22;315.1
7;2025-12-08;23;130.7
7;2025-12-09;0;51.0
7;2025-12-09;1;6.9
7;2025-12-09;2;4.6
7;2025-12-09;3;2.1
7;2025-12-09;4;7.8
7;2025-12-09;5;178.0
7;2025-12-09;6;674.2
7;2025-12-09;7;1739.9
7;2025-12-09;8;2463.7
7;2025-12-09;9;1930.1
7;2025-12-09;10;1716.4
7;2025-12-09;11;1591.7
7;2025-12-09;12;1656.2
7;2025-12-09;13;1615.3
7;2025-12-09;14;1539.3
7;2025-12-09;15;1733.3
7;2025-12-09;16;1856.8
7;2025-12-09;17;2383.9
7;2025-12-09;18;2557.9
7;2025-12-09;19;1797.2
7;2025-12-09;20;1200.6
7;2025-12-09;21;684.3
7;2025-12-09;22;343.0
7;2025-12-09;23;184.7
7;2025-12-10;0;54.0
7;2025-12-10;1;4.5
7;2025-12-10;2;4.7
7;2025-12-10;3;2.0
7;2025-12-10;4;7.5
7;2025-12-10;5;175.0
7;2025-12-10;6;672.4
7;2025-12-10;7;1679.5
7;2025-12-10;8;2474.6
7;2025-12-10;9;1952.3
7;2025-12-10;10;1680.3
7;2025-12-10;11;1584.4
7;2025-12-10;12;1734.7
7;2025-12-10;13;1600.5
7;2025-12-10;14;1620.4
7;2025-12-10;15;1767.5
7;2025-12-10;16;1897.0
7;2025-12-10;17;2393.3
7;2025-12-10;18;2537.9
7;2025-12-10;19;1676.3
7;2025-12-10;20;1094.4
7;2025-12-10;21;679.1
7;2025-12-10;22;318.5
7;2025-12-10;23;161.0
7;2025-12-11;0;55.7
7;2025-12-11;1;9.8
7;2025-12-11;2;4.6
7;2025-12-11;3;3.8
7;2025-12-11;4;9.9
7;2025-12-11;5;174.3
7;2025-12-11;6;678.2
7;2025-12-11;7;1648.2
7;2025-12-11;8;2531.9
7;2025-12-11;9;1891.2
7;2025-12-11;10;1583.6
7;2025-12-11;11;1583.2
7;2025-12-11;12;1667.8
7;2025-12-11;13;1589.8
7;2025-12-11;14;1675.3
7;2025-12-11;15;1778.0
7;2025-12-11;16;1949.3
7;2025-12-11;17;2317.0
7;2025-12-11;18;2590.5
7;2025-12-11;19;1745.8
7;2025-12-11;20;1163.0
7;2025-12-11;21;684.1
7;2025-12-11;22;347.4
7;2025-12-11;23;189.3
7;2025-12-12;0;59.6
7;2025-12-12;1;5.6
7;2025-12-12;2;3.2
7;2025-12-12;3;0.0
7;2025-12-12;4;4.7
7;2025-12-12;5;166.1
7;2025-12-12;6;660.8
7;2025-12-12;7;1585.6
7;2025-12-12;8;2343.3
7;2025-12-12;9;1812.5
7;2025-12-12;10;1671.6
7;2025-12-12;11;1570.8
7;2025-12-12;12;1649.9
7;2025-12-12;13;1695.3
7;2025-12-12;14;1664.1
7;2025-12-12;15;1839.2
7;2025-12-12;16;2081.3
7;2025-12-12;17;2376.3
7;2025-12-12;18;2070.6
7;2025-12-12;19;1494.3
7;2025-12-12;20;1036.1
7;2025-12-12;21;662.3
7;2025-12-12;22;341.0
7;2025-12-12;23;206.8
7;2025-12-13;0;79.5
7;2025-12-13;1;19.8
7;2025-12-13;2;7.2
7;2025-12-13;3;4.6
7;2025-12-13;4;3.5
7;2025-12-13;5;67.2
7;2025-12-13;6;289.9
7;2025-12-13;7;453.2
7;2025-12-13;8;719.9
7;2025-12-13;9;788.8
7;2025-12-13;10;873.9
7;2025-12-13;11;990.1
7;2025-12-13;12;1106.3
7;2025-12-13;13;1149.0
7;2025-12-13;14;1124.7
7;2025-12-13;15;1075.5
7;2025-12-13;16;1031.2
7;2025-12-13;17;1016.4
7;2025-12-13;18;947.3
7;2025-12-13;19;883.9
7;2025-12-13;20;695.6
7;2025-12-13;21;507.5
7;2025-12-13;22;298.0
7;2025-12-13;23;181.8
7;2025-12-14;0;73.9
7;2025-12-14;1;17.2
7;2025-12-14;2;2.3
7;2025-12-14;3;0.2
7;2025-12-14;4;0.2
7;2025-12-14;5;41.2
7;2025-12-14;6;189.4
7;2025-12-14;7;308.4
7;2025-12-14;8;491.4
7;2025-12-14;9;632.6
7;2025-12-14;10;699.9
7;2025-12-14;11;815.6
7;2025-12-14;12;913.4
7;2025-12-14;13;979.9
7;2025-12-14;14;986.0
7;2025-12-14;15;952.9
7;2025-12-14;16;883.0
7;2025-12-14;17;885.1
7;2025-12-14;18;830.6
7;2025-12-14;19;710.8
7;2025-12-14;20;561.9
7;2025-12-14;21;422.5
7;2025-12-14;22;237.1
7;2025-12-14;23;130.8
7;2025-12-15;0;49.7
7;2025-12-15;1;5.0
7;2025-12-15;2;2.5
7;2025-12-15;3;0.9
7;2025-12-15;4;4.6
7;2025-12-15;5;169.1
7;2025-12-15;6;653.4
7;2025-12-15;7;1685.7
7;2025-12-15;8;2494.9
7;2025-12-15;9;1844.1
7;2025-12-15;10;1577.1
7;2025-12-15;11;1507.8
7;2025-12-15;12;1529.1
7;2025-12-15;13;1594.2
7;2025-12-15;14;1594.6
7;2025-12-15;15;1692.9
7;2025-12-15;16;1834.9
7;2025-12-15;17;2296.2
7;2025-12-15;18;2525.2
7;2025-12-15;19;1807.4
7;2025-12-15;20;1099.6
7;2025-12-15;21;658.7
7;2025-12-15;22;315.1
7;2025-12-15;23;130.7
7;2025-12-16;0;51.0
7;2025-12-16;1;6.9
7;2025-12-16;2;4.6
7;2025-12-16;3;2.1
7;2025-12-16;4;7.8
7;2025-12-16;5;178.0
7;2025-12-16;6;674.2
7;2025-12-16;7;1739.9
7;2025-12-16;8;2463.7
7;2025-12-16;9;1930.1
7;2025-12-16;10;1716.4
7;2025-12-16;11;1591.7
7;2025-12-16;12;1656.2
7;2025-12-16;13;1615.3
7;2025-12-16;14;1539.3
7;2025-12-16;15;1733.3
7;2025-12-16;16;1856.8
7;2025-12-16;17;2383.9
7;2025-12-16;18;2557.9
7;2025-12-16;19;1797.2
7;2025-12-16;20;1200.6
7;2025-12-16;21;684.3
7;2025-12-16;22;343.0
7;2025-12-16;23;184.7
7;2025-12-17;0;54.0
7;2025-12-17;1;4.5
7;2025-12-17;2;4.7
7;2025-12-17;3;2.0
7;2025-12-17;4;7.5
7;2025-12-17;5;175.0
7;2025-12-17;6;672.4
7;2025-12-17;7;1679.5
7;2025-12-17;8;2474.6
7;2025-12-17;9;1952.3
7;2025-12-17;10;1680.3
7;2025-12-17;11;1584.4
7;2025-12-17;12;1734.7
7;2025-12-17;13;1600.5
7;2025-12-17;14;1620.4
7;2025-12-17;15;1767.5
7;2025-12-17;16;1897.0
7;2025-12-17;17;2393.3
7;2025-12-17;18;2537.9
7;2025-12-17;19;1676.3
7;2025-12-17;20;1094.4
7;2025-12-17;21;679.1
7;2025-12-17;22;318.5
7;2025-12-17;23;161.0
7;2025-12-18;0;55.7
7;2025-12-18;1;9.8
7;2025-12-18;2;4.6
7;2025-12-18;3;3.8
7;2025-12-18;4;9.9
7;2025-12-18;5;174.3
7;2025-12-18;6;678.2
7;2025-12-18;7;1648.2
7;2025-12-18;8;2531.9
7;2025-12-18;9;1891.2
7;2025-12-18;10;1583.6
7;2025-12-18;11;1583.2
7;2025-12-18;12;1667.8
7;2025-12-18;13;1589.8
7;2025-12-18;14;1675.3
7;2025-12-18;15;1778.0
7;2025-12-18;16;1949.3
7;2025-12-18;17;2317.0
7;2025-12-18;18;2590.5
7;2025-12-18;19;1745.8
7;2025-12-18;20;1163.0
7;2025-12-18;21;684.1
7;2025-12-18;22;347.4
7;2025-12-18;23;189.3
7;2025-12-19;0;59.6
7;2025-12-19;1;5.6
7;2025-12-19;2;3.2
7;2025-12-19;3;0.0
7;2025-12-19;4;4.7
7;2025-12-19;5;166.1
7;2025-12-19;6;660.8
7;2025-12-19;7;1585.6
7;2025-12-19;8;2343.3
7;2025-12-19;9;1812.5
7;2025-12-19;10;1671.6
7;2025-12-19;11;1570.8
7;2025-12-19;12;1649.9
7;2025-12-19;13;1695.3
7;2025-12-19;14;1664.1
7;2025-12-19;15;1839.2
7;2025-12-19;16;2081.3
7;2025-12-19;17;2376.3
7;2025-12-19;18;2070.6
7;2025-12-19;19;1494.3
7;2025-12-19;20;1036.1
7;2025-12-19;21;662.3
7;2025-12-19;22;341.0
7;2025-12-19;23;206.8
7;2025-12-20;0;79.5
7;2025-12-20;1;19.8
7;2025-12-20;2;7.2
7;2025-12-20;3;4.6
7;2025-12-20;4;3.5
7;2025-12-20;5;67.2
7;2025-12-20;6;289.9
7;2025-12-20;7;453.2
7;2025-12-20;8;719.9
7;2025-12-20;9;788.8
7;2025-12-20;10;873.9
7;2025-12-20;11;990.1
7;2025-12-20;12;1106.3
7;2025-12-20;13;1149.0
7;2025-12-20;14;1124.7
7;2025-12-20;15;1075.5
7;2025-12-20;16;1031.2
7;2025-12-20;17;1016.4
7;2025-12-20;18;947.3
7;2025-12-20;19;883.9
7;2025-12-20;20;695.6
7;2025-12-20;21;507.5
7;2025-12-20;22;298.0
7;2025-12-20;23;181.8
7;2025-12-21;0;73.9
7;2025-12-21;1;17.2
7;2025-12-21;2;2.3
7;2025-12-21;3;0.2
7;2025-12-21;4;0.2
7;2025-12-21;5;41.2
7;2025-12-21;6;189.4
7;2025-12-21;7;308.4
7;2025-12-21;8;491.4
7;2025-12-21;9;632.6
7;2025-12-21;10;699.9
7;2025-12-21;11;815.6
7;2025-12-21;12;913.4
7;2025-12-21;13;979.9
7;2025-12-21;14;986.0
7;2025-12-21;15;952.9
7;2025-12-21;16;883.0
7;2025-12-21;17;885.1
7;2025-12-21;18;830.6
7;2025-12-21;19;710.8
7;2025-12-21;20;561.9
7;2025-12-21;21;422.5
7;2025-12-21;22;237.1
7;2025-12-21;23;130.8
7;2025-12-22;0;49.7
7;2025-12-22;1;5.0
7;2025-12-22;2;2.5
7;2025-12-22;3;0.9
7;2025-12-22;4;4.6
7;2025-12-22;5;169.1
7;2025-12-22;6;653.4
7;2025-12-22;7;1685.7
7;2025-12-22;8;2494.9
7;2025-12-22;9;1844.1
7;2025-12-22;10;1577.1
7;2025-12-22;11;1507.8
7;2025-12-22;12;1529.1
7;2025-12-22;13;1594.2
7;2025-12-22;14;1594.6
7;2025-12-22;15;1692.9
7;2025-12-22;16;1834.9
7;2025-12-22;17;2296.2
7;2025-12-22;18;2525.2
7;2025-12-22;19;1807.4
7;2025-12-22;20;1099.6
7;2025-12-22;21;658.7
7;2025-12-22;22;315.1
7;2025-12-22;23;130.7
7;2025-12-23;0;51.0
7;2025-12-23;1;6.9
7;2025-12-23;2;4.6
7;2025-12-23;3;2.1
7;2025-12-23;4;7.8
7;2025-12-23;5;178.0
7;2025-12-23;6;674.2
7;2025-12-23;7;1739.9
7;2025-12-23;8;2463.7
7;2025-12-23;9;1930.1
7;2025-12-23;10;1716.4
7;2025-12-23;11;1591.7
7;2025-12-23;12;1656.2
7;2025-12-23;13;1615.3
7;2025-12-23;14;1539.3
7;2025-12-23;15;1733.3
7;2025-12-23;16;1856.8
7;2025-12-23;17;2383.9
7;2025-12-23;18;2557.9
7;2025-12-23;19;1797.2
7;2025-12-23;20;1200.6
7;2025-12-23;21;684.3
7;2025-12-23;22;343.0
7;2025-12-23;23;184.7
7;2025-12-24;0;54.0
7;2025-12-24;1;4.5
7;2025-12-24;2;4.7
7;2025-12-24;3;2.0
7;2025-12-24;4;7.5
7;2025-12-24;5;175.0
7;2025-12-24;6;672.4
7;2025-12-24;7;1679.5
7;2025-12-24;8;2474.6
7;2025-12-24;9;1952.3
7;2025-12-24;10;1680.3
7;2025-12-24;11;1584.4
7;2025-12-24;12;1734.7
7;2025-12-24;13;1600.5
7;2025-12-24;14;1620.4
7;2025-12-24;15;1767.5
7;2025-12-24;16;1897.0
7;2025-12-24;17;2393.3
7;2025-12-24;18;2537.9
7;2025-12-24;19;1676.3
7;2025-12-24;20;1094.4
7;2025-12-24;21;679.1
7;2025-12-24;22;318.5
7;2025-12-24;23;161.0
7;2025-12-25;0;55.7
7;2025-12-25;1;9.8
7;2025-12-25;2;4.6
7;2025-12-25;3;3.8
7;2025-12-25;4;9.9
7;2025-12-25;5;174.3
7;2025-12-25;6;678.2
7;2025-12-25;7;1648.2
7;2025-12-25;8;2531.9
7;2025-12-25;9;1891.2
7;2025-12-25;10;1583.6
7;2025-12-25;11;1583.2
7;2025-12-25;12;1667.8
7;2025-12-25;13;1589.8
7;2025-12-25;14;1675.3
7;2025-12-25;15;1778.0
7;2025-12-25;16;1949.3
7;2025-12-25;17;2317.0
7;2025-12-25;18;2590.5
7;2025-12-25;19;1745.8
7;2025-12-25;20;1163.0
7;2025-12-25;21;684.1
7;2025-12-25;22;347.4
7;2025-12-25;23;189.3
7;2025-12-26;0;59.6
7;2025-12-26;1;5.6
7;2025-12-26;2;3.2
7;2025-12-26;3;0.0
7;2025-12-26;4;4.7
7;2025-12-26;5;166.1
7;2025-12-26;6;660.8
7;2025-12-26;7;1585.6
7;2025-12-26;8;2343.3
7;2025-12-26;9;1812.5
7;2025-12-26;10;1671.6
7;2025-12-26;11;1570.8
7;2025-12-26;12;1649.9
7;2025-12-26;13;1695.3
7;2025-12-26;14;1664.1
7;2025-12-26;15;1839.2
7;2025-12-26;16;2081.3
7;2025-12-26;17;2376.3
7;2025-12-26;18;2070.6
7;2025-12-26;19;1494.3
7;2025-12-26;20;1036.1
7;2025-12-26;21;662.3
7;2025-12-26;22;341.0
7;2025-12-26;23;206.8
7;2025-12-27;0;79.5
7;2025-12-27;1;19.8
7;2025-12-27;2;7.2
7;2025-12-27;3;4.6
7;2025-12-27;4;3.5
7;2025-12-27;5;67.2
7;2025-12-27;6;289.9
7;2025-12-27;7;453.2
7;2025-12-27;8;719.9
7;2025-12-27;9;788.8
7;2025-12-27;10;873.9
7;2025-12-27;11;990.1
7;2025-12-27;12;1106.3
7;2025-12-27;13;1149.0
7;2025-12-27;14;1124.7
7;2025-12-27;15;1075.5
7;2025-12-27;16;1031.2
7;2025-12-27;17;1016.4
7;2025-12-27;18;947.3
7;2025-12-27;19;883.9
7;2025-12-27;20;695.6
7;2025-12-27;21;507.5
7;2025-12-27;22;298.0
7;2025-12-27;23;181.8
7;2025-12-28;0;73.9
7;2025-12-28;1;17.2
7;2025-12-28;2;2.3
7;2025-12-28;3;0.2
7;2025-12-28;4;0.2
7;2025-12-28;5;41.2
7;2025-12-28;6;189.4
7;2025-12-28;7;308.4
7;2025-12-28;8;491.4
7;2025-12-28;9;632.6
7;2025-12-28;10;699.9
7;2025-12-28;11;815.6
7;2025-12-28;12;913.4
7;2025-12-28;13;979.9
7;2025-12-28;14;986.0
7;2025-12-28;15;952.9
7;2025-12-28;16;883.0
7;2025-12-28;17;885.1
7;2025-12-28;18;830.6
7;2025-12-28;19;710.8
7;2025-12-28;20;561.9
7;2025-12-28;21;422.5
7;2025-12-28;22;237.1
7;2025-12-28;23;130.8
7;2025-12-29;0;49.7
7;2025-12-29;1;5.0
7;2025-12-29;2;2.5
7;2025-12-29;3;0.9
7;2025-12-29;4;4.6
7;2025-12-29;5;169.1
7;2025-12-29;6;653.4
7;2025-12-29;7;1685.7
7;2025-12-29;8;2494.9
7;2025-12-29;9;1844.1
7;2025-12-29;10;1577.1
7;2025-12-29;11;1507.8
7;2025-12-29;12;1529.1
7;2025-12-29;13;1594.2
7;2025-12-29;14;1594.6
7;2025-12-29;15;1692.9
7;2025-12-29;16;1834.9
7;2025-12-29;17;2296.2
7;2025-12-29;18;2525.2
7;2025-12-29;19;1807.4
7;2025-12-29;20;1099.6
7;2025-12-29;21;658.7
7;2025-12-29;22;315.1
7;2025-12-29;23;130.7
7;2025-12-30;0;47.5
7;2025-12-30;1;6.3
7;2025-12-30;2;4.4
7;2025-12-30;3;2.1
7;2025-12-30;4;8.6
7;2025-12-30;5;183.0
7;2025-12-30;6;676.9
7;2025-12-30;7;1734.3
7;2025-12-30;8;2460.1
7;2025-12-30;9;1938.7
7;2025-12-30;10;1736.9
7;2025-12-30;11;1635.8
7;2025-12-30;12;1711.5
7;2025-12-30;13;1687.5
7;2025-12-30;14;1627.1
7;2025-12-30;15;1835.6
7;2025-12-30;16;1953.7
7;2025-12-30;17;2371.0
7;2025-12-30;18;2327.1
7;2025-12-30;19;1708.2
7;2025-12-30;20;1184.7
7;2025-12-30;21;696.1
7;2025-12-30;22;354.5
7;2025-12-30;23;199.6
7;2025-12-31;0;41.0
7;2025-12-31;1;0.9
7;2025-12-31;2;0.0
7;2025-12-31;3;0.4
7;2025-12-31;4;0.0
7;2025-12-31;5;19.9
7;2025-12-31;6;164.3
7;2025-12-31;7;288.1
7;2025-12-31;8;432.0
7;2025-12-31;9;488.3
7;2025-12-31;10;587.1
7;2025-12-31;11;705.1
7;2025-12-31;12;845.9
7;2025-12-31;13;932.8
7;2025-12-31;14;942.7
7;2025-12-31;15;910.6
7;2025-12-31;16;878.2
7;2025-12-31;17;857.8
7;2025-12-31;18;839.3
7;2025-12-31;19;765.6
7;2025-12-31;20;575.0
7;2025-12-31;21;424.1
7;2025-12-31;22;218.2
7;2025-12-31;23;86.8
11;2025-11-01;0;110.1
11;2025-11-01;1;41.1
11;2025-11-01;2;37.3
11;2025-11-01;3;33.6
11;2025-11-01;4;49.6
11;2025-11-01;5;290.0
11;2025-11-01;6;1081.5
11;2025-11-01;7;1611.1
11;2025-11-01;8;2092.0
11;2025-11-01;9;1786.9
11;2025-11-01;10;1651.9
11;2025-11-01;11;1717.4
11;2025-11-01;12;1846.4
11;2025-11-01;13;1841.5
11;2025-11-01;14;1907.6
11;2025-11-01;15;1954.0
11;2025-11-01;16;2112.3
11;2025-11-01;17;2316.4
11;2025-11-01;18;2064.1
11;2025-11-01;19;1776.8
11;2025-11-01;20;1298.8
11;2025-11-01;21;890.6
11;2025-11-01;22;514.2
11;2025-11-01;23;337.1
11;2025-11-02;0;96.7
11;2025-11-02;1;21.0
11;2025-11-02;2;4.5
11;2025-11-02;3;0.0
11;2025-11-02;4;5.6
11;2025-11-02;5;128.0
11;2025-11-02;6;518.9
11;2025-11-02;7;513.9
11;2025-11-02;8;680.0
11;2025-11-02;9;922.3
11;2025-11-02;10;1080.6
11;2025-11-02;11;1383.4
11;2025-11-02;12;1537.3
11;2025-11-02;13;1560.9
11;2025-11-02;14;1577.9
11;2025-11-02;15;1565.1
11;2025-11-02;16;1565.3
11;2025-11-02;17;1592.1
11;2025-11-02;18;1361.2
11;2025-11-02;19;1184.3
11;2025-11-02;20;920.0
11;2025-11-02;21;678.2
11;2025-11-02;22;412.9
11;2025-11-02;23;235.3
11;2025-11-03;0;79.1
11;2025-11-03;1;17.4
11;2025-11-03;2;14.1
11;2025-11-03;3;4.9
11;2025-11-03;4;7.6
11;2025-11-03;5;162.2
11;2025-11-03;6;623.4
11;2025-11-03;7;606.2
11;2025-11-03;8;749.3
11;2025-11-03;9;875.2
11;2025-11-03;10;1052.8
11;2025-11-03;11;1331.0
11;2025-11-03;12;1564.6
11;2025-11-03;13;1676.3
11;2025-11-03;14;1703.1
11;2025-11-03;15;1730.5
11;2025-11-03;16;1726.4
11;2025-11-03;17;1688.6
11;2025-11-03;18;1608.5
11;2025-11-03;19;1432.5
11;2025-11-03;20;1106.6
11;2025-11-03;21;806.9
11;2025-11-03;22;515.0
11;2025-11-03;23;326.5
11;2025-11-04;0;74.8
11;2025-11-04;1;10.8
11;2025-11-04;2;7.9
11;2025-11-04;3;4.5
11;2025-11-04;4;5.5
11;2025-11-04;5;136.1
11;2025-11-04;6;560.6
11;2025-11-04;7;513.6
11;2025-11-04;8;647.5
11;2025-11-04;9;745.2
11;2025-11-04;10;890.3
11;2025-11-04;11;1151.9
11;2025-11-04;12;1373.1
11;2025-11-04;13;1478.0
11;2025-11-04;14;1504.3
11;2025-11-04;15;1528.4
11;2025-11-04;16;1536.8
11;2025-11-04;17;1526.0
11;2025-11-04;18;1469.9
11;2025-11-04;19;1327.2
11;2025-11-04;20;1031.0
11;2025-11-04;21;746.7
11;2025-11-04;22;448.1
11;2025-11-04;23;256.8
11;2025-11-05;0;75.7
11;2025-11-05;1;13.7
11;2025-11-05;2;19.1
11;2025-11-05;3;17.4
11;2025-11-05;4;29.3
11;2025-11-05;5;298.9
11;2025-11-05;6;1306.0
11;2025-11-05;7;2438.2
11;2025-11-05;8;3173.4
11;2025-11-05;9;2406.8
11;2025-11-05;10;1922.0
11;2025-11-05;11;1891.0
11;2025-11-05;12;1907.8
11;2025-11-05;13;2006.9
11;2025-11-05;14;1942.7
11;2025-11-05;15;1906.4
11;2025-11-05;16;2118.1
11;2025-11-05;17;2678.1
11;2025-11-05;18;3067.6
11;2025-11-05;19;2347.7
11;2025-11-05;20;1502.4
11;2025-11-05;21;858.8
11;2025-11-05;22;454.0
11;2025-11-05;23;245.9
11;2025-11-06;0;60.0
11;2025-11-06;1;4.8
11;2025-11-06;2;5.1
11;2025-11-06;3;4.5
11;2025-11-06;4;16.0
11;2025-11-06;5;279.5
11;2025-11-06;6;1326.2
11;2025-11-06;7;2371.0
11;2025-11-06;8;3137.4
11;2025-11-06;9;2416.4
11;2025-11-06;10;2049.3
11;2025-11-06;11;1809.1
11;2025-11-06;12;1969.9
11;2025-11-06;13;1975.6
11;2025-11-06;14;2018.5
11;2025-11-06;15;1995.3
11;2025-11-06;16;2347.8
11;2025-11-06;17;2857.8
11;2025-11-06;18;3185.4
11;2025-11-06;19;2349.0
11;2025-11-06;20;1540.6
11;2025-11-06;21;955.2
11;2025-11-06;22;486.8
11;2025-11-06;23;261.2
11;2025-11-07;0;67.4
11;2025-11-07;1;2.6
11;2025-11-07;2;4.0
11;2025-11-07;3;0.9
11;2025-11-07;4;10.9
11;2025-11-07;5;292.5
11;2025-11-07;6;1292.5
11;2025-11-07;7;2326.8
11;2025-11-07;8;3055.4
11;2025-11-07;9;2280.1
11;2025-11-07;10;1874.1
11;2025-11-07;11;1777.9
11;2025-11-07;12;1893.6
11;2025-11-07;13;1888.0
11;2025-11-07;14;1962.1
11;2025-11-07;15;2018.7
11;2025-11-07;16;2371.5
11;2025-11-07;17;2743.0
11;2025-11-07;18;2479.7
11;2025-11-07;19;2038.8
11;2025-11-07;20;1399.3
11;2025-11-07;21;910.0
11;2025-11-07;22;470.3
11;2025-11-07;23;302.2
11;2025-11-08;0;98.1
11;2025-11-08;1;22.0
11;2025-11-08;2;12.0
11;2025-11-08;3;7.7
11;2025-11-08;4;13.7
11;2025-11-08;5;188.1
11;2025-11-08;6;749.8
11;2025-11-08;7;743.9
11;2025-11-08;8;967.3
11;2025-11-08;9;1160.3
11;2025-11-08;10;1322.6
11;2025-11-08;11;1587.7
11;2025-11-08;12;1741.6
11;2025-11-08;13;1737.7
11;2025-11-08;14;1789.4
11;2025-11-08;15;1792.3
11;2025-11-08;16;1720.7
11;2025-11-08;17;1761.6
11;2025-11-08;18;1579.5
11;2025-11-08;19;1446.2
11;2025-11-08;20;1112.7
11;2025-11-08;21;796.6
11;2025-11-08;22;486.4
11;2025-11-08;23;303.6
11;2025-11-09;0;96.7
11;2025-11-09;1;21.0
11;2025-11-09;2;4.5
11;2025-11-09;3;0.0
11;2025-11-09;4;5.6
11;2025-11-09;5;128.0
11;2025-11-09;6;518.9
11;2025-11-09;7;513.9
11;2025-11-09;8;680.0
11;2025-11-09;9;922.3
11;2025-11-09;10;1080.6
11;2025-11-09;11;1383.4
11;2025-11-09;12;1537.3
11;2025-11-09;13;1560.9
11;2025-11-09;14;1577.9
11;2025-11-09;15;1565.1
11;2025-11-09;16;1565.3
11;2025-11-09;17;1592.1
11;2025-11-09;18;1361.2
11;2025-11-09;19;1184.3
11;2025-11-09;20;920.0
11;2025-11-09;21;678.2
11;2025-11-09;22;412.9
11;2025-11-09;23;235.3
11;2025-11-10;0;66.2
11;2025-11-10;1;4.9
11;2025-11-10;2;3.1
11;2025-11-10;3;1.3
11;2025-11-10;4;12.2
11;2025-11-10;5;275.7
11;2025-11-10;6;1329.3
11;2025-11-10;7;2383.0
11;2025-11-10;8;3052.9
11;2025-11-10;9;2302.3
11;2025-11-10;10;1851.2
11;2025-11-10;11;1818.8
11;2025-11-10;12;1803.9
11;2025-11-10;13;1855.6
11;2025-11-10;14;1884.9
11;2025-11-10;15;1994.8
11;2025-11-10;16;2196.1
11;2025-11-10;17;2729.5
11;2025-11-10;18;2982.0
11;2025-11-10;19;2266.0
11;2025-11-10;20;1405.0
11;2025-11-10;21;860.6
11;2025-11-10;22;410.3
11;2025-11-10;23;212.4
11;2025-11-11;0;47.3
11;2025-11-11;1;0.4
11;2025-11-11;2;3.5
11;2025-11-11;3;2.6
11;2025-11-11;4;13.7
11;2025-11-11;5;275.1
11;2025-11-11;6;1287.5
11;2025-11-11;7;2388.7
11;2025-11-11;8;3207.5
11;2025-11-11;9;2404.9
11;2025-11-11;10;1895.9
11;2025-11-11;11;1818.6
11;2025-11-11;12;1873.1
11;2025-11-11;13;1979.3
11;2025-11-11;14;1889.6
11;2025-11-11;15;1930.9
11;2025-11-11;16;2222.6
11;2025-11-11;17;2800.5
11;2025-11-11;18;3054.9
11;2025-11-11;19;2341.3
11;2025-11-11;20;1607.6
11;2025-11-11;21;889.6
11;2025-11-11;22;456.0
11;2025-11-11;23;228.0
11;2025-11-12;0;61.2
11;2025-11-12;1;1.0
11;2025-11-12;2;2.6
11;2025-11-12;3;1.4
11;2025-11-12;4;11.4
11;2025-11-12;5;276.9
11;2025-11-12;6;1283.1
11;2025-11-12;7;2411.3
11;2025-11-12;8;3155.9
11;2025-11-12;9;2391.0
11;2025-11-12;10;1910.3
11;2025-11-12;11;1882.2
11;2025-11-12;12;1891.7
11;2025-11-12;13;1985.6
11;2025-11-12;14;1920.6
11;2025-11-12;15;1882.9
11;2025-11-12;16;2090.4
11;2025-11-12;17;2666.0
11;2025-11-12;18;3056.5
11;2025-11-12;19;2363.9
11;2025-11-12;20;1525.7
11;2025-11-12;21;888.8
11;2025-11-12;22;470.2
11;2025-11-12;23;259.9
11;2025-11-13;0;60.0
11;2025-11-13;1;4.8
11;2025-11-13;2;5.1
11;2025-11-13;3;4.5
11;2025-11-13;4;16.0
11;2025-11-13;5;279.5
11;2025-11-13;6;1326.2
11;2025-11-13;7;2371.0
11;2025-11-13;8;3137.4
11;2025-11-13;9;2416.4
11;2025-11-13;10;2049.3
11;2025-11-13;11;1809.1
11;2025-11-13;12;1969.9
11;2025-11-13;13;1975.6
11;2025-11-13;14;2018.5
11;2025-11-13;15;1995.3
11;2025-11-13;16;2347.8
11;2025-11-13;17;2857.8
11;2025-11-13;18;3185.4
11;2025-11-13;19;2349.0
11;2025-11-13;20;1540.6
11;2025-11-13;21;955.2
11;2025-11-13;22;486.8
11;2025-11-13;23;261.2
11;2025-11-14;0;67.4
11;2025-11-14;1;2.6
11;2025-11-14;2;4.0
11;2025-11-14;3;0.9
11;2025-11-14;4;10.9
11;2025-11-14;5;292.5
11;2025-11-14;6;1292.5
11;2025-11-14;7;2326.8
11;2025-11-14;8;3055.4
11;2025-11-14;9;2280.1
11;2025-11-14;10;1874.1
11;2025-11-14;11;1777.9
11;2025-11-14;12;1893.6
11;2025-11-14;13;1888.0
11;2025-11-14;14;1962.1
11;2025-11-14;15;2018.7
11;2025-11-14;16;2371.5
11;2025-11-14;17;2743.0
11;2025-11-14;18;2479.7
11;2025-11-14;19;2038.8
11;2025-11-14;20;1399.3
11;2025-11-14;21;910.0
11;2025-11-14;22;470.3
11;2025-11-14;23;302.2
11;2025-11-15;0;98.1
11;2025-11-15;1;22.0
11;2025-11-15;2;12.0
11;2025-11-15;3;7.7
11;2025-11-15;4;13.7
11;2025-11-15;5;188.1
11;2025-11-15;6;749.8
11;2025-11-15;7;743.9
11;2025-11-15;8;967.3
11;2025-11-15;9;1160.3
11;2025-11-15;10;1322.6
11;2025-11-15;11;1587.7
11;2025-11-15;12;1741.6
11;2025-11-15;13;1737.7
11;2025-11-15;14;1789.4
11;2025-11-15;15;1792.3
11;2025-11-15;16;1720.7
11;2025-11-15;17;1761.6
11;2025-11-15;18;1579.5
11;2025-11-15;19;1446.2
11;2025-11-15;20;1112.7
11;2025-11-15;21;796.6
11;2025-11-15;22;486.4
11;2025-11-15;23;303.6
11;2025-11-16;0;96.7
11;2025-11-16;1;21.0
11;2025-11-16;2;4.5
11;2025-11-16;3;0.0
11;2025-11-16;4;5.6
11;2025-11-16;5;128.0
11;2025-11-16;6;518.9
11;2025-11-16;7;513.9
11;2025-11-16;8;680.0
11;2025-11-16;9;922.3
11;2025-11-16;10;1080.6
11;2025-11-16;11;1383.4
11;2025-11-16;12;1537.3
11;2025-11-16;13;1560.9
11;2025-11-16;14;1577.9
11;2025-11-16;15;1565.1
11;2025-11-16;16;1565.3
11;2025-11-16;17;1592.1
11;2025-11-16;18;1361.2
11;2025-11-16;19;1184.3
11;2025-11-16;20;920.0
11;2025-11-16;21;678.2
11;2025-11-16;22;412.9
11;2025-11-16;23;235.3
11;2025-11-17;0;66.2
11;2025-11-17;1;4.9
11;2025-11-17;2;3.1
11;2025-11-17;3;1.3
11;2025-11-17;4;12.2
11;2025-11-17;5;275.7
11;2025-11-17;6;1329.3
11;2025-11-17;7;2383.0
11;2025-11-17;8;3052.9
11;2025-11-17;9;2302.3
11;2025-11-17;10;1851.2
11;2025-11-17;11;1818.8
11;2025-11-17;12;1803.9
11;2025-11-17;13;1855.6
11;2025-11-17;14;1884.9
11;2025-11-17;15;1994.8
11;2025-11-17;16;2196.1
11;2025-11-17;17;2729.5
11;2025-11-17;18;2982.0
11;2025-11-17;19;2266.0
11;2025-11-17;20;1405.0
11;2025-11-17;21;860.6
11;2025-11-17;22;410.3
11;2025-11-17;23;212.4
11;2025-11-18;0;47.3
11;2025-11-18;1;0.4
11;2025-11-18;2;3.5
11;2025-11-18;3;2.6
11;2025-11-18;4;13.7
11;2025-11-18;5;275.1
11;2025-11-18;6;1287.5
11;2025-11-18;7;2388.7
11;2025-11-18;8;3207.5
11;2025-11-18;9;2404.9
11;2025-11-18;10;1895.9
11;2025-11-18;11;1818.6
11;2025-11-18;12;1873.1
11;2025-11-18;13;1979.3
11;2025-11-18;14;1889.6
11;2025-11-18;15;1930.9
11;2025-11-18;16;2222.6
11;2025-11-18;17;2800.5
11;2025-11-18;18;3054.9
11;2025-11-18;19;2341.3
11;2025-11-18;20;1607.6
11;2025-11-18;21;889.6
11;2025-11-18;22;456.0
11;2025-11-18;23;228.0
11;2025-11-19;0;61.2
11;2025-11-19;1;1.0
11;2025-11-19;2;2.6
11;2025-11-19;3;1.4
11;2025-11-19;4;11.4
11;2025-11-19;5;276.9
11;2025-11-19;6;1283.1
11;2025-11-19;7;2411.3
11;2025-11-19;8;3155.9
11;2025-11-19;9;2391.0
11;2025-11-19;10;1910.3
11;2025-11-19;11;1882.2
11;2025-11-19;12;1891.7
11;2025-11-19;13;1985.6
11;2025-11-19;14;1920.6
11;2025-11-19;15;1882.9
11;2025-11-19;16;2090.4
11;2025-11-19;17;2666.0
11;2025-11-19;18;3056.5
11;2025-11-19;19;2363.9
11;2025-11-19;20;1525.7
11;2025-11-19;21;888.8
11;2025-11-19;22;470.2
11;2025-11-19;23;259.9
11;2025-11-20;0;60.0
11;2025-11-20;1;4.8
11;2025-11-20;2;5.1
11;2025-11-20;3;4.5
11;2025-11-20;4;16.0
11;2025-11-20;5;279.5
11;2025-11-20;6;1326.2
11;2025-11-20;7;2371.0
11;2025-11-20;8;3137.4
11;2025-11-20;9;2416.4
11;2025-11-20;10;2049.3
11;2025-11-20;11;1809.1
11;2025-11-20;12;1969.9
11;2025-11-20;13;1975.6
11;2025-11-20;14;2018.5
11;2025-11-20;15;1995.3
11;2025-11-20;16;2347.8
11;2025-11-20;17;2857.8
11;2025-11-20;18;3185.4
11;2025-11-20;19;2349.0
11;2025-11-20;20;1540.6
11;2025-11-20;21;955.2
11;2025-11-20;22;486.8
11;2025-11-20;23;261.2
11;2025-11-21;0;67.4
11;2025-11-21;1;2.6
11;2025-11-21;2;4.0
11;2025-11-21;3;0.9
11;2025-11-21;4;10.9
11;2025-11-21;5;292.5
11;2025-11-21;6;1292.5
11;2025-11-21;7;2326.8
11;2025-11-21;8;3055.4
11;2025-11-21;9;2280.1
11;2025-11-21;10;1874.1
11;2025-11-21;11;1777.9
11;2025-11-21;12;1893.6
11;2025-11-21;13;1888.0
11;2025-11-21;14;1962.1
11;2025-11-21;15;2018.7
11;2025-11-21;16;2371.5
11;2025-11-21;17;2743.0
11;2025-11-21;18;2479.7
11;2025-11-21;19;2038.8
11;2025-11-21;20;1399.3
11;2025-11-21;21;910.0
11;2025-11-21;22;470.3
11;2025-11-21;23;302.2
11;2025-11-22;0;98.1
11;2025-11-22;1;22.0
11;2025-11-22;2;12.0
11;2025-11-22;3;7.7
11;2025-11-22;4;13.7
11;2025-11-22;5;188.1
11;2025-11-22;6;749.8
11;2025-11-22;7;743.9
11;2025-11-22;8;967.3
11;2025-11-22;9;1160.3
11;2025-11-22;10;1322.6
11;2025-11-22;11;1587.7
11;2025-11-22;12;1741.6
11;2025-11-22;13;1737.7
11;2025-11-22;14;1789.4
11;2025-11-22;15;1792.3
11;2025-11-22;16;1720.7
11;2025-11-22;17;1761.6
11;2025-11-22;18;1579.5
11;2025-11-22;19;1446.2
11;2025-11-22;20;1112.7
11;2025-11-22;21;796.6
11;2025-11-22;22;486.4
11;2025-11-22;23;303.6
11;2025-11-23;0;96.7
11;2025-11-23;1;21.0
11;2025-11-23;2;4.5
11;2025-11-23;3;0.0
11;2025-11-23;4;5.6
11;2025-11-23;5;128.0
11;2025-11-23;6;518.9
11;2025-11-23;7;513.9
11;2025-11-23;8;680.0
11;2025-11-23;9;922.3
11;2025-11-23;10;1080.6
11;2025-11-23;11;1383.4
11;2025-11-23;12;1537.3
11;2025-11-23;13;1560.9
11;2025-11-23;14;1577.9
11;2025-11-23;15;1565.1
11;2025-11-23;16;1565.3
11;2025-11-23;17;1592.1
11;2025-11-23;18;1361.2
11;2025-11-23;19;1184.3
11;2025-11-23;20;920.0
11;2025-11-23;21;678.2
11;2025-11-23;22;412.9
11;2025-11-23;23;235.3
11;2025-11-24;0;66.2
11;2025-11-24;1;4.9
11;2025-11-24;2;3.1
11;2025-11-24;3;1.3
11;2025-11-24;4;12.2
11;2025-11-24;5;275.7
11;2025-11-24;6;1329.3
11;2025-11-24;7;2383.0
11;2025-11-24;8;3052.9
11;2025-11-24;9;2302.3
11;2025-11-24;10;1851.2
11;2025-11-24;11;1818.8
11;2025-11-24;12;1803.9
11;2025-11-24;13;1855.6
11;2025-11-24;14;1884.9
11;2025-11-24;15;1994.8
11;2025-11-24;16;2196.1
11;2025-11-24;17;2729.5
11;2025-11-24;18;2982.0
11;2025-11-24;19;2266.0
11;2025-11-24;20;1405.0
11;2025-11-24;21;860.6
11;2025-11-24;22;410.3
11;2025-11-24;23;212.4
11;2025-11-25;0;47.3
11;2025-11-25;1;0.4
11;2025-11-25;2;3.5
11;2025-11-25;3;2.6
11;2025-11-25;4;13.7
11;2025-11-25;5;275.1
11;2025-11-25;6;1287.5
11;2025-11-25;7;2388.7
11;2025-11-25;8;3207.5
11;2025-11-25;9;2404.9
11;2025-11-25;10;1895.9
11;2025-11-25;11;1818.6
11;2025-11-25;12;1873.1
11;2025-11-25;13;1979.3
11;2025-11-25;14;1889.6
11;2025-11-25;15;1930.9
11;2025-11-25;16;2222.6
11;2025-11-25;17;2800.5
11;2025-11-25;18;3054.9
11;2025-11-25;19;2341.3
11;2025-11-25;20;1607.6
11;2025-11-25;21;889.6
11;2025-11-25;22;456.0
11;2025-11-25;23;228.0
11;2025-11-26;0;61.2
11;2025-11-26;1;1.0
11;2025-11-26;2;2.6
11;2025-11-26;3;1.4
11;2025-11-26;4;11.4
11;2025-11-26;5;276.9
11;2025-11-26;6;1283.1
11;2025-11-26;7;2411.3
11;2025-11-26;8;3155.9
11;2025-11-26;9;2391.0
11;2025-11-26;10;1910.3
11;2025-11-26;11;1882.2
11;2025-11-26;12;1891.7
11;2025-11-26;13;1985.6
11;2025-11-26;14;1920.6
11;2025-11-26;15;1882.9
11;2025-11-26;16;2090.4
11;2025-11-26;17;2666.0
11;2025-11-26;18;3056.5
11;2025-11-26;19;2363.9
11;2025-11-26;20;1525.7
11;2025-11-26;21;888.8
11;2025-11-26;22;470.2
11;2025-11-26;23;259.9
11;2025-11-27;0;60.0
11;2025-11-27;1;4.8
11;2025-11-27;2;5.1
11;2025-11-27;3;4.5
11;2025-11-27;4;16.0
11;2025-11-27;5;279.5
11;2025-11-27;6;1326.2
11;2025-11-27;7;2371.0
11;2025-11-27;8;3137.4
11;2025-11-27;9;2416.4
11;2025-11-27;10;2049.3
11;2025-11-27;11;1809.1
11;2025-11-27;12;1969.9
11;2025-11-27;13;1975.6
11;2025-11-27;14;2018.5
11;2025-11-27;15;1995.3
11;2025-11-27;16;2347.8
11;2025-11-27;17;2857.8
11;2025-11-27;18;3185.4
11;2025-11-27;19;2349.0
11;2025-11-27;20;1540.6
11;2025-11-27;21;955.2
11;2025-11-27;22;486.8
11;2025-11-27;23;261.2
11;2025-11-28;0;67.4
11;2025-11-28;1;2.6
11;2025-11-28;2;4.0
11;2025-11-28;3;0.9
11;2025-11-28;4;10.9
11;2025-11-28;5;292.5
11;2025-11-28;6;1292.5
11;2025-11-28;7;2326.8
11;2025-11-28;8;3055.4
11;2025-11-28;9;2280.1
11;2025-11-28;10;1874.1
11;2025-11-28;11;1777.9
11;2025-11-28;12;1893.6
11;2025-11-28;13;1888.0
11;2025-11-28;14;1962.1
11;2025-11-28;15;2018.7
11;2025-11-28;16;2371.5
11;2025-11-28;17;2743.0
11;2025-11-28;18;2479.7
11;2025-11-28;19;2038.8
11;2025-11-28;20;1399.3
11;2025-11-28;21;910.0
11;2025-11-28;22;470.3
11;2025-11-28;23;302.2
11;2025-11-29;0;98.1
11;2025-11-29;1;22.0
11;2025-11-29;2;12.0
11;2025-11-29;3;7.7
11;2025-11-29;4;13.7
11;2025-11-29;5;188.1
11;2025-11-29;6;749.8
11;2025-11-29;7;743.9
11;2025-11-29;8;967.3
11;2025-11-29;9;1160.3
11;2025-11-29;10;1322.6
11;2025-11-29;11;1587.7
11;2025-11-29;12;1741.6
11;2025-11-29;13;1737.7
11;2025-11-29;14;1789.4
11;2025-11-29;15;1792.3
11;2025-11-29;16;1720.7
11;2025-11-29;17;1761.6
11;2025-11-29;18;1579.5
11;2025-11-29;19;1446.2
11;2025-11-29;20;1112.7
11;2025-11-29;21;796.6
11;2025-11-29;22;486.4
11;2025-11-29;23;303.6
11;2025-11-30;0;96.7
11;2025-11-30;1;21.0
11;2025-11-30;2;4.5
11;2025-11-30;3;0.0
11;2025-11-30;4;5.6
11;2025-11-30;5;128.0
11;2025-11-30;6;518.9
11;2025-11-30;7;513.9
11;2025-11-30;8;680.0
11;2025-11-30;9;922.3
11;2025-11-30;10;1080.6
11;2025-11-30;11;1383.4
11;2025-11-30;12;1537.3
11;2025-11-30;13;1560.9
11;2025-11-30;14;1577.9
11;2025-11-30;15;1565.1
11;2025-11-30;16;1565.3
11;2025-11-30;17;1592.1
11;2025-11-30;18;1361.2
11;2025-11-30;19;1184.3
11;2025-11-30;20;920.0
11;2025-11-30;21;678.2
11;2025-11-30;22;412.9
11;2025-11-30;23;235.3
11;2025-12-01;0;70.7
11;2025-12-01;1;5.2
11;2025-12-01;2;3.3
11;2025-12-01;3;1.4
11;2025-12-01;4;13.0
11;2025-12-01;5;294.5
11;2025-12-01;6;1420.0
11;2025-12-01;7;2545.6
11;2025-12-01;8;3261.3
11;2025-12-01;9;2459.4
11;2025-12-01;10;1977.5
11;2025-12-01;11;1942.9
11;2025-12-01;12;1927.0
11;2025-12-01;13;1982.3
11;2025-12-01;14;2013.5
11;2025-12-01;15;2130.9
11;2025-12-01;16;2345.9
11;2025-12-01;17;2915.8
11;2025-12-01;18;3185.5
11;2025-12-01;19;2420.7
11;2025-12-01;20;1500.9
11;2025-12-01;21;919.3
11;2025-12-01;22;438.3
11;2025-12-01;23;226.9
11;2025-12-02;0;50.5
11;2025-12-02;1;0.4
11;2025-12-02;2;3.7
11;2025-12-02;3;2.8
11;2025-12-02;4;14.7
11;2025-12-02;5;293.9
11;2025-12-02;6;1375.4
11;2025-12-02;7;2551.8
11;2025-12-02;8;3426.5
11;2025-12-02;9;2569.0
11;2025-12-02;10;2025.3
11;2025-12-02;11;1942.8
11;2025-12-02;12;2001.0
11;2025-12-02;13;2114.4
11;2025-12-02;14;2018.6
11;2025-12-02;15;2062.7
11;2025-12-02;16;2374.3
11;2025-12-02;17;2991.6
11;2025-12-02;18;3263.4
11;2025-12-02;19;2501.1
11;2025-12-02;20;1717.3
11;2025-12-02;21;950.3
11;2025-12-02;22;487.1
11;2025-12-02;23;243.6
11;2025-12-03;0;65.4
11;2025-12-03;1;1.1
11;2025-12-03;2;2.7
11;2025-12-03;3;1.5
11;2025-12-03;4;12.2
11;2025-12-03;5;295.8
11;2025-12-03;6;1370.7
11;2025-12-03;7;2575.9
11;2025-12-03;8;3371.3
11;2025-12-03;9;2554.2
11;2025-12-03;10;2040.7
11;2025-12-03;11;2010.7
11;2025-12-03;12;2020.8
11;2025-12-03;13;2121.1
11;2025-12-03;14;2051.6
11;2025-12-03;15;2011.4
11;2025-12-03;16;2233.1
11;2025-12-03;17;2847.9
11;2025-12-03;18;3265.1
11;2025-12-03;19;2525.2
11;2025-12-03;20;1629.9
11;2025-12-03;21;949.4
11;2025-12-03;22;502.3
11;2025-12-03;23;277.6
11;2025-12-04;0;64.1
11;2025-12-04;1;5.2
11;2025-12-04;2;5.5
11;2025-12-04;3;4.8
11;2025-12-04;4;17.1
11;2025-12-04;5;298.6
11;2025-12-04;6;1416.8
11;2025-12-04;7;2532.9
11;2025-12-04;8;3351.5
11;2025-12-04;9;2581.4
11;2025-12-04;10;2189.2
11;2025-12-04;11;1932.5
11;2025-12-04;12;2104.4
11;2025-12-04;13;2110.4
11;2025-12-04;14;2156.2
11;2025-12-04;15;2131.5
11;2025-12-04;16;2508.0
11;2025-12-04;17;3052.8
11;2025-12-04;18;3402.8
11;2025-12-04;19;2509.3
11;2025-12-04;20;1645.8
11;2025-12-04;21;1020.4
11;2025-12-04;22;520.1
11;2025-12-04;23;279.0
11;2025-12-05;0;72.0
11;2025-12-05;1;2.8
11;2025-12-05;2;4.3
11;2025-12-05;3;1.0
11;2025-12-05;4;11.7
11;2025-12-05;5;312.5
11;2025-12-05;6;1380.8
11;2025-12-05;7;2485.6
11;2025-12-05;8;3264.0
11;2025-12-05;9;2435.7
11;2025-12-05;10;2002.0
11;2025-12-05;11;1899.3
11;2025-12-05;12;2022.8
11;2025-12-05;13;2016.9
11;2025-12-05;14;2096.1
11;2025-12-05;15;2156.5
11;2025-12-05;16;2533.3
11;2025-12-05;17;2930.2
11;2025-12-05;18;2649.0
11;2025-12-05;19;2178.0
11;2025-12-05;20;1494.8
11;2025-12-05;21;972.2
11;2025-12-05;22;502.4
11;2025-12-05;23;322.8
11;2025-12-06;0;104.8
11;2025-12-06;1;23.5
11;2025-12-06;2;12.9
11;2025-12-06;3;8.2
11;2025-12-06;4;14.6
11;2025-12-06;5;201.0
11;2025-12-06;6;801.0
11;2025-12-06;7;794.7
11;2025-12-06;8;1033.3
11;2025-12-06;9;1239.4
11;2025-12-06;10;1412.9
11;2025-12-06;11;1696.0
11;2025-12-06;12;1860.5
11;2025-12-06;13;1856.2
11;2025-12-06;14;1911.5
11;2025-12-06;15;1914.7
11;2025-12-06;16;1838.1
11;2025-12-06;17;1881.9
11;2025-12-06;18;1687.3
11;2025-12-06;19;1544.9
11;2025-12-06;20;1188.6
11;2025-12-06;21;851.0
11;2025-12-06;22;519.6
11;2025-12-06;23;324.4
11;2025-12-07;0;103.3
11;2025-12-07;1;22.4
11;2025-12-07;2;4.8
11;2025-12-07;3;0.0
11;2025-12-07;4;6.0
11;2025-12-07;5;136.8
11;2025-12-07;6;554.3
11;2025-12-07;7;549.0
11;2025-12-07;8;726.4
11;2025-12-07;9;985.2
11;2025-12-07;10;1154.4
11;2025-12-07;11;1477.8
11;2025-12-07;12;1642.2
11;2025-12-07;13;1667.5
11;2025-12-07;14;1685.6
11;2025-12-07;15;1671.9
11;2025-12-07;16;1672.2
11;2025-12-07;17;1700.8
11;2025-12-07;18;1454.2
11;2025-12-07;19;1265.2
11;2025-12-07;20;982.8
11;2025-12-07;21;724.5
11;2025-12-07;22;441.0
11;2025-12-07;23;251.3
11;2025-12-08;0;70.7
11;2025-12-08;1;5.2
11;2025-12-08;2;3.3
11;2025-12-08;3;1.4
11;2025-12-08;4;13.0
11;2025-12-08;5;294.5
11;2025-12-08;6;1420.0
11;2025-12-08;7;2545.6
11;2025-12-08;8;3261.3
11;2025-12-08;9;2459.4
11;2025-12-08;10;1977.5
11;2025-12-08;11;1942.9
11;2025-12-08;12;1927.0
11;2025-12-08;13;1982.3
11;2025-12-08;14;2013.5
11;2025-12-08;15;2130.9
11;2025-12-08;16;2345.9
11;2025-12-08;17;2915.8
11;2025-12-08;18;3185.5
11;2025-12-08;19;2420.7
11;2025-12-08;20;1500.9
11;2025-12-08;21;919.3
11;2025-12-08;22;438.3
11;2025-12-08;23;226.9
11;2025-12-09;0;50.5
11;2025-12-09;1;0.4
11;2025-12-09;2;3.7
11;2025-12-09;3;2.8
11;2025-12-09;4;14.7
11;2025-12-09;5;293.9
11;2025-12-09;6;1375.4
11;2025-12-09;7;2551.8
11;2025-12-09;8;3426.5
11;2025-12-09;9;2569.0
11;2025-12-09;10;2025.3
11;2025-12-09;11;1942.8
11;2025-12-09;12;2001.0
11;2025-12-09;13;2114.4
11;2025-12-09;14;2018.6
11;2025-12-09;15;2062.7
11;2025-12-09;16;2374.3
11;2025-12-09;17;2991.6
11;2025-12-09;18;3263.4
11;2025-12-09;19;2501.1
11;2025-12-09;20;1717.3
11;2025-12-09;21;950.3
11;2025-12-09;22;487.1
11;2025-12-09;23;243.6
11;2025-12-10;0;65.4
11;2025-12-10;1;1.1
11;2025-12-10;2;2.7
11;2025-12-10;3;1.5
11;2025-12-10;4;12.2
11;2025-12-10;5;295.8
11;2025-12-10;6;1370.7
11;2025-12-10;7;2575.9
11;2025-12-10;8;3371.3
11;2025-12-10;9;2554.2
11;2025-12-10;10;2040.7
11;2025-12-10;11;2010.7
11;2025-12-10;12;2020.8
11;2025-12-10;13;2121.1
11;2025-12-10;14;2051.6
11;2025-12-10;15;2011.4
11;2025-12-10;16;2233.1
11;2025-12-10;17;2847.9
11;2025-12-10;18;3265.1
11;2025-12-10;19;2525.2
11;2025-12-10;20;1629.9
11;2025-12-10;21;949.4
11;2025-12-10;22;502.3
11;2025-12-10;23;277.6
11;2025-12-11;0;64.1
11;2025-12-11;1;5.2
11;2025-12-11;2;5.5
11;2025-12-11;3;4.8
11;2025-12-11;4;17.1
11;2025-12-11;5;298.6
11;2025-12-11;6;1416.8
11;2025-12-11;7;2532.9
11;2025-12-11;8;3351.5
11;2025-12-11;9;2581.4
11;2025-12-11;10;2189.2
11;2025-12-11;11;1932.5
11;2025-12-11;12;2104.4
11;2025-12-11;13;2110.4
11;2025-12-11;14;2156.2
11;2025-12-11;15;2131.5
11;2025-12-11;16;2508.0
11;2025-12-11;17;3052.8
11;2025-12-11;18;3402.8
11;2025-12-11;19;2509.3
11;2025-12-11;20;1645.8
11;2025-12-11;21;1020.4
11;2025-12-11;22;520.1
11;2025-12-11;23;279.0
11;2025-12-12;0;72.0
11;2025-12-12;1;2.8
11;2025-12-12;2;4.3
11;2025-12-12;3;1.0
11;2025-12-12;4;11.7
11;2025-12-12;5;312.5
11;2025-12-12;6;1380.8
11;2025-12-12;7;2485.6
11;2025-12-12;8;3264.0
11;2025-12-12;9;2435.7
11;2025-12-12;10;2002.0
11;2025-12-12;11;1899.3
11;2025-12-12;12;2022.8
11;2025-12-12;13;2016.9
11;2025-12-12;14;2096.1
11;2025-12-12;15;2156.5
11;2025-12-12;16;2533.3
11;2025-12-12;17;2930.2
11;2025-12-12;18;2649.0
11;2025-12-12;19;2178.0
11;2025-12-12;20;1494.8
11;2025-12-12;21;972.2
11;2025-12-12;22;502.4
11;2025-12-12;23;322.8
11;2025-12-13;0;104.8
11;2025-12-13;1;23.5
11;2025-12-13;2;12.9
11;2025-12-13;3;8.2
11;2025-12-13;4;14.6
11;2025-12-13;5;201.0
11;2025-12-13;6;801.0
11;2025-12-13;7;794.7
11;2025-12-13;8;1033.3
11;2025-12-13;9;1239.4
11;2025-12-13;10;1412.9
11;2025-12-13;11;1696.0
11;2025-12-13;12;1860.5
11;2025-12-13;13;1856.2
11;2025-12-13;14;1911.5
11;2025-12-13;15;1914.7
11;2025-12-13;16;1838.1
11;2025-12-13;17;1881.9
11;2025-12-13;18;1687.3
11;2025-12-13;19;1544.9
11;2025-12-13;20;1188.6
11;2025-12-13;21;851.0
11;2025-12-13;22;519.6
11;2025-12-13;23;324.4
11;2025-12-14;0;103.3
11;2025-12-14;1;22.4
11;2025-12-14;2;4.8
11;2025-12-14;3;0.0
11;2025-12-14;4;6.0
11;2025-12-14;5;136.8
11;2025-12-14;6;554.3
11;2025-12-14;7;549.0
11;2025-12-14;8;726.4
11;2025-12-14;9;985.2
11;2025-12-14;10;1154.4
11;2025-12-14;11;1477.8
11;2025-12-14;12;1642.2
11;2025-12-14;13;1667.5
11;2025-12-14;14;1685.6
11;2025-12-14;15;1671.9
11;2025-12-14;16;1672.2
11;2025-12-14;17;1700.8
11;2025-12-14;18;1454.2
11;2025-12-14;19;1265.2
11;2025-12-14;20;982.8
11;2025-12-14;21;724.5
11;2025-12-14;22;441.0
11;2025-12-14;23;251.3
11;2025-12-15;0;70.7
11;2025-12-15;1;5.2
11;2025-12-15;2;3.3
11;2025-12-15;3;1.4
11;2025-12-15;4;13.0
11;2025-12-15;5;294.5
11;2025-12-15;6;1420.0
11;2025-12-15;7;2545.6
11;2025-12-15;8;3261.3
11;2025-12-15;9;2459.4
11;2025-12-15;10;1977.5
11;2025-12-15;11;1942.9
11;2025-12-15;12;1927.0
11;2025-12-15;13;1982.3
11;2025-12-15;14;2013.5
11;2025-12-15;15;2130.9
11;2025-12-15;16;2345.9
11;2025-12-15;17;2915.8
11;2025-12-15;18;3185.5
11;2025-12-15;19;2420.7
11;2025-12-15;20;1500.9
11;2025-12-15;21;919.3
11;2025-12-15;22;438.3
11;2025-12-15;23;226.9
11;2025-12-16;0;50.5
11;2025-12-16;1;0.4
11;2025-12-16;2;3.7
11;2025-12-16;3;2.8
11;2025-12-16;4;14.7
11;2025-12-16;5;293.9
11;2025-12-16;6;1375.4
11;2025-12-16;7;2551.8
11;2025-12-16;8;3426.5
11;2025-12-16;9;2569.0
11;2025-12-16;10;2025.3
11;2025-12-16;11;1942.8
11;2025-12-16;12;2001.0
11;2025-12-16;13;2114.4
11;2025-12-16;14;2018.6
11;2025-12-16;15;2062.7
11;2025-12-16;16;2374.3
11;2025-12-16;17;2991.6
11;2025-12-16;18;3263.4
11;2025-12-16;19;2501.1
11;2025-12-16;20;1717.3
11;2025-12-16;21;950.3
11;2025-12-16;22;487.1
11;2025-12-16;23;243.6
11;2025-12-17;0;65.4
11;2025-12-17;1;1.1
11;2025-12-17;2;2.7
11;2025-12-17;3;1.5
11;2025-12-17;4;12.2
11;2025-12-17;5;295.8
11;2025-12-17;6;1370.7
11;2025-12-17;7;2575.9
11;2025-12-17;8;3371.3
11;2025-12-17;9;2554.2
11;2025-12-17;10;2040.7
11;2025-12-17;11;2010.7
11;2025-12-17;12;2020.8
11;2025-12-17;13;2121.1
11;2025-12-17;14;2051.6
11;2025-12-17;15;2011.4
11;2025-12-17;16;2233.1
11;2025-12-17;17;2847.9
11;2025-12-17;18;3265.1
11;2025-12-17;19;2525.2
11;2025-12-17;20;1629.9
11;2025-12-17;21;949.4
11;2025-12-17;22;502.3
11;2025-12-17;23;277.6
11;2025-12-18;0;64.1
11;2025-12-18;1;5.2
11;2025-12-18;2;5.5
11;2025-12-18;3;4.8
11;2025-12-18;4;17.1
11;2025-12-18;5;298.6
11;2025-12-18;6;1416.8
11;2025-12-18;7;2532.9
11;2025-12-18;8;3351.5
11;2025-12-18;9;2581.4
11;2025-12-18;10;2189.2
11;2025-12-18;11;1932.5
11;2025-12-18;12;2104.4
11;2025-12-18;13;2110.4
11;2025-12-18;14;2156.2
11;2025-12-18;15;2131.5
11;2025-12-18;16;2508.0
11;2025-12-18;17;3052.8
11;2025-12-18;18;3402.8
11;2025-12-18;19;2509.3
11;2025-12-18;20;1645.8
11;2025-12-18;21;1020.4
11;2025-12-18;22;520.1
11;2025-12-18;23;279.0
11;2025-12-19;0;72.0
11;2025-12-19;1;2.8
11;2025-12-19;2;4.3
11;2025-12-19;3;1.0
11;2025-12-19;4;11.7
11;2025-12-19;5;312.5
11;2025-12-19;6;1380.8
11;2025-12-19;7;2485.6
11;2025-12-19;8;3264.0
11;2025-12-19;9;2435.7
11;2025-12-19;10;2002.0
11;2025-12-19;11;1899.3
11;2025-12-19;12;2022.8
11;2025-12-19;13;2016.9
11;2025-12-19;14;2096.1
11;2025-12-19;15;2156.5
11;2025-12-19;16;2533.3
11;2025-12-19;17;2930.2
11;2025-12-19;18;2649.0
11;2025-12-19;19;2178.0
11;2025-12-19;20;1494.8
11;2025-12-19;21;972.2
11;2025-12-19;22;502.4
11;2025-12-19;23;322.8
11;2025-12-20;0;104.8
11;2025-12-20;1;23.5
11;2025-12-20;2;12.9
11;2025-12-20;3;8.2
11;2025-12-20;4;14.6
11;2025-12-20;5;201.0
11;2025-12-20;6;801.0
11;2025-12-20;7;794.7
11;2025-12-20;8;1033.3
11;2025-12-20;9;1239.4
11;2025-12-20;10;1412.9
11;2025-12-20;11;1696.0
11;2025-12-20;12;1860.5
11;2025-12-20;13;1856.2
11;2025-12-20;14;1911.5
11;2025-12-20;15;1914.7
11;2025-12-20;16;1838.1
11;2025-12-20;17;1881.9
11;2025-12-20;18;1687.3
11;2025-12-20;19;1544.9
11;2025-12-20;20;1188.6
11;2025-12-20;21;851.0
11;2025-12-20;22;519.6
11;2025-12-20;23;324.4
11;2025-12-21;0;103.3
11;2025-12-21;1;22.4
11;2025-12-21;2;4.8
11;2025-12-21;3;0.0
11;2025-12-21;4;6.0
11;2025-12-21;5;136.8
11;2025-12-21;6;554.3
11;2025-12-21;7;549.0
11;2025-12-21;8;726.4
11;2025-12-21;9;985.2
11;2025-12-21;10;1154.4
11;2025-12-21;11;1477.8
11;2025-12-21;12;1642.2
11;2025-12-21;13;1667.5
11;2025-12-21;14;1685.6
11;2025-12-21;15;1671.9
11;2025-12-21;16;1672.2
11;2025-12-21;17;1700.8
11;2025-12-21;18;1454.2
11;2025-12-21;19;1265.2
11;2025-12-21;20;982.8
11;2025-12-21;21;724.5
11;2025-12-21;22;441.0
11;2025-12-21;23;251.3
11;2025-12-22;0;70.7
11;2025-12-22;1;5.2
11;2025-12-22;2;3.3
11;2025-12-22;3;1.4
11;2025-12-22;4;13.0
11;2025-12-22;5;294.5
11;2025-12-22;6;1420.0
11;2025-12-22;7;2545.6
11;2025-12-22;8;3261.3
11;2025-12-22;9;2459.4
11;2025-12-22;10;1977.5
11;2025-12-22;11;1942.9
11;2025-12-22;12;1927.0
11;2025-12-22;13;1982.3
11;2025-12-22;14;2013.5
11;2025-12-22;15;2130.9
11;2025-12-22;16;2345.9
11;2025-12-22;17;2915.8
11;2025-12-22;18;3185.5
11;2025-12-22;19;2420.7
11;2025-12-22;20;1500.9
11;2025-12-22;21;919.3
11;2025-12-22;22;438.3
11;2025-12-22;23;226.9
11;2025-12-23;0;50.5
11;2025-12-23;1;0.4
11;2025-12-23;2;3.7
11;2025-12-23;3;2.8
11;2025-12-23;4;14.7
11;2025-12-23;5;293.9
11;2025-12-23;6;1375.4
11;2025-12-23;7;2551.8
11;2025-12-23;8;3426.5
11;2025-12-23;9;2569.0
11;2025-12-23;10;2025.3
11;2025-12-23;11;1942.8
11;2025-12-23;12;2001.0
11;2025-12-23;13;2114.4
11;2025-12-23;14;2018.6
11;2025-12-23;15;2062.7
11;2025-12-23;16;2374.3
11;2025-12-23;17;2991.6
11;2025-12-23;18;3263.4
11;2025-12-23;19;2501.1
11;2025-12-23;20;1717.3
11;2025-12-23;21;950.3
11;2025-12-23;22;487.1
11;2025-12-23;23;243.6
11;2025-12-24;0;65.4
11;2025-12-24;1;1.1
11;2025-12-24;2;2.7
11;2025-12-24;3;1.5
11;2025-12-24;4;12.2
11;2025-12-24;5;295.8
11;2025-12-24;6;1370.7
11;2025-12-24;7;2575.9
11;2025-12-24;8;3371.3
11;2025-12-24;9;2554.2
11;2025-12-24;10;2040.7
11;2025-12-24;11;2010.7
11;2025-12-24;12;2020.8
11;2025-12-24;13;2121.1
11;2025-12-24;14;2051.6
11;2025-12-24;15;2011.4
11;2025-12-24;16;2233.1
11;2025-12-24;17;2847.9
11;2025-12-24;18;3265.1
11;2025-12-24;19;2525.2
11;2025-12-24;20;1629.9
11;2025-12-24;21;949.4
11;2025-12-24;22;502.3
11;2025-12-24;23;277.6
11;2025-12-25;0;64.1
11;2025-12-25;1;5.2
11;2025-12-25;2;5.5
11;2025-12-25;3;4.8
11;2025-12-25;4;17.1
11;2025-12-25;5;298.6
11;2025-12-25;6;1416.8
11;2025-12-25;7;2532.9
11;2025-12-25;8;3351.5
11;2025-12-25;9;2581.4
11;2025-12-25;10;2189.2
11;2025-12-25;11;1932.5
11;2025-12-25;12;2104.4
11;2025-12-25;13;2110.4
11;2025-12-25;14;2156.2
11;2025-12-25;15;2131.5
11;2025-12-25;16;2508.0
11;2025-12-25;17;3052.8
11;2025-12-25;18;3402.8
11;2025-12-25;19;2509.3
11;2025-12-25;20;1645.8
11;2025-12-25;21;1020.4
11;2025-12-25;22;520.1
11;2025-12-25;23;279.0
11;2025-12-26;0;72.0
11;2025-12-26;1;2.8
11;2025-12-26;2;4.3
11;2025-12-26;3;1.0
11;2025-12-26;4;11.7
11;2025-12-26;5;312.5
11;2025-12-26;6;1380.8
11;2025-12-26;7;2485.6
11;2025-12-26;8;3264.0
11;2025-12-26;9;2435.7
11;2025-12-26;10;2002.0
11;2025-12-26;11;1899.3
11;2025-12-26;12;2022.8
11;2025-12-26;13;2016.9
11;2025-12-26;14;2096.1
11;2025-12-26;15;2156.5
11;2025-12-26;16;2533.3
11;2025-12-26;17;2930.2
11;2025-12-26;18;2649.0
11;2025-12-26;19;2178.0
11;2025-12-26;20;1494.8
11;2025-12-26;21;972.2
11;2025-12-26;22;502.4
11;2025-12-26;23;322.8
11;2025-12-27;0;104.8
11;2025-12-27;1;23.5
11;2025-12-27;2;12.9
11;2025-12-27;3;8.2
11;2025-12-27;4;14.6
11;2025-12-27;5;201.0
11;2025-12-27;6;801.0
11;2025-12-27;7;794.7
11;2025-12-27;8;1033.3
11;2025-12-27;9;1239.4
11;2025-12-27;10;1412.9
11;2025-12-27;11;1696.0
11;2025-12-27;12;1860.5
11;2025-12-27;13;1856.2
11;2025-12-27;14;1911.5
11;2025-12-27;15;1914.7
11;2025-12-27;16;1838.1
11;2025-12-27;17;1881.9
11;2025-12-27;18;1687.3
11;2025-12-27;19;1544.9
11;2025-12-27;20;1188.6
11;2025-12-27;21;851.0
11;2025-12-27;22;519.6
11;2025-12-27;23;324.4
11;2025-12-28;0;103.3
11;2025-12-28;1;22.4
11;2025-12-28;2;4.8
11;2025-12-28;3;0.0
11;2025-12-28;4;6.0
11;2025-12-28;5;136.8
11;2025-12-28;6;554.3
11;2025-12-28;7;549.0
11;2025-12-28;8;726.4
11;2025-12-28;9;985.2
11;2025-12-28;10;1154.4
11;2025-12-28;11;1477.8
11;2025-12-28;12;1642.2
11;2025-12-28;13;1667.5
11;2025-12-28;14;1685.6
11;2025-12-28;15;1671.9
11;2025-12-28;16;1672.2
11;2025-12-28;17;1700.8
11;2025-12-28;18;1454.2
11;2025-12-28;19;1265.2
11;2025-12-28;20;982.8
11;2025-12-28;21;724.5
11;2025-12-28;22;441.0
11;2025-12-28;23;251.3
11;2025-12-29;0;70.7
11;2025-12-29;1;5.2
11;2025-12-29;2;3.3
11;2025-12-29;3;1.4
11;2025-12-29;4;13.0
11;2025-12-29;5;294.5
11;2025-12-29;6;1420.0
11;2025-12-29;7;2545.6
11;2025-12-29;8;3261.3
11;2025-12-29;9;2459.4
11;2025-12-29;10;1977.5
11;2025-12-29;11;1942.9
11;2025-12-29;12;1927.0
11;2025-12-29;13;1982.3
11;2025-12-29;14;2013.5
11;2025-12-29;15;2130.9
11;2025-12-29;16;2345.9
11;2025-12-29;17;2915.8
11;2025-12-29;18;3185.5
11;2025-12-29;19;2420.7
11;2025-12-29;20;1500.9
11;2025-12-29;21;919.3
11;2025-12-29;22;438.3
11;2025-12-29;23;226.9
11;2025-12-30;0;57.4
11;2025-12-30;1;4.7
11;2025-12-30;2;13.5
11;2025-12-30;3;11.1
11;2025-12-30;4;27.1
11;2025-12-30;5;314.7
11;2025-12-30;6;1392.5
11;2025-12-30;7;2560.7
11;2025-12-30;8;3429.7
11;2025-12-30;9;2598.9
11;2025-12-30;10;2081.0
11;2025-12-30;11;2023.2
11;2025-12-30;12;2092.2
11;2025-12-30;13;2217.1
11;2025-12-30;14;2139.5
11;2025-12-30;15;2205.0
11;2025-12-30;16;2520.1
11;2025-12-30;17;3010.0
11;2025-12-30;18;3011.1
11;2025-12-30;19;2419.9
11;2025-12-30;20;1725.9
11;2025-12-30;21;990.1
11;2025-12-30;22;526.3
11;2025-12-30;23;288.6
11;2025-12-31;0;43.0
11;2025-12-31;1;0.1
11;2025-12-31;2;0.0
11;2025-12-31;3;0.0
11;2025-12-31;4;0.0
11;2025-12-31;5;87.2
11;2025-12-31;6;525.3
11;2025-12-31;7;446.0
11;2025-12-31;8;565.0
11;2025-12-31;9;653.9
11;2025-12-31;10;783.6
11;2025-12-31;11;1037.9
11;2025-12-31;12;1247.9
11;2025-12-31;13;1347.8
11;2025-12-31;14;1378.7
11;2025-12-31;15;1407.0
11;2025-12-31;16;1411.3
11;2025-12-31;17;1419.0
11;2025-12-31;18;1396.9
11;2025-12-31;19;1258.9
11;2025-12-31;20;980.9
11;2025-12-31;21;706.7
11;2025-12-31;22;396.2
11;2025-12-31;23;195.3
12;2025-11-01;0;104.8
12;2025-11-01;1;43.2
12;2025-11-01;2;39.2
12;2025-11-01;3;34.3
12;2025-11-01;4;49.4
12;2025-11-01;5;327.7
12;2025-11-01;6;1110.6
12;2025-11-01;7;1800.4
12;2025-11-01;8;2274.0
12;2025-11-01;9;1883.9
12;2025-11-01;10;1711.5
12;2025-11-01;11;1773.5
12;2025-11-01;12;1829.3
12;2025-11-01;13;1931.2
12;2025-11-01;14;1902.3
12;2025-11-01;15;2069.1
12;2025-11-01;16;2349.1
12;2025-11-01;17;2366.8
12;2025-11-01;18;2071.8
12;2025-11-01;19;1762.8
12;2025-11-01;20;1289.0
12;2025-11-01;21;909.6
12;2025-11-01;22;519.5
12;2025-11-01;23;313.5
12;2025-11-02;0;88.1
12;2025-11-02;1;15.3
12;2025-11-02;2;3.1
12;2025-11-02;3;0.0
12;2025-11-02;4;0.8
12;2025-11-02;5;146.1
12;2025-11-02;6;526.4
12;2025-11-02;7;622.4
12;2025-11-02;8;727.9
12;2025-11-02;9;948.2
12;2025-11-02;10;1108.7
12;2025-11-02;11;1263.2
12;2025-11-02;12;1348.0
12;2025-11-02;13;1485.6
12;2025-11-02;14;1468.1
12;2025-11-02;15;1461.9
12;2025-11-02;16;1456.1
12;2025-11-02;17;1432.7
12;2025-11-02;18;1323.9
12;2025-11-02;19;1084.3
12;2025-11-02;20;845.6
12;2025-11-02;21;631.0
12;2025-11-02;22;386.9
12;2025-11-02;23;188.1
12;2025-11-03;0;81.7
12;2025-11-03;1;14.6
12;2025-11-03;2;12.0
12;2025-11-03;3;10.2
12;2025-11-03;4;5.9
12;2025-11-03;5;188.0
12;2025-11-03;6;661.9
12;2025-11-03;7;713.1
12;2025-11-03;8;828.9
12;2025-11-03;9;924.1
12;2025-11-03;10;1106.6
12;2025-11-03;11;1324.7
12;2025-11-03;12;1543.9
12;2025-11-03;13;1682.3
12;2025-11-03;14;1702.3
12;2025-11-03;15;1689.4
12;2025-11-03;16;1730.4
12;2025-11-03;17;1643.0
12;2025-11-03;18;1539.6
12;2025-11-03;19;1365.1
12;2025-11-03;20;1032.2
12;2025-11-03;21;764.5
12;2025-11-03;22;476.7
12;2025-11-03;23;281.5
12;2025-11-04;0;79.1
12;2025-11-04;1;9.5
12;2025-11-04;2;7.3
12;2025-11-04;3;6.0
12;2025-11-04;4;6.3
12;2025-11-04;5;165.9
12;2025-11-04;6;602.8
12;2025-11-04;7;623.0
12;2025-11-04;8;721.5
12;2025-11-04;9;780.0
12;2025-11-04;10;927.2
12;2025-11-04;11;1126.1
12;2025-11-04;12;1330.4
12;2025-11-04;13;1460.5
12;2025-11-04;14;1479.8
12;2025-11-04;15;1461.7
12;2025-11-04;16;1510.5
12;2025-11-04;17;1449.7
12;2025-11-04;18;1375.3
12;2025-11-04;19;1237.4
12;2025-11-04;20;939.1
12;2025-11-04;21;693.8
12;2025-11-04;22;400.1
12;2025-11-04;23;202.4
12;2025-11-05;0;67.8
12;2025-11-05;1;12.0
12;2025-11-05;2;17.0
12;2025-11-05;3;14.6
12;2025-11-05;4;29.3
12;2025-11-05;5;351.6
12;2025-11-05;6;1433.7
12;2025-11-05;7;2624.9
12;2025-11-05;8;3417.1
12;2025-11-05;9;2512.4
12;2025-11-05;10;2062.8
12;2025-11-05;11;1998.2
12;2025-11-05;12;2068.3
12;2025-11-05;13;2085.1
12;2025-11-05;14;1980.8
12;2025-11-05;15;2275.9
12;2025-11-05;16;2677.4
12;2025-11-05;17;2970.3
12;2025-11-05;18;3140.0
12;2025-11-05;19;2411.9
12;2025-11-05;20;1586.3
12;2025-11-05;21;986.5
12;2025-11-05;22;507.8
12;2025-11-05;23;238.1
12;2025-11-06;0;60.9
12;2025-11-06;1;7.1
12;2025-11-06;2;5.5
12;2025-11-06;3;4.7
12;2025-11-06;4;17.7
12;2025-11-06;5;322.7
12;2025-11-06;6;1382.1
12;2025-11-06;7;2644.8
12;2025-11-06;8;3507.4
12;2025-11-06;9;2452.8
12;2025-11-06;10;2001.0
12;2025-11-06;11;1828.4
12;2025-11-06;12;1918.4
12;2025-11-06;13;2074.3
12;2025-11-06;14;1930.0
12;2025-11-06;15;2208.5
12;2025-11-06;16;2593.5
12;2025-11-06;17;3047.9
12;2025-11-06;18;3250.6
12;2025-11-06;19;2409.8
12;2025-11-06;20;1596.5
12;2025-11-06;21;966.2
12;2025-11-06;22;517.5
12;2025-11-06;23;264.3
12;2025-11-07;0;61.4
12;2025-11-07;1;3.8
12;2025-11-07;2;4.5
12;2025-11-07;3;0.4
12;2025-11-07;4;10.3
12;2025-11-07;5;334.6
12;2025-11-07;6;1352.1
12;2025-11-07;7;2599.2
12;2025-11-07;8;3367.0
12;2025-11-07;9;2447.6
12;2025-11-07;10;1957.3
12;2025-11-07;11;1982.3
12;2025-11-07;12;1996.7
12;2025-11-07;13;2097.3
12;2025-11-07;14;2066.2
12;2025-11-07;15;2397.6
12;2025-11-07;16;2854.8
12;2025-11-07;17;2961.1
12;2025-11-07;18;2575.2
12;2025-11-07;19;2096.2
12;2025-11-07;20;1442.2
12;2025-11-07;21;961.8
12;2025-11-07;22;512.6
12;2025-11-07;23;284.3
12;2025-11-08;0;88.2
12;2025-11-08;1;19.0
12;2025-11-08;2;10.7
12;2025-11-08;3;5.3
12;2025-11-08;4;7.8
12;2025-11-08;5;214.2
12;2025-11-08;6;740.6
12;2025-11-08;7;832.6
12;2025-11-08;8;1003.7
12;2025-11-08;9;1177.7
12;2025-11-08;10;1349.5
12;2025-11-08;11;1466.6
12;2025-11-08;12;1569.6
12;2025-11-08;13;1675.4
12;2025-11-08;14;1641.3
12;2025-11-08;15;1589.3
12;2025-11-08;16;1628.7
12;2025-11-08;17;1592.0
12;2025-11-08;18;1480.7
12;2025-11-08;19;1346.6
12;2025-11-08;20;1030.1
12;2025-11-08;21;769.7
12;2025-11-08;22;441.9
12;2025-11-08;23;263.8
12;2025-11-09;0;88.1
12;2025-11-09;1;15.3
12;2025-11-09;2;3.1
12;2025-11-09;3;0.0
12;2025-11-09;4;0.8
12;2025-11-09;5;146.1
12;2025-11-09;6;526.4
12;2025-11-09;7;622.4
12;2025-11-09;8;727.9
12;2025-11-09;9;948.2
12;2025-11-09;10;1108.7
12;2025-11-09;11;1263.2
12;2025-11-09;12;1348.0
12;2025-11-09;13;1485.6
12;2025-11-09;14;1468.1
12;2025-11-09;15;1461.9
12;2025-11-09;16;1456.1
12;2025-11-09;17;1432.7
12;2025-11-09;18;1323.9
12;2025-11-09;19;1084.3
12;2025-11-09;20;845.6
12;2025-11-09;21;631.0
12;2025-11-09;22;386.9
12;2025-11-09;23;188.1
12;2025-11-10;0;55.5
12;2025-11-10;1;1.0
12;2025-11-10;2;4.3
12;2025-11-10;3;2.2
12;2025-11-10;4;14.8
12;2025-11-10;5;321.3
12;2025-11-10;6;1405.1
12;2025-11-10;7;2581.1
12;2025-11-10;8;3461.3
12;2025-11-10;9;2481.0
12;2025-11-10;10;1973.5
12;2025-11-10;11;1881.5
12;2025-11-10;12;2010.8
12;2025-11-10;13;1976.3
12;2025-11-10;14;1953.5
12;2025-11-10;15;2105.4
12;2025-11-10;16;2537.5
12;2025-11-10;17;2969.4
12;2025-11-10;18;3216.9
12;2025-11-10;19;2312.1
12;2025-11-10;20;1592.2
12;2025-11-10;21;926.1
12;2025-11-10;22;457.6
12;2025-11-10;23;216.6
12;2025-11-11;0;56.6
12;2025-11-11;1;1.5
12;2025-11-11;2;6.6
12;2025-11-11;3;3.5
12;2025-11-11;4;18.0
12;2025-11-11;5;340.6
12;2025-11-11;6;1434.3
12;2025-11-11;7;2688.0
12;2025-11-11;8;3490.1
12;2025-11-11;9;2522.0
12;2025-11-11;10;2034.8
12;2025-11-11;11;1878.3
12;2025-11-11;12;1928.0
12;2025-11-11;13;2027.5
12;2025-11-11;14;1953.6
12;2025-11-11;15;2150.7
12;2025-11-11;16;2522.0
12;2025-11-11;17;2947.3
12;2025-11-11;18;3256.1
12;2025-11-11;19;2360.6
12;2025-11-11;20;1558.8
12;2025-11-11;21;954.2
12;2025-11-11;22;489.8
12;2025-11-11;23;243.6
12;2025-11-12;0;58.7
12;2025-11-12;1;2.7
12;2025-11-12;2;4.5
12;2025-11-12;3;2.0
12;2025-11-12;4;15.5
12;2025-11-12;5;335.0
12;2025-11-12;6;1414.8
12;2025-11-12;7;2598.3
12;2025-11-12;8;3402.4
12;2025-11-12;9;2499.0
12;2025-11-12;10;2053.3
12;2025-11-12;11;1986.8
12;2025-11-12;12;2043.6
12;2025-11-12;13;2053.7
12;2025-11-12;14;1948.3
12;2025-11-12;15;2240.4
12;2025-11-12;16;2640.6
12;2025-11-12;17;2947.9
12;2025-11-12;18;3116.0
12;2025-11-12;19;2425.3
12;2025-11-12;20;1607.5
12;2025-11-12;21;1015.9
12;2025-11-12;22;524.2
12;2025-11-12;23;251.6
12;2025-11-13;0;60.9
12;2025-11-13;1;7.1
12;2025-11-13;2;5.5
12;2025-11-13;3;4.7
12;2025-11-13;4;17.7
12;2025-11-13;5;322.7
12;2025-11-13;6;1382.1
12;2025-11-13;7;2644.8
12;2025-11-13;8;3507.4
12;2025-11-13;9;2452.8
12;2025-11-13;10;2001.0
12;2025-11-13;11;1828.4
12;2025-11-13;12;1918.4
12;2025-11-13;13;2074.3
12;2025-11-13;14;1930.0
12;2025-11-13;15;2208.5
12;2025-11-13;16;2593.5
12;2025-11-13;17;3047.9
12;2025-11-13;18;3250.6
12;2025-11-13;19;2409.8
12;2025-11-13;20;1596.5
12;2025-11-13;21;966.2
12;2025-11-13;22;517.5
12;2025-11-13;23;264.3
12;2025-11-14;0;61.4
12;2025-11-14;1;3.8
12;2025-11-14;2;4.5
12;2025-11-14;3;0.4
12;2025-11-14;4;10.3
12;2025-11-14;5;334.6
12;2025-11-14;6;1352.1
12;2025-11-14;7;2599.2
12;2025-11-14;8;3367.0
12;2025-11-14;9;2447.6
12;2025-11-14;10;1957.3
12;2025-11-14;11;1982.3
12;2025-11-14;12;1996.7
12;2025-11-14;13;2097.3
12;2025-11-14;14;2066.2
12;2025-11-14;15;2397.6
12;2025-11-14;16;2854.8
12;2025-11-14;17;2961.1
12;2025-11-14;18;2575.2
12;2025-11-14;19;2096.2
12;2025-11-14;20;1442.2
12;2025-11-14;21;961.8
12;2025-11-14;22;512.6
12;2025-11-14;23;284.3
12;2025-11-15;0;88.2
12;2025-11-15;1;19.0
12;2025-11-15;2;10.7
12;2025-11-15;3;5.3
12;2025-11-15;4;7.8
12;2025-11-15;5;214.2
12;2025-11-15;6;740.6
12;2025-11-15;7;832.6
12;2025-11-15;8;1003.7
12;2025-11-15;9;1177.7
12;2025-11-15;10;1349.5
12;2025-11-15;11;1466.6
12;2025-11-15;12;1569.6
12;2025-11-15;13;1675.4
12;2025-11-15;14;1641.3
12;2025-11-15;15;1589.3
12;2025-11-15;16;1628.7
12;2025-11-15;17;1592.0
12;2025-11-15;18;1480.7
12;2025-11-15;19;1346.6
12;2025-11-15;20;1030.1
12;2025-11-15;21;769.7
12;2025-11-15;22;441.9
12;2025-11-15;23;263.8
12;2025-11-16;0;88.1
12;2025-11-16;1;15.3
12;2025-11-16;2;3.1
12;2025-11-16;3;0.0
12;2025-11-16;4;0.8
12;2025-11-16;5;146.1
12;2025-11-16;6;526.4
12;2025-11-16;7;622.4
12;2025-11-16;8;727.9
12;2025-11-16;9;948.2
12;2025-11-16;10;1108.7
12;2025-11-16;11;1263.2
12;2025-11-16;12;1348.0
12;2025-11-16;13;1485.6
12;2025-11-16;14;1468.1
12;2025-11-16;15;1461.9
12;2025-11-16;16;1456.1
12;2025-11-16;17;1432.7
12;2025-11-16;18;1323.9
12;2025-11-16;19;1084.3
12;2025-11-16;20;845.6
12;2025-11-16;21;631.0
12;2025-11-16;22;386.9
12;2025-11-16;23;188.1
12;2025-11-17;0;55.5
12;2025-11-17;1;1.0
12;2025-11-17;2;4.3
12;2025-11-17;3;2.2
12;2025-11-17;4;14.8
12;2025-11-17;5;321.3
12;2025-11-17;6;1405.1
12;2025-11-17;7;2581.1
12;2025-11-17;8;3461.3
12;2025-11-17;9;2481.0
12;2025-11-17;10;1973.5
12;2025-11-17;11;1881.5
12;2025-11-17;12;2010.8
12;2025-11-17;13;1976.3
12;2025-11-17;14;1953.5
12;2025-11-17;15;2105.4
12;2025-11-17;16;2537.5
12;2025-11-17;17;2969.4
12;2025-11-17;18;3216.9
12;2025-11-17;19;2312.1
12;2025-11-17;20;1592.2
12;2025-11-17;21;926.1
12;2025-11-17;22;457.6
12;2025-11-17;23;216.6
12;2025-11-18;0;56.6
12;2025-11-18;1;1.5
12;2025-11-18;2;6.6
12;2025-11-18;3;3.5
12;2025-11-18;4;18.0
12;2025-11-18;5;340.6
12;2025-11-18;6;1434.3
12;2025-11-18;7;2688.0
12;2025-11-18;8;3490.1
12;2025-11-18;9;2522.0
12;2025-11-18;10;2034.8
12;2025-11-18;11;1878.3
12;2025-11-18;12;1928.0
12;2025-11-18;13;2027.5
12;2025-11-18;14;1953.6
12;2025-11-18;15;2150.7
12;2025-11-18;16;2522.0
12;2025-11-18;17;2947.3
12;2025-11-18;18;3256.1
12;2025-11-18;19;2360.6
12;2025-11-18;20;1558.8
12;2025-11-18;21;954.2
12;2025-11-18;22;489.8
12;2025-11-18;23;243.6
12;2025-11-19;0;58.7
12;2025-11-19;1;2.7
12;2025-11-19;2;4.5
12;2025-11-19;3;2.0
12;2025-11-19;4;15.5
12;2025-11-19;5;335.0
12;2025-11-19;6;1414.8
12;2025-11-19;7;2598.3
12;2025-11-19;8;3402.4
12;2025-11-19;9;2499.0
12;2025-11-19;10;2053.3
12;2025-11-19;11;1986.8
12;2025-11-19;12;2043.6
12;2025-11-19;13;2053.7
12;2025-11-19;14;1948.3
12;2025-11-19;15;2240.4
12;2025-11-19;16;2640.6
12;2025-11-19;17;2947.9
12;2025-11-19;18;3116.0
12;2025-11-19;19;2425.3
12;2025-11-19;20;1607.5
12;2025-11-19;21;1015.9
12;2025-11-19;22;524.2
12;2025-11-19;23;251.6
12;2025-11-20;0;60.9
12;2025-11-20;1;7.1
12;2025-11-20;2;5.5
12;2025-11-20;3;4.7
12;2025-11-20;4;17.7
12;2025-11-20;5;322.7
12;2025-11-20;6;1382.1
12;2025-11-20;7;2644.8
12;2025-11-20;8;3507.4
12;2025-11-20;9;2452.8
12;2025-11-20;10;2001.0
12;2025-11-20;11;1828.4
12;2025-11-20;12;1918.4
12;2025-11-20;13;2074.3
12;2025-11-20;14;1930.0
12;2025-11-20;15;2208.5
12;2025-11-20;16;2593.5
12;2025-11-20;17;3047.9
12;2025-11-20;18;3250.6
12;2025-11-20;19;2409.8
12;2025-11-20;20;1596.5
12;2025-11-20;21;966.2
12;2025-11-20;22;517.5
12;2025-11-20;23;264.3
12;2025-11-21;0;61.4
12;2025-11-21;1;3.8
12;2025-11-21;2;4.5
12;2025-11-21;3;0.4
12;2025-11-21;4;10.3
12;2025-11-21;5;334.6
12;2025-11-21;6;1352.1
12;2025-11-21;7;2599.2
12;2025-11-21;8;3367.0
12;2025-11-21;9;2447.6
12;2025-11-21;10;1957.3
12;2025-11-21;11;1982.3
12;2025-11-21;12;1996.7
12;2025-11-21;13;2097.3
12;2025-11-21;14;2066.2
12;2025-11-21;15;2397.6
12;2025-11-21;16;2854.8
12;2025-11-21;17;2961.1
12;2025-11-21;18;2575.2
12;2025-11-21;19;2096.2
12;2025-11-21;20;1442.2
12;2025-11-21;21;961.8
12;2025-11-21;22;512.6
12;2025-11-21;23;284.3
12;2025-11-22;0;88.2
12;2025-11-22;1;19.0
12;2025-11-22;2;10.7
12;2025-11-22;3;5.3
12;2025-11-22;4;7.8
12;2025-11-22;5;214.2
12;2025-11-22;6;740.6
12;2025-11-22;7;832.6
12;2025-11-22;8;1003.7
12;2025-11-22;9;1177.7
12;2025-11-22;10;1349.5
12;2025-11-22;11;1466.6
12;2025-11-22;12;1569.6
12;2025-11-22;13;1675.4
12;2025-11-22;14;1641.3
12;2025-11-22;15;1589.3
12;2025-11-22;16;1628.7
12;2025-11-22;17;1592.0
12;2025-11-22;18;1480.7
12;2025-11-22;19;1346.6
12;2025-11-22;20;1030.1
12;2025-11-22;21;769.7
12;2025-11-22;22;441.9
12;2025-11-22;23;263.8
12;2025-11-23;0;88.1
12;2025-11-23;1;15.3
12;2025-11-23;2;3.1
12;2025-11-23;3;0.0
12;2025-11-23;4;0.8
12;2025-11-23;5;146.1
12;2025-11-23;6;526.4
12;2025-11-23;7;622.4
12;2025-11-23;8;727.9
12;2025-11-23;9;948.2
12;2025-11-23;10;1108.7
12;2025-11-23;11;1263.2
12;2025-11-23;12;1348.0
12;2025-11-23;13;1485.6
12;2025-11-23;14;1468.1
12;2025-11-23;15;1461.9
12;2025-11-23;16;1456.1
12;2025-11-23;17;1432.7
12;2025-11-23;18;1323.9
12;2025-11-23;19;1084.3
12;2025-11-23;20;845.6
12;2025-11-23;21;631.0
12;2025-11-23;22;386.9
12;2025-11-23;23;188.1
12;2025-11-24;0;55.5
12;2025-11-24;1;1.0
12;2025-11-24;2;4.3
12;2025-11-24;3;2.2
12;2025-11-24;4;14.8
12;2025-11-24;5;321.3
12;2025-11-24;6;1405.1
12;2025-11-24;7;2581.1
12;2025-11-24;8;3461.3
12;2025-11-24;9;2481.0
12;2025-11-24;10;1973.5
12;2025-11-24;11;1881.5
12;2025-11-24;12;2010.8
12;2025-11-24;13;1976.3
12;2025-11-24;14;1953.5
12;2025-11-24;15;2105.4
12;2025-11-24;16;2537.5
12;2025-11-24;17;2969.4
12;2025-11-24;18;3216.9
12;2025-11-24;19;2312.1
12;2025-11-24;20;1592.2
12;2025-11-24;21;926.1
12;2025-11-24;22;457.6
12;2025-11-24;23;216.6
12;2025-11-25;0;56.6
12;2025-11-25;1;1.5
12;2025-11-25;2;6.6
12;2025-11-25;3;3.5
12;2025-11-25;4;18.0
12;2025-11-25;5;340.6
12;2025-11-25;6;1434.3
12;2025-11-25;7;2688.0
12;2025-11-25;8;3490.1
12;2025-11-25;9;2522.0
12;2025-11-25;10;2034.8
12;2025-11-25;11;1878.3
12;2025-11-25;12;1928.0
12;2025-11-25;13;2027.5
12;2025-11-25;14;1953.6
12;2025-11-25;15;2150.7
12;2025-11-25;16;2522.0
12;2025-11-25;17;2947.3
12;2025-11-25;18;3256.1
12;2025-11-25;19;2360.6
12;2025-11-25;20;1558.8
12;2025-11-25;21;954.2
12;2025-11-25;22;489.8
12;2025-11-25;23;243.6
12;2025-11-26;0;58.7
12;2025-11-26;1;2.7
12;2025-11-26;2;4.5
12;2025-11-26;3;2.0
12;2025-11-26;4;15.5
12;2025-11-26;5;335.0
12;2025-11-26;6;1414.8
12;2025-11-26;7;2598.3
12;2025-11-26;8;3402.4
12;2025-11-26;9;2499.0
12;2025-11-26;10;2053.3
12;2025-11-26;11;1986.8
12;2025-11-26;12;2043.6
12;2025-11-26;13;2053.7
12;2025-11-26;14;1948.3
12;2025-11-26;15;2240.4
12;2025-11-26;16;2640.6
12;2025-11-26;17;2947.9
12;2025-11-26;18;3116.0
12;2025-11-26;19;2425.3
12;2025-11-26;20;1607.5
12;2025-11-26;21;1015.9
12;2025-11-26;22;524.2
12;2025-11-26;23;251.6
12;2025-11-27;0;60.9
12;2025-11-27;1;7.1
12;2025-11-27;2;5.5
12;2025-11-27;3;4.7
12;2025-11-27;4;17.7
12;2025-11-27;5;322.7
12;2025-11-27;6;1382.1
12;2025-11-27;7;2644.8
12;2025-11-27;8;3507.4
12;2025-11-27;9;2452.8
12;2025-11-27;10;2001.0
12;2025-11-27;11;1828.4
12;2025-11-27;12;1918.4
12;2025-11-27;13;2074.3
12;2025-11-27;14;1930.0
12;2025-11-27;15;2208.5
12;2025-11-27;16;2593.5
12;2025-11-27;17;3047.9
12;2025-11-27;18;3250.6
12;2025-11-27;19;2409.8
12;2025-11-27;20;1596.5
12;2025-11-27;21;966.2
12;2025-11-27;22;517.5
12;2025-11-27;23;264.3
12;2025-11-28;0;61.4
12;2025-11-28;1;3.8
12;2025-11-28;2;4.5
12;2025-11-28;3;0.4
12;2025-11-28;4;10.3
12;2025-11-28;5;334.6
12;2025-11-28;6;1352.1
12;2025-11-28;7;2599.2
12;2025-11-28;8;3367.0
12;2025-11-28;9;2447.6
12;2025-11-28;10;1957.3
12;2025-11-28;11;1982.3
12;2025-11-28;12;1996.7
12;2025-11-28;13;2097.3
12;2025-11-28;14;2066.2
12;2025-11-28;15;2397.6
12;2025-11-28;16;2854.8
12;2025-11-28;17;2961.1
12;2025-11-28;18;2575.2
12;2025-11-28;19;2096.2
12;2025-11-28;20;1442.2
12;2025-11-28;21;961.8
12;2025-11-28;22;512.6
12;2025-11-28;23;284.3
12;2025-11-29;0;88.2
12;2025-11-29;1;19.0
12;2025-11-29;2;10.7
12;2025-11-29;3;5.3
12;2025-11-29;4;7.8
12;2025-11-29;5;214.2
12;2025-11-29;6;740.6
12;2025-11-29;7;832.6
12;2025-11-29;8;1003.7
12;2025-11-29;9;1177.7
12;2025-11-29;10;1349.5
12;2025-11-29;11;1466.6
12;2025-11-29;12;1569.6
12;2025-11-29;13;1675.4
12;2025-11-29;14;1641.3
12;2025-11-29;15;1589.3
12;2025-11-29;16;1628.7
12;2025-11-29;17;1592.0
12;2025-11-29;18;1480.7
12;2025-11-29;19;1346.6
12;2025-11-29;20;1030.1
12;2025-11-29;21;769.7
12;2025-11-29;22;441.9
12;2025-11-29;23;263.8
12;2025-11-30;0;88.1
12;2025-11-30;1;15.3
12;2025-11-30;2;3.1
12;2025-11-30;3;0.0
12;2025-11-30;4;0.8
12;2025-11-30;5;146.1
12;2025-11-30;6;526.4
12;2025-11-30;7;622.4
12;2025-11-30;8;727.9
12;2025-11-30;9;948.2
12;2025-11-30;10;1108.7
12;2025-11-30;11;1263.2
12;2025-11-30;12;1348.0
12;2025-11-30;13;1485.6
12;2025-11-30;14;1468.1
12;2025-11-30;15;1461.9
12;2025-11-30;16;1456.1
12;2025-11-30;17;1432.7
12;2025-11-30;18;1323.9
12;2025-11-30;19;1084.3
12;2025-11-30;20;845.6
12;2025-11-30;21;631.0
12;2025-11-30;22;386.9
12;2025-11-30;23;188.1
12;2025-12-01;0;59.3
12;2025-12-01;1;1.0
12;2025-12-01;2;4.6
12;2025-12-01;3;2.3
12;2025-12-01;4;15.8
12;2025-12-01;5;343.3
12;2025-12-01;6;1501.0
12;2025-12-01;7;2757.3
12;2025-12-01;8;3697.5
12;2025-12-01;9;2650.3
12;2025-12-01;10;2108.2
12;2025-12-01;11;2009.9
12;2025-12-01;12;2148.0
12;2025-12-01;13;2111.2
12;2025-12-01;14;2086.8
12;2025-12-01;15;2249.1
12;2025-12-01;16;2710.6
12;2025-12-01;17;3172.1
12;2025-12-01;18;3436.4
12;2025-12-01;19;2469.9
12;2025-12-01;20;1700.8
12;2025-12-01;21;989.3
12;2025-12-01;22;488.8
12;2025-12-01;23;231.4
12;2025-12-02;0;60.5
12;2025-12-02;1;1.6
12;2025-12-02;2;7.0
12;2025-12-02;3;3.8
12;2025-12-02;4;19.2
12;2025-12-02;5;363.8
12;2025-12-02;6;1532.1
12;2025-12-02;7;2871.5
12;2025-12-02;8;3728.3
12;2025-12-02;9;2694.1
12;2025-12-02;10;2173.7
12;2025-12-02;11;2006.5
12;2025-12-02;12;2059.6
12;2025-12-02;13;2165.9
12;2025-12-02;14;2086.9
12;2025-12-02;15;2297.4
12;2025-12-02;16;2694.1
12;2025-12-02;17;3148.4
12;2025-12-02;18;3478.3
12;2025-12-02;19;2521.7
12;2025-12-02;20;1665.2
12;2025-12-02;21;1019.4
12;2025-12-02;22;523.2
12;2025-12-02;23;260.2
12;2025-12-03;0;62.7
12;2025-12-03;1;2.9
12;2025-12-03;2;4.8
12;2025-12-03;3;2.1
12;2025-12-03;4;16.6
12;2025-12-03;5;357.9
12;2025-12-03;6;1511.3
12;2025-12-03;7;2775.6
12;2025-12-03;8;3634.6
12;2025-12-03;9;2669.6
12;2025-12-03;10;2193.4
12;2025-12-03;11;2122.4
12;2025-12-03;12;2183.0
12;2025-12-03;13;2193.9
12;2025-12-03;14;2081.2
12;2025-12-03;15;2393.3
12;2025-12-03;16;2820.8
12;2025-12-03;17;3149.1
12;2025-12-03;18;3328.7
12;2025-12-03;19;2590.8
12;2025-12-03;20;1717.2
12;2025-12-03;21;1085.2
12;2025-12-03;22;560.0
12;2025-12-03;23;268.8
12;2025-12-04;0;65.1
12;2025-12-04;1;7.6
12;2025-12-04;2;5.9
12;2025-12-04;3;5.0
12;2025-12-04;4;18.9
12;2025-12-04;5;344.7
12;2025-12-04;6;1476.4
12;2025-12-04;7;2825.3
12;2025-12-04;8;3746.8
12;2025-12-04;9;2620.2
12;2025-12-04;10;2137.5
12;2025-12-04;11;1953.2
12;2025-12-04;12;2049.4
12;2025-12-04;13;2215.8
12;2025-12-04;14;2061.7
12;2025-12-04;15;2359.2
12;2025-12-04;16;2770.5
12;2025-12-04;17;3256.0
12;2025-12-04;18;3472.5
12;2025-12-04;19;2574.2
12;2025-12-04;20;1705.5
12;2025-12-04;21;1032.2
12;2025-12-04;22;552.8
12;2025-12-04;23;282.3
12;2025-12-05;0;65.6
12;2025-12-05;1;4.0
12;2025-12-05;2;4.9
12;2025-12-05;3;0.4
12;2025-12-05;4;11.0
12;2025-12-05;5;357.4
12;2025-12-05;6;1444.4
12;2025-12-05;7;2776.6
12;2025-12-05;8;3596.8
12;2025-12-05;9;2614.6
12;2025-12-05;10;2090.9
12;2025-12-05;11;2117.5
12;2025-12-05;12;2133.0
12;2025-12-05;13;2240.4
12;2025-12-05;14;2207.2
12;2025-12-05;15;2561.2
12;2025-12-05;16;3049.6
12;2025-12-05;17;3163.2
12;2025-12-05;18;2751.0
12;2025-12-05;19;2239.2
12;2025-12-05;20;1540.7
12;2025-12-05;21;1027.4
12;2025-12-05;22;547.5
12;2025-12-05;23;303.7
12;2025-12-06;0;94.2
12;2025-12-06;1;20.3
12;2025-12-06;2;11.5
12;2025-12-06;3;5.6
12;2025-12-06;4;8.4
12;2025-12-06;5;228.9
12;2025-12-06;6;791.1
12;2025-12-06;7;889.4
12;2025-12-06;8;1072.2
12;2025-12-06;9;1258.0
12;2025-12-06;10;1441.6
12;2025-12-06;11;1566.7
12;2025-12-06;12;1676.7
12;2025-12-06;13;1789.8
12;2025-12-06;14;1753.3
12;2025-12-06;15;1697.8
12;2025-12-06;16;1739.9
12;2025-12-06;17;1700.6
12;2025-12-06;18;1581.8
12;2025-12-06;19;1438.5
12;2025-12-06;20;1100.4
12;2025-12-06;21;822.3
12;2025-12-06;22;472.0
12;2025-12-06;23;281.8
12;2025-12-07;0;94.2
12;2025-12-07;1;16.3
12;2025-12-07;2;3.3
12;2025-12-07;3;0.0
12;2025-12-07;4;0.8
12;2025-12-07;5;156.1
12;2025-12-07;6;562.3
12;2025-12-07;7;664.9
12;2025-12-07;8;777.5
12;2025-12-07;9;1013.0
12;2025-12-07;10;1184.4
12;2025-12-07;11;1349.5
12;2025-12-07;12;1440.0
12;2025-12-07;13;1587.0
12;2025-12-07;14;1568.3
12;2025-12-07;15;1561.7
12;2025-12-07;16;1555.5
12;2025-12-07;17;1530.5
12;2025-12-07;18;1414.3
12;2025-12-07;19;1158.3
12;2025-12-07;20;903.3
12;2025-12-07;21;674.1
12;2025-12-07;22;413.3
12;2025-12-07;23;200.9
12;2025-12-08;0;59.3
12;2025-12-08;1;1.0
12;2025-12-08;2;4.6
12;2025-12-08;3;2.3
12;2025-12-08;4;15.8
12;2025-12-08;5;343.3
12;2025-12-08;6;1501.0
12;2025-12-08;7;2757.3
12;2025-12-08;8;3697.5
12;2025-12-08;9;2650.3
12;2025-12-08;10;2108.2
12;2025-12-08;11;2009.9
12;2025-12-08;12;2148.0
12;2025-12-08;13;2111.2
12;2025-12-08;14;2086.8
12;2025-12-08;15;2249.1
12;2025-12-08;16;2710.6
12;2025-12-08;17;3172.1
12;2025-12-08;18;3436.4
12;2025-12-08;19;2469.9
12;2025-12-08;20;1700.8
12;2025-12-08;21;989.3
12;2025-12-08;22;488.8
12;2025-12-08;23;231.4
12;2025-12-09;0;60.5
12;2025-12-09;1;1.6
12;2025-12-09;2;7.0
12;2025-12-09;3;3.8
12;2025-12-09;4;19.2
12;2025-12-09;5;363.8
12;2025-12-09;6;1532.1
12;2025-12-09;7;2871.5
12;2025-12-09;8;3728.3
12;2025-12-09;9;2694.1
12;2025-12-09;10;2173.7
12;2025-12-09;11;2006.5
12;2025-12-09;12;2059.6
12;2025-12-09;13;2165.9
12;2025-12-09;14;2086.9
12;2025-12-09;15;2297.4
12;2025-12-09;16;2694.1
12;2025-12-09;17;3148.4
12;2025-12-09;18;3478.3
12;2025-12-09;19;2521.7
12;2025-12-09;20;1665.2
12;2025-12-09;21;1019.4
12;2025-12-09;22;523.2
12;2025-12-09;23;260.2
12;2025-12-10;0;62.7
12;2025-12-10;1;2.9
12;2025-12-10;2;4.8
12;2025-12-10;3;2.1
12;2025-12-10;4;16.6
12;2025-12-10;5;357.9
12;2025-12-10;6;1511.3
12;2025-12-10;7;2775.6
12;2025-12-10;8;3634.6
12;2025-12-10;9;2669.6
12;2025-12-10;10;2193.4
12;2025-12-10;11;2122.4
12;2025-12-10;12;2183.0
12;2025-12-10;13;2193.9
12;2025-12-10;14;2081.2
12;2025-12-10;15;2393.3
12;2025-12-10;16;2820.8
12;2025-12-10;17;3149.1
12;2025-12-10;18;3328.7
12;2025-12-10;19;2590.8
12;2025-12-10;20;1717.2
12;2025-12-10;21;1085.2
12;2025-12-10;22;560.0
12;2025-12-10;23;268.8
12;2025-12-11;0;65.1
12;2025-12-11;1;7.6
12;2025-12-11;2;5.9
12;2025-12-11;3;5.0
12;2025-12-11;4;18.9
12;2025-12-11;5;344.7
12;2025-12-11;6;1476.4
12;2025-12-11;7;2825.3
12;2025-12-11;8;3746.8
12;2025-12-11;9;2620.2
12;2025-12-11;10;2137.5
12;2025-12-11;11;1953.2
12;2025-12-11;12;2049.4
12;2025-12-11;13;2215.8
12;2025-12-11;14;2061.7
12;2025-12-11;15;2359.2
12;2025-12-11;16;2770.5
12;2025-12-11;17;3256.0
12;2025-12-11;18;3472.5
12;2025-12-11;19;2574.2
12;2025-12-11;20;1705.5
12;2025-12-11;21;1032.2
12;2025-12-11;22;552.8
12;2025-12-11;23;282.3
12;2025-12-12;0;65.6
12;2025-12-12;1;4.0
12;2025-12-12;2;4.9
12;2025-12-12;3;0.4
12;2025-12-12;4;11.0
12;2025-12-12;5;357.4
12;2025-12-12;6;1444.4
12;2025-12-12;7;2776.6
12;2025-12-12;8;3596.8
12;2025-12-12;9;2614.6
12;2025-12-12;10;2090.9
12;2025-12-12;11;2117.5
12;2025-12-12;12;2133.0
12;2025-12-12;13;2240.4
12;2025-12-12;14;2207.2
12;2025-12-12;15;2561.2
12;2025-12-12;16;3049.6
12;2025-12-12;17;3163.2
12;2025-12-12;18;2751.0
12;2025-12-12;19;2239.2
12;2025-12-12;20;1540.7
12;2025-12-12;21;1027.4
12;2025-12-12;22;547.5
12;2025-12-12;23;303.7
12;2025-12-13;0;94.2
12;2025-12-13;1;20.3
12;2025-12-13;2;11.5
12;2025-12-13;3;5.6
12;2025-12-13;4;8.4
12;2025-12-13;5;228.9
12;2025-12-13;6;791.1
12;2025-12-13;7;889.4
12;2025-12-13;8;1072.2
12;2025-12-13;9;1258.0
12;2025-12-13;10;1441.6
12;2025-12-13;11;1566.7
12;2025-12-13;12;1676.7
12;2025-12-13;13;1789.8
12;2025-12-13;14;1753.3
12;2025-12-13;15;1697.8
12;2025-12-13;16;1739.9
12;2025-12-13;17;1700.6
12;2025-12-13;18;1581.8
12;2025-12-13;19;1438.5
12;2025-12-13;20;1100.4
12;2025-12-13;21;822.3
12;2025-12-13;22;472.0
12;2025-12-13;23;281.8
12;2025-12-14;0;94.2
12;2025-12-14;1;16.3
12;2025-12-14;2;3.3
12;2025-12-14;3;0.0
12;2025-12-14;4;0.8
12;2025-12-14;5;156.1
12;2025-12-14;6;562.3
12;2025-12-14;7;664.9
12;2025-12-14;8;777.5
12;2025-12-14;9;1013.0
12;2025-12-14;10;1184.4
12;2025-12-14;11;1349.5
12;2025-12-14;12;1440.0
12;2025-12-14;13;1587.0
12;2025-12-14;14;1568.3
12;2025-12-14;15;1561.7
12;2025-12-14;16;1555.5
12;2025-12-14;17;1530.5
12;2025-12-14;18;1414.3
12;2025-12-14;19;1158.3
12;2025-12-14;20;903.3
12;2025-12-14;21;674.1
12;2025-12-14;22;413.3
12;2025-12-14;23;200.9
12;2025-12-15;0;59.3
12;2025-12-15;1;1.0
12;2025-12-15;2;4.6
12;2025-12-15;3;2.3
12;2025-12-15;4;15.8
12;2025-12-15;5;343.3
12;2025-12-15;6;1501.0
12;2025-12-15;7;2757.3
12;2025-12-15;8;3697.5
12;2025-12-15;9;2650.3
12;2025-12-15;10;2108.2
12;2025-12-15;11;2009.9
12;2025-12-15;12;2148.0
12;2025-12-15;13;2111.2
12;2025-12-15;14;2086.8
12;2025-12-15;15;2249.1
12;2025-12-15;16;2710.6
12;2025-12-15;17;3172.1
12;2025-12-15;18;3436.4
12;2025-12-15;19;2469.9
12;2025-12-15;20;1700.8
12;2025-12-15;21;989.3
12;2025-12-15;22;488.8
12;2025-12-15;23;231.4
12;2025-12-16;0;60.5
12;2025-12-16;1;1.6
12;2025-12-16;2;7.0
12;2025-12-16;3;3.8
12;2025-12-16;4;19.2
12;2025-12-16;5;363.8
12;2025-12-16;6;1532.1
12;2025-12-16;7;2871.5
12;2025-12-16;8;3728.3
12;2025-12-16;9;2694.1
12;2025-12-16;10;2173.7
12;2025-12-16;11;2006.5
12;2025-12-16;12;2059.6
12;2025-12-16;13;2165.9
12;2025-12-16;14;2086.9
12;2025-12-16;15;2297.4
12;2025-12-16;16;2694.1
12;2025-12-16;17;3148.4
12;2025-12-16;18;3478.3
12;2025-12-16;19;2521.7
12;2025-12-16;20;1665.2
12;2025-12-16;21;1019.4
12;2025-12-16;22;523.2
12;2025-12-16;23;260.2
12;2025-12-17;0;62.7
12;2025-12-17;1;2.9
12;2025-12-17;2;4.8
12;2025-12-17;3;2.1
12;2025-12-17;4;16.6
12;2025-12-17;5;357.9
12;2025-12-17;6;1511.3
12;2025-12-17;7;2775.6
12;2025-12-17;8;3634.6
12;2025-12-17;9;2669.6
12;2025-12-17;10;2193.4
12;2025-12-17;11;2122.4
12;2025-12-17;12;2183.0
12;2025-12-17;13;2193.9
12;2025-12-17;14;2081.2
12;2025-12-17;15;2393.3
12;2025-12-17;16;2820.8
12;2025-12-17;17;3149.1
12;2025-12-17;18;3328.7
12;2025-12-17;19;2590.8
12;2025-12-17;20;1717.2
12;2025-12-17;21;1085.2
12;2025-12-17;22;560.0
12;2025-12-17;23;268.8
12;2025-12-18;0;65.1
12;2025-12-18;1;7.6
12;2025-12-18;2;5.9
12;2025-12-18;3;5.0
12;2025-12-18;4;18.9
12;2025-12-18;5;344.7
12;2025-12-18;6;1476.4
12;2025-12-18;7;2825.3
12;2025-12-18;8;3746.8
12;2025-12-18;9;2620.2
12;2025-12-18;10;2137.5
12;2025-12-18;11;1953.2
12;2025-12-18;12;2049.4
12;2025-12-18;13;2215.8
12;2025-12-18;14;2061.7
12;2025-12-18;15;2359.2
12;2025-12-18;16;2770.5
12;2025-12-18;17;3256.0
12;2025-12-18;18;3472.5
12;2025-12-18;19;2574.2
12;2025-12-18;20;1705.5
12;2025-12-18;21;1032.2
12;2025-12-18;22;552.8
12;2025-12-18;23;282.3
12;2025-12-19;0;65.6
12;2025-12-19;1;4.0
12;2025-12-19;2;4.9
12;2025-12-19;3;0.4
12;2025-12-19;4;11.0
12;2025-12-19;5;357.4
12;2025-12-19;6;1444.4
12;2025-12-19;7;2776.6
12;2025-12-19;8;3596.8
12;2025-12-19;9;2614.6
12;2025-12-19;10;2090.9
12;2025-12-19;11;2117.5
12;2025-12-19;12;2133.0
12;2025-12-19;13;2240.4
12;2025-12-19;14;2207.2
12;2025-12-19;15;2561.2
12;2025-12-19;16;3049.6
12;2025-12-19;17;3163.2
12;2025-12-19;18;2751.0
12;2025-12-19;19;2239.2
12;2025-12-19;20;1540.7
12;2025-12-19;21;1027.4
12;2025-12-19;22;547.5
12;2025-12-19;23;303.7
12;2025-12-20;0;94.2
12;2025-12-20;1;20.3
12;2025-12-20;2;11.5
12;2025-12-20;3;5.6
12;2025-12-20;4;8.4
12;2025-12-20;5;228.9
12;2025-12-20;6;791.1
12;2025-12-20;7;889.4
12;2025-12-20;8;1072.2
12;2025-12-20;9;1258.0
12;2025-12-20;10;1441.6
12;2025-12-20;11;1566.7
12;2025-12-20;12;1676.7
12;2025-12-20;13;1789.8
12;2025-12-20;14;1753.3
12;2025-12-20;15;1697.8
12;2025-12-20;16;1739.9
12;2025-12-20;17;1700.6
12;2025-12-20;18;1581.8
12;2025-12-20;19;1438.5
12;2025-12-20;20;1100.4
12;2025-12-20;21;822.3
12;2025-12-20;22;472.0
12;2025-12-20;23;281.8
12;2025-12-21;0;94.2
12;2025-12-21;1;16.3
12;2025-12-21;2;3.3
12;2025-12-21;3;0.0
12;2025-12-21;4;0.8
12;2025-12-21;5;156.1
12;2025-12-21;6;562.3
12;2025-12-21;7;664.9
12;2025-12-21;8;777.5
12;2025-12-21;9;1013.0
12;2025-12-21;10;1184.4
12;2025-12-21;11;1349.5
12;2025-12-21;12;1440.0
12;2025-12-21;13;1587.0
12;2025-12-21;14;1568.3
12;2025-12-21;15;1561.7
12;2025-12-21;16;1555.5
12;2025-12-21;17;1530.5
12;2025-12-21;18;1414.3
12;2025-12-21;19;1158.3
12;2025-12-21;20;903.3
12;2025-12-21;21;674.1
12;2025-12-21;22;413.3
12;2025-12-21;23;200.9
12;2025-12-22;0;59.3
12;2025-12-22;1;1.0
12;2025-12-22;2;4.6
12;2025-12-22;3;2.3
12;2025-12-22;4;15.8
12;2025-12-22;5;343.3
12;2025-12-22;6;1501.0
12;2025-12-22;7;2757.3
12;2025-12-22;8;3697.5
12;2025-12-22;9;2650.3
12;2025-12-22;10;2108.2
12;2025-12-22;11;2009.9
12;2025-12-22;12;2148.0
12;2025-12-22;13;2111.2
12;2025-12-22;14;2086.8
12;2025-12-22;15;2249.1
12;2025-12-22;16;2710.6
12;2025-12-22;17;3172.1
12;2025-12-22;18;3436.4
12;2025-12-22;19;2469.9
12;2025-12-22;20;1700.8
12;2025-12-22;21;989.3
12;2025-12-22;22;488.8
12;2025-12-22;23;231.4
12;2025-12-23;0;60.5
12;2025-12-23;1;1.6
12;2025-12-23;2;7.0
12;2025-12-23;3;3.8
12;2025-12-23;4;19.2
12;2025-12-23;5;363.8
12;2025-12-23;6;1532.1
12;2025-12-23;7;2871.5
12;2025-12-23;8;3728.3
12;2025-12-23;9;2694.1
12;2025-12-23;10;2173.7
12;2025-12-23;11;2006.5
12;2025-12-23;12;2059.6
12;2025-12-23;13;2165.9
12;2025-12-23;14;2086.9
12;2025-12-23;15;2297.4
12;2025-12-23;16;2694.1
12;2025-12-23;17;3148.4
12;2025-12-23;18;3478.3
12;2025-12-23;19;2521.7
12;2025-12-23;20;1665.2
12;2025-12-23;21;1019.4
12;2025-12-23;22;523.2
12;2025-12-23;23;260.2
12;2025-12-24;0;62.7
12;2025-12-24;1;2.9
12;2025-12-24;2;4.8
12;2025-12-24;3;2.1
12;2025-12-24;4;16.6
12;2025-12-24;5;357.9
12;2025-12-24;6;1511.3
12;2025-12-24;7;2775.6
12;2025-12-24;8;3634.6
12;2025-12-24;9;2669.6
12;2025-12-24;10;2193.4
12;2025-12-24;11;2122.4
12;2025-12-24;12;2183.0
12;2025-12-24;13;2193.9
12;2025-12-24;14;2081.2
12;2025-12-24;15;2393.3
12;2025-12-24;16;2820.8
12;2025-12-24;17;3149.1
12;2025-12-24;18;3328.7
12;2025-12-24;19;2590.8
12;2025-12-24;20;1717.2
12;2025-12-24;21;1085.2
12;2025-12-24;22;560.0
12;2025-12-24;23;268.8
12;2025-12-25;0;65.1
12;2025-12-25;1;7.6
12;2025-12-25;2;5.9
12;2025-12-25;3;5.0
12;2025-12-25;4;18.9
12;2025-12-25;5;344.7
12;2025-12-25;6;1476.4
12;2025-12-25;7;2825.3
12;2025-12-25;8;3746.8
12;2025-12-25;9;2620.2
12;2025-12-25;10;2137.5
12;2025-12-25;11;1953.2
12;2025-12-25;12;2049.4
12;2025-12-25;13;2215.8
12;2025-12-25;14;2061.7
12;2025-12-25;15;2359.2
12;2025-12-25;16;2770.5
12;2025-12-25;17;3256.0
12;2025-12-25;18;3472.5
12;2025-12-25;19;2574.2
12;2025-12-25;20;1705.5
12;2025-12-25;21;1032.2
12;2025-12-25;22;552.8
12;2025-12-25;23;282.3
12;2025-12-26;0;65.6
12;2025-12-26;1;4.0
12;2025-12-26;2;4.9
12;2025-12-26;3;0.4
12;2025-12-26;4;11.0
12;2025-12-26;5;357.4
12;2025-12-26;6;1444.4
12;2025-12-26;7;2776.6
12;2025-12-26;8;3596.8
12;2025-12-26;9;2614.6
12;2025-12-26;10;2090.9
12;2025-12-26;11;2117.5
12;2025-12-26;12;2133.0
12;2025-12-26;13;2240.4
12;2025-12-26;14;2207.2
12;2025-12-26;15;2561.2
12;2025-12-26;16;3049.6
12;2025-12-26;17;3163.2
12;2025-12-26;18;2751.0
12;2025-12-26;19;2239.2
12;2025-12-26;20;1540.7
12;2025-12-26;21;1027.4
12;2025-12-26;22;547.5
12;2025-12-26;23;303.7
12;2025-12-27;0;94.2
12;2025-12-27;1;20.3
12;2025-12-27;2;11.5
12;2025-12-27;3;5.6
12;2025-12-27;4;8.4
12;2025-12-27;5;228.9
12;2025-12-27;6;791.1
12;2025-12-27;7;889.4
12;2025-12-27;8;1072.2
12;2025-12-27;9;1258.0
12;2025-12-27;10;1441.6
12;2025-12-27;11;1566.7
12;2025-12-27;12;1676.7
12;2025-12-27;13;1789.8
12;2025-12-27;14;1753.3
12;2025-12-27;15;1697.8
12;2025-12-27;16;1739.9
12;2025-12-27;17;1700.6
12;2025-12-27;18;1581.8
12;2025-12-27;19;1438.5
12;2025-12-27;20;1100.4
12;2025-12-27;21;822.3
12;2025-12-27;22;472.0
12;2025-12-27;23;281.8
12;2025-12-28;0;94.2
12;2025-12-28;1;16.3
12;2025-12-28;2;3.3
12;2025-12-28;3;0.0
12;2025-12-28;4;0.8
12;2025-12-28;5;156.1
12;2025-12-28;6;562.3
12;2025-12-28;7;664.9
12;2025-12-28;8;777.5
12;2025-12-28;9;1013.0
12;2025-12-28;10;1184.4
12;2025-12-28;11;1349.5
12;2025-12-28;12;1440.0
12;2025-12-28;13;1587.0
12;2025-12-28;14;1568.3
12;2025-12-28;15;1561.7
12;2025-12-28;16;1555.5
12;2025-12-28;17;1530.5
12;2025-12-28;18;1414.3
12;2025-12-28;19;1158.3
12;2025-12-28;20;903.3
12;2025-12-28;21;674.1
12;2025-12-28;22;413.3
12;2025-12-28;23;200.9
12;2025-12-29;0;59.3
12;2025-12-29;1;1.0
12;2025-12-29;2;4.6
12;2025-12-29;3;2.3
12;2025-12-29;4;15.8
12;2025-12-29;5;343.3
12;2025-12-29;6;1501.0
12;2025-12-29;7;2757.3
12;2025-12-29;8;3697.5
12;2025-12-29;9;2650.3
12;2025-12-29;10;2108.2
12;2025-12-29;11;2009.9
12;2025-12-29;12;2148.0
12;2025-12-29;13;2111.2
12;2025-12-29;14;2086.8
12;2025-12-29;15;2249.1
12;2025-12-29;16;2710.6
12;2025-12-29;17;3172.1
12;2025-12-29;18;3436.4
12;2025-12-29;19;2469.9
12;2025-12-29;20;1700.8
12;2025-12-29;21;989.3
12;2025-12-29;22;488.8
12;2025-12-29;23;231.4
12;2025-12-30;0;58.3
12;2025-12-30;1;1.1
12;2025-12-30;2;7.3
12;2025-12-30;3;3.8
12;2025-12-30;4;22.3
12;2025-12-30;5;373.9
12;2025-12-30;6;1538.0
12;2025-12-30;7;2863.9
12;2025-12-30;8;3717.3
12;2025-12-30;9;2716.5
12;2025-12-30;10;2222.9
12;2025-12-30;11;2088.9
12;2025-12-30;12;2160.1
12;2025-12-30;13;2291.2
12;2025-12-30;14;2235.1
12;2025-12-30;15;2466.8
12;2025-12-30;16;2847.0
12;2025-12-30;17;3150.1
12;2025-12-30;18;3164.1
12;2025-12-30;19;2407.0
12;2025-12-30;20;1650.6
12;2025-12-30;21;1043.2
12;2025-12-30;22;546.6
12;2025-12-30;23;287.5
12;2025-12-31;0;50.7
12;2025-12-31;1;0.0
12;2025-12-31;2;0.0
12;2025-12-31;3;0.0
12;2025-12-31;4;0.0
12;2025-12-31;5;118.9
12;2025-12-31;6;566.4
12;2025-12-31;7;554.3
12;2025-12-31;8;630.0
12;2025-12-31;9;664.1
12;2025-12-31;10;790.1
12;2025-12-31;11;964.3
12;2025-12-31;12;1152.0
12;2025-12-31;13;1285.0
12;2025-12-31;14;1308.4
12;2025-12-31;15;1287.5
12;2025-12-31;16;1334.2
12;2025-12-31;17;1284.6
12;2025-12-31;18;1249.1
12;2025-12-31;19;1119.3
12;2025-12-31;20;845.2
12;2025-12-31;21;619.1
12;2025-12-31;22;317.8
12;2025-12-31;23;112.5
17;2025-11-01;0;185.5
17;2025-11-01;1;73.5
17;2025-11-01;2;61.8
17;2025-11-01;3;56.0
17;2025-11-01;4;79.5
17;2025-11-01;5;329.0
17;2025-11-01;6;1171.3
17;2025-11-01;7;2604.6
17;2025-11-01;8;3565.9
17;2025-11-01;9;2970.5
17;2025-11-01;10;2706.7
17;2025-11-01;11;2878.0
17;2025-11-01;12;3009.2
17;2025-11-01;13;3167.5
17;2025-11-01;14;3189.0
17;2025-11-01;15;3409.6
17;2025-11-01;16;3784.5
17;2025-11-01;17;3931.6
17;2025-11-01;18;3531.9
17;2025-11-01;19;2873.8
17;2025-11-01;20;2197.5
17;2025-11-01;21;1541.1
17;2025-11-01;22;901.4
17;2025-11-01;23;546.7
17;2025-11-02;0;154.5
17;2025-11-02;1;33.0
17;2025-11-02;2;6.1
17;2025-11-02;3;0.6
17;2025-11-02;4;3.9
17;2025-11-02;5;110.4
17;2025-11-02;6;461.3
17;2025-11-02;7;809.5
17;2025-11-02;8;1182.0
17;2025-11-02;9;1597.9
17;2025-11-02;10;1880.3
17;2025-11-02;11;2312.1
17;2025-11-02;12;2620.5
17;2025-11-02;13;2857.7
17;2025-11-02;14;2908.1
17;2025-11-02;15;2919.3
17;2025-11-02;16;2892.5
17;2025-11-02;17;2811.0
17;2025-11-02;18;2514.2
17;2025-11-02;19;2074.4
17;2025-11-02;20;1612.1
17;2025-11-02;21;1188.0
17;2025-11-02;22;739.3
17;2025-11-02;23;397.4
17;2025-11-03;0;144.2
17;2025-11-03;1;39.2
17;2025-11-03;2;33.7
17;2025-11-03;3;27.6
17;2025-11-03;4;22.6
17;2025-11-03;5;164.7
17;2025-11-03;6;593.3
17;2025-11-03;7;983.5
17;2025-11-03;8;1357.7
17;2025-11-03;9;1596.6
17;2025-11-03;10;1914.7
17;2025-11-03;11;2341.3
17;2025-11-03;12;2776.6
17;2025-11-03;13;3032.5
17;2025-11-03;14;3110.1
17;2025-11-03;15;3200.6
17;2025-11-03;16;3261.7
17;2025-11-03;17;3126.9
17;2025-11-03;18;2922.7
17;2025-11-03;19;2540.7
17;2025-11-03;20;1953.2
17;2025-11-03;21;1467.1
17;2025-11-03;22;973.1
17;2025-11-03;23;633.7
17;2025-11-04;0;141.1
17;2025-11-04;1;31.3
17;2025-11-04;2;26.4
17;2025-11-04;3;19.3
17;2025-11-04;4;21.5
17;2025-11-04;5;126.8
17;2025-11-04;6;491.9
17;2025-11-04;7;834.8
17;2025-11-04;8;1192.2
17;2025-11-04;9;1378.8
17;2025-11-04;10;1641.8
17;2025-11-04;11;2038.6
17;2025-11-04;12;2452.0
17;2025-11-04;13;2695.1
17;2025-11-04;14;2772.9
17;2025-11-04;15;2861.3
17;2025-11-04;16;2934.1
17;2025-11-04;17;2839.3
17;2025-11-04;18;2680.1
17;2025-11-04;19;2348.5
17;2025-11-04;20;1808.8
17;2025-11-04;21;1356.4
17;2025-11-04;22;853.6
17;2025-11-04;23;510.0
17;2025-11-05;0;116.5
17;2025-11-05;1;18.7
17;2025-11-05;2;25.3
17;2025-11-05;3;21.7
17;2025-11-05;4;45.5
17;2025-11-05;5;349.7
17;2025-11-05;6;1554.3
17;2025-11-05;7;3956.8
17;2025-11-05;8;5439.7
17;2025-11-05;9;3855.5
17;2025-11-05;10;3098.6
17;2025-11-05;11;3065.4
17;2025-11-05;12;3136.8
17;2025-11-05;13;3178.2
17;2025-11-05;14;3273.5
17;2025-11-05;15;3364.3
17;2025-11-05;16;3780.6
17;2025-11-05;17;4531.3
17;2025-11-05;18;4901.7
17;2025-11-05;19;3460.8
17;2025-11-05;20;2368.3
17;2025-11-05;21;1469.5
17;2025-11-05;22;759.5
17;2025-11-05;23;357.0
17;2025-11-06;0;108.4
17;2025-11-06;1;6.4
17;2025-11-06;2;5.6
17;2025-11-06;3;4.1
17;2025-11-06;4;24.5
17;2025-11-06;5;329.0
17;2025-11-06;6;1522.4
17;2025-11-06;7;3900.7
17;2025-11-06;8;5289.7
17;2025-11-06;9;3864.0
17;2025-11-06;10;3071.5
17;2025-11-06;11;2989.0
17;2025-11-06;12;3039.5
17;2025-11-06;13;3073.1
17;2025-11-06;14;3102.3
17;2025-11-06;15;3225.8
17;2025-11-06;16;3742.7
17;2025-11-06;17;4464.7
17;2025-11-06;18;4773.3
17;2025-11-06;19;3543.7
17;2025-11-06;20;2511.0
17;2025-11-06;21;1561.2
17;2025-11-06;22;825.3
17;2025-11-06;23;426.7
17;2025-11-07;0;115.7
17;2025-11-07;1;9.9
17;2025-11-07;2;4.1
17;2025-11-07;3;0.9
17;2025-11-07;4;18.3
17;2025-11-07;5;328.6
17;2025-11-07;6;1509.4
17;2025-11-07;7;3809.3
17;2025-11-07;8;5202.0
17;2025-11-07;9;3725.2
17;2025-11-07;10;2966.9
17;2025-11-07;11;2975.2
17;2025-11-07;12;2977.9
17;2025-11-07;13;3111.7
17;2025-11-07;14;3129.2
17;2025-11-07;15;3475.0
17;2025-11-07;16;4132.3
17;2025-11-07;17;4625.9
17;2025-11-07;18;4184.0
17;2025-11-07;19;3247.6
17;2025-11-07;20;2369.3
17;2025-11-07;21;1598.3
17;2025-11-07;22;837.5
17;2025-11-07;23;479.9
17;2025-11-08;0;160.9
17;2025-11-08;1;37.3
17;2025-11-08;2;19.4
17;2025-11-08;3;9.3
17;2025-11-08;4;13.3
17;2025-11-08;5;161.9
17;2025-11-08;6;629.2
17;2025-11-08;7;1140.3
17;2025-11-08;8;1654.8
17;2025-11-08;9;1996.5
17;2025-11-08;10;2269.4
17;2025-11-08;11;2660.7
17;2025-11-08;12;2943.7
17;2025-11-08;13;3138.7
17;2025-11-08;14;3158.1
17;2025-11-08;15;3188.6
17;2025-11-08;16;3184.9
17;2025-11-08;17;3037.3
17;2025-11-08;18;2794.0
17;2025-11-08;19;2411.8
17;2025-11-08;20;1893.8
17;2025-11-08;21;1367.3
17;2025-11-08;22;853.5
17;2025-11-08;23;510.2
17;2025-11-09;0;154.5
17;2025-11-09;1;33.0
17;2025-11-09;2;6.1
17;2025-11-09;3;0.6
17;2025-11-09;4;3.9
17;2025-11-09;5;110.4
17;2025-11-09;6;461.3
17;2025-11-09;7;809.5
17;2025-11-09;8;1182.0
17;2025-11-09;9;1597.9
17;2025-11-09;10;1880.3
17;2025-11-09;11;2312.1
17;2025-11-09;12;2620.5
17;2025-11-09;13;2857.7
17;2025-11-09;14;2908.1
17;2025-11-09;15;2919.3
17;2025-11-09;16;2892.5
17;2025-11-09;17;2811.0
17;2025-11-09;18;2514.2
17;2025-11-09;19;2074.4
17;2025-11-09;20;1612.1
17;2025-11-09;21;1188.0
17;2025-11-09;22;739.3
17;2025-11-09;23;397.4
17;2025-11-10;0;101.8
17;2025-11-10;1;4.5
17;2025-11-10;2;4.2
17;2025-11-10;3;1.4
17;2025-11-10;4;22.0
17;2025-11-10;5;318.7
17;2025-11-10;6;1514.0
17;2025-11-10;7;3877.5
17;2025-11-10;8;5345.5
17;2025-11-10;9;3795.6
17;2025-11-10;10;2994.5
17;2025-11-10;11;2913.1
17;2025-11-10;12;2935.5
17;2025-11-10;13;3011.6
17;2025-11-10;14;2976.8
17;2025-11-10;15;3095.0
17;2025-11-10;16;3608.2
17;2025-11-10;17;4371.2
17;2025-11-10;18;4813.8
17;2025-11-10;19;3471.9
17;2025-11-10;20;2382.0
17;2025-11-10;21;1439.6
17;2025-11-10;22;683.9
17;2025-11-10;23;319.5
17;2025-11-11;0;97.7
17;2025-11-11;1;3.1
17;2025-11-11;2;7.1
17;2025-11-11;3;3.2
17;2025-11-11;4;27.5
17;2025-11-11;5;351.0
17;2025-11-11;6;1550.1
17;2025-11-11;7;3947.9
17;2025-11-11;8;5294.6
17;2025-11-11;9;3859.7
17;2025-11-11;10;2973.9
17;2025-11-11;11;2890.8
17;2025-11-11;12;2942.6
17;2025-11-11;13;3030.8
17;2025-11-11;14;3061.7
17;2025-11-11;15;3209.9
17;2025-11-11;16;3640.3
17;2025-11-11;17;4543.5
17;2025-11-11;18;4941.8
17;2025-11-11;19;3577.2
17;2025-11-11;20;2396.8
17;2025-11-11;21;1506.8
17;2025-11-11;22;750.5
17;2025-11-11;23;364.9
17;2025-11-12;0;102.6
17;2025-11-12;1;5.2
17;2025-11-12;2;4.7
17;2025-11-12;3;2.3
17;2025-11-12;4;24.6
17;2025-11-12;5;322.4
17;2025-11-12;6;1517.7
17;2025-11-12;7;3910.6
17;2025-11-12;8;5413.4
17;2025-11-12;9;3832.5
17;2025-11-12;10;3081.4
17;2025-11-12;11;3046.0
17;2025-11-12;12;3096.4
17;2025-11-12;13;3127.5
17;2025-11-12;14;3222.3
17;2025-11-12;15;3308.6
17;2025-11-12;16;3719.2
17;2025-11-12;17;4491.9
17;2025-11-12;18;4863.3
17;2025-11-12;19;3481.0
17;2025-11-12;20;2401.5
17;2025-11-12;21;1516.5
17;2025-11-12;22;784.9
17;2025-11-12;23;378.1
17;2025-11-13;0;108.4
17;2025-11-13;1;6.4
17;2025-11-13;2;5.6
17;2025-11-13;3;4.1
17;2025-11-13;4;24.5
17;2025-11-13;5;329.0
17;2025-11-13;6;1522.4
17;2025-11-13;7;3900.7
17;2025-11-13;8;5289.7
17;2025-11-13;9;3864.0
17;2025-11-13;10;3071.5
17;2025-11-13;11;2989.0
17;2025-11-13;12;3039.5
17;2025-11-13;13;3073.1
17;2025-11-13;14;3102.3
17;2025-11-13;15;3225.8
17;2025-11-13;16;3742.7
17;2025-11-13;17;4464.7
17;2025-11-13;18;4773.3
17;2025-11-13;19;3543.7
17;2025-11-13;20;2511.0
17;2025-11-13;21;1561.2
17;2025-11-13;22;825.3
17;2025-11-13;23;426.7
17;2025-11-14;0;115.7
17;2025-11-14;1;9.9
17;2025-11-14;2;4.1
17;2025-11-14;3;0.9
17;2025-11-14;4;18.3
17;2025-11-14;5;328.6
17;2025-11-14;6;1509.4
17;2025-11-14;7;3809.3
17;2025-11-14;8;5202.0
17;2025-11-14;9;3725.2
17;2025-11-14;10;2966.9
17;2025-11-14;11;2975.2
17;2025-11-14;12;2977.9
17;2025-11-14;13;3111.7
17;2025-11-14;14;3129.2
17;2025-11-14;15;3475.0
17;2025-11-14;16;4132.3
17;2025-11-14;17;4625.9
17;2025-11-14;18;4184.0
17;2025-11-14;19;3247.6
17;2025-11-14;20;2369.3
17;2025-11-14;21;1598.3
17;2025-11-14;22;837.5
17;2025-11-14;23;479.9
17;2025-11-15;0;160.9
17;2025-11-15;1;37.3
17;2025-11-15;2;19.4
17;2025-11-15;3;9.3
17;2025-11-15;4;13.3
17;2025-11-15;5;161.9
17;2025-11-15;6;629.2
17;2025-11-15;7;1140.3
17;2025-11-15;8;1654.8
17;2025-11-15;9;1996.5
17;2025-11-15;10;2269.4
17;2025-11-15;11;2660.7
17;2025-11-15;12;2943.7
17;2025-11-15;13;3138.7
17;2025-11-15;14;3158.1
17;2025-11-15;15;3188.6
17;2025-11-15;16;3184.9
17;2025-11-15;17;3037.3
17;2025-11-15;18;2794.0
17;2025-11-15;19;2411.8
17;2025-11-15;20;1893.8
17;2025-11-15;21;1367.3
17;2025-11-15;22;853.5
17;2025-11-15;23;510.2
17;2025-11-16;0;154.5
17;2025-11-16;1;33.0
17;2025-11-16;2;6.1
17;2025-11-16;3;0.6
17;2025-11-16;4;3.9
17;2025-11-16;5;110.4
17;2025-11-16;6;461.3
17;2025-11-16;7;809.5
17;2025-11-16;8;1182.0
17;2025-11-16;9;1597.9
17;2025-11-16;10;1880.3
17;2025-11-16;11;2312.1
17;2025-11-16;12;2620.5
17;2025-11-16;13;2857.7
17;2025-11-16;14;2908.1
17;2025-11-16;15;2919.3
17;2025-11-16;16;2892.5
17;2025-11-16;17;2811.0
17;2025-11-16;18;2514.2
17;2025-11-16;19;2074.4
17;2025-11-16;20;1612.1
17;2025-11-16;21;1188.0
17;2025-11-16;22;739.3
17;2025-11-16;23;397.4
17;2025-11-17;0;101.8
17;2025-11-17;1;4.5
17;2025-11-17;2;4.2
17;2025-11-17;3;1.4
17;2025-11-17;4;22.0
17;2025-11-17;5;318.7
17;2025-11-17;6;1514.0
17;2025-11-17;7;3877.5
17;2025-11-17;8;5345.5
17;2025-11-17;9;3795.6
17;2025-11-17;10;2994.5
17;2025-11-17;11;2913.1
17;2025-11-17;12;2935.5
17;2025-11-17;13;3011.6
17;2025-11-17;14;2976.8
17;2025-11-17;15;3095.0
17;2025-11-17;16;3608.2
17;2025-11-17;17;4371.2
17;2025-11-17;18;4813.8
17;2025-11-17;19;3471.9
17;2025-11-17;20;2382.0
17;2025-11-17;21;1439.6
17;2025-11-17;22;683.9
17;2025-11-17;23;319.5
17;2025-11-18;0;97.7
17;2025-11-18;1;3.1
17;2025-11-18;2;7.1
17;2025-11-18;3;3.2
17;2025-11-18;4;27.5
17;2025-11-18;5;351.0
17;2025-11-18;6;1550.1
17;2025-11-18;7;3947.9
17;2025-11-18;8;5294.6
17;2025-11-18;9;3859.7
17;2025-11-18;10;2973.9
17;2025-11-18;11;2890.8
17;2025-11-18;12;2942.6
17;2025-11-18;13;3030.8
17;2025-11-18;14;3061.7
17;2025-11-18;15;3209.9
17;2025-11-18;16;3640.3
17;2025-11-18;17;4543.5
17;2025-11-18;18;4941.8
17;2025-11-18;19;3577.2
17;2025-11-18;20;2396.8
17;2025-11-18;21;1506.8
17;2025-11-18;22;750.5
17;2025-11-18;23;364.9
17;2025-11-19;0;102.6
17;2025-11-19;1;5.2
17;2025-11-19;2;4.7
17;2025-11-19;3;2.3
17;2025-11-19;4;24.6
17;2025-11-19;5;322.4
17;2025-11-19;6;1517.7
17;2025-11-19;7;3910.6
17;2025-11-19;8;5413.4
17;2025-11-19;9;3832.5
17;2025-11-19;10;3081.4
17;2025-11-19;11;3046.0
17;2025-11-19;12;3096.4
17;2025-11-19;13;3127.5
17;2025-11-19;14;3222.3
17;2025-11-19;15;3308.6
17;2025-11-19;16;3719.2
17;2025-11-19;17;4491.9
17;2025-11-19;18;4863.3
17;2025-11-19;19;3481.0
17;2025-11-19;20;2401.5
17;2025-11-19;21;1516.5
17;2025-11-19;22;784.9
17;2025-11-19;23;378.1
17;2025-11-20;0;108.4
17;2025-11-20;1;6.4
17;2025-11-20;2;5.6
17;2025-11-20;3;4.1
17;2025-11-20;4;24.5
17;2025-11-20;5;329.0
17;2025-11-20;6;1522.4
17;2025-11-20;7;3900.7
17;2025-11-20;8;5289.7
17;2025-11-20;9;3864.0
17;2025-11-20;10;3071.5
17;2025-11-20;11;2989.0
17;2025-11-20;12;3039.5
17;2025-11-20;13;3073.1
17;2025-11-20;14;3102.3
17;2025-11-20;15;3225.8
17;2025-11-20;16;3742.7
17;2025-11-20;17;4464.7
17;2025-11-20;18;4773.3
17;2025-11-20;19;3543.7
17;2025-11-20;20;2511.0
17;2025-11-20;21;1561.2
17;2025-11-20;22;825.3
17;2025-11-20;23;426.7
17;2025-11-21;0;115.7
17;2025-11-21;1;9.9
17;2025-11-21;2;4.1
17;2025-11-21;3;0.9
17;2025-11-21;4;18.3
17;2025-11-21;5;328.6
17;2025-11-21;6;1509.4
17;2025-11-21;7;3809.3
17;2025-11-21;8;5202.0
17;2025-11-21;9;3725.2
17;2025-11-21;10;2966.9
17;2025-11-21;11;2975.2
17;2025-11-21;12;2977.9
17;2025-11-21;13;3111.7
17;2025-11-21;14;3129.2
17;2025-11-21;15;3475.0
17;2025-11-21;16;4132.3
17;2025-11-21;17;4625.9
17;2025-11-21;18;4184.0
17;2025-11-21;19;3247.6
17;2025-11-21;20;2369.3
17;2025-11-21;21;1598.3
17;2025-11-21;22;837.5
17;2025-11-21;23;479.9
17;2025-11-22;0;160.9
17;2025-11-22;1;37.3
17;2025-11-22;2;19.4
17;2025-11-22;3;9.3
17;2025-11-22;4;13.3
17;2025-11-22;5;161.9
17;2025-11-22;6;629.2
17;2025-11-22;7;1140.3
17;2025-11-22;8;1654.8
17;2025-11-22;9;1996.5
17;2025-11-22;10;2269.4
17;2025-11-22;11;2660.7
17;2025-11-22;12;2943.7
17;2025-11-22;13;3138.7
17;2025-11-22;14;3158.1
17;2025-11-22;15;3188.6
17;2025-11-22;16;3184.9
17;2025-11-22;17;3037.3
17;2025-11-22;18;2794.0
17;2025-11-22;19;2411.8
17;2025-11-22;20;1893.8
17;2025-11-22;21;1367.3
17;2025-11-22;22;853.5
17;2025-11-22;23;510.2
17;2025-11-23;0;154.5
17;2025-11-23;1;33.0
17;2025-11-23;2;6.1
17;2025-11-23;3;0.6
17;2025-11-23;4;3.9
17;2025-11-23;5;110.4
17;2025-11-23;6;461.3
17;2025-11-23;7;809.5
17;2025-11-23;8;1182.0
17;2025-11-23;9;1597.9
17;2025-11-23;10;1880.3
17;2025-11-23;11;2312.1
17;2025-11-23;12;2620.5
17;2025-11-23;13;2857.7
17;2025-11-23;14;2908.1
17;2025-11-23;15;2919.3
17;2025-11-23;16;2892.5
17;2025-11-23;17;2811.0
17;2025-11-23;18;2514.2
17;2025-11-23;19;2074.4
17;2025-11-23;20;1612.1
17;2025-11-23;21;1188.0
17;2025-11-23;22;739.3
17;2025-11-23;23;397.4
17;2025-11-24;0;101.8
17;2025-11-24;1;4.5
17;2025-11-24;2;4.2
17;2025-11-24;3;1.4
17;2025-11-24;4;22.0
17;2025-11-24;5;318.7
17;2025-11-24;6;1514.0
17;2025-11-24;7;3877.5
17;2025-11-24;8;5345.5
17;2025-11-24;9;3795.6
17;2025-11-24;10;2994.5
17;2025-11-24;11;2913.1
17;2025-11-24;12;2935.5
17;2025-11-24;13;3011.6
17;2025-11-24;14;2976.8
17;2025-11-24;15;3095.0
17;2025-11-24;16;3608.2
17;2025-11-24;17;4371.2
17;2025-11-24;18;4813.8
17;2025-11-24;19;3471.9
17;2025-11-24;20;2382.0
17;2025-11-24;21;1439.6
17;2025-11-24;22;683.9
17;2025-11-24;23;319.5
17;2025-11-25;0;97.7
17;2025-11-25;1;3.1
17;2025-11-25;2;7.1
17;2025-11-25;3;3.2
17;2025-11-25;4;27.5
17;2025-11-25;5;351.0
17;2025-11-25;6;1550.1
17;2025-11-25;7;3947.9
17;2025-11-25;8;5294.6
17;2025-11-25;9;3859.7
17;2025-11-25;10;2973.9
17;2025-11-25;11;2890.8
17;2025-11-25;12;2942.6
17;2025-11-25;13;3030.8
17;2025-11-25;14;3061.7
17;2025-11-25;15;3209.9
17;2025-11-25;16;3640.3
17;2025-11-25;17;4543.5
17;2025-11-25;18;4941.8
17;2025-11-25;19;3577.2
17;2025-11-25;20;2396.8
17;2025-11-25;21;1506.8
17;2025-11-25;22;750.5
17;2025-11-25;23;364.9
17;2025-11-26;0;102.6
17;2025-11-26;1;5.2
17;2025-11-26;2;4.7
17;2025-11-26;3;2.3
17;2025-11-26;4;24.6
17;2025-11-26;5;322.4
17;2025-11-26;6;1517.7
17;2025-11-26;7;3910.6
17;2025-11-26;8;5413.4
17;2025-11-26;9;3832.5
17;2025-11-26;10;3081.4
17;2025-11-26;11;3046.0
17;2025-11-26;12;3096.4
17;2025-11-26;13;3127.5
17;2025-11-26;14;3222.3
17;2025-11-26;15;3308.6
17;2025-11-26;16;3719.2
17;2025-11-26;17;4491.9
17;2025-11-26;18;4863.3
17;2025-11-26;19;3481.0
17;2025-11-26;20;2401.5
17;2025-11-26;21;1516.5
17;2025-11-26;22;784.9
17;2025-11-26;23;378.1
17;2025-11-27;0;108.4
17;2025-11-27;1;6.4
17;2025-11-27;2;5.6
17;2025-11-27;3;4.1
17;2025-11-27;4;24.5
17;2025-11-27;5;329.0
17;2025-11-27;6;1522.4
17;2025-11-27;7;3900.7
17;2025-11-27;8;5289.7
17;2025-11-27;9;3864.0
17;2025-11-27;10;3071.5
17;2025-11-27;11;2989.0
17;2025-11-27;12;3039.5
17;2025-11-27;13;3073.1
17;2025-11-27;14;3102.3
17;2025-11-27;15;3225.8
17;2025-11-27;16;3742.7
17;2025-11-27;17;4464.7
17;2025-11-27;18;4773.3
17;2025-11-27;19;3543.7
17;2025-11-27;20;2511.0
17;2025-11-27;21;1561.2
17;2025-11-27;22;825.3
17;2025-11-27;23;426.7
17;2025-11-28;0;115.7
17;2025-11-28;1;9.9
17;2025-11-28;2;4.1
17;2025-11-28;3;0.9
17;2025-11-28;4;18.3
17;2025-11-28;5;328.6
17;2025-11-28;6;1509.4
17;2025-11-28;7;3809.3
17;2025-11-28;8;5202.0
17;2025-11-28;9;3725.2
17;2025-11-28;10;2966.9
17;2025-11-28;11;2975.2
17;2025-11-28;12;2977.9
17;2025-11-28;13;3111.7
17;2025-11-28;14;3129.2
17;2025-11-28;15;3475.0
17;2025-11-28;16;4132.3
17;2025-11-28;17;4625.9
17;2025-11-28;18;4184.0
17;2025-11-28;19;3247.6
17;2025-11-28;20;2369.3
17;2025-11-28;21;1598.3
17;2025-11-28;22;837.5
17;2025-11-28;23;479.9
17;2025-11-29;0;160.9
17;2025-11-29;1;37.3
17;2025-11-29;2;19.4
17;2025-11-29;3;9.3
17;2025-11-29;4;13.3
17;2025-11-29;5;161.9
17;2025-11-29;6;629.2
17;2025-11-29;7;1140.3
17;2025-11-29;8;1654.8
17;2025-11-29;9;1996.5
17;2025-11-29;10;2269.4
17;2025-11-29;11;2660.7
17;2025-11-29;12;2943.7
17;2025-11-29;13;3138.7
17;2025-11-29;14;3158.1
17;2025-11-29;15;3188.6
17;2025-11-29;16;3184.9
17;2025-11-29;17;3037.3
17;2025-11-29;18;2794.0
17;2025-11-29;19;2411.8
17;2025-11-29;20;1893.8
17;2025-11-29;21;1367.3
17;2025-11-29;22;853.5
17;2025-11-29;23;510.2
17;2025-11-30;0;154.5
17;2025-11-30;1;33.0
17;2025-11-30;2;6.1
17;2025-11-30;3;0.6
17;2025-11-30;4;3.9
17;2025-11-30;5;110.4
17;2025-11-30;6;461.3
17;2025-11-30;7;809.5
17;2025-11-30;8;1182.0
17;2025-11-30;9;1597.9
17;2025-11-30;10;1880.3
17;2025-11-30;11;2312.1
17;2025-11-30;12;2620.5
17;2025-11-30;13;2857.7
17;2025-11-30;14;2908.1
17;2025-11-30;15;2919.3
17;2025-11-30;16;2892.5
17;2025-11-30;17;2811.0
17;2025-11-30;18;2514.2
17;2025-11-30;19;2074.4
17;2025-11-30;20;1612.1
17;2025-11-30;21;1188.0
17;2025-11-30;22;739.3
17;2025-11-30;23;397.4
17;2025-12-01;0;108.8
17;2025-12-01;1;4.8
17;2025-12-01;2;4.5
17;2025-12-01;3;1.5
17;2025-12-01;4;23.5
17;2025-12-01;5;340.4
17;2025-12-01;6;1617.3
17;2025-12-01;7;4142.2
17;2025-12-01;8;5710.4
17;2025-12-01;9;4054.7
17;2025-12-01;10;3198.8
17;2025-12-01;11;3111.9
17;2025-12-01;12;3135.8
17;2025-12-01;13;3217.2
17;2025-12-01;14;3180.0
17;2025-12-01;15;3306.2
17;2025-12-01;16;3854.5
17;2025-12-01;17;4669.6
17;2025-12-01;18;5142.3
17;2025-12-01;19;3708.9
17;2025-12-01;20;2544.5
17;2025-12-01;21;1537.9
17;2025-12-01;22;730.6
17;2025-12-01;23;341.3
17;2025-12-02;0;104.3
17;2025-12-02;1;3.3
17;2025-12-02;2;7.6
17;2025-12-02;3;3.4
17;2025-12-02;4;29.4
17;2025-12-02;5;374.9
17;2025-12-02;6;1655.9
17;2025-12-02;7;4217.4
17;2025-12-02;8;5656.0
17;2025-12-02;9;4123.1
17;2025-12-02;10;3176.9
17;2025-12-02;11;3088.1
17;2025-12-02;12;3143.4
17;2025-12-02;13;3237.7
17;2025-12-02;14;3270.7
17;2025-12-02;15;3429.0
17;2025-12-02;16;3888.8
17;2025-12-02;17;4853.6
17;2025-12-02;18;5279.1
17;2025-12-02;19;3821.4
17;2025-12-02;20;2560.3
17;2025-12-02;21;1609.7
17;2025-12-02;22;801.7
17;2025-12-02;23;389.8
17;2025-12-03;0;109.6
17;2025-12-03;1;5.6
17;2025-12-03;2;5.0
17;2025-12-03;3;2.4
17;2025-12-03;4;26.3
17;2025-12-03;5;344.4
17;2025-12-03;6;1621.3
17;2025-12-03;7;4177.5
17;2025-12-03;8;5782.8
17;2025-12-03;9;4094.1
17;2025-12-03;10;3291.7
17;2025-12-03;11;3253.9
17;2025-12-03;12;3307.8
17;2025-12-03;13;3341.0
17;2025-12-03;14;3442.2
17;2025-12-03;15;3534.4
17;2025-12-03;16;3973.0
17;2025-12-03;17;4798.4
17;2025-12-03;18;5195.2
17;2025-12-03;19;3718.6
17;2025-12-03;20;2565.4
17;2025-12-03;21;1620.0
17;2025-12-03;22;838.4
17;2025-12-03;23;403.9
17;2025-12-04;0;115.8
17;2025-12-04;1;6.8
17;2025-12-04;2;6.0
17;2025-12-04;3;4.4
17;2025-12-04;4;26.2
17;2025-12-04;5;351.4
17;2025-12-04;6;1626.3
17;2025-12-04;7;4166.9
17;2025-12-04;8;5650.8
17;2025-12-04;9;4127.7
17;2025-12-04;10;3281.2
17;2025-12-04;11;3193.0
17;2025-12-04;12;3247.0
17;2025-12-04;13;3282.9
17;2025-12-04;14;3314.0
17;2025-12-04;15;3446.0
17;2025-12-04;16;3998.1
17;2025-12-04;17;4769.4
17;2025-12-04;18;5099.1
17;2025-12-04;19;3785.5
17;2025-12-04;20;2682.4
17;2025-12-04;21;1667.7
17;2025-12-04;22;881.7
17;2025-12-04;23;455.8
17;2025-12-05;0;123.6
17;2025-12-05;1;10.6
17;2025-12-05;2;4.4
17;2025-12-05;3;0.9
17;2025-12-05;4;19.5
17;2025-12-05;5;351.0
17;2025-12-05;6;1612.4
17;2025-12-05;7;4069.3
17;2025-12-05;8;5557.1
17;2025-12-05;9;3979.5
17;2025-12-05;10;3169.4
17;2025-12-05;11;3178.2
17;2025-12-05;12;3181.1
17;2025-12-05;13;3324.1
17;2025-12-05;14;3342.7
17;2025-12-05;15;3712.1
17;2025-12-05;16;4414.3
17;2025-12-05;17;4941.6
17;2025-12-05;18;4469.5
17;2025-12-05;19;3469.2
17;2025-12-05;20;2531.1
17;2025-12-05;21;1707.4
17;2025-12-05;22;894.7
17;2025-12-05;23;512.7
17;2025-12-06;0;171.9
17;2025-12-06;1;39.9
17;2025-12-06;2;20.7
17;2025-12-06;3;10.0
17;2025-12-06;4;14.2
17;2025-12-06;5;172.9
17;2025-12-06;6;672.2
17;2025-12-06;7;1218.1
17;2025-12-06;8;1767.8
17;2025-12-06;9;2132.8
17;2025-12-06;10;2424.3
17;2025-12-06;11;2842.3
17;2025-12-06;12;3144.6
17;2025-12-06;13;3352.9
17;2025-12-06;14;3373.6
17;2025-12-06;15;3406.3
17;2025-12-06;16;3402.3
17;2025-12-06;17;3244.6
17;2025-12-06;18;2984.7
17;2025-12-06;19;2576.4
17;2025-12-06;20;2023.1
17;2025-12-06;21;1460.6
17;2025-12-06;22;911.8
17;2025-12-06;23;545.0
17;2025-12-07;0;165.0
17;2025-12-07;1;35.2
17;2025-12-07;2;6.5
17;2025-12-07;3;0.6
17;2025-12-07;4;4.2
17;2025-12-07;5;117.9
17;2025-12-07;6;492.7
17;2025-12-07;7;864.8
17;2025-12-07;8;1262.7
17;2025-12-07;9;1706.9
17;2025-12-07;10;2008.6
17;2025-12-07;11;2469.9
17;2025-12-07;12;2799.3
17;2025-12-07;13;3052.7
17;2025-12-07;14;3106.6
17;2025-12-07;15;3118.5
17;2025-12-07;16;3089.9
17;2025-12-07;17;3002.8
17;2025-12-07;18;2685.8
17;2025-12-07;19;2216.0
17;2025-12-07;20;1722.2
17;2025-12-07;21;1269.1
17;2025-12-07;22;789.7
17;2025-12-07;23;424.5
17;2025-12-08;0;108.8
17;2025-12-08;1;4.8
17;2025-12-08;2;4.5
17;2025-12-08;3;1.5
17;2025-12-08;4;23.5
17;2025-12-08;5;340.4
17;2025-12-08;6;1617.3
17;2025-12-08;7;4142.2
17;2025-12-08;8;5710.4
17;2025-12-08;9;4054.7
17;2025-12-08;10;3198.8
17;2025-12-08;11;3111.9
17;2025-12-08;12;3135.8
17;2025-12-08;13;3217.2
17;2025-12-08;14;3180.0
17;2025-12-08;15;3306.2
17;2025-12-08;16;3854.5
17;2025-12-08;17;4669.6
17;2025-12-08;18;5142.3
17;2025-12-08;19;3708.9
17;2025-12-08;20;2544.5
17;2025-12-08;21;1537.9
17;2025-12-08;22;730.6
17;2025-12-08;23;341.3
17;2025-12-09;0;104.3
17;2025-12-09;1;3.3
17;2025-12-09;2;7.6
17;2025-12-09;3;3.4
17;2025-12-09;4;29.4
17;2025-12-09;5;374.9
17;2025-12-09;6;1655.9
17;2025-12-09;7;4217.4
17;2025-12-09;8;5656.0
17;2025-12-09;9;4123.1
17;2025-12-09;10;3176.9
17;2025-12-09;11;3088.1
17;2025-12-09;12;3143.4
17;2025-12-09;13;3237.7
17;2025-12-09;14;3270.7
17;2025-12-09;15;3429.0
17;2025-12-09;16;3888.8
17;2025-12-09;17;4853.6
17;2025-12-09;18;5279.1
17;2025-12-09;19;3821.4
17;2025-12-09;20;2560.3
17;2025-12-09;21;1609.7
17;2025-12-09;22;801.7
17;2025-12-09;23;389.8
17;2025-12-10;0;109.6
17;2025-12-10;1;5.6
17;2025-12-10;2;5.0
17;2025-12-10;3;2.4
17;2025-12-10;4;26.3
17;2025-12-10;5;344.4
17;2025-12-10;6;1621.3
17;2025-12-10;7;4177.5
17;2025-12-10;8;5782.8
17;2025-12-10;9;4094.1
17;2025-12-10;10;3291.7
17;2025-12-10;11;3253.9
17;2025-12-10;12;3307.8
17;2025-12-10;13;3341.0
17;2025-12-10;14;3442.2
17;2025-12-10;15;3534.4
17;2025-12-10;16;3973.0
17;2025-12-10;17;4798.4
17;2025-12-10;18;5195.2
17;2025-12-10;19;3718.6
17;2025-12-10;20;2565.4
17;2025-12-10;21;1620.0
17;2025-12-10;22;838.4
17;2025-12-10;23;403.9
17;2025-12-11;0;115.8
17;2025-12-11;1;6.8
17;2025-12-11;2;6.0
17;2025-12-11;3;4.4
17;2025-12-11;4;26.2
17;2025-12-11;5;351.4
17;2025-12-11;6;1626.3
17;2025-12-11;7;4166.9
17;2025-12-11;8;5650.8
17;2025-12-11;9;4127.7
17;2025-12-11;10;3281.2
17;2025-12-11;11;3193.0
17;2025-12-11;12;3247.0
17;2025-12-11;13;3282.9
17;2025-12-11;14;3314.0
17;2025-12-11;15;3446.0
17;2025-12-11;16;3998.1
17;2025-12-11;17;4769.4
17;2025-12-11;18;5099.1
17;2025-12-11;19;3785.5
17;2025-12-11;20;2682.4
17;2025-12-11;21;1667.7
17;2025-12-11;22;881.7
17;2025-12-11;23;455.8
17;2025-12-12;0;123.6
17;2025-12-12;1;10.6
17;2025-12-12;2;4.4
17;2025-12-12;3;0.9
17;2025-12-12;4;19.5
17;2025-12-12;5;351.0
17;2025-12-12;6;1612.4
17;2025-12-12;7;4069.3
17;2025-12-12;8;5557.1
17;2025-12-12;9;3979.5
17;2025-12-12;10;3169.4
17;2025-12-12;11;3178.2
17;2025-12-12;12;3181.1
17;2025-12-12;13;3324.1
17;2025-12-12;14;3342.7
17;2025-12-12;15;3712.1
17;2025-12-12;16;4414.3
17;2025-12-12;17;4941.6
17;2025-12-12;18;4469.5
17;2025-12-12;19;3469.2
17;2025-12-12;20;2531.1
17;2025-12-12;21;1707.4
17;2025-12-12;22;894.7
17;2025-12-12;23;512.7
17;2025-12-13;0;171.9
17;2025-12-13;1;39.9
17;2025-12-13;2;20.7
17;2025-12-13;3;10.0
17;2025-12-13;4;14.2
17;2025-12-13;5;172.9
17;2025-12-13;6;672.2
17;2025-12-13;7;1218.1
17;2025-12-13;8;1767.8
17;2025-12-13;9;2132.8
17;2025-12-13;10;2424.3
17;2025-12-13;11;2842.3
17;2025-12-13;12;3144.6
17;2025-12-13;13;3352.9
17;2025-12-13;14;3373.6
17;2025-12-13;15;3406.3
17;2025-12-13;16;3402.3
17;2025-12-13;17;3244.6
17;2025-12-13;18;2984.7
17;2025-12-13;19;2576.4
17;2025-12-13;20;2023.1
17;2025-12-13;21;1460.6
17;2025-12-13;22;911.8
17;2025-12-13;23;545.0
17;2025-12-14;0;165.0
17;2025-12-14;1;35.2
17;2025-12-14;2;6.5
17;2025-12-14;3;0.6
17;2025-12-14;4;4.2
17;2025-12-14;5;117.9
17;2025-12-14;6;492.7
17;2025-12-14;7;864.8
17;2025-12-14;8;1262.7
17;2025-12-14;9;1706.9
17;2025-12-14;10;2008.6
17;2025-12-14;11;2469.9
17;2025-12-14;12;2799.3
17;2025-12-14;13;3052.7
17;2025-12-14;14;3106.6
17;2025-12-14;15;3118.5
17;2025-12-14;16;3089.9
17;2025-12-14;17;3002.8
17;2025-12-14;18;2685.8
17;2025-12-14;19;2216.0
17;2025-12-14;20;1722.2
17;2025-12-14;21;1269.1
17;2025-12-14;22;789.7
17;2025-12-14;23;424.5
17;2025-12-15;0;108.8
17;2025-12-15;1;4.8
17;2025-12-15;2;4.5
17;2025-12-15;3;1.5
17;2025-12-15;4;23.5
17;2025-12-15;5;340.4
17;2025-12-15;6;1617.3
17;2025-12-15;7;4142.2
17;2025-12-15;8;5710.4
17;2025-12-15;9;4054.7
17;2025-12-15;10;3198.8
17;2025-12-15;11;3111.9
17;2025-12-15;12;3135.8
17;2025-12-15;13;3217.2
17;2025-12-15;14;3180.0
17;2025-12-15;15;3306.2
17;2025-12-15;16;3854.5
17;2025-12-15;17;4669.6
17;2025-12-15;18;5142.3
17;2025-12-15;19;3708.9
17;2025-12-15;20;2544.5
17;2025-12-15;21;1537.9
17;2025-12-15;22;730.6
17;2025-12-15;23;341.3
17;2025-12-16;0;104.3
17;2025-12-16;1;3.3
17;2025-12-16;2;7.6
17;2025-12-16;3;3.4
17;2025-12-16;4;29.4
17;2025-12-16;5;374.9
17;2025-12-16;6;1655.9
17;2025-12-16;7;4217.4
17;2025-12-16;8;5656.0
17;2025-12-16;9;4123.1
17;2025-12-16;10;3176.9
17;2025-12-16;11;3088.1
17;2025-12-16;12;3143.4
17;2025-12-16;13;3237.7
17;2025-12-16;14;3270.7
17;2025-12-16;15;3429.0
17;2025-12-16;16;3888.8
17;2025-12-16;17;4853.6
17;2025-12-16;18;5279.1
17;2025-12-16;19;3821.4
17;2025-12-16;20;2560.3
17;2025-12-16;21;1609.7
17;2025-12-16;22;801.7
17;2025-12-16;23;389.8
17;2025-12-17;0;109.6
17;2025-12-17;1;5.6
17;2025-12-17;2;5.0
17;2025-12-17;3;2.4
17;2025-12-17;4;26.3
17;2025-12-17;5;344.4
17;2025-12-17;6;1621.3
17;2025-12-17;7;4177.5
17;2025-12-17;8;5782.8
17;2025-12-17;9;4094.1
17;2025-12-17;10;3291.7
17;2025-12-17;11;3253.9
17;2025-12-17;12;3307.8
17;2025-12-17;13;3341.0
17;2025-12-17;14;3442.2
17;2025-12-17;15;3534.4
17;2025-12-17;16;3973.0
17;2025-12-17;17;4798.4
17;2025-12-17;18;5195.2
17;2025-12-17;19;3718.6
17;2025-12-17;20;2565.4
17;2025-12-17;21;1620.0
17;2025-12-17;22;838.4
17;2025-12-17;23;403.9
17;2025-12-18;0;115.8
17;2025-12-18;1;6.8
17;2025-12-18;2;6.0
17;2025-12-18;3;4.4
17;2025-12-18;4;26.2
17;2025-12-18;5;351.4
17;2025-12-18;6;1626.3
17;2025-12-18;7;4166.9
17;2025-12-18;8;5650.8
17;2025-12-18;9;4127.7
17;2025-12-18;10;3281.2
17;2025-12-18;11;3193.0
17;2025-12-18;12;3247.0
17;2025-12-18;13;3282.9
17;2025-12-18;14;3314.0
17;2025-12-18;15;3446.0
17;2025-12-18;16;3998.1
17;2025-12-18;17;4769.4
17;2025-12-18;18;5099.1
17;2025-12-18;19;3785.5
17;2025-12-18;20;2682.4
17;2025-12-18;21;1667.7
17;2025-12-18;22;881.7
17;2025-12-18;23;455.8
17;2025-12-19;0;123.6
17;2025-12-19;1;10.6
17;2025-12-19;2;4.4
17;2025-12-19;3;0.9
17;2025-12-19;4;19.5
17;2025-12-19;5;351.0
17;2025-12-19;6;1612.4
17;2025-12-19;7;4069.3
17;2025-12-19;8;5557.1
17;2025-12-19;9;3979.5
17;2025-12-19;10;3169.4
17;2025-12-19;11;3178.2
17;2025-12-19;12;3181.1
17;2025-12-19;13;3324.1
17;2025-12-19;14;3342.7
17;2025-12-19;15;3712.1
17;2025-12-19;16;4414.3
17;2025-12-19;17;4941.6
17;2025-12-19;18;4469.5
17;2025-12-19;19;3469.2
17;2025-12-19;20;2531.1
17;2025-12-19;21;1707.4
17;2025-12-19;22;894.7
17;2025-12-19;23;512.7
17;2025-12-20;0;171.9
17;2025-12-20;1;39.9
17;2025-12-20;2;20.7
17;2025-12-20;3;10.0
17;2025-12-20;4;14.2
17;2025-12-20;5;172.9
17;2025-12-20;6;672.2
17;2025-12-20;7;1218.1
17;2025-12-20;8;1767.8
17;2025-12-20;9;2132.8
17;2025-12-20;10;2424.3
17;2025-12-20;11;2842.3
17;2025-12-20;12;3144.6
17;2025-12-20;13;3352.9
17;2025-12-20;14;3373.6
17;2025-12-20;15;3406.3
17;2025-12-20;16;3402.3
17;2025-12-20;17;3244.6
17;2025-12-20;18;2984.7
17;2025-12-20;19;2576.4
17;2025-12-20;20;2023.1
17;2025-12-20;21;1460.6
17;2025-12-20;22;911.8
17;2025-12-20;23;545.0
17;2025-12-21;0;165.0
17;2025-12-21;1;35.2
17;2025-12-21;2;6.5
17;2025-12-21;3;0.6
17;2025-12-21;4;4.2
17;2025-12-21;5;117.9
17;2025-12-21;6;492.7
17;2025-12-21;7;864.8
17;2025-12-21;8;1262.7
17;2025-12-21;9;1706.9
17;2025-12-21;10;2008.6
17;2025-12-21;11;2469.9
17;2025-12-21;12;2799.3
17;2025-12-21;13;3052.7
17;2025-12-21;14;3106.6
17;2025-12-21;15;3118.5
17;2025-12-21;16;3089.9
17;2025-12-21;17;3002.8
17;2025-12-21;18;2685.8
17;2025-12-21;19;2216.0
17;2025-12-21;20;1722.2
17;2025-12-21;21;1269.1
17;2025-12-21;22;789.7
17;2025-12-21;23;424.5
17;2025-12-22;0;108.8
17;2025-12-22;1;4.8
17;2025-12-22;2;4.5
17;2025-12-22;3;1.5
17;2025-12-22;4;23.5
17;2025-12-22;5;340.4
17;2025-12-22;6;1617.3
17;2025-12-22;7;4142.2
17;2025-12-22;8;5710.4
17;2025-12-22;9;4054.7
17;2025-12-22;10;3198.8
17;2025-12-22;11;3111.9
17;2025-12-22;12;3135.8
17;2025-12-22;13;3217.2
17;2025-12-22;14;3180.0
17;2025-12-22;15;3306.2
17;2025-12-22;16;3854.5
17;2025-12-22;17;4669.6
17;2025-12-22;18;5142.3
17;2025-12-22;19;3708.9
17;2025-12-22;20;2544.5
17;2025-12-22;21;1537.9
17;2025-12-22;22;730.6
17;2025-12-22;23;341.3
17;2025-12-23;0;104.3
17;2025-12-23;1;3.3
17;2025-12-23;2;7.6
17;2025-12-23;3;3.4
17;2025-12-23;4;29.4
17;2025-12-23;5;374.9
17;2025-12-23;6;1655.9
17;2025-12-23;7;4217.4
17;2025-12-23;8;5656.0
17;2025-12-23;9;4123.1
17;2025-12-23;10;3176.9
17;2025-12-23;11;3088.1
17;2025-12-23;12;3143.4
17;2025-12-23;13;3237.7
17;2025-12-23;14;3270.7
17;2025-12-23;15;3429.0
17;2025-12-23;16;3888.8
17;2025-12-23;17;4853.6
17;2025-12-23;18;5279.1
17;2025-12-23;19;3821.4
17;2025-12-23;20;2560.3
17;2025-12-23;21;1609.7
17;2025-12-23;22;801.7
17;2025-12-23;23;389.8
17;2025-12-24;0;109.6
17;2025-12-24;1;5.6
17;2025-12-24;2;5.0
17;2025-12-24;3;2.4
17;2025-12-24;4;26.3
17;2025-12-24;5;344.4
17;2025-12-24;6;1621.3
17;2025-12-24;7;4177.5
17;2025-12-24;8;5782.8
17;2025-12-24;9;4094.1
17;2025-12-24;10;3291.7
17;2025-12-24;11;3253.9
17;2025-12-24;12;3307.8
17;2025-12-24;13;3341.0
17;2025-12-24;14;3442.2
17;2025-12-24;15;3534.4
17;2025-12-24;16;3973.0
17;2025-12-24;17;4798.4
17;2025-12-24;18;5195.2
17;2025-12-24;19;3718.6
17;2025-12-24;20;2565.4
17;2025-12-24;21;1620.0
17;2025-12-24;22;838.4
17;2025-12-24;23;403.9
17;2025-12-25;0;115.8
17;2025-12-25;1;6.8
17;2025-12-25;2;6.0
17;2025-12-25;3;4.4
17;2025-12-25;4;26.2
17;2025-12-25;5;351.4
17;2025-12-25;6;1626.3
17;2025-12-25;7;4166.9
17;2025-12-25;8;5650.8
17;2025-12-25;9;4127.7
17;2025-12-25;10;3281.2
17;2025-12-25;11;3193.0
17;2025-12-25;12;3247.0
17;2025-12-25;13;3282.9
17;2025-12-25;14;3314.0
17;2025-12-25;15;3446.0
17;2025-12-25;16;3998.1
17;2025-12-25;17;4769.4
17;2025-12-25;18;5099.1
17;2025-12-25;19;3785.5
17;2025-12-25;20;2682.4
17;2025-12-25;21;1667.7
17;2025-12-25;22;881.7
17;2025-12-25;23;455.8
17;2025-12-26;0;123.6
17;2025-12-26;1;10.6
17;2025-12-26;2;4.4
17;2025-12-26;3;0.9
17;2025-12-26;4;19.5
17;2025-12-26;5;351.0
17;2025-12-26;6;1612.4
17;2025-12-26;7;4069.3
17;2025-12-26;8;5557.1
17;2025-12-26;9;3979.5
17;2025-12-26;10;3169.4
17;2025-12-26;11;3178.2
17;2025-12-26;12;3181.1
17;2025-12-26;13;3324.1
17;2025-12-26;14;3342.7
17;2025-12-26;15;3712.1
17;2025-12-26;16;4414.3
17;2025-12-26;17;4941.6
17;2025-12-26;18;4469.5
17;2025-12-26;19;3469.2
17;2025-12-26;20;2531.1
17;2025-12-26;21;1707.4
17;2025-12-26;22;894.7
17;2025-12-26;23;512.7
17;2025-12-27;0;171.9
17;2025-12-27;1;39.9
17;2025-12-27;2;20.7
17;2025-12-27;3;10.0
17;2025-12-27;4;14.2
17;2025-12-27;5;172.9
17;2025-12-27;6;672.2
17;2025-12-27;7;1218.1
17;2025-12-27;8;1767.8
17;2025-12-27;9;2132.8
17;2025-12-27;10;2424.3
17;2025-12-27;11;2842.3
17;2025-12-27;12;3144.6
17;2025-12-27;13;3352.9
17;2025-12-27;14;3373.6
17;2025-12-27;15;3406.3
17;2025-12-27;16;3402.3
17;2025-12-27;17;3244.6
17;2025-12-27;18;2984.7
17;2025-12-27;19;2576.4
17;2025-12-27;20;2023.1
17;2025-12-27;21;1460.6
17;2025-12-27;22;911.8
17;2025-12-27;23;545.0
17;2025-12-28;0;165.0
17;2025-12-28;1;35.2
17;2025-12-28;2;6.5
17;2025-12-28;3;0.6
17;2025-12-28;4;4.2
17;2025-12-28;5;117.9
17;2025-12-28;6;492.7
17;2025-12-28;7;864.8
17;2025-12-28;8;1262.7
17;2025-12-28;9;1706.9
17;2025-12-28;10;2008.6
17;2025-12-28;11;2469.9
17;2025-12-28;12;2799.3
17;2025-12-28;13;3052.7
17;2025-12-28;14;3106.6
17;2025-12-28;15;3118.5
17;2025-12-28;16;3089.9
17;2025-12-28;17;3002.8
17;2025-12-28;18;2685.8
17;2025-12-28;19;2216.0
17;2025-12-28;20;1722.2
17;2025-12-28;21;1269.1
17;2025-12-28;22;789.7
17;2025-12-28;23;424.5
17;2025-12-29;0;108.8
17;2025-12-29;1;4.8
17;2025-12-29;2;4.5
17;2025-12-29;3;1.5
17;2025-12-29;4;23.5
17;2025-12-29;5;340.4
17;2025-12-29;6;1617.3
17;2025-12-29;7;4142.2
17;2025-12-29;8;5710.4
17;2025-12-29;9;4054.7
17;2025-12-29;10;3198.8
17;2025-12-29;11;3111.9
17;2025-12-29;12;3135.8
17;2025-12-29;13;3217.2
17;2025-12-29;14;3180.0
17;2025-12-29;15;3306.2
17;2025-12-29;16;3854.5
17;2025-12-29;17;4669.6
17;2025-12-29;18;5142.3
17;2025-12-29;19;3708.9
17;2025-12-29;20;2544.5
17;2025-12-29;21;1537.9
17;2025-12-29;22;730.6
17;2025-12-29;23;341.3
17;2025-12-30;0;100.6
17;2025-12-30;1;3.2
17;2025-12-30;2;9.9
17;2025-12-30;3;5.6
17;2025-12-30;4;34.0
17;2025-12-30;5;390.8
17;2025-12-30;6;1666.2
17;2025-12-30;7;4205.5
17;2025-12-30;8;5637.0
17;2025-12-30;9;4154.2
17;2025-12-30;10;3252.0
17;2025-12-30;11;3215.9
17;2025-12-30;12;3297.4
17;2025-12-30;13;3431.2
17;2025-12-30;14;3501.5
17;2025-12-30;15;3693.1
17;2025-12-30;16;4129.6
17;2025-12-30;17;4859.8
17;2025-12-30;18;4796.6
17;2025-12-30;19;3647.1
17;2025-12-30;20;2539.1
17;2025-12-30;21;1646.6
17;2025-12-30;22;838.5
17;2025-12-30;23;432.7
17;2025-12-31;0;94.5
17;2025-12-31;1;0.0
17;2025-12-31;2;0.0
17;2025-12-31;3;0.4
17;2025-12-31;4;0.0
17;2025-12-31;5;44.5
17;2025-12-31;6;402.8
17;2025-12-31;7;719.5
17;2025-12-31;8;1053.4
17;2025-12-31;9;1207.1
17;2025-12-31;10;1439.0
17;2025-12-31;11;1813.9
17;2025-12-31;12;2207.0
17;2025-12-31;13;2456.2
17;2025-12-31;14;2544.0
17;2025-12-31;15;2632.8
17;2025-12-31;16;2701.6
17;2025-12-31;17;2629.8
17;2025-12-31;18;2526.2
17;2025-12-31;19;2198.3
17;2025-12-31;20;1688.0
17;2025-12-31;21;1262.5
17;2025-12-31;22;744.4
17;2025-12-31;23;387.3
25;2025-11-01;0;21.9
25;2025-11-01;1;10.4
25;2025-11-01;2;9.6
25;2025-11-01;3;8.7
25;2025-11-01;4;11.4
25;2025-11-01;5;44.4
25;2025-11-01;6;196.8
25;2025-11-01;7;386.0
25;2025-11-01;8;573.9
25;2025-11-01;9;424.7
25;2025-11-01;10;386.8
25;2025-11-01;11;426.3
25;2025-11-01;12;436.7
25;2025-11-01;13;513.5
25;2025-11-01;14;497.7
25;2025-11-01;15;577.0
25;2025-11-01;16;636.8
25;2025-11-01;17;637.2
25;2025-11-01;18;580.3
25;2025-11-01;19;501.7
25;2025-11-01;20;340.1
25;2025-11-01;21;233.3
25;2025-11-01;22;138.6
25;2025-11-01;23;70.7
25;2025-11-02;0;21.6
25;2025-11-02;1;4.5
25;2025-11-02;2;1.0
25;2025-11-02;3;0.0
25;2025-11-02;4;0.4
25;2025-11-02;5;15.6
25;2025-11-02;6;79.7
25;2025-11-02;7;118.0
25;2025-11-02;8;182.1
25;2025-11-02;9;233.9
25;2025-11-02;10;259.9
25;2025-11-02;11;330.0
25;2025-11-02;12;379.9
25;2025-11-02;13;431.7
25;2025-11-02;14;455.2
25;2025-11-02;15;473.8
25;2025-11-02;16;455.0
25;2025-11-02;17;446.7
25;2025-11-02;18;394.9
25;2025-11-02;19;311.1
25;2025-11-02;20;244.6
25;2025-11-02;21;179.3
25;2025-11-02;22;115.1
25;2025-11-02;23;59.3
25;2025-11-03;0;20.7
25;2025-11-03;1;4.6
25;2025-11-03;2;3.8
25;2025-11-03;3;3.1
25;2025-11-03;4;2.4
25;2025-11-03;5;23.5
25;2025-11-03;6;87.6
25;2025-11-03;7;146.8
25;2025-11-03;8;205.2
25;2025-11-03;9;229.7
25;2025-11-03;10;272.5
25;2025-11-03;11;334.3
25;2025-11-03;12;400.7
25;2025-11-03;13;444.9
25;2025-11-03;14;457.9
25;2025-11-03;15;469.5
25;2025-11-03;16;478.5
25;2025-11-03;17;458.1
25;2025-11-03;18;430.8
25;2025-11-03;19;372.1
25;2025-11-03;20;286.7
25;2025-11-03;21;215.7
25;2025-11-03;22;141.8
25;2025-11-03;23;89.8
25;2025-11-04;0;20.2
25;2025-11-04;1;3.4
25;2025-11-04;2;2.7
25;2025-11-04;3;2.0
25;2025-11-04;4;2.5
25;2025-11-04;5;17.7
25;2025-11-04;6;71.5
25;2025-11-04;7;123.5
25;2025-11-04;8;179.3
25;2025-11-04;9;195.3
25;2025-11-04;10;229.7
25;2025-11-04;11;287.0
25;2025-11-04;12;350.0
25;2025-11-04;13;392.9
25;2025-11-04;14;405.9
25;2025-11-04;15;417.2
25;2025-11-04;16;427.9
25;2025-11-04;17;413.3
25;2025-11-04;18;392.9
25;2025-11-04;19;341.9
25;2025-11-04;20;264.4
25;2025-11-04;21;198.0
25;2025-11-04;22;122.8
25;2025-11-04;23;70.2
25;2025-11-05;0;10.2
25;2025-11-05;1;2.4
25;2025-11-05;2;3.8
25;2025-11-05;3;3.2
25;2025-11-05;4;5.3
25;2025-11-05;5;45.8
25;2025-11-05;6;259.8
25;2025-11-05;7;560.4
25;2025-11-05;8;849.8
25;2025-11-05;9;546.2
25;2025-11-05;10;433.9
25;2025-11-05;11;459.9
25;2025-11-05;12;480.9
25;2025-11-05;13;526.5
25;2025-11-05;14;413.4
25;2025-11-05;15;547.4
25;2025-11-05;16;630.2
25;2025-11-05;17;789.6
25;2025-11-05;18;848.4
25;2025-11-05;19;601.8
25;2025-11-05;20;366.7
25;2025-11-05;21;250.3
25;2025-11-05;22;120.4
25;2025-11-05;23;35.2
25;2025-11-06;0;9.0
25;2025-11-06;1;0.4
25;2025-11-06;2;0.7
25;2025-11-06;3;0.5
25;2025-11-06;4;2.1
25;2025-11-06;5;43.3
25;2025-11-06;6;256.8
25;2025-11-06;7;559.0
25;2025-11-06;8;821.5
25;2025-11-06;9;538.0
25;2025-11-06;10;437.8
25;2025-11-06;11;439.9
25;2025-11-06;12;442.5
25;2025-11-06;13;491.3
25;2025-11-06;14;484.3
25;2025-11-06;15;559.0
25;2025-11-06;16;635.8
25;2025-11-06;17;710.0
25;2025-11-06;18;777.1
25;2025-11-06;19;595.1
25;2025-11-06;20;340.3
25;2025-11-06;21;226.9
25;2025-11-06;22;118.2
25;2025-11-06;23;40.0
25;2025-11-07;0;8.6
25;2025-11-07;1;0.4
25;2025-11-07;2;0.6
25;2025-11-07;3;0.1
25;2025-11-07;4;1.3
25;2025-11-07;5;37.1
25;2025-11-07;6;252.3
25;2025-11-07;7;570.3
25;2025-11-07;8;842.5
25;2025-11-07;9;526.5
25;2025-11-07;10;429.7
25;2025-11-07;11;450.8
25;2025-11-07;12;446.3
25;2025-11-07;13;523.5
25;2025-11-07;14;475.4
25;2025-11-07;15;605.4
25;2025-11-07;16;733.0
25;2025-11-07;17;767.8
25;2025-11-07;18;703.0
25;2025-11-07;19;596.1
25;2025-11-07;20;376.9
25;2025-11-07;21;236.7
25;2025-11-07;22;128.2
25;2025-11-07;23;50.8
25;2025-11-08;0;20.8
25;2025-11-08;1;5.2
25;2025-11-08;2;3.1
25;2025-11-08;3;1.6
25;2025-11-08;4;2.0
25;2025-11-08;5;26.0
25;2025-11-08;6;110.0
25;2025-11-08;7;161.9
25;2025-11-08;8;263.5
25;2025-11-08;9;289.4
25;2025-11-08;10;316.8
25;2025-11-08;11;383.2
25;2025-11-08;12;412.2
25;2025-11-08;13;490.7
25;2025-11-08;14;506.6
25;2025-11-08;15;525.9
25;2025-11-08;16;503.2
25;2025-11-08;17;476.6
25;2025-11-08;18;445.3
25;2025-11-08;19;394.3
25;2025-11-08;20;283.6
25;2025-11-08;21;212.2
25;2025-11-08;22;132.2
25;2025-11-08;23;75.0
25;2025-11-09;0;21.6
25;2025-11-09;1;4.5
25;2025-11-09;2;1.0
25;2025-11-09;3;0.0
25;2025-11-09;4;0.4
25;2025-11-09;5;15.6
25;2025-11-09;6;79.7
25;2025-11-09;7;118.0
25;2025-11-09;8;182.1
25;2025-11-09;9;233.9
25;2025-11-09;10;259.9
25;2025-11-09;11;330.0
25;2025-11-09;12;379.9
25;2025-11-09;13;431.7
25;2025-11-09;14;455.2
25;2025-11-09;15;473.8
25;2025-11-09;16;455.0
25;2025-11-09;17;446.7
25;2025-11-09;18;394.9
25;2025-11-09;19;311.1
25;2025-11-09;20;244.6
25;2025-11-09;21;179.3
25;2025-11-09;22;115.1
25;2025-11-09;23;59.3
25;2025-11-10;0;10.8
25;2025-11-10;1;0.0
25;2025-11-10;2;0.5
25;2025-11-10;3;0.2
25;2025-11-10;4;1.8
25;2025-11-10;5;37.3
25;2025-11-10;6;249.4
25;2025-11-10;7;549.6
25;2025-11-10;8;850.1
25;2025-11-10;9;563.1
25;2025-11-10;10;397.6
25;2025-11-10;11;404.9
25;2025-11-10;12;442.4
25;2025-11-10;13;502.5
25;2025-11-10;14;462.7
25;2025-11-10;15;499.0
25;2025-11-10;16;626.8
25;2025-11-10;17;701.7
25;2025-11-10;18;728.4
25;2025-11-10;19;589.0
25;2025-11-10;20;354.9
25;2025-11-10;21;207.3
25;2025-11-10;22;100.1
25;2025-11-10;23;29.0
25;2025-11-11;0;8.0
25;2025-11-11;1;0.1
25;2025-11-11;2;1.0
25;2025-11-11;3;0.3
25;2025-11-11;4;2.6
25;2025-11-11;5;41.5
25;2025-11-11;6;247.4
25;2025-11-11;7;562.1
25;2025-11-11;8;893.3
25;2025-11-11;9;540.4
25;2025-11-11;10;425.5
25;2025-11-11;11;443.5
25;2025-11-11;12;438.1
25;2025-11-11;13;463.8
25;2025-11-11;14;466.0
25;2025-11-11;15;539.4
25;2025-11-11;16;608.3
25;2025-11-11;17;721.5
25;2025-11-11;18;754.1
25;2025-11-11;19;572.0
25;2025-11-11;20;353.4
25;2025-11-11;21;219.6
25;2025-11-11;22;104.6
25;2025-11-11;23;33.3
25;2025-11-12;0;8.1
25;2025-11-12;1;0.4
25;2025-11-12;2;0.6
25;2025-11-12;3;0.4
25;2025-11-12;4;2.2
25;2025-11-12;5;41.6
25;2025-11-12;6;254.2
25;2025-11-12;7;553.4
25;2025-11-12;8;846.0
25;2025-11-12;9;542.8
25;2025-11-12;10;431.6
25;2025-11-12;11;457.2
25;2025-11-12;12;475.0
25;2025-11-12;13;519.0
25;2025-11-12;14;405.7
25;2025-11-12;15;539.1
25;2025-11-12;16;621.0
25;2025-11-12;17;783.6
25;2025-11-12;18;842.6
25;2025-11-12;19;605.0
25;2025-11-12;20;371.8
25;2025-11-12;21;257.5
25;2025-11-12;22;124.4
25;2025-11-12;23;38.5
25;2025-11-13;0;9.0
25;2025-11-13;1;0.4
25;2025-11-13;2;0.7
25;2025-11-13;3;0.5
25;2025-11-13;4;2.1
25;2025-11-13;5;43.3
25;2025-11-13;6;256.8
25;2025-11-13;7;559.0
25;2025-11-13;8;821.5
25;2025-11-13;9;538.0
25;2025-11-13;10;437.8
25;2025-11-13;11;439.9
25;2025-11-13;12;442.5
25;2025-11-13;13;491.3
25;2025-11-13;14;484.3
25;2025-11-13;15;559.0
25;2025-11-13;16;635.8
25;2025-11-13;17;710.0
25;2025-11-13;18;777.1
25;2025-11-13;19;595.1
25;2025-11-13;20;340.3
25;2025-11-13;21;226.9
25;2025-11-13;22;118.2
25;2025-11-13;23;40.0
25;2025-11-14;0;8.6
25;2025-11-14;1;0.4
25;2025-11-14;2;0.6
25;2025-11-14;3;0.1
25;2025-11-14;4;1.3
25;2025-11-14;5;37.1
25;2025-11-14;6;252.3
25;2025-11-14;7;570.3
25;2025-11-14;8;842.5
25;2025-11-14;9;526.5
25;2025-11-14;10;429.7
25;2025-11-14;11;450.8
25;2025-11-14;12;446.3
25;2025-11-14;13;523.5
25;2025-11-14;14;475.4
25;2025-11-14;15;605.4
25;2025-11-14;16;733.0
25;2025-11-14;17;767.8
25;2025-11-14;18;703.0
25;2025-11-14;19;596.1
25;2025-11-14;20;376.9
25;2025-11-14;21;236.7
25;2025-11-14;22;128.2
25;2025-11-14;23;50.8
25;2025-11-15;0;20.8
25;2025-11-15;1;5.2
25;2025-11-15;2;3.1
25;2025-11-15;3;1.6
25;2025-11-15;4;2.0
25;2025-11-15;5;26.0
25;2025-11-15;6;110.0
25;2025-11-15;7;161.9
25;2025-11-15;8;263.5
25;2025-11-15;9;289.4
25;2025-11-15;10;316.8
25;2025-11-15;11;383.2
25;2025-11-15;12;412.2
25;2025-11-15;13;490.7
25;2025-11-15;14;506.6
25;2025-11-15;15;525.9
25;2025-11-15;16;503.2
25;2025-11-15;17;476.6
25;2025-11-15;18;445.3
25;2025-11-15;19;394.3
25;2025-11-15;20;283.6
25;2025-11-15;21;212.2
25;2025-11-15;22;132.2
25;2025-11-15;23;75.0
25;2025-11-16;0;21.6
25;2025-11-16;1;4.5
25;2025-11-16;2;1.0
25;2025-11-16;3;0.0
25;2025-11-16;4;0.4
25;2025-11-16;5;15.6
25;2025-11-16;6;79.7
25;2025-11-16;7;118.0
25;2025-11-16;8;182.1
25;2025-11-16;9;233.9
25;2025-11-16;10;259.9
25;2025-11-16;11;330.0
25;2025-11-16;12;379.9
25;2025-11-16;13;431.7
25;2025-11-16;14;455.2
25;2025-11-16;15;473.8
25;2025-11-16;16;455.0
25;2025-11-16;17;446.7
25;2025-11-16;18;394.9
25;2025-11-16;19;311.1
25;2025-11-16;20;244.6
25;2025-11-16;21;179.3
25;2025-11-16;22;115.1
25;2025-11-16;23;59.3
25;2025-11-17;0;10.8
25;2025-11-17;1;0.0
25;2025-11-17;2;0.5
25;2025-11-17;3;0.2
25;2025-11-17;4;1.8
25;2025-11-17;5;37.3
25;2025-11-17;6;249.4
25;2025-11-17;7;549.6
25;2025-11-17;8;850.1
25;2025-11-17;9;563.1
25;2025-11-17;10;397.6
25;2025-11-17;11;404.9
25;2025-11-17;12;442.4
25;2025-11-17;13;502.5
25;2025-11-17;14;462.7
25;2025-11-17;15;499.0
25;2025-11-17;16;626.8
25;2025-11-17;17;701.7
25;2025-11-17;18;728.4
25;2025-11-17;19;589.0
25;2025-11-17;20;354.9
25;2025-11-17;21;207.3
25;2025-11-17;22;100.1
25;2025-11-17;23;29.0
25;2025-11-18;0;8.0
25;2025-11-18;1;0.1
25;2025-11-18;2;1.0
25;2025-11-18;3;0.3
25;2025-11-18;4;2.6
25;2025-11-18;5;41.5
25;2025-11-18;6;247.4
25;2025-11-18;7;562.1
25;2025-11-18;8;893.3
25;2025-11-18;9;540.4
25;2025-11-18;10;425.5
25;2025-11-18;11;443.5
25;2025-11-18;12;438.1
25;2025-11-18;13;463.8
25;2025-11-18;14;466.0
25;2025-11-18;15;539.4
25;2025-11-18;16;608.3
25;2025-11-18;17;721.5
25;2025-11-18;18;754.1
25;2025-11-18;19;572.0
25;2025-11-18;20;353.4
25;2025-11-18;21;219.6
25;2025-11-18;22;104.6
25;2025-11-18;23;33.3
25;2025-11-19;0;8.1
25;2025-11-19;1;0.4
25;2025-11-19;2;0.6
25;2025-11-19;3;0.4
25;2025-11-19;4;2.2
25;2025-11-19;5;41.6
25;2025-11-19;6;254.2
25;2025-11-19;7;553.4
25;2025-11-19;8;846.0
25;2025-11-19;9;542.8
25;2025-11-19;10;431.6
25;2025-11-19;11;457.2
25;2025-11-19;12;475.0
25;2025-11-19;13;519.0
25;2025-11-19;14;405.7
25;2025-11-19;15;539.1
25;2025-11-19;16;621.0
25;2025-11-19;17;783.6
25;2025-11-19;18;842.6
25;2025-11-19;19;605.0
25;2025-11-19;20;371.8
25;2025-11-19;21;257.5
25;2025-11-19;22;124.4
25;2025-11-19;23;38.5
25;2025-11-20;0;9.0
25;2025-11-20;1;0.4
25;2025-11-20;2;0.7
25;2025-11-20;3;0.5
25;2025-11-20;4;2.1
25;2025-11-20;5;43.3
25;2025-11-20;6;256.8
25;2025-11-20;7;559.0
25;2025-11-20;8;821.5
25;2025-11-20;9;538.0
25;2025-11-20;10;437.8
25;2025-11-20;11;439.9
25;2025-11-20;12;442.5
25;2025-11-20;13;491.3
25;2025-11-20;14;484.3
25;2025-11-20;15;559.0
25;2025-11-20;16;635.8
25;2025-11-20;17;710.0
25;2025-11-20;18;777.1
25;2025-11-20;19;595.1
25;2025-11-20;20;340.3
25;2025-11-20;21;226.9
25;2025-11-20;22;118.2
25;2025-11-20;23;40.0
25;2025-11-21;0;8.6
25;2025-11-21;1;0.4
25;2025-11-21;2;0.6
25;2025-11-21;3;0.1
25;2025-11-21;4;1.3
25;2025-11-21;5;37.1
25;2025-11-21;6;252.3
25;2025-11-21;7;570.3
25;2025-11-21;8;842.5
25;2025-11-21;9;526.5
25;2025-11-21;10;429.7
25;2025-11-21;11;450.8
25;2025-11-21;12;446.3
25;2025-11-21;13;523.5
25;2025-11-21;14;475.4
25;2025-11-21;15;605.4
25;2025-11-21;16;733.0
25;2025-11-21;17;767.8
25;2025-11-21;18;703.0
25;2025-11-21;19;596.1
25;2025-11-21;20;376.9
25;2025-11-21;21;236.7
25;2025-11-21;22;128.2
25;2025-11-21;23;50.8
25;2025-11-22;0;20.8
25;2025-11-22;1;5.2
25;2025-11-22;2;3.1
25;2025-11-22;3;1.6
25;2025-11-22;4;2.0
25;2025-11-22;5;26.0
25;2025-11-22;6;110.0
25;2025-11-22;7;161.9
25;2025-11-22;8;263.5
25;2025-11-22;9;289.4
25;2025-11-22;10;316.8
25;2025-11-22;11;383.2
25;2025-11-22;12;412.2
25;2025-11-22;13;490.7
25;2025-11-22;14;506.6
25;2025-11-22;15;525.9
25;2025-11-22;16;503.2
25;2025-11-22;17;476.6
25;2025-11-22;18;445.3
25;2025-11-22;19;394.3
25;2025-11-22;20;283.6
25;2025-11-22;21;212.2
25;2025-11-22;22;132.2
25;2025-11-22;23;75.0
25;2025-11-23;0;21.6
25;2025-11-23;1;4.5
25;2025-11-23;2;1.0
25;2025-11-23;3;0.0
25;2025-11-23;4;0.4
25;2025-11-23;5;15.6
25;2025-11-23;6;79.7
25;2025-11-23;7;118.0
25;2025-11-23;8;182.1
25;2025-11-23;9;233.9
25;2025-11-23;10;259.9
25;2025-11-23;11;330.0
25;2025-11-23;12;379.9
25;2025-11-23;13;431.7
25;2025-11-23;14;455.2
25;2025-11-23;15;473.8
25;2025-11-23;16;455.0
25;2025-11-23;17;446.7
25;2025-11-23;18;394.9
25;2025-11-23;19;311.1
25;2025-11-23;20;244.6
25;2025-11-23;21;179.3
25;2025-11-23;22;115.1
25;2025-11-23;23;59.3
25;2025-11-24;0;10.8
25;2025-11-24;1;0.0
25;2025-11-24;2;0.5
25;2025-11-24;3;0.2
25;2025-11-24;4;1.8
25;2025-11-24;5;37.3
25;2025-11-24;6;249.4
25;2025-11-24;7;549.6
25;2025-11-24;8;850.1
25;2025-11-24;9;563.1
25;2025-11-24;10;397.6
25;2025-11-24;11;404.9
25;2025-11-24;12;442.4
25;2025-11-24;13;502.5
25;2025-11-24;14;462.7
25;2025-11-24;15;499.0
25;2025-11-24;16;626.8
25;2025-11-24;17;701.7
25;2025-11-24;18;728.4
25;2025-11-24;19;589.0
25;2025-11-24;20;354.9
25;2025-11-24;21;207.3
25;2025-11-24;22;100.1
25;2025-11-24;23;29.0
25;2025-11-25;0;8.0
25;2025-11-25;1;0.1
25;2025-11-25;2;1.0
25;2025-11-25;3;0.3
25;2025-11-25;4;2.6
25;2025-11-25;5;41.5
25;2025-11-25;6;247.4
25;2025-11-25;7;562.1
25;2025-11-25;8;893.3
25;2025-11-25;9;540.4
25;2025-11-25;10;425.5
25;2025-11-25;11;443.5
25;2025-11-25;12;438.1
25;2025-11-25;13;463.8
25;2025-11-25;14;466.0
25;2025-11-25;15;539.4
25;2025-11-25;16;608.3
25;2025-11-25;17;721.5
25;2025-11-25;18;754.1
25;2025-11-25;19;572.0
25;2025-11-25;20;353.4
25;2025-11-25;21;219.6
25;2025-11-25;22;104.6
25;2025-11-25;23;33.3
25;2025-11-26;0;8.1
25;2025-11-26;1;0.4
25;2025-11-26;2;0.6
25;2025-11-26;3;0.4
25;2025-11-26;4;2.2
25;2025-11-26;5;41.6
25;2025-11-26;6;254.2
25;2025-11-26;7;553.4
25;2025-11-26;8;846.0
25;2025-11-26;9;542.8
25;2025-11-26;10;431.6
25;2025-11-26;11;457.2
25;2025-11-26;12;475.0
25;2025-11-26;13;519.0
25;2025-11-26;14;405.7
25;2025-11-26;15;539.1
25;2025-11-26;16;621.0
25;2025-11-26;17;783.6
25;2025-11-26;18;842.6
25;2025-11-26;19;605.0
25;2025-11-26;20;371.8
25;2025-11-26;21;257.5
25;2025-11-26;22;124.4
25;2025-11-26;23;38.5
25;2025-11-27;0;9.0
25;2025-11-27;1;0.4
25;2025-11-27;2;0.7
25;2025-11-27;3;0.5
25;2025-11-27;4;2.1
25;2025-11-27;5;43.3
25;2025-11-27;6;256.8
25;2025-11-27;7;559.0
25;2025-11-27;8;821.5
25;2025-11-27;9;538.0
25;2025-11-27;10;437.8
25;2025-11-27;11;439.9
25;2025-11-27;12;442.5
25;2025-11-27;13;491.3
25;2025-11-27;14;484.3
25;2025-11-27;15;559.0
25;2025-11-27;16;635.8
25;2025-11-27;17;710.0
25;2025-11-27;18;777.1
25;2025-11-27;19;595.1
25;2025-11-27;20;340.3
25;2025-11-27;21;226.9
25;2025-11-27;22;118.2
25;2025-11-27;23;40.0
25;2025-11-28;0;8.6
25;2025-11-28;1;0.4
25;2025-11-28;2;0.6
25;2025-11-28;3;0.1
25;2025-11-28;4;1.3
25;2025-11-28;5;37.1
25;2025-11-28;6;252.3
25;2025-11-28;7;570.3
25;2025-11-28;8;842.5
25;2025-11-28;9;526.5
25;2025-11-28;10;429.7
25;2025-11-28;11;450.8
25;2025-11-28;12;446.3
25;2025-11-28;13;523.5
25;2025-11-28;14;475.4
25;2025-11-28;15;605.4
25;2025-11-28;16;733.0
25;2025-11-28;17;767.8
25;2025-11-28;18;703.0
25;2025-11-28;19;596.1
25;2025-11-28;20;376.9
25;2025-11-28;21;236.7
25;2025-11-28;22;128.2
25;2025-11-28;23;50.8
25;2025-11-29;0;20.8
25;2025-11-29;1;5.2
25;2025-11-29;2;3.1
25;2025-11-29;3;1.6
25;2025-11-29;4;2.0
25;2025-11-29;5;26.0
25;2025-11-29;6;110.0
25;2025-11-29;7;161.9
25;2025-11-29;8;263.5
25;2025-11-29;9;289.4
25;2025-11-29;10;316.8
25;2025-11-29;11;383.2
25;2025-11-29;12;412.2
25;2025-11-29;13;490.7
25;2025-11-29;14;506.6
25;2025-11-29;15;525.9
25;2025-11-29;16;503.2
25;2025-11-29;17;476.6
25;2025-11-29;18;445.3
25;2025-11-29;19;394.3
25;2025-11-29;20;283.6
25;2025-11-29;21;212.2
25;2025-11-29;22;132.2
25;2025-11-29;23;75.0
25;2025-11-30;0;21.6
25;2025-11-30;1;4.5
25;2025-11-30;2;1.0
25;2025-11-30;3;0.0
25;2025-11-30;4;0.4
25;2025-11-30;5;15.6
25;2025-11-30;6;79.7
25;2025-11-30;7;118.0
25;2025-11-30;8;182.1
25;2025-11-30;9;233.9
25;2025-11-30;10;259.9
25;2025-11-30;11;330.0
25;2025-11-30;12;379.9
25;2025-11-30;13;431.7
25;2025-11-30;14;455.2
25;2025-11-30;15;473.8
25;2025-11-30;16;455.0
25;2025-11-30;17;446.7
25;2025-11-30;18;394.9
25;2025-11-30;19;311.1
25;2025-11-30;20;244.6
25;2025-11-30;21;179.3
25;2025-11-30;22;115.1
25;2025-11-30;23;59.3
25;2025-12-01;0;11.6
25;2025-12-01;1;0.0
25;2025-12-01;2;0.5
25;2025-12-01;3;0.2
25;2025-12-01;4;1.9
25;2025-12-01;5;39.8
25;2025-12-01;6;266.5
25;2025-12-01;7;587.1
25;2025-12-01;8;908.1
25;2025-12-01;9;601.5
25;2025-12-01;10;424.7
25;2025-12-01;11;432.5
25;2025-12-01;12;472.6
25;2025-12-01;13;536.8
25;2025-12-01;14;494.2
25;2025-12-01;15;533.1
25;2025-12-01;16;669.6
25;2025-12-01;17;749.6
25;2025-12-01;18;778.1
25;2025-12-01;19;629.2
25;2025-12-01;20;379.2
25;2025-12-01;21;221.4
25;2025-12-01;22;106.9
25;2025-12-01;23;30.9
25;2025-12-02;0;8.6
25;2025-12-02;1;0.1
25;2025-12-02;2;1.0
25;2025-12-02;3;0.4
25;2025-12-02;4;2.8
25;2025-12-02;5;44.4
25;2025-12-02;6;264.3
25;2025-12-02;7;600.5
25;2025-12-02;8;954.3
25;2025-12-02;9;577.3
25;2025-12-02;10;454.5
25;2025-12-02;11;473.8
25;2025-12-02;12;468.0
25;2025-12-02;13;495.5
25;2025-12-02;14;497.8
25;2025-12-02;15;576.2
25;2025-12-02;16;649.9
25;2025-12-02;17;770.8
25;2025-12-02;18;805.6
25;2025-12-02;19;611.1
25;2025-12-02;20;377.6
25;2025-12-02;21;234.6
25;2025-12-02;22;111.8
25;2025-12-02;23;35.6
25;2025-12-03;0;8.6
25;2025-12-03;1;0.4
25;2025-12-03;2;0.7
25;2025-12-03;3;0.4
25;2025-12-03;4;2.4
25;2025-12-03;5;44.4
25;2025-12-03;6;271.5
25;2025-12-03;7;591.2
25;2025-12-03;8;903.8
25;2025-12-03;9;579.8
25;2025-12-03;10;461.1
25;2025-12-03;11;488.4
25;2025-12-03;12;507.5
25;2025-12-03;13;554.5
25;2025-12-03;14;433.4
25;2025-12-03;15;575.8
25;2025-12-03;16;663.4
25;2025-12-03;17;837.1
25;2025-12-03;18;900.1
25;2025-12-03;19;646.3
25;2025-12-03;20;397.2
25;2025-12-03;21;275.1
25;2025-12-03;22;132.9
25;2025-12-03;23;41.2
25;2025-12-04;0;9.7
25;2025-12-04;1;0.4
25;2025-12-04;2;0.8
25;2025-12-04;3;0.5
25;2025-12-04;4;2.3
25;2025-12-04;5;46.3
25;2025-12-04;6;274.3
25;2025-12-04;7;597.1
25;2025-12-04;8;877.5
25;2025-12-04;9;574.7
25;2025-12-04;10;467.7
25;2025-12-04;11;469.9
25;2025-12-04;12;472.7
25;2025-12-04;13;524.8
25;2025-12-04;14;517.4
25;2025-12-04;15;597.2
25;2025-12-04;16;679.2
25;2025-12-04;17;758.4
25;2025-12-04;18;830.1
25;2025-12-04;19;635.8
25;2025-12-04;20;363.5
25;2025-12-04;21;242.4
25;2025-12-04;22;126.3
25;2025-12-04;23;42.8
25;2025-12-05;0;9.2
25;2025-12-05;1;0.4
25;2025-12-05;2;0.7
25;2025-12-05;3;0.1
25;2025-12-05;4;1.4
25;2025-12-05;5;39.6
25;2025-12-05;6;269.5
25;2025-12-05;7;609.2
25;2025-12-05;8;900.0
25;2025-12-05;9;562.4
25;2025-12-05;10;459.0
25;2025-12-05;11;481.6
25;2025-12-05;12;476.7
25;2025-12-05;13;559.3
25;2025-12-05;14;507.8
25;2025-12-05;15;646.7
25;2025-12-05;16;783.0
25;2025-12-05;17;820.2
25;2025-12-05;18;751.0
25;2025-12-05;19;636.8
25;2025-12-05;20;402.6
25;2025-12-05;21;252.9
25;2025-12-05;22;136.9
25;2025-12-05;23;54.2
25;2025-12-06;0;22.2
25;2025-12-06;1;5.6
25;2025-12-06;2;3.3
25;2025-12-06;3;1.7
25;2025-12-06;4;2.1
25;2025-12-06;5;27.7
25;2025-12-06;6;117.5
25;2025-12-06;7;173.0
25;2025-12-06;8;281.5
25;2025-12-06;9;309.2
25;2025-12-06;10;338.4
25;2025-12-06;11;409.4
25;2025-12-06;12;440.3
25;2025-12-06;13;524.2
25;2025-12-06;14;541.2
25;2025-12-06;15;561.7
25;2025-12-06;16;537.6
25;2025-12-06;17;509.1
25;2025-12-06;18;475.7
25;2025-12-06;19;421.2
25;2025-12-06;20;302.9
25;2025-12-06;21;226.7
25;2025-12-06;22;141.2
25;2025-12-06;23;80.2
25;2025-12-07;0;23.0
25;2025-12-07;1;4.8
25;2025-12-07;2;1.1
25;2025-12-07;3;0.0
25;2025-12-07;4;0.4
25;2025-12-07;5;16.7
25;2025-12-07;6;85.1
25;2025-12-07;7;126.0
25;2025-12-07;8;194.6
25;2025-12-07;9;249.8
25;2025-12-07;10;277.7
25;2025-12-07;11;352.6
25;2025-12-07;12;405.8
25;2025-12-07;13;461.1
25;2025-12-07;14;486.3
25;2025-12-07;15;506.1
25;2025-12-07;16;486.0
25;2025-12-07;17;477.2
25;2025-12-07;18;421.9
25;2025-12-07;19;332.3
25;2025-12-07;20;261.3
25;2025-12-07;21;191.6
25;2025-12-07;22;123.0
25;2025-12-07;23;63.3
25;2025-12-08;0;11.6
25;2025-12-08;1;0.0
25;2025-12-08;2;0.5
25;2025-12-08;3;0.2
25;2025-12-08;4;1.9
25;2025-12-08;5;39.8
25;2025-12-08;6;266.5
25;2025-12-08;7;587.1
25;2025-12-08;8;908.1
25;2025-12-08;9;601.5
25;2025-12-08;10;424.7
25;2025-12-08;11;432.5
25;2025-12-08;12;472.6
25;2025-12-08;13;536.8
25;2025-12-08;14;494.2
25;2025-12-08;15;533.1
25;2025-12-08;16;669.6
25;2025-12-08;17;749.6
25;2025-12-08;18;778.1
25;2025-12-08;19;629.2
25;2025-12-08;20;379.2
25;2025-12-08;21;221.4
25;2025-12-08;22;106.9
25;2025-12-08;23;30.9
25;2025-12-09;0;8.6
25;2025-12-09;1;0.1
25;2025-12-09;2;1.0
25;2025-12-09;3;0.4
25;2025-12-09;4;2.8
25;2025-12-09;5;44.4
25;2025-12-09;6;264.3
25;2025-12-09;7;600.5
25;2025-12-09;8;954.3
25;2025-12-09;9;577.3
25;2025-12-09;10;454.5
25;2025-12-09;11;473.8
25;2025-12-09;12;468.0
25;2025-12-09;13;495.5
25;2025-12-09;14;497.8
25;2025-12-09;15;576.2
25;2025-12-09;16;649.9
25;2025-12-09;17;770.8
25;2025-12-09;18;805.6
25;2025-12-09;19;611.1
25;2025-12-09;20;377.6
25;2025-12-09;21;234.6
25;2025-12-09;22;111.8
25;2025-12-09;23;35.6
25;2025-12-10;0;8.6
25;2025-12-10;1;0.4
25;2025-12-10;2;0.7
25;2025-12-10;3;0.4
25;2025-12-10;4;2.4
25;2025-12-10;5;44.4
25;2025-12-10;6;271.5
25;2025-12-10;7;591.2
25;2025-12-10;8;903.8
25;2025-12-10;9;579.8
25;2025-12-10;10;461.1
25;2025-12-10;11;488.4
25;2025-12-10;12;507.5
25;2025-12-10;13;554.5
25;2025-12-10;14;433.4
25;2025-12-10;15;575.8
25;2025-12-10;16;663.4
25;2025-12-10;17;837.1
25;2025-12-10;18;900.1
25;2025-12-10;19;646.3
25;2025-12-10;20;397.2
25;2025-12-10;21;275.1
25;2025-12-10;22;132.9
25;2025-12-10;23;41.2
25;2025-12-11;0;9.7
25;2025-12-11;1;0.4
25;2025-12-11;2;0.8
25;2025-12-11;3;0.5
25;2025-12-11;4;2.3
25;2025-12-11;5;46.3
25;2025-12-11;6;274.3
25;2025-12-11;7;597.1
25;2025-12-11;8;877.5
25;2025-12-11;9;574.7
25;2025-12-11;10;467.7
25;2025-12-11;11;469.9
25;2025-12-11;12;472.7
25;2025-12-11;13;524.8
25;2025-12-11;14;517.4
25;2025-12-11;15;597.2
25;2025-12-11;16;679.2
25;2025-12-11;17;758.4
25;2025-12-11;18;830.1
25;2025-12-11;19;635.8
25;2025-12-11;20;363.5
25;2025-12-11;21;242.4
25;2025-12-11;22;126.3
25;2025-12-11;23;42.8
25;2025-12-12;0;9.2
25;2025-12-12;1;0.4
25;2025-12-12;2;0.7
25;2025-12-12;3;0.1
25;2025-12-12;4;1.4
25;2025-12-12;5;39.6
25;2025-12-12;6;269.5
25;2025-12-12;7;609.2
25;2025-12-12;8;900.0
25;2025-12-12;9;562.4
25;2025-12-12;10;459.0
25;2025-12-12;11;481.6
25;2025-12-12;12;476.7
25;2025-12-12;13;559.3
25;2025-12-12;14;507.8
25;2025-12-12;15;646.7
25;2025-12-12;16;783.0
25;2025-12-12;17;820.2
25;2025-12-12;18;751.0
25;2025-12-12;19;636.8
25;2025-12-12;20;402.6
25;2025-12-12;21;252.9
25;2025-12-12;22;136.9
25;2025-12-12;23;54.2
25;2025-12-13;0;22.2
25;2025-12-13;1;5.6
25;2025-12-13;2;3.3
25;2025-12-13;3;1.7
25;2025-12-13;4;2.1
25;2025-12-13;5;27.7
25;2025-12-13;6;117.5
25;2025-12-13;7;173.0
25;2025-12-13;8;281.5
25;2025-12-13;9;309.2
25;2025-12-13;10;338.4
25;2025-12-13;11;409.4
25;2025-12-13;12;440.3
25;2025-12-13;13;524.2
25;2025-12-13;14;541.2
25;2025-12-13;15;561.7
25;2025-12-13;16;537.6
25;2025-12-13;17;509.1
25;2025-12-13;18;475.7
25;2025-12-13;19;421.2
25;2025-12-13;20;302.9
25;2025-12-13;21;226.7
25;2025-12-13;22;141.2
25;2025-12-13;23;80.2
25;2025-12-14;0;23.0
25;2025-12-14;1;4.8
25;2025-12-14;2;1.1
25;2025-12-14;3;0.0
25;2025-12-14;4;0.4
25;2025-12-14;5;16.7
25;2025-12-14;6;85.1
25;2025-12-14;7;126.0
25;2025-12-14;8;194.6
25;2025-12-14;9;249.8
25;2025-12-14;10;277.7
25;2025-12-14;11;352.6
25;2025-12-14;12;405.8
25;2025-12-14;13;461.1
25;2025-12-14;14;486.3
25;2025-12-14;15;506.1
25;2025-12-14;16;486.0
25;2025-12-14;17;477.2
25;2025-12-14;18;421.9
25;2025-12-14;19;332.3
25;2025-12-14;20;261.3
25;2025-12-14;21;191.6
25;2025-12-14;22;123.0
25;2025-12-14;23;63.3
25;2025-12-15;0;11.6
25;2025-12-15;1;0.0
25;2025-12-15;2;0.5
25;2025-12-15;3;0.2
25;2025-12-15;4;1.9
25;2025-12-15;5;39.8
25;2025-12-15;6;266.5
25;2025-12-15;7;587.1
25;2025-12-15;8;908.1
25;2025-12-15;9;601.5
25;2025-12-15;10;424.7
25;2025-12-15;11;432.5
25;2025-12-15;12;472.6
25;2025-12-15;13;536.8
25;2025-12-15;14;494.2
25;2025-12-15;15;533.1
25;2025-12-15;16;669.6
25;2025-12-15;17;749.6
25;2025-12-15;18;778.1
25;2025-12-15;19;629.2
25;2025-12-15;20;379.2
25;2025-12-15;21;221.4
25;2025-12-15;22;106.9
25;2025-12-15;23;30.9
25;2025-12-16;0;8.6
25;2025-12-16;1;0.1
25;2025-12-16;2;1.0
25;2025-12-16;3;0.4
25;2025-12-16;4;2.8
25;2025-12-16;5;44.4
25;2025-12-16;6;264.3
25;2025-12-16;7;600.5
25;2025-12-16;8;954.3
25;2025-12-16;9;577.3
25;2025-12-16;10;454.5
25;2025-12-16;11;473.8
25;2025-12-16;12;468.0
25;2025-12-16;13;495.5
25;2025-12-16;14;497.8
25;2025-12-16;15;576.2
25;2025-12-16;16;649.9
25;2025-12-16;17;770.8
25;2025-12-16;18;805.6
25;2025-12-16;19;611.1
25;2025-12-16;20;377.6
25;2025-12-16;21;234.6
25;2025-12-16;22;111.8
25;2025-12-16;23;35.6
25;2025-12-17;0;8.6
25;2025-12-17;1;0.4
25;2025-12-17;2;0.7
25;2025-12-17;3;0.4
25;2025-12-17;4;2.4
25;2025-12-17;5;44.4
25;2025-12-17;6;271.5
25;2025-12-17;7;591.2
25;2025-12-17;8;903.8
25;2025-12-17;9;579.8
25;2025-12-17;10;461.1
25;2025-12-17;11;488.4
25;2025-12-17;12;507.5
25;2025-12-17;13;554.5
25;2025-12-17;14;433.4
25;2025-12-17;15;575.8
25;2025-12-17;16;663.4
25;2025-12-17;17;837.1
25;2025-12-17;18;900.1
25;2025-12-17;19;646.3
25;2025-12-17;20;397.2
25;2025-12-17;21;275.1
25;2025-12-17;22;132.9
25;2025-12-17;23;41.2
25;2025-12-18;0;9.7
25;2025-12-18;1;0.4
25;2025-12-18;2;0.8
25;2025-12-18;3;0.5
25;2025-12-18;4;2.3
25;2025-12-18;5;46.3
25;2025-12-18;6;274.3
25;2025-12-18;7;597.1
25;2025-12-18;8;877.5
25;2025-12-18;9;574.7
25;2025-12-18;10;467.7
25;2025-12-18;11;469.9
25;2025-12-18;12;472.7
25;2025-12-18;13;524.8
25;2025-12-18;14;517.4
25;2025-12-18;15;597.2
25;2025-12-18;16;679.2
25;2025-12-18;17;758.4
25;2025-12-18;18;830.1
25;2025-12-18;19;635.8
25;2025-12-18;20;363.5
25;2025-12-18;21;242.4
25;2025-12-18;22;126.3
25;2025-12-18;23;42.8
25;2025-12-19;0;9.2
25;2025-12-19;1;0.4
25;2025-12-19;2;0.7
25;2025-12-19;3;0.1
25;2025-12-19;4;1.4
25;2025-12-19;5;39.6
25;2025-12-19;6;269.5
25;2025-12-19;7;609.2
25;2025-12-19;8;900.0
25;2025-12-19;9;562.4
25;2025-12-19;10;459.0
25;2025-12-19;11;481.6
25;2025-12-19;12;476.7
25;2025-12-19;13;559.3
25;2025-12-19;14;507.8
25;2025-12-19;15;646.7
25;2025-12-19;16;783.0
25;2025-12-19;17;820.2
25;2025-12-19;18;751.0
25;2025-12-19;19;636.8
25;2025-12-19;20;402.6
25;2025-12-19;21;252.9
25;2025-12-19;22;136.9
25;2025-12-19;23;54.2
25;2025-12-20;0;22.2
25;2025-12-20;1;5.6
25;2025-12-20;2;3.3
25;2025-12-20;3;1.7
25;2025-12-20;4;2.1
25;2025-12-20;5;27.7
25;2025-12-20;6;117.5
25;2025-12-20;7;173.0
25;2025-12-20;8;281.5
25;2025-12-20;9;309.2
25;2025-12-20;10;338.4
25;2025-12-20;11;409.4
25;2025-12-20;12;440.3
25;2025-12-20;13;524.2
25;2025-12-20;14;541.2
25;2025-12-20;15;561.7
25;2025-12-20;16;537.6
25;2025-12-20;17;509.1
25;2025-12-20;18;475.7
25;2025-12-20;19;421.2
25;2025-12-20;20;302.9
25;2025-12-20;21;226.7
25;2025-12-20;22;141.2
25;2025-12-20;23;80.2
25;2025-12-21;0;23.0
25;2025-12-21;1;4.8
25;2025-12-21;2;1.1
25;2025-12-21;3;0.0
25;2025-12-21;4;0.4
25;2025-12-21;5;16.7
25;2025-12-21;6;85.1
25;2025-12-21;7;126.0
25;2025-12-21;8;194.6
25;2025-12-21;9;249.8
25;2025-12-21;10;277.7
25;2025-12-21;11;352.6
25;2025-12-21;12;405.8
25;2025-12-21;13;461.1
25;2025-12-21;14;486.3
25;2025-12-21;15;506.1
25;2025-12-21;16;486.0
25;2025-12-21;17;477.2
25;2025-12-21;18;421.9
25;2025-12-21;19;332.3
25;2025-12-21;20;261.3
25;2025-12-21;21;191.6
25;2025-12-21;22;123.0
25;2025-12-21;23;63.3
25;2025-12-22;0;11.6
25;2025-12-22;1;0.0
25;2025-12-22;2;0.5
25;2025-12-22;3;0.2
25;2025-12-22;4;1.9
25;2025-12-22;5;39.8
25;2025-12-22;6;266.5
25;2025-12-22;7;587.1
25;2025-12-22;8;908.1
25;2025-12-22;9;601.5
25;2025-12-22;10;424.7
25;2025-12-22;11;432.5
25;2025-12-22;12;472.6
25;2025-12-22;13;536.8
25;2025-12-22;14;494.2
25;2025-12-22;15;533.1
25;2025-12-22;16;669.6
25;2025-12-22;17;749.6
25;2025-12-22;18;778.1
25;2025-12-22;19;629.2
25;2025-12-22;20;379.2
25;2025-12-22;21;221.4
25;2025-12-22;22;106.9
25;2025-12-22;23;30.9
25;2025-12-23;0;8.6
25;2025-12-23;1;0.1
25;2025-12-23;2;1.0
25;2025-12-23;3;0.4
25;2025-12-23;4;2.8
25;2025-12-23;5;44.4
25;2025-12-23;6;264.3
25;2025-12-23;7;600.5
25;2025-12-23;8;954.3
25;2025-12-23;9;577.3
25;2025-12-23;10;454.5
25;2025-12-23;11;473.8
25;2025-12-23;12;468.0
25;2025-12-23;13;495.5
25;2025-12-23;14;497.8
25;2025-12-23;15;576.2
25;2025-12-23;16;649.9
25;2025-12-23;17;770.8
25;2025-12-23;18;805.6
25;2025-12-23;19;611.1
25;2025-12-23;20;377.6
25;2025-12-23;21;234.6
25;2025-12-23;22;111.8
25;2025-12-23;23;35.6
25;2025-12-24;0;8.6
25;2025-12-24;1;0.4
25;2025-12-24;2;0.7
25;2025-12-24;3;0.4
25;2025-12-24;4;2.4
25;2025-12-24;5;44.4
25;2025-12-24;6;271.5
25;2025-12-24;7;591.2
25;2025-12-24;8;903.8
25;2025-12-24;9;579.8
25;2025-12-24;10;461.1
25;2025-12-24;11;488.4
25;2025-12-24;12;507.5
25;2025-12-24;13;554.5
25;2025-12-24;14;433.4
25;2025-12-24;15;575.8
25;2025-12-24;16;663.4
25;2025-12-24;17;837.1
25;2025-12-24;18;900.1
25;2025-12-24;19;646.3
25;2025-12-24;20;397.2
25;2025-12-24;21;275.1
25;2025-12-24;22;132.9
25;2025-12-24;23;41.2
25;2025-12-25;0;9.7
25;2025-12-25;1;0.4
25;2025-12-25;2;0.8
25;2025-12-25;3;0.5
25;2025-12-25;4;2.3
25;2025-12-25;5;46.3
25;2025-12-25;6;274.3
25;2025-12-25;7;597.1
25;2025-12-25;8;877.5
25;2025-12-25;9;574.7
25;2025-12-25;10;467.7
25;2025-12-25;11;469.9
25;2025-12-25;12;472.7
25;2025-12-25;13;524.8
25;2025-12-25;14;517.4
25;2025-12-25;15;597.2
25;2025-12-25;16;679.2
25;2025-12-25;17;758.4
25;2025-12-25;18;830.1
25;2025-12-25;19;635.8
25;2025-12-25;20;363.5
25;2025-12-25;21;242.4
25;2025-12-25;22;126.3
25;2025-12-25;23;42.8
25;2025-12-26;0;9.2
25;2025-12-26;1;0.4
25;2025-12-26;2;0.7
25;2025-12-26;3;0.1
25;2025-12-26;4;1.4
25;2025-12-26;5;39.6
25;2025-12-26;6;269.5
25;2025-12-26;7;609.2
25;2025-12-26;8;900.0
25;2025-12-26;9;562.4
25;2025-12-26;10;459.0
25;2025-12-26;11;481.6
25;2025-12-26;12;476.7
25;2025-12-26;13;559.3
25;2025-12-26;14;507.8
25;2025-12-26;15;646.7
25;2025-12-26;16;783.0
25;2025-12-26;17;820.2
25;2025-12-26;18;751.0
25;2025-12-26;19;636.8
25;2025-12-26;20;402.6
25;2025-12-26;21;252.9
25;2025-12-26;22;136.9
25;2025-12-26;23;54.2
25;2025-12-27;0;22.2
25;2025-12-27;1;5.6
25;2025-12-27;2;3.3
25;2025-12-27;3;1.7
25;2025-12-27;4;2.1
25;2025-12-27;5;27.7
25;2025-12-27;6;117.5
25;2025-12-27;7;173.0
25;2025-12-27;8;281.5
25;2025-12-27;9;309.2
25;2025-12-27;10;338.4
25;2025-12-27;11;409.4
25;2025-12-27;12;440.3
25;2025-12-27;13;524.2
25;2025-12-27;14;541.2
25;2025-12-27;15;561.7
25;2025-12-27;16;537.6
25;2025-12-27;17;509.1
25;2025-12-27;18;475.7
25;2025-12-27;19;421.2
25;2025-12-27;20;302.9
25;2025-12-27;21;226.7
25;2025-12-27;22;141.2
25;2025-12-27;23;80.2
25;2025-12-28;0;23.0
25;2025-12-28;1;4.8
25;2025-12-28;2;1.1
25;2025-12-28;3;0.0
25;2025-12-28;4;0.4
25;2025-12-28;5;16.7
25;2025-12-28;6;85.1
25;2025-12-28;7;126.0
25;2025-12-28;8;194.6
25;2025-12-28;9;249.8
25;2025-12-28;10;277.7
25;2025-12-28;11;352.6
25;2025-12-28;12;405.8
25;2025-12-28;13;461.1
25;2025-12-28;14;486.3
25;2025-12-28;15;506.1
25;2025-12-28;16;486.0
25;2025-12-28;17;477.2
25;2025-12-28;18;421.9
25;2025-12-28;19;332.3
25;2025-12-28;20;261.3
25;2025-12-28;21;191.6
25;2025-12-28;22;123.0
25;2025-12-28;23;63.3
25;2025-12-29;0;11.6
25;2025-12-29;1;0.0
25;2025-12-29;2;0.5
25;2025-12-29;3;0.2
25;2025-12-29;4;1.9
25;2025-12-29;5;39.8
25;2025-12-29;6;266.5
25;2025-12-29;7;587.1
25;2025-12-29;8;908.1
25;2025-12-29;9;601.5
25;2025-12-29;10;424.7
25;2025-12-29;11;432.5
25;2025-12-29;12;472.6
25;2025-12-29;13;536.8
25;2025-12-29;14;494.2
25;2025-12-29;15;533.1
25;2025-12-29;16;669.6
25;2025-12-29;17;749.6
25;2025-12-29;18;778.1
25;2025-12-29;19;629.2
25;2025-12-29;20;379.2
25;2025-12-29;21;221.4
25;2025-12-29;22;106.9
25;2025-12-29;23;30.9
25;2025-12-30;0;8.1
25;2025-12-30;1;0.0
25;2025-12-30;2;1.4
25;2025-12-30;3;0.7
25;2025-12-30;4;3.4
25;2025-12-30;5;46.9
25;2025-12-30;6;265.9
25;2025-12-30;7;598.7
25;2025-12-30;8;951.3
25;2025-12-30;9;582.6
25;2025-12-30;10;466.5
25;2025-12-30;11;493.7
25;2025-12-30;12;491.9
25;2025-12-30;13;525.2
25;2025-12-30;14;533.1
25;2025-12-30;15;616.6
25;2025-12-30;16;686.5
25;2025-12-30;17;771.6
25;2025-12-30;18;731.6
25;2025-12-30;19;584.1
25;2025-12-30;20;374.1
25;2025-12-30;21;240.3
25;2025-12-30;22;117.4
25;2025-12-30;23;42.2
25;2025-12-31;0;13.1
25;2025-12-31;1;0.0
25;2025-12-31;2;0.0
25;2025-12-31;3;0.0
25;2025-12-31;4;0.0
25;2025-12-31;5;5.8
25;2025-12-31;6;57.8
25;2025-12-31;7;105.7
25;2025-12-31;8;158.0
25;2025-12-31;9;167.9
25;2025-12-31;10;197.0
25;2025-12-31;11;251.2
25;2025-12-31;12;310.8
25;2025-12-31;13;355.2
25;2025-12-31;14;370.0
25;2025-12-31;15;381.6
25;2025-12-31;16;392.1
25;2025-12-31;17;380.1
25;2025-12-31;18;368.3
25;2025-12-31;19;318.1
25;2025-12-31;20;245.2
25;2025-12-31;21;183.0
25;2025-12-31;22;105.6
25;2025-12-31;23;50.8
26;2025-11-01;0;60.5
26;2025-11-01;1;25.9
26;2025-11-01;2;23.8
26;2025-11-01;3;21.2
26;2025-11-01;4;28.4
26;2025-11-01;5;113.0
26;2025-11-01;6;401.2
26;2025-11-01;7;817.3
26;2025-11-01;8;1323.3
26;2025-11-01;9;1047.1
26;2025-11-01;10;988.0
26;2025-11-01;11;1018.0
26;2025-11-01;12;1057.1
26;2025-11-01;13;1090.0
26;2025-11-01;14;1150.0
26;2025-11-01;15;1161.2
26;2025-11-01;16;1305.6
26;2025-11-01;17;1338.6
26;2025-11-01;18;1135.7
26;2025-11-01;19;953.5
26;2025-11-01;20;689.5
26;2025-11-01;21;477.7
26;2025-11-01;22;270.1
26;2025-11-01;23;170.0
26;2025-11-02;0;52.8
26;2025-11-02;1;12.8
26;2025-11-02;2;3.4
26;2025-11-02;3;0.9
26;2025-11-02;4;3.7
26;2025-11-02;5;38.7
26;2025-11-02;6;163.8
26;2025-11-02;7;275.2
26;2025-11-02;8;398.8
26;2025-11-02;9;533.3
26;2025-11-02;10;615.6
26;2025-11-02;11;745.6
26;2025-11-02;12;818.3
26;2025-11-02;13;864.0
26;2025-11-02;14;868.2
26;2025-11-02;15;820.2
26;2025-11-02;16;806.0
26;2025-11-02;17;798.5
26;2025-11-02;18;722.5
26;2025-11-02;19;612.2
26;2025-11-02;20;474.1
26;2025-11-02;21;346.0
26;2025-11-02;22;205.3
26;2025-11-02;23;114.2
26;2025-11-03;0;47.4
26;2025-11-03;1;11.8
26;2025-11-03;2;9.9
26;2025-11-03;3;8.9
26;2025-11-03;4;6.2
26;2025-11-03;5;56.6
26;2025-11-03;6;204.5
26;2025-11-03;7;331.6
26;2025-11-03;8;460.5
26;2025-11-03;9;527.0
26;2025-11-03;10;631.9
26;2025-11-03;11;766.0
26;2025-11-03;12;900.5
26;2025-11-03;13;973.7
26;2025-11-03;14;977.2
26;2025-11-03;15;966.0
26;2025-11-03;16;978.6
26;2025-11-03;17;930.2
26;2025-11-03;18;871.6
26;2025-11-03;19;773.6
26;2025-11-03;20;589.2
26;2025-11-03;21;431.0
26;2025-11-03;22;269.9
26;2025-11-03;23;165.6
26;2025-11-04;0;46.2
26;2025-11-04;1;8.8
26;2025-11-04;2;7.1
26;2025-11-04;3;6.8
26;2025-11-04;4;6.5
26;2025-11-04;5;43.0
26;2025-11-04;6;167.0
26;2025-11-04;7;278.0
26;2025-11-04;8;400.7
26;2025-11-04;9;448.1
26;2025-11-04;10;533.1
26;2025-11-04;11;656.7
26;2025-11-04;12;783.0
26;2025-11-04;13;851.4
26;2025-11-04;14;854.5
26;2025-11-04;15;840.6
26;2025-11-04;16;857.1
26;2025-11-04;17;823.5
26;2025-11-04;18;780.9
26;2025-11-04;19;702.7
26;2025-11-04;20;537.8
26;2025-11-04;21;391.5
26;2025-11-04;22;227.5
26;2025-11-04;23;121.8
26;2025-11-05;0;35.8
26;2025-11-05;1;5.3
26;2025-11-05;2;8.5
26;2025-11-05;3;7.2
26;2025-11-05;4;14.1
26;2025-11-05;5;124.0
26;2025-11-05;6;520.1
26;2025-11-05;7;1241.7
26;2025-11-05;8;2056.4
26;2025-11-05;9;1406.4
26;2025-11-05;10;1171.7
26;2025-11-05;11;1079.4
26;2025-11-05;12;1197.5
26;2025-11-05;13;1187.7
26;2025-11-05;14;1245.3
26;2025-11-05;15;1322.7
26;2025-11-05;16;1454.2
26;2025-11-05;17;1702.9
26;2025-11-05;18;1828.4
26;2025-11-05;19;1262.6
26;2025-11-05;20;819.7
26;2025-11-05;21;525.8
26;2025-11-05;22;245.0
26;2025-11-05;23;121.9
26;2025-11-06;0;39.7
26;2025-11-06;1;3.0
26;2025-11-06;2;2.7
26;2025-11-06;3;2.2
26;2025-11-06;4;8.1
26;2025-11-06;5;114.6
26;2025-11-06;6;511.1
26;2025-11-06;7;1222.8
26;2025-11-06;8;2041.6
26;2025-11-06;9;1457.7
26;2025-11-06;10;1185.7
26;2025-11-06;11;1133.2
26;2025-11-06;12;1177.8
26;2025-11-06;13;1198.0
26;2025-11-06;14;1273.0
26;2025-11-06;15;1302.0
26;2025-11-06;16;1469.6
26;2025-11-06;17;1709.6
26;2025-11-06;18;1866.2
26;2025-11-06;19;1290.9
26;2025-11-06;20;827.4
26;2025-11-06;21;525.8
26;2025-11-06;22;253.0
26;2025-11-06;23;141.8
26;2025-11-07;0;34.8
26;2025-11-07;1;2.0
26;2025-11-07;2;2.7
26;2025-11-07;3;0.5
26;2025-11-07;4;4.8
26;2025-11-07;5;105.4
26;2025-11-07;6;501.9
26;2025-11-07;7;1160.6
26;2025-11-07;8;1967.7
26;2025-11-07;9;1349.1
26;2025-11-07;10;1143.2
26;2025-11-07;11;1098.3
26;2025-11-07;12;1111.7
26;2025-11-07;13;1140.3
26;2025-11-07;14;1260.1
26;2025-11-07;15;1309.0
26;2025-11-07;16;1553.8
26;2025-11-07;17;1664.6
26;2025-11-07;18;1374.8
26;2025-11-07;19;1098.3
26;2025-11-07;20;734.5
26;2025-11-07;21;491.2
26;2025-11-07;22;249.4
26;2025-11-07;23;143.3
26;2025-11-08;0;54.1
26;2025-11-08;1;15.8
26;2025-11-08;2;9.7
26;2025-11-08;3;6.3
26;2025-11-08;4;8.4
26;2025-11-08;5;62.8
26;2025-11-08;6;229.6
26;2025-11-08;7;383.0
26;2025-11-08;8;581.7
26;2025-11-08;9;667.4
26;2025-11-08;10;769.9
26;2025-11-08;11;885.3
26;2025-11-08;12;954.1
26;2025-11-08;13;993.3
26;2025-11-08;14;989.1
26;2025-11-08;15;932.8
26;2025-11-08;16;941.5
26;2025-11-08;17;915.9
26;2025-11-08;18;850.0
26;2025-11-08;19;765.3
26;2025-11-08;20;588.3
26;2025-11-08;21;417.6
26;2025-11-08;22;245.6
26;2025-11-08;23;154.6
26;2025-11-09;0;52.8
26;2025-11-09;1;12.8
26;2025-11-09;2;3.4
26;2025-11-09;3;0.9
26;2025-11-09;4;3.7
26;2025-11-09;5;38.7
26;2025-11-09;6;163.8
26;2025-11-09;7;275.2
26;2025-11-09;8;398.8
26;2025-11-09;9;533.3
26;2025-11-09;10;615.6
26;2025-11-09;11;745.6
26;2025-11-09;12;818.3
26;2025-11-09;13;864.0
26;2025-11-09;14;868.2
26;2025-11-09;15;820.2
26;2025-11-09;16;806.0
26;2025-11-09;17;798.5
26;2025-11-09;18;722.5
26;2025-11-09;19;612.2
26;2025-11-09;20;474.1
26;2025-11-09;21;346.0
26;2025-11-09;22;205.3
26;2025-11-09;23;114.2
26;2025-11-10;0;28.2
26;2025-11-10;1;0.8
26;2025-11-10;2;1.5
26;2025-11-10;3;0.2
26;2025-11-10;4;5.4
26;2025-11-10;5;108.9
26;2025-11-10;6;500.4
26;2025-11-10;7;1203.9
26;2025-11-10;8;2001.4
26;2025-11-10;9;1393.7
26;2025-11-10;10;1159.0
26;2025-11-10;11;1065.6
26;2025-11-10;12;1091.4
26;2025-11-10;13;1123.8
26;2025-11-10;14;1154.0
26;2025-11-10;15;1229.8
26;2025-11-10;16;1390.0
26;2025-11-10;17;1657.0
26;2025-11-10;18;1813.4
26;2025-11-10;19;1262.2
26;2025-11-10;20;813.6
26;2025-11-10;21;482.5
26;2025-11-10;22;221.0
26;2025-11-10;23;98.6
26;2025-11-11;0;33.1
26;2025-11-11;1;0.6
26;2025-11-11;2;2.6
26;2025-11-11;3;1.1
26;2025-11-11;4;6.4
26;2025-11-11;5;111.3
26;2025-11-11;6;511.5
26;2025-11-11;7;1231.1
26;2025-11-11;8;2044.4
26;2025-11-11;9;1392.5
26;2025-11-11;10;1169.6
26;2025-11-11;11;1109.8
26;2025-11-11;12;1111.9
26;2025-11-11;13;1151.3
26;2025-11-11;14;1172.0
26;2025-11-11;15;1220.2
26;2025-11-11;16;1408.4
26;2025-11-11;17;1667.9
26;2025-11-11;18;1831.4
26;2025-11-11;19;1305.9
26;2025-11-11;20;827.4
26;2025-11-11;21;494.9
26;2025-11-11;22;241.7
26;2025-11-11;23;111.7
26;2025-11-12;0;30.8
26;2025-11-12;1;0.5
26;2025-11-12;2;2.0
26;2025-11-12;3;0.6
26;2025-11-12;4;6.7
26;2025-11-12;5;114.2
26;2025-11-12;6;507.1
26;2025-11-12;7;1225.6
26;2025-11-12;8;2047.8
26;2025-11-12;9;1399.0
26;2025-11-12;10;1166.3
26;2025-11-12;11;1073.3
26;2025-11-12;12;1184.1
26;2025-11-12;13;1170.3
26;2025-11-12;14;1227.7
26;2025-11-12;15;1303.4
26;2025-11-12;16;1433.0
26;2025-11-12;17;1689.1
26;2025-11-12;18;1815.0
26;2025-11-12;19;1270.0
26;2025-11-12;20;831.4
26;2025-11-12;21;542.1
26;2025-11-12;22;254.0
26;2025-11-12;23;129.5
26;2025-11-13;0;39.7
26;2025-11-13;1;3.0
26;2025-11-13;2;2.7
26;2025-11-13;3;2.2
26;2025-11-13;4;8.1
26;2025-11-13;5;114.6
26;2025-11-13;6;511.1
26;2025-11-13;7;1222.8
26;2025-11-13;8;2041.6
26;2025-11-13;9;1457.7
26;2025-11-13;10;1185.7
26;2025-11-13;11;1133.2
26;2025-11-13;12;1177.8
26;2025-11-13;13;1198.0
26;2025-11-13;14;1273.0
26;2025-11-13;15;1302.0
26;2025-11-13;16;1469.6
26;2025-11-13;17;1709.6
26;2025-11-13;18;1866.2
26;2025-11-13;19;1290.9
26;2025-11-13;20;827.4
26;2025-11-13;21;525.8
26;2025-11-13;22;253.0
26;2025-11-13;23;141.8
26;2025-11-14;0;34.8
26;2025-11-14;1;2.0
26;2025-11-14;2;2.7
26;2025-11-14;3;0.5
26;2025-11-14;4;4.8
26;2025-11-14;5;105.4
26;2025-11-14;6;501.9
26;2025-11-14;7;1160.6
26;2025-11-14;8;1967.7
26;2025-11-14;9;1349.1
26;2025-11-14;10;1143.2
26;2025-11-14;11;1098.3
26;2025-11-14;12;1111.7
26;2025-11-14;13;1140.3
26;2025-11-14;14;1260.1
26;2025-11-14;15;1309.0
26;2025-11-14;16;1553.8
26;2025-11-14;17;1664.6
26;2025-11-14;18;1374.8
26;2025-11-14;19;1098.3
26;2025-11-14;20;734.5
26;2025-11-14;21;491.2
26;2025-11-14;22;249.4
26;2025-11-14;23;143.3
26;2025-11-15;0;54.1
26;2025-11-15;1;15.8
26;2025-11-15;2;9.7
26;2025-11-15;3;6.3
26;2025-11-15;4;8.4
26;2025-11-15;5;62.8
26;2025-11-15;6;229.6
26;2025-11-15;7;383.0
26;2025-11-15;8;581.7
26;2025-11-15;9;667.4
26;2025-11-15;10;769.9
26;2025-11-15;11;885.3
26;2025-11-15;12;954.1
26;2025-11-15;13;993.3
26;2025-11-15;14;989.1
26;2025-11-15;15;932.8
26;2025-11-15;16;941.5
26;2025-11-15;17;915.9
26;2025-11-15;18;850.0
26;2025-11-15;19;765.3
26;2025-11-15;20;588.3
26;2025-11-15;21;417.6
26;2025-11-15;22;245.6
26;2025-11-15;23;154.6
26;2025-11-16;0;52.8
26;2025-11-16;1;12.8
26;2025-11-16;2;3.4
26;2025-11-16;3;0.9
26;2025-11-16;4;3.7
26;2025-11-16;5;38.7
26;2025-11-16;6;163.8
26;2025-11-16;7;275.2
26;2025-11-16;8;398.8
26;2025-11-16;9;533.3
26;2025-11-16;10;615.6
26;2025-11-16;11;745.6
26;2025-11-16;12;818.3
26;2025-11-16;13;864.0
26;2025-11-16;14;868.2
26;2025-11-16;15;820.2
26;2025-11-16;16;806.0
26;2025-11-16;17;798.5
26;2025-11-16;18;722.5
26;2025-11-16;19;612.2
26;2025-11-16;20;474.1
26;2025-11-16;21;346.0
26;2025-11-16;22;205.3
26;2025-11-16;23;114.2
26;2025-11-17;0;28.2
26;2025-11-17;1;0.8
26;2025-11-17;2;1.5
26;2025-11-17;3;0.2
26;2025-11-17;4;5.4
26;2025-11-17;5;108.9
26;2025-11-17;6;500.4
26;2025-11-17;7;1203.9
26;2025-11-17;8;2001.4
26;2025-11-17;9;1393.7
26;2025-11-17;10;1159.0
26;2025-11-17;11;1065.6
26;2025-11-17;12;1091.4
26;2025-11-17;13;1123.8
26;2025-11-17;14;1154.0
26;2025-11-17;15;1229.8
26;2025-11-17;16;1390.0
26;2025-11-17;17;1657.0
26;2025-11-17;18;1813.4
26;2025-11-17;19;1262.2
26;2025-11-17;20;813.6
26;2025-11-17;21;482.5
26;2025-11-17;22;221.0
26;2025-11-17;23;98.6
26;2025-11-18;0;33.1
26;2025-11-18;1;0.6
26;2025-11-18;2;2.6
26;2025-11-18;3;1.1
26;2025-11-18;4;6.4
26;2025-11-18;5;111.3
26;2025-11-18;6;511.5
26;2025-11-18;7;1231.1
26;2025-11-18;8;2044.4
26;2025-11-18;9;1392.5
26;2025-11-18;10;1169.6
26;2025-11-18;11;1109.8
26;2025-11-18;12;1111.9
26;2025-11-18;13;1151.3
26;2025-11-18;14;1172.0
26;2025-11-18;15;1220.2
26;2025-11-18;16;1408.4
26;2025-11-18;17;1667.9
26;2025-11-18;18;1831.4
26;2025-11-18;19;1305.9
26;2025-11-18;20;827.4
26;2025-11-18;21;494.9
26;2025-11-18;22;241.7
26;2025-11-18;23;111.7
26;2025-11-19;0;30.8
26;2025-11-19;1;0.5
26;2025-11-19;2;2.0
26;2025-11-19;3;0.6
26;2025-11-19;4;6.7
26;2025-11-19;5;114.2
26;2025-11-19;6;507.1
26;2025-11-19;7;1225.6
26;2025-11-19;8;2047.8
26;2025-11-19;9;1399.0
26;2025-11-19;10;1166.3
26;2025-11-19;11;1073.3
26;2025-11-19;12;1184.1
26;2025-11-19;13;1170.3
26;2025-11-19;14;1227.7
26;2025-11-19;15;1303.4
26;2025-11-19;16;1433.0
26;2025-11-19;17;1689.1
26;2025-11-19;18;1815.0
26;2025-11-19;19;1270.0
26;2025-11-19;20;831.4
26;2025-11-19;21;542.1
26;2025-11-19;22;254.0
26;2025-11-19;23;129.5
26;2025-11-20;0;39.7
26;2025-11-20;1;3.0
26;2025-11-20;2;2.7
26;2025-11-20;3;2.2
26;2025-11-20;4;8.1
26;2025-11-20;5;114.6
26;2025-11-20;6;511.1
26;2025-11-20;7;1222.8
26;2025-11-20;8;2041.6
26;2025-11-20;9;1457.7
26;2025-11-20;10;1185.7
26;2025-11-20;11;1133.2
26;2025-11-20;12;1177.8
26;2025-11-20;13;1198.0
26;2025-11-20;14;1273.0
26;2025-11-20;15;1302.0
26;2025-11-20;16;1469.6
26;2025-11-20;17;1709.6
26;2025-11-20;18;1866.2
26;2025-11-20;19;1290.9
26;2025-11-20;20;827.4
26;2025-11-20;21;525.8
26;2025-11-20;22;253.0
26;2025-11-20;23;141.8
26;2025-11-21;0;34.8
26;2025-11-21;1;2.0
26;2025-11-21;2;2.7
26;2025-11-21;3;0.5
26;2025-11-21;4;4.8
26;2025-11-21;5;105.4
26;2025-11-21;6;501.9
26;2025-11-21;7;1160.6
26;2025-11-21;8;1967.7
26;2025-11-21;9;1349.1
26;2025-11-21;10;1143.2
26;2025-11-21;11;1098.3
26;2025-11-21;12;1111.7
26;2025-11-21;13;1140.3
26;2025-11-21;14;1260.1
26;2025-11-21;15;1309.0
26;2025-11-21;16;1553.8
26;2025-11-21;17;1664.6
26;2025-11-21;18;1374.8
26;2025-11-21;19;1098.3
26;2025-11-21;20;734.5
26;2025-11-21;21;491.2
26;2025-11-21;22;249.4
26;2025-11-21;23;143.3
26;2025-11-22;0;54.1
26;2025-11-22;1;15.8
26;2025-11-22;2;9.7
26;2025-11-22;3;6.3
26;2025-11-22;4;8.4
26;2025-11-22;5;62.8
26;2025-11-22;6;229.6
26;2025-11-22;7;383.0
26;2025-11-22;8;581.7
26;2025-11-22;9;667.4
26;2025-11-22;10;769.9
26;2025-11-22;11;885.3
26;2025-11-22;12;954.1
26;2025-11-22;13;993.3
26;2025-11-22;14;989.1
26;2025-11-22;15;932.8
26;2025-11-22;16;941.5
26;2025-11-22;17;915.9
26;2025-11-22;18;850.0
26;2025-11-22;19;765.3
26;2025-11-22;20;588.3
26;2025-11-22;21;417.6
26;2025-11-22;22;245.6
26;2025-11-22;23;154.6
26;2025-11-23;0;52.8
26;2025-11-23;1;12.8
26;2025-11-23;2;3.4
26;2025-11-23;3;0.9
26;2025-11-23;4;3.7
26;2025-11-23;5;38.7
26;2025-11-23;6;163.8
26;2025-11-23;7;275.2
26;2025-11-23;8;398.8
26;2025-11-23;9;533.3
26;2025-11-23;10;615.6
26;2025-11-23;11;745.6
26;2025-11-23;12;818.3
26;2025-11-23;13;864.0
26;2025-11-23;14;868.2
26;2025-11-23;15;820.2
26;2025-11-23;16;806.0
26;2025-11-23;17;798.5
26;2025-11-23;18;722.5
26;2025-11-23;19;612.2
26;2025-11-23;20;474.1
26;2025-11-23;21;346.0
26;2025-11-23;22;205.3
26;2025-11-23;23;114.2
26;2025-11-24;0;28.2
26;2025-11-24;1;0.8
26;2025-11-24;2;1.5
26;2025-11-24;3;0.2
26;2025-11-24;4;5.4
26;2025-11-24;5;108.9
26;2025-11-24;6;500.4
26;2025-11-24;7;1203.9
26;2025-11-24;8;2001.4
26;2025-11-24;9;1393.7
26;2025-11-24;10;1159.0
26;2025-11-24;11;1065.6
26;2025-11-24;12;1091.4
26;2025-11-24;13;1123.8
26;2025-11-24;14;1154.0
26;2025-11-24;15;1229.8
26;2025-11-24;16;1390.0
26;2025-11-24;17;1657.0
26;2025-11-24;18;1813.4
26;2025-11-24;19;1262.2
26;2025-11-24;20;813.6
26;2025-11-24;21;482.5
26;2025-11-24;22;221.0
26;2025-11-24;23;98.6
26;2025-11-25;0;33.1
26;2025-11-25;1;0.6
26;2025-11-25;2;2.6
26;2025-11-25;3;1.1
26;2025-11-25;4;6.4
26;2025-11-25;5;111.3
26;2025-11-25;6;511.5
26;2025-11-25;7;1231.1
26;2025-11-25;8;2044.4
26;2025-11-25;9;1392.5
26;2025-11-25;10;1169.6
26;2025-11-25;11;1109.8
26;2025-11-25;12;1111.9
26;2025-11-25;13;1151.3
26;2025-11-25;14;1172.0
26;2025-11-25;15;1220.2
26;2025-11-25;16;1408.4
26;2025-11-25;17;1667.9
26;2025-11-25;18;1831.4
26;2025-11-25;19;1305.9
26;2025-11-25;20;827.4
26;2025-11-25;21;494.9
26;2025-11-25;22;241.7
26;2025-11-25;23;111.7
26;2025-11-26;0;30.8
26;2025-11-26;1;0.5
26;2025-11-26;2;2.0
26;2025-11-26;3;0.6
26;2025-11-26;4;6.7
26;2025-11-26;5;114.2
26;2025-11-26;6;507.1
26;2025-11-26;7;1225.6
26;2025-11-26;8;2047.8
26;2025-11-26;9;1399.0
26;2025-11-26;10;1166.3
26;2025-11-26;11;1073.3
26;2025-11-26;12;1184.1
26;2025-11-26;13;1170.3
26;2025-11-26;14;1227.7
26;2025-11-26;15;1303.4
26;2025-11-26;16;1433.0
26;2025-11-26;17;1689.1
26;2025-11-26;18;1815.0
26;2025-11-26;19;1270.0
26;2025-11-26;20;831.4
26;2025-11-26;21;542.1
26;2025-11-26;22;254.0
26;2025-11-26;23;129.5
26;2025-11-27;0;39.7
26;2025-11-27;1;3.0
26;2025-11-27;2;2.7
26;2025-11-27;3;2.2
26;2025-11-27;4;8.1
26;2025-11-27;5;114.6
26;2025-11-27;6;511.1
26;2025-11-27;7;1222.8
26;2025-11-27;8;2041.6
26;2025-11-27;9;1457.7
26;2025-11-27;10;1185.7
26;2025-11-27;11;1133.2
26;2025-11-27;12;1177.8
26;2025-11-27;13;1198.0
26;2025-11-27;14;1273.0
26;2025-11-27;15;1302.0
26;2025-11-27;16;1469.6
26;2025-11-27;17;1709.6
26;2025-11-27;18;1866.2
26;2025-11-27;19;1290.9
26;2025-11-27;20;827.4
26;2025-11-27;21;525.8
26;2025-11-27;22;253.0
26;2025-11-27;23;141.8
26;2025-11-28;0;34.8
26;2025-11-28;1;2.0
26;2025-11-28;2;2.7
26;2025-11-28;3;0.5
26;2025-11-28;4;4.8
26;2025-11-28;5;105.4
26;2025-11-28;6;501.9
26;2025-11-28;7;1160.6
26;2025-11-28;8;1967.7
26;2025-11-28;9;1349.1
26;2025-11-28;10;1143.2
26;2025-11-28;11;1098.3
26;2025-11-28;12;1111.7
26;2025-11-28;13;1140.3
26;2025-11-28;14;1260.1
26;2025-11-28;15;1309.0
26;2025-11-28;16;1553.8
26;2025-11-28;17;1664.6
26;2025-11-28;18;1374.8
26;2025-11-28;19;1098.3
26;2025-11-28;20;734.5
26;2025-11-28;21;491.2
26;2025-11-28;22;249.4
26;2025-11-28;23;143.3
26;2025-11-29;0;54.1
26;2025-11-29;1;15.8
26;2025-11-29;2;9.7
26;2025-11-29;3;6.3
26;2025-11-29;4;8.4
26;2025-11-29;5;62.8
26;2025-11-29;6;229.6
26;2025-11-29;7;383.0
26;2025-11-29;8;581.7
26;2025-11-29;9;667.4
26;2025-11-29;10;769.9
26;2025-11-29;11;885.3
26;2025-11-29;12;954.1
26;2025-11-29;13;993.3
26;2025-11-29;14;989.1
26;2025-11-29;15;932.8
26;2025-11-29;16;941.5
26;2025-11-29;17;915.9
26;2025-11-29;18;850.0
26;2025-11-29;19;765.3
26;2025-11-29;20;588.3
26;2025-11-29;21;417.6
26;2025-11-29;22;245.6
26;2025-11-29;23;154.6
26;2025-11-30;0;52.8
26;2025-11-30;1;12.8
26;2025-11-30;2;3.4
26;2025-11-30;3;0.9
26;2025-11-30;4;3.7
26;2025-11-30;5;38.7
26;2025-11-30;6;163.8
26;2025-11-30;7;275.2
26;2025-11-30;8;398.8
26;2025-11-30;9;533.3
26;2025-11-30;10;615.6
26;2025-11-30;11;745.6
26;2025-11-30;12;818.3
26;2025-11-30;13;864.0
26;2025-11-30;14;868.2
26;2025-11-30;15;820.2
26;2025-11-30;16;806.0
26;2025-11-30;17;798.5
26;2025-11-30;18;722.5
26;2025-11-30;19;612.2
26;2025-11-30;20;474.1
26;2025-11-30;21;346.0
26;2025-11-30;22;205.3
26;2025-11-30;23;114.2
26;2025-12-01;0;30.2
26;2025-12-01;1;0.8
26;2025-12-01;2;1.6
26;2025-12-01;3;0.2
26;2025-12-01;4;5.7
26;2025-12-01;5;116.4
26;2025-12-01;6;534.5
26;2025-12-01;7;1286.0
26;2025-12-01;8;2138.0
26;2025-12-01;9;1488.9
26;2025-12-01;10;1238.1
26;2025-12-01;11;1138.3
26;2025-12-01;12;1165.8
26;2025-12-01;13;1200.5
26;2025-12-01;14;1232.8
26;2025-12-01;15;1313.7
26;2025-12-01;16;1484.9
26;2025-12-01;17;1770.0
26;2025-12-01;18;1937.2
26;2025-12-01;19;1348.4
26;2025-12-01;20;869.1
26;2025-12-01;21;515.4
26;2025-12-01;22;236.0
26;2025-12-01;23;105.3
26;2025-12-02;0;35.4
26;2025-12-02;1;0.6
26;2025-12-02;2;2.7
26;2025-12-02;3;1.1
26;2025-12-02;4;6.8
26;2025-12-02;5;118.9
26;2025-12-02;6;546.4
26;2025-12-02;7;1315.1
26;2025-12-02;8;2184.0
26;2025-12-02;9;1487.5
26;2025-12-02;10;1249.4
26;2025-12-02;11;1185.5
26;2025-12-02;12;1187.8
26;2025-12-02;13;1229.9
26;2025-12-02;14;1252.0
26;2025-12-02;15;1303.5
26;2025-12-02;16;1504.6
26;2025-12-02;17;1781.7
26;2025-12-02;18;1956.4
26;2025-12-02;19;1395.1
26;2025-12-02;20;883.9
26;2025-12-02;21;528.7
26;2025-12-02;22;258.2
26;2025-12-02;23;119.3
26;2025-12-03;0;32.9
26;2025-12-03;1;0.6
26;2025-12-03;2;2.1
26;2025-12-03;3;0.6
26;2025-12-03;4;7.2
26;2025-12-03;5;122.0
26;2025-12-03;6;541.7
26;2025-12-03;7;1309.2
26;2025-12-03;8;2187.6
26;2025-12-03;9;1494.5
26;2025-12-03;10;1245.9
26;2025-12-03;11;1146.6
26;2025-12-03;12;1264.9
26;2025-12-03;13;1250.2
26;2025-12-03;14;1311.5
26;2025-12-03;15;1392.4
26;2025-12-03;16;1530.8
26;2025-12-03;17;1804.4
26;2025-12-03;18;1938.9
26;2025-12-03;19;1356.7
26;2025-12-03;20;888.2
26;2025-12-03;21;579.1
26;2025-12-03;22;271.4
26;2025-12-03;23;138.3
26;2025-12-04;0;42.4
26;2025-12-04;1;3.3
26;2025-12-04;2;2.9
26;2025-12-04;3;2.4
26;2025-12-04;4;8.7
26;2025-12-04;5;122.4
26;2025-12-04;6;546.0
26;2025-12-04;7;1306.2
26;2025-12-04;8;2180.9
26;2025-12-04;9;1557.2
26;2025-12-04;10;1266.7
26;2025-12-04;11;1210.5
26;2025-12-04;12;1258.2
26;2025-12-04;13;1279.7
26;2025-12-04;14;1359.9
26;2025-12-04;15;1390.9
26;2025-12-04;16;1569.9
26;2025-12-04;17;1826.3
26;2025-12-04;18;1993.5
26;2025-12-04;19;1379.0
26;2025-12-04;20;883.9
26;2025-12-04;21;561.7
26;2025-12-04;22;270.3
26;2025-12-04;23;151.5
26;2025-12-05;0;37.2
26;2025-12-05;1;2.1
26;2025-12-05;2;2.9
26;2025-12-05;3;0.5
26;2025-12-05;4;5.1
26;2025-12-05;5;112.6
26;2025-12-05;6;536.1
26;2025-12-05;7;1239.8
26;2025-12-05;8;2102.0
26;2025-12-05;9;1441.1
26;2025-12-05;10;1221.2
26;2025-12-05;11;1173.2
26;2025-12-05;12;1187.6
26;2025-12-05;13;1218.1
26;2025-12-05;14;1346.1
26;2025-12-05;15;1398.3
26;2025-12-05;16;1659.8
26;2025-12-05;17;1778.2
26;2025-12-05;18;1468.6
26;2025-12-05;19;1173.3
26;2025-12-05;20;784.7
26;2025-12-05;21;524.7
26;2025-12-05;22;266.5
26;2025-12-05;23;153.1
26;2025-12-06;0;57.8
26;2025-12-06;1;16.9
26;2025-12-06;2;10.3
26;2025-12-06;3;6.7
26;2025-12-06;4;8.9
26;2025-12-06;5;67.1
26;2025-12-06;6;245.2
26;2025-12-06;7;409.2
26;2025-12-06;8;621.4
26;2025-12-06;9;712.9
26;2025-12-06;10;822.4
26;2025-12-06;11;945.7
26;2025-12-06;12;1019.2
26;2025-12-06;13;1061.1
26;2025-12-06;14;1056.6
26;2025-12-06;15;996.4
26;2025-12-06;16;1005.8
26;2025-12-06;17;978.4
26;2025-12-06;18;908.0
26;2025-12-06;19;817.6
26;2025-12-06;20;628.4
26;2025-12-06;21;446.1
26;2025-12-06;22;262.4
26;2025-12-06;23;165.2
26;2025-12-07;0;56.4
26;2025-12-07;1;13.7
26;2025-12-07;2;3.7
26;2025-12-07;3;0.9
26;2025-12-07;4;4.0
26;2025-12-07;5;41.4
26;2025-12-07;6;174.9
26;2025-12-07;7;294.0
26;2025-12-07;8;426.0
26;2025-12-07;9;569.7
26;2025-12-07;10;657.6
26;2025-12-07;11;796.5
26;2025-12-07;12;874.1
26;2025-12-07;13;923.0
26;2025-12-07;14;927.5
26;2025-12-07;15;876.2
26;2025-12-07;16;861.0
26;2025-12-07;17;853.0
26;2025-12-07;18;771.8
26;2025-12-07;19;653.9
26;2025-12-07;20;506.5
26;2025-12-07;21;369.6
26;2025-12-07;22;219.3
26;2025-12-07;23;122.0
26;2025-12-08;0;30.2
26;2025-12-08;1;0.8
26;2025-12-08;2;1.6
26;2025-12-08;3;0.2
26;2025-12-08;4;5.7
26;2025-12-08;5;116.4
26;2025-12-08;6;534.5
26;2025-12-08;7;1286.0
26;2025-12-08;8;2138.0
26;2025-12-08;9;1488.9
26;2025-12-08;10;1238.1
26;2025-12-08;11;1138.3
26;2025-12-08;12;1165.8
26;2025-12-08;13;1200.5
26;2025-12-08;14;1232.8
26;2025-12-08;15;1313.7
26;2025-12-08;16;1484.9
26;2025-12-08;17;1770.0
26;2025-12-08;18;1937.2
26;2025-12-08;19;1348.4
26;2025-12-08;20;869.1
26;2025-12-08;21;515.4
26;2025-12-08;22;236.0
26;2025-12-08;23;105.3
26;2025-12-09;0;35.4
26;2025-12-09;1;0.6
26;2025-12-09;2;2.7
26;2025-12-09;3;1.1
26;2025-12-09;4;6.8
26;2025-12-09;5;118.9
26;2025-12-09;6;546.4
26;2025-12-09;7;1315.1
26;2025-12-09;8;2184.0
26;2025-12-09;9;1487.5
26;2025-12-09;10;1249.4
26;2025-12-09;11;1185.5
26;2025-12-09;12;1187.8
26;2025-12-09;13;1229.9
26;2025-12-09;14;1252.0
26;2025-12-09;15;1303.5
26;2025-12-09;16;1504.6
26;2025-12-09;17;1781.7
26;2025-12-09;18;1956.4
26;2025-12-09;19;1395.1
26;2025-12-09;20;883.9
26;2025-12-09;21;528.7
26;2025-12-09;22;258.2
26;2025-12-09;23;119.3
26;2025-12-10;0;32.9
26;2025-12-10;1;0.6
26;2025-12-10;2;2.1
26;2025-12-10;3;0.6
26;2025-12-10;4;7.2
26;2025-12-10;5;122.0
26;2025-12-10;6;541.7
26;2025-12-10;7;1309.2
26;2025-12-10;8;2187.6
26;2025-12-10;9;1494.5
26;2025-12-10;10;1245.9
26;2025-12-10;11;1146.6
26;2025-12-10;12;1264.9
26;2025-12-10;13;1250.2
26;2025-12-10;14;1311.5
26;2025-12-10;15;1392.4
26;2025-12-10;16;1530.8
26;2025-12-10;17;1804.4
26;2025-12-10;18;1938.9
26;2025-12-10;19;1356.7
26;2025-12-10;20;888.2
26;2025-12-10;21;579.1
26;2025-12-10;22;271.4
26;2025-12-10;23;138.3
26;2025-12-11;0;42.4
26;2025-12-11;1;3.3
26;2025-12-11;2;2.9
26;2025-12-11;3;2.4
26;2025-12-11;4;8.7
26;2025-12-11;5;122.4
26;2025-12-11;6;546.0
26;2025-12-11;7;1306.2
26;2025-12-11;8;2180.9
26;2025-12-11;9;1557.2
26;2025-12-11;10;1266.7
26;2025-12-11;11;1210.5
26;2025-12-11;12;1258.2
26;2025-12-11;13;1279.7
26;2025-12-11;14;1359.9
26;2025-12-11;15;1390.9
26;2025-12-11;16;1569.9
26;2025-12-11;17;1826.3
26;2025-12-11;18;1993.5
26;2025-12-11;19;1379.0
26;2025-12-11;20;883.9
26;2025-12-11;21;561.7
26;2025-12-11;22;270.3
26;2025-12-11;23;151.5
26;2025-12-12;0;37.2
26;2025-12-12;1;2.1
26;2025-12-12;2;2.9
26;2025-12-12;3;0.5
26;2025-12-12;4;5.1
26;2025-12-12;5;112.6
26;2025-12-12;6;536.1
26;2025-12-12;7;1239.8
26;2025-12-12;8;2102.0
26;2025-12-12;9;1441.1
26;2025-12-12;10;1221.2
26;2025-12-12;11;1173.2
26;2025-12-12;12;1187.6
26;2025-12-12;13;1218.1
26;2025-12-12;14;1346.1
26;2025-12-12;15;1398.3
26;2025-12-12;16;1659.8
26;2025-12-12;17;1778.2
26;2025-12-12;18;1468.6
26;2025-12-12;19;1173.3
26;2025-12-12;20;784.7
26;2025-12-12;21;524.7
26;2025-12-12;22;266.5
26;2025-12-12;23;153.1
26;2025-12-13;0;57.8
26;2025-12-13;1;16.9
26;2025-12-13;2;10.3
26;2025-12-13;3;6.7
26;2025-12-13;4;8.9
26;2025-12-13;5;67.1
26;2025-12-13;6;245.2
26;2025-12-13;7;409.2
26;2025-12-13;8;621.4
26;2025-12-13;9;712.9
26;2025-12-13;10;822.4
26;2025-12-13;11;945.7
26;2025-12-13;12;1019.2
26;2025-12-13;13;1061.1
26;2025-12-13;14;1056.6
26;2025-12-13;15;996.4
26;2025-12-13;16;1005.8
26;2025-12-13;17;978.4
26;2025-12-13;18;908.0
26;2025-12-13;19;817.6
26;2025-12-13;20;628.4
26;2025-12-13;21;446.1
26;2025-12-13;22;262.4
26;2025-12-13;23;165.2
26;2025-12-14;0;56.4
26;2025-12-14;1;13.7
26;2025-12-14;2;3.7
26;2025-12-14;3;0.9
26;2025-12-14;4;4.0
26;2025-12-14;5;41.4
26;2025-12-14;6;174.9
26;2025-12-14;7;294.0
26;2025-12-14;8;426.0
26;2025-12-14;9;569.7
26;2025-12-14;10;657.6
26;2025-12-14;11;796.5
26;2025-12-14;12;874.1
26;2025-12-14;13;923.0
26;2025-12-14;14;927.5
26;2025-12-14;15;876.2
26;2025-12-14;16;861.0
26;2025-12-14;17;853.0
26;2025-12-14;18;771.8
26;2025-12-14;19;653.9
26;2025-12-14;20;506.5
26;2025-12-14;21;369.6
26;2025-12-14;22;219.3
26;2025-12-14;23;122.0
26;2025-12-15;0;30.2
26;2025-12-15;1;0.8
26;2025-12-15;2;1.6
26;2025-12-15;3;0.2
26;2025-12-15;4;5.7
26;2025-12-15;5;116.4
26;2025-12-15;6;534.5
26;2025-12-15;7;1286.0
26;2025-12-15;8;2138.0
26;2025-12-15;9;1488.9
26;2025-12-15;10;1238.1
26;2025-12-15;11;1138.3
26;2025-12-15;12;1165.8
26;2025-12-15;13;1200.5
26;2025-12-15;14;1232.8
26;2025-12-15;15;1313.7
26;2025-12-15;16;1484.9
26;2025-12-15;17;1770.0
26;2025-12-15;18;1937.2
26;2025-12-15;19;1348.4
26;2025-12-15;20;869.1
26;2025-12-15;21;515.4
26;2025-12-15;22;236.0
26;2025-12-15;23;105.3
26;2025-12-16;0;35.4
26;2025-12-16;1;0.6
26;2025-12-16;2;2.7
26;2025-12-16;3;1.1
26;2025-12-16;4;6.8
26;2025-12-16;5;118.9
26;2025-12-16;6;546.4
26;2025-12-16;7;1315.1
26;2025-12-16;8;2184.0
26;2025-12-16;9;1487.5
26;2025-12-16;10;1249.4
26;2025-12-16;11;1185.5
26;2025-12-16;12;1187.8
26;2025-12-16;13;1229.9
26;2025-12-16;14;1252.0
26;2025-12-16;15;1303.5
26;2025-12-16;16;1504.6
26;2025-12-16;17;1781.7
26;2025-12-16;18;1956.4
26;2025-12-16;19;1395.1
26;2025-12-16;20;883.9
26;2025-12-16;21;528.7
26;2025-12-16;22;258.2
26;2025-12-16;23;119.3
26;2025-12-17;0;32.9
26;2025-12-17;1;0.6
26;2025-12-17;2;2.1
26;2025-12-17;3;0.6
26;2025-12-17;4;7.2
26;2025-12-17;5;122.0
26;2025-12-17;6;541.7
26;2025-12-17;7;1309.2
26;2025-12-17;8;2187.6
26;2025-12-17;9;1494.5
26;2025-12-17;10;1245.9
26;2025-12-17;11;1146.6
26;2025-12-17;12;1264.9
26;2025-12-17;13;1250.2
26;2025-12-17;14;1311.5
26;2025-12-17;15;1392.4
26;2025-12-17;16;1530.8
26;2025-12-17;17;1804.4
26;2025-12-17;18;1938.9
26;2025-12-17;19;1356.7
26;2025-12-17;20;888.2
26;2025-12-17;21;579.1
26;2025-12-17;22;271.4
26;2025-12-17;23;138.3
26;2025-12-18;0;42.4
26;2025-12-18;1;3.3
26;2025-12-18;2;2.9
26;2025-12-18;3;2.4
26;2025-12-18;4;8.7
26;2025-12-18;5;122.4
26;2025-12-18;6;546.0
26;2025-12-18;7;1306.2
26;2025-12-18;8;2180.9
26;2025-12-18;9;1557.2
26;2025-12-18;10;1266.7
26;2025-12-18;11;1210.5
26;2025-12-18;12;1258.2
26;2025-12-18;13;1279.7
26;2025-12-18;14;1359.9
26;2025-12-18;15;1390.9
26;2025-12-18;16;1569.9
26;2025-12-18;17;1826.3
26;2025-12-18;18;1993.5
26;2025-12-18;19;1379.0
26;2025-12-18;20;883.9
26;2025-12-18;21;561.7
26;2025-12-18;22;270.3
26;2025-12-18;23;151.5
26;2025-12-19;0;37.2
26;2025-12-19;1;2.1
26;2025-12-19;2;2.9
26;2025-12-19;3;0.5
26;2025-12-19;4;5.1
26;2025-12-19;5;112.6
26;2025-12-19;6;536.1
26;2025-12-19;7;1239.8
26;2025-12-19;8;2102.0
26;2025-12-19;9;1441.1
26;2025-12-19;10;1221.2
26;2025-12-19;11;1173.2
26;2025-12-19;12;1187.6
26;2025-12-19;13;1218.1
26;2025-12-19;14;1346.1
26;2025-12-19;15;1398.3
26;2025-12-19;16;1659.8
26;2025-12-19;17;1778.2
26;2025-12-19;18;1468.6
26;2025-12-19;19;1173.3
26;2025-12-19;20;784.7
26;2025-12-19;21;524.7
26;2025-12-19;22;266.5
26;2025-12-19;23;153.1
26;2025-12-20;0;57.8
26;2025-12-20;1;16.9
26;2025-12-20;2;10.3
26;2025-12-20;3;6.7
26;2025-12-20;4;8.9
26;2025-12-20;5;67.1
26;2025-12-20;6;245.2
26;2025-12-20;7;409.2
26;2025-12-20;8;621.4
26;2025-12-20;9;712.9
26;2025-12-20;10;822.4
26;2025-12-20;11;945.7
26;2025-12-20;12;1019.2
26;2025-12-20;13;1061.1
26;2025-12-20;14;1056.6
26;2025-12-20;15;996.4
26;2025-12-20;16;1005.8
26;2025-12-20;17;978.4
26;2025-12-20;18;908.0
26;2025-12-20;19;817.6
26;2025-12-20;20;628.4
26;2025-12-20;21;446.1
26;2025-12-20;22;262.4
26;2025-12-20;23;165.2
26;2025-12-21;0;56.4
26;2025-12-21;1;13.7
26;2025-12-21;2;3.7
26;2025-12-21;3;0.9
26;2025-12-21;4;4.0
26;2025-12-21;5;41.4
26;2025-12-21;6;174.9
26;2025-12-21;7;294.0
26;2025-12-21;8;426.0
26;2025-12-21;9;569.7
26;2025-12-21;10;657.6
26;2025-12-21;11;796.5
26;2025-12-21;12;874.1
26;2025-12-21;13;923.0
26;2025-12-21;14;927.5
26;2025-12-21;15;876.2
26;2025-12-21;16;861.0
26;2025-12-21;17;853.0
26;2025-12-21;18;771.8
26;2025-12-21;19;653.9
26;2025-12-21;20;506.5
26;2025-12-21;21;369.6
26;2025-12-21;22;219.3
26;2025-12-21;23;122.0
26;2025-12-22;0;30.2
26;2025-12-22;1;0.8
26;2025-12-22;2;1.6
26;2025-12-22;3;0.2
26;2025-12-22;4;5.7
26;2025-12-22;5;116.4
26;2025-12-22;6;534.5
26;2025-12-22;7;1286.0
26;2025-12-22;8;2138.0
26;2025-12-22;9;1488.9
26;2025-12-22;10;1238.1
26;2025-12-22;11;1138.3
26;2025-12-22;12;1165.8
26;2025-12-22;13;1200.5
26;2025-12-22;14;1232.8
26;2025-12-22;15;1313.7
26;2025-12-22;16;1484.9
26;2025-12-22;17;1770.0
26;2025-12-22;18;1937.2
26;2025-12-22;19;1348.4
26;2025-12-22;20;869.1
26;2025-12-22;21;515.4
26;2025-12-22;22;236.0
26;2025-12-22;23;105.3
26;2025-12-23;0;35.4
26;2025-12-23;1;0.6
26;2025-12-23;2;2.7
26;2025-12-23;3;1.1
26;2025-12-23;4;6.8
26;2025-12-23;5;118.9
26;2025-12-23;6;546.4
26;2025-12-23;7;1315.1
26;2025-12-23;8;2184.0
26;2025-12-23;9;1487.5
26;2025-12-23;10;1249.4
26;2025-12-23;11;1185.5
26;2025-12-23;12;1187.8
26;2025-12-23;13;1229.9
26;2025-12-23;14;1252.0
26;2025-12-23;15;1303.5
26;2025-12-23;16;1504.6
26;2025-12-23;17;1781.7
26;2025-12-23;18;1956.4
26;2025-12-23;19;1395.1
26;2025-12-23;20;883.9
26;2025-12-23;21;528.7
26;2025-12-23;22;258.2
26;2025-12-23;23;119.3
26;2025-12-24;0;32.9
26;2025-12-24;1;0.6
26;2025-12-24;2;2.1
26;2025-12-24;3;0.6
26;2025-12-24;4;7.2
26;2025-12-24;5;122.0
26;2025-12-24;6;541.7
26;2025-12-24;7;1309.2
26;2025-12-24;8;2187.6
26;2025-12-24;9;1494.5
26;2025-12-24;10;1245.9
26;2025-12-24;11;1146.6
26;2025-12-24;12;1264.9
26;2025-12-24;13;1250.2
26;2025-12-24;14;1311.5
26;2025-12-24;15;1392.4
26;2025-12-24;16;1530.8
26;2025-12-24;17;1804.4
26;2025-12-24;18;1938.9
26;2025-12-24;19;1356.7
26;2025-12-24;20;888.2
26;2025-12-24;21;579.1
26;2025-12-24;22;271.4
26;2025-12-24;23;138.3
26;2025-12-25;0;42.4
26;2025-12-25;1;3.3
26;2025-12-25;2;2.9
26;2025-12-25;3;2.4
26;2025-12-25;4;8.7
26;2025-12-25;5;122.4
26;2025-12-25;6;546.0
26;2025-12-25;7;1306.2
26;2025-12-25;8;2180.9
26;2025-12-25;9;1557.2
26;2025-12-25;10;1266.7
26;2025-12-25;11;1210.5
26;2025-12-25;12;1258.2
26;2025-12-25;13;1279.7
26;2025-12-25;14;1359.9
26;2025-12-25;15;1390.9
26;2025-12-25;16;1569.9
26;2025-12-25;17;1826.3
26;2025-12-25;18;1993.5
26;2025-12-25;19;1379.0
26;2025-12-25;20;883.9
26;2025-12-25;21;561.7
26;2025-12-25;22;270.3
26;2025-12-25;23;151.5
26;2025-12-26;0;37.2
26;2025-12-26;1;2.1
26;2025-12-26;2;2.9
26;2025-12-26;3;0.5
26;2025-12-26;4;5.1
26;2025-12-26;5;112.6
26;2025-12-26;6;536.1
26;2025-12-26;7;1239.8
26;2025-12-26;8;2102.0
26;2025-12-26;9;1441.1
26;2025-12-26;10;1221.2
26;2025-12-26;11;1173.2
26;2025-12-26;12;1187.6
26;2025-12-26;13;1218.1
26;2025-12-26;14;1346.1
26;2025-12-26;15;1398.3
26;2025-12-26;16;1659.8
26;2025-12-26;17;1778.2
26;2025-12-26;18;1468.6
26;2025-12-26;19;1173.3
26;2025-12-26;20;784.7
26;2025-12-26;21;524.7
26;2025-12-26;22;266.5
26;2025-12-26;23;153.1
26;2025-12-27;0;57.8
26;2025-12-27;1;16.9
26;2025-12-27;2;10.3
26;2025-12-27;3;6.7
26;2025-12-27;4;8.9
26;2025-12-27;5;67.1
26;2025-12-27;6;245.2
26;2025-12-27;7;409.2
26;2025-12-27;8;621.4
26;2025-12-27;9;712.9
26;2025-12-27;10;822.4
26;2025-12-27;11;945.7
26;2025-12-27;12;1019.2
26;2025-12-27;13;1061.1
26;2025-12-27;14;1056.6
26;2025-12-27;15;996.4
26;2025-12-27;16;1005.8
26;2025-12-27;17;978.4
26;2025-12-27;18;908.0
26;2025-12-27;19;817.6
26;2025-12-27;20;628.4
26;2025-12-27;21;446.1
26;2025-12-27;22;262.4
26;2025-12-27;23;165.2
26;2025-12-28;0;56.4
26;2025-12-28;1;13.7
26;2025-12-28;2;3.7
26;2025-12-28;3;0.9
26;2025-12-28;4;4.0
26;2025-12-28;5;41.4
26;2025-12-28;6;174.9
26;2025-12-28;7;294.0
26;2025-12-28;8;426.0
26;2025-12-28;9;569.7
26;2025-12-28;10;657.6
26;2025-12-28;11;796.5
26;2025-12-28;12;874.1
26;2025-12-28;13;923.0
26;2025-12-28;14;927.5
26;2025-12-28;15;876.2
26;2025-12-28;16;861.0
26;2025-12-28;17;853.0
26;2025-12-28;18;771.8
26;2025-12-28;19;653.9
26;2025-12-28;20;506.5
26;2025-12-28;21;369.6
26;2025-12-28;22;219.3
26;2025-12-28;23;122.0
26;2025-12-29;0;30.2
26;2025-12-29;1;0.8
26;2025-12-29;2;1.6
26;2025-12-29;3;0.2
26;2025-12-29;4;5.7
26;2025-12-29;5;116.4
26;2025-12-29;6;534.5
26;2025-12-29;7;1286.0
26;2025-12-29;8;2138.0
26;2025-12-29;9;1488.9
26;2025-12-29;10;1238.1
26;2025-12-29;11;1138.3
26;2025-12-29;12;1165.8
26;2025-12-29;13;1200.5
26;2025-12-29;14;1232.8
26;2025-12-29;15;1313.7
26;2025-12-29;16;1484.9
26;2025-12-29;17;1770.0
26;2025-12-29;18;1937.2
26;2025-12-29;19;1348.4
26;2025-12-29;20;869.1
26;2025-12-29;21;515.4
26;2025-12-29;22;236.0
26;2025-12-29;23;105.3
26;2025-12-30;0;34.0
26;2025-12-30;1;0.6
26;2025-12-30;2;3.3
26;2025-12-30;3;1.4
26;2025-12-30;4;8.3
26;2025-12-30;5;124.4
26;2025-12-30;6;550.1
26;2025-12-30;7;1311.3
26;2025-12-30;8;2177.2
26;2025-12-30;9;1498.6
26;2025-12-30;10;1275.9
26;2025-12-30;11;1230.7
26;2025-12-30;12;1242.5
26;2025-12-30;13;1298.6
26;2025-12-30;14;1333.8
26;2025-12-30;15;1396.9
26;2025-12-30;16;1588.3
26;2025-12-30;17;1781.4
26;2025-12-30;18;1781.3
26;2025-12-30;19;1330.2
26;2025-12-30;20;874.6
26;2025-12-30;21;540.5
26;2025-12-30;22;269.8
26;2025-12-30;23;133.5
26;2025-12-31;0;29.6
26;2025-12-31;1;0.0
26;2025-12-31;2;0.0
26;2025-12-31;3;0.3
26;2025-12-31;4;0.0
26;2025-12-31;5;13.4
26;2025-12-31;6;134.7
26;2025-12-31;7;235.1
26;2025-12-31;8;348.8
26;2025-12-31;9;382.9
26;2025-12-31;10;456.1
26;2025-12-31;11;566.7
26;2025-12-31;12;684.9
26;2025-12-31;13;753.8
26;2025-12-31;14;758.3
26;2025-12-31;15;742.0
26;2025-12-31;16;757.1
26;2025-12-31;17;730.2
26;2025-12-31;18;708.6
26;2025-12-31;19;635.2
26;2025-12-31;20;482.9
26;2025-12-31;21;347.5
26;2025-12-31;22;178.9
26;2025-12-31;23;69.5
28;2025-11-01;0;26.4
28;2025-11-01;1;13.0
28;2025-11-01;2;11.9
28;2025-11-01;3;10.7
28;2025-11-01;4;14.4
28;2025-11-01;5;67.0
28;2025-11-01;6;223.4
28;2025-11-01;7;516.4
28;2025-11-01;8;776.4
28;2025-11-01;9;597.2
28;2025-11-01;10;543.6
28;2025-11-01;11;544.8
28;2025-11-01;12;618.1
28;2025-11-01;13;635.1
28;2025-11-01;14;619.1
28;2025-11-01;15;658.5
28;2025-11-01;16;747.3
28;2025-11-01;17;777.9
28;2025-11-01;18;677.9
28;2025-11-01;19;566.4
28;2025-11-01;20;401.0
28;2025-11-01;21;292.0
28;2025-11-01;22;154.1
28;2025-11-01;23;76.2
28;2025-11-02;0;22.3
28;2025-11-02;1;4.1
28;2025-11-02;2;0.8
28;2025-11-02;3;0.0
28;2025-11-02;4;0.1
28;2025-11-02;5;22.0
28;2025-11-02;6;85.8
28;2025-11-02;7;157.0
28;2025-11-02;8;229.4
28;2025-11-02;9;305.5
28;2025-11-02;10;357.8
28;2025-11-02;11;425.1
28;2025-11-02;12;467.9
28;2025-11-02;13;510.2
28;2025-11-02;14;498.6
28;2025-11-02;15;505.8
28;2025-11-02;16;491.1
28;2025-11-02;17;508.8
28;2025-11-02;18;450.5
28;2025-11-02;19;381.3
28;2025-11-02;20;297.6
28;2025-11-02;21;223.6
28;2025-11-02;22;128.8
28;2025-11-02;23;56.3
28;2025-11-03;0;25.1
28;2025-11-03;1;4.5
28;2025-11-03;2;3.4
28;2025-11-03;3;3.3
28;2025-11-03;4;1.8
28;2025-11-03;5;29.3
28;2025-11-03;6;111.9
28;2025-11-03;7;186.1
28;2025-11-03;8;255.6
28;2025-11-03;9;292.7
28;2025-11-03;10;349.8
28;2025-11-03;11;424.7
28;2025-11-03;12;499.6
28;2025-11-03;13;542.2
28;2025-11-03;14;545.7
28;2025-11-03;15;548.5
28;2025-11-03;16;557.8
28;2025-11-03;17;530.6
28;2025-11-03;18;497.3
28;2025-11-03;19;435.6
28;2025-11-03;20;333.1
28;2025-11-03;21;246.3
28;2025-11-03;22;155.6
28;2025-11-03;23;93.2
28;2025-11-04;0;24.6
28;2025-11-04;1;3.0
28;2025-11-04;2;2.3
28;2025-11-04;3;2.1
28;2025-11-04;4;2.0
28;2025-11-04;5;22.0
28;2025-11-04;6;91.4
28;2025-11-04;7;156.5
28;2025-11-04;8;222.4
28;2025-11-04;9;249.0
28;2025-11-04;10;295.1
28;2025-11-04;11;364.1
28;2025-11-04;12;434.4
28;2025-11-04;13;474.5
28;2025-11-04;14;477.7
28;2025-11-04;15;479.0
28;2025-11-04;16;490.6
28;2025-11-04;17;471.7
28;2025-11-04;18;447.3
28;2025-11-04;19;396.8
28;2025-11-04;20;304.6
28;2025-11-04;21;224.6
28;2025-11-04;22;132.1
28;2025-11-04;23;69.0
28;2025-11-05;0;13.3
28;2025-11-05;1;3.1
28;2025-11-05;2;5.0
28;2025-11-05;3;4.3
28;2025-11-05;4;7.7
28;2025-11-05;5;71.6
28;2025-11-05;6;282.6
28;2025-11-05;7;748.8
28;2025-11-05;8;1139.7
28;2025-11-05;9;818.6
28;2025-11-05;10;613.7
28;2025-11-05;11;599.0
28;2025-11-05;12;700.4
28;2025-11-05;13;706.6
28;2025-11-05;14;654.9
28;2025-11-05;15;671.3
28;2025-11-05;16;829.7
28;2025-11-05;17;951.5
28;2025-11-05;18;1009.6
28;2025-11-05;19;746.5
28;2025-11-05;20;513.2
28;2025-11-05;21;310.6
28;2025-11-05;22;137.0
28;2025-11-05;23;43.9
28;2025-11-06;0;10.7
28;2025-11-06;1;0.6
28;2025-11-06;2;1.0
28;2025-11-06;3;0.7
28;2025-11-06;4;3.3
28;2025-11-06;5;71.6
28;2025-11-06;6;271.4
28;2025-11-06;7;756.8
28;2025-11-06;8;1049.7
28;2025-11-06;9;746.1
28;2025-11-06;10;568.8
28;2025-11-06;11;553.1
28;2025-11-06;12;618.9
28;2025-11-06;13;667.8
28;2025-11-06;14;630.8
28;2025-11-06;15;672.3
28;2025-11-06;16;777.8
28;2025-11-06;17;990.9
28;2025-11-06;18;1014.5
28;2025-11-06;19;763.8
28;2025-11-06;20;511.5
28;2025-11-06;21;323.1
28;2025-11-06;22;151.0
28;2025-11-06;23;54.5
28;2025-11-07;0;11.0
28;2025-11-07;1;0.4
28;2025-11-07;2;0.8
28;2025-11-07;3;0.1
28;2025-11-07;4;1.8
28;2025-11-07;5;69.1
28;2025-11-07;6;286.9
28;2025-11-07;7;766.1
28;2025-11-07;8;1166.1
28;2025-11-07;9;764.3
28;2025-11-07;10;617.2
28;2025-11-07;11;579.2
28;2025-11-07;12;670.4
28;2025-11-07;13;685.9
28;2025-11-07;14;667.2
28;2025-11-07;15;712.7
28;2025-11-07;16;873.6
28;2025-11-07;17;955.5
28;2025-11-07;18;837.3
28;2025-11-07;19;683.5
28;2025-11-07;20;437.3
28;2025-11-07;21;305.1
28;2025-11-07;22;142.0
28;2025-11-07;23;56.9
28;2025-11-08;0;23.4
28;2025-11-08;1;6.0
28;2025-11-08;2;3.1
28;2025-11-08;3;1.7
28;2025-11-08;4;2.1
28;2025-11-08;5;32.3
28;2025-11-08;6;120.0
28;2025-11-08;7;215.6
28;2025-11-08;8;332.4
28;2025-11-08;9;386.9
28;2025-11-08;10;434.8
28;2025-11-08;11;486.3
28;2025-11-08;12;546.0
28;2025-11-08;13;565.6
28;2025-11-08;14;550.7
28;2025-11-08;15;570.8
28;2025-11-08;16;568.3
28;2025-11-08;17;558.2
28;2025-11-08;18;500.4
28;2025-11-08;19;430.4
28;2025-11-08;20;337.8
28;2025-11-08;21;255.1
28;2025-11-08;22;143.5
28;2025-11-08;23;74.5
28;2025-11-09;0;22.3
28;2025-11-09;1;4.1
28;2025-11-09;2;0.8
28;2025-11-09;3;0.0
28;2025-11-09;4;0.1
28;2025-11-09;5;22.0
28;2025-11-09;6;85.8
28;2025-11-09;7;157.0
28;2025-11-09;8;229.4
28;2025-11-09;9;305.5
28;2025-11-09;10;357.8
28;2025-11-09;11;425.1
28;2025-11-09;12;467.9
28;2025-11-09;13;510.2
28;2025-11-09;14;498.6
28;2025-11-09;15;505.8
28;2025-11-09;16;491.1
28;2025-11-09;17;508.8
28;2025-11-09;18;450.5
28;2025-11-09;19;381.3
28;2025-11-09;20;297.6
28;2025-11-09;21;223.6
28;2025-11-09;22;128.8
28;2025-11-09;23;56.3
28;2025-11-10;0;10.6
28;2025-11-10;1;0.6
28;2025-11-10;2;0.8
28;2025-11-10;3;0.2
28;2025-11-10;4;3.2
28;2025-11-10;5;73.6
28;2025-11-10;6;287.7
28;2025-11-10;7;741.6
28;2025-11-10;8;1132.5
28;2025-11-10;9;774.2
28;2025-11-10;10;624.6
28;2025-11-10;11;549.0
28;2025-11-10;12;608.1
28;2025-11-10;13;613.4
28;2025-11-10;14;616.0
28;2025-11-10;15;622.0
28;2025-11-10;16;769.8
28;2025-11-10;17;920.5
28;2025-11-10;18;969.5
28;2025-11-10;19;723.1
28;2025-11-10;20;468.8
28;2025-11-10;21;290.9
28;2025-11-10;22;126.7
28;2025-11-10;23;35.1
28;2025-11-11;0;10.7
28;2025-11-11;1;0.0
28;2025-11-11;2;1.5
28;2025-11-11;3;0.7
28;2025-11-11;4;3.5
28;2025-11-11;5;71.4
28;2025-11-11;6;285.3
28;2025-11-11;7;739.3
28;2025-11-11;8;1151.8
28;2025-11-11;9;784.0
28;2025-11-11;10;636.2
28;2025-11-11;11;585.1
28;2025-11-11;12;638.2
28;2025-11-11;13;656.8
28;2025-11-11;14;633.2
28;2025-11-11;15;662.8
28;2025-11-11;16;715.6
28;2025-11-11;17;893.3
28;2025-11-11;18;979.7
28;2025-11-11;19;684.2
28;2025-11-11;20;470.3
28;2025-11-11;21;300.4
28;2025-11-11;22;136.3
28;2025-11-11;23;43.5
28;2025-11-12;0;10.6
28;2025-11-12;1;0.4
28;2025-11-12;2;1.0
28;2025-11-12;3;0.4
28;2025-11-12;4;3.5
28;2025-11-12;5;66.2
28;2025-11-12;6;275.4
28;2025-11-12;7;739.8
28;2025-11-12;8;1134.8
28;2025-11-12;9;814.4
28;2025-11-12;10;610.7
28;2025-11-12;11;595.6
28;2025-11-12;12;692.9
28;2025-11-12;13;696.9
28;2025-11-12;14;645.0
28;2025-11-12;15;660.6
28;2025-11-12;16;817.9
28;2025-11-12;17;943.8
28;2025-11-12;18;1002.1
28;2025-11-12;19;750.6
28;2025-11-12;20;519.7
28;2025-11-12;21;319.8
28;2025-11-12;22;142.1
28;2025-11-12;23;48.2
28;2025-11-13;0;10.7
28;2025-11-13;1;0.6
28;2025-11-13;2;1.0
28;2025-11-13;3;0.7
28;2025-11-13;4;3.3
28;2025-11-13;5;71.6
28;2025-11-13;6;271.4
28;2025-11-13;7;756.8
28;2025-11-13;8;1049.7
28;2025-11-13;9;746.1
28;2025-11-13;10;568.8
28;2025-11-13;11;553.1
28;2025-11-13;12;618.9
28;2025-11-13;13;667.8
28;2025-11-13;14;630.8
28;2025-11-13;15;672.3
28;2025-11-13;16;777.8
28;2025-11-13;17;990.9
28;2025-11-13;18;1014.5
28;2025-11-13;19;763.8
28;2025-11-13;20;511.5
28;2025-11-13;21;323.1
28;2025-11-13;22;151.0
28;2025-11-13;23;54.5
28;2025-11-14;0;11.0
28;2025-11-14;1;0.4
28;2025-11-14;2;0.8
28;2025-11-14;3;0.1
28;2025-11-14;4;1.8
28;2025-11-14;5;69.1
28;2025-11-14;6;286.9
28;2025-11-14;7;766.1
28;2025-11-14;8;1166.1
28;2025-11-14;9;764.3
28;2025-11-14;10;617.2
28;2025-11-14;11;579.2
28;2025-11-14;12;670.4
28;2025-11-14;13;685.9
28;2025-11-14;14;667.2
28;2025-11-14;15;712.7
28;2025-11-14;16;873.6
28;2025-11-14;17;955.5
28;2025-11-14;18;837.3
28;2025-11-14;19;683.5
28;2025-11-14;20;437.3
28;2025-11-14;21;305.1
28;2025-11-14;22;142.0
28;2025-11-14;23;56.9
28;2025-11-15;0;23.4
28;2025-11-15;1;6.0
28;2025-11-15;2;3.1
28;2025-11-15;3;1.7
28;2025-11-15;4;2.1
28;2025-11-15;5;32.3
28;2025-11-15;6;120.0
28;2025-11-15;7;215.6
28;2025-11-15;8;332.4
28;2025-11-15;9;386.9
28;2025-11-15;10;434.8
28;2025-11-15;11;486.3
28;2025-11-15;12;546.0
28;2025-11-15;13;565.6
28;2025-11-15;14;550.7
28;2025-11-15;15;570.8
28;2025-11-15;16;568.3
28;2025-11-15;17;558.2
28;2025-11-15;18;500.4
28;2025-11-15;19;430.4
28;2025-11-15;20;337.8
28;2025-11-15;21;255.1
28;2025-11-15;22;143.5
28;2025-11-15;23;74.5
28;2025-11-16;0;22.3
28;2025-11-16;1;4.1
28;2025-11-16;2;0.8
28;2025-11-16;3;0.0
28;2025-11-16;4;0.1
28;2025-11-16;5;22.0
28;2025-11-16;6;85.8
28;2025-11-16;7;157.0
28;2025-11-16;8;229.4
28;2025-11-16;9;305.5
28;2025-11-16;10;357.8
28;2025-11-16;11;425.1
28;2025-11-16;12;467.9
28;2025-11-16;13;510.2
28;2025-11-16;14;498.6
28;2025-11-16;15;505.8
28;2025-11-16;16;491.1
28;2025-11-16;17;508.8
28;2025-11-16;18;450.5
28;2025-11-16;19;381.3
28;2025-11-16;20;297.6
28;2025-11-16;21;223.6
28;2025-11-16;22;128.8
28;2025-11-16;23;56.3
28;2025-11-17;0;10.6
28;2025-11-17;1;0.6
28;2025-11-17;2;0.8
28;2025-11-17;3;0.2
28;2025-11-17;4;3.2
28;2025-11-17;5;73.6
28;2025-11-17;6;287.7
28;2025-11-17;7;741.6
28;2025-11-17;8;1132.5
28;2025-11-17;9;774.2
28;2025-11-17;10;624.6
28;2025-11-17;11;549.0
28;2025-11-17;12;608.1
28;2025-11-17;13;613.4
28;2025-11-17;14;616.0
28;2025-11-17;15;622.0
28;2025-11-17;16;769.8
28;2025-11-17;17;920.5
28;2025-11-17;18;969.5
28;2025-11-17;19;723.1
28;2025-11-17;20;468.8
28;2025-11-17;21;290.9
28;2025-11-17;22;126.7
28;2025-11-17;23;35.1
28;2025-11-18;0;10.7
28;2025-11-18;1;0.0
28;2025-11-18;2;1.5
28;2025-11-18;3;0.7
28;2025-11-18;4;3.5
28;2025-11-18;5;71.4
28;2025-11-18;6;285.3
28;2025-11-18;7;739.3
28;2025-11-18;8;1151.8
28;2025-11-18;9;784.0
28;2025-11-18;10;636.2
28;2025-11-18;11;585.1
28;2025-11-18;12;638.2
28;2025-11-18;13;656.8
28;2025-11-18;14;633.2
28;2025-11-18;15;662.8
28;2025-11-18;16;715.6
28;2025-11-18;17;893.3
28;2025-11-18;18;979.7
28;2025-11-18;19;684.2
28;2025-11-18;20;470.3
28;2025-11-18;21;300.4
28;2025-11-18;22;136.3
28;2025-11-18;23;43.5
28;2025-11-19;0;10.6
28;2025-11-19;1;0.4
28;2025-11-19;2;1.0
28;2025-11-19;3;0.4
28;2025-11-19;4;3.5
28;2025-11-19;5;66.2
28;2025-11-19;6;275.4
28;2025-11-19;7;739.8
28;2025-11-19;8;1134.8
28;2025-11-19;9;814.4
28;2025-11-19;10;610.7
28;2025-11-19;11;595.6
28;2025-11-19;12;692.9
28;2025-11-19;13;696.9
28;2025-11-19;14;645.0
28;2025-11-19;15;660.6
28;2025-11-19;16;817.9
28;2025-11-19;17;943.8
28;2025-11-19;18;1002.1
28;2025-11-19;19;750.6
28;2025-11-19;20;519.7
28;2025-11-19;21;319.8
28;2025-11-19;22;142.1
28;2025-11-19;23;48.2
28;2025-11-20;0;10.7
28;2025-11-20;1;0.6
28;2025-11-20;2;1.0
28;2025-11-20;3;0.7
28;2025-11-20;4;3.3
28;2025-11-20;5;71.6
28;2025-11-20;6;271.4
28;2025-11-20;7;756.8
28;2025-11-20;8;1049.7
28;2025-11-20;9;746.1
28;2025-11-20;10;568.8
28;2025-11-20;11;553.1
28;2025-11-20;12;618.9
28;2025-11-20;13;667.8
28;2025-11-20;14;630.8
28;2025-11-20;15;672.3
28;2025-11-20;16;777.8
28;2025-11-20;17;990.9
28;2025-11-20;18;1014.5
28;2025-11-20;19;763.8
28;2025-11-20;20;511.5
28;2025-11-20;21;323.1
28;2025-11-20;22;151.0
28;2025-11-20;23;54.5
28;2025-11-21;0;11.0
28;2025-11-21;1;0.4
28;2025-11-21;2;0.8
28;2025-11-21;3;0.1
28;2025-11-21;4;1.8
28;2025-11-21;5;69.1
28;2025-11-21;6;286.9
28;2025-11-21;7;766.1
28;2025-11-21;8;1166.1
28;2025-11-21;9;764.3
28;2025-11-21;10;617.2
28;2025-11-21;11;579.2
28;2025-11-21;12;670.4
28;2025-11-21;13;685.9
28;2025-11-21;14;667.2
28;2025-11-21;15;712.7
28;2025-11-21;16;873.6
28;2025-11-21;17;955.5
28;2025-11-21;18;837.3
28;2025-11-21;19;683.5
28;2025-11-21;20;437.3
28;2025-11-21;21;305.1
28;2025-11-21;22;142.0
28;2025-11-21;23;56.9
28;2025-11-22;0;23.4
28;2025-11-22;1;6.0
28;2025-11-22;2;3.1
28;2025-11-22;3;1.7
28;2025-11-22;4;2.1
28;2025-11-22;5;32.3
28;2025-11-22;6;120.0
28;2025-11-22;7;215.6
28;2025-11-22;8;332.4
28;2025-11-22;9;386.9
28;2025-11-22;10;434.8
28;2025-11-22;11;486.3
28;2025-11-22;12;546.0
28;2025-11-22;13;565.6
28;2025-11-22;14;550.7
28;2025-11-22;15;570.8
28;2025-11-22;16;568.3
28;2025-11-22;17;558.2
28;2025-11-22;18;500.4
28;2025-11-22;19;430.4
28;2025-11-22;20;337.8
28;2025-11-22;21;255.1
28;2025-11-22;22;143.5
28;2025-11-22;23;74.5
28;2025-11-23;0;22.3
28;2025-11-23;1;4.1
28;2025-11-23;2;0.8
28;2025-11-23;3;0.0
28;2025-11-23;4;0.1
28;2025-11-23;5;22.0
28;2025-11-23;6;85.8
28;2025-11-23;7;157.0
28;2025-11-23;8;229.4
28;2025-11-23;9;305.5
28;2025-11-23;10;357.8
28;2025-11-23;11;425.1
28;2025-11-23;12;467.9
28;2025-11-23;13;510.2
28;2025-11-23;14;498.6
28;2025-11-23;15;505.8
28;2025-11-23;16;491.1
28;2025-11-23;17;508.8
28;2025-11-23;18;450.5
28;2025-11-23;19;381.3
28;2025-11-23;20;297.6
28;2025-11-23;21;223.6
28;2025-11-23;22;128.8
28;2025-11-23;23;56.3
28;2025-11-24;0;10.6
28;2025-11-24;1;0.6
28;2025-11-24;2;0.8
28;2025-11-24;3;0.2
28;2025-11-24;4;3.2
28;2025-11-24;5;73.6
28;2025-11-24;6;287.7
28;2025-11-24;7;741.6
28;2025-11-24;8;1132.5
28;2025-11-24;9;774.2
28;2025-11-24;10;624.6
28;2025-11-24;11;549.0
28;2025-11-24;12;608.1
28;2025-11-24;13;613.4
28;2025-11-24;14;616.0
28;2025-11-24;15;622.0
28;2025-11-24;16;769.8
28;2025-11-24;17;920.5
28;2025-11-24;18;969.5
28;2025-11-24;19;723.1
28;2025-11-24;20;468.8
28;2025-11-24;21;290.9
28;2025-11-24;22;126.7
28;2025-11-24;23;35.1
28;2025-11-25;0;10.7
28;2025-11-25;1;0.0
28;2025-11-25;2;1.5
28;2025-11-25;3;0.7
28;2025-11-25;4;3.5
28;2025-11-25;5;71.4
28;2025-11-25;6;285.3
28;2025-11-25;7;739.3
28;2025-11-25;8;1151.8
28;2025-11-25;9;784.0
28;2025-11-25;10;636.2
28;2025-11-25;11;585.1
28;2025-11-25;12;638.2
28;2025-11-25;13;656.8
28;2025-11-25;14;633.2
28;2025-11-25;15;662.8
28;2025-11-25;16;715.6
28;2025-11-25;17;893.3
28;2025-11-25;18;979.7
28;2025-11-25;19;684.2
28;2025-11-25;20;470.3
28;2025-11-25;21;300.4
28;2025-11-25;22;136.3
28;2025-11-25;23;43.5
28;2025-11-26;0;10.6
28;2025-11-26;1;0.4
28;2025-11-26;2;1.0
28;2025-11-26;3;0.4
28;2025-11-26;4;3.5
28;2025-11-26;5;66.2
28;2025-11-26;6;275.4
28;2025-11-26;7;739.8
28;2025-11-26;8;1134.8
28;2025-11-26;9;814.4
28;2025-11-26;10;610.7
28;2025-11-26;11;595.6
28;2025-11-26;12;692.9
28;2025-11-26;13;696.9
28;2025-11-26;14;645.0
28;2025-11-26;15;660.6
28;2025-11-26;16;817.9
28;2025-11-26;17;943.8
28;2025-11-26;18;1002.1
28;2025-11-26;19;750.6
28;2025-11-26;20;519.7
28;2025-11-26;21;319.8
28;2025-11-26;22;142.1
28;2025-11-26;23;48.2
28;2025-11-27;0;10.7
28;2025-11-27;1;0.6
28;2025-11-27;2;1.0
28;2025-11-27;3;0.7
28;2025-11-27;4;3.3
28;2025-11-27;5;71.6
28;2025-11-27;6;271.4
28;2025-11-27;7;756.8
28;2025-11-27;8;1049.7
28;2025-11-27;9;746.1
28;2025-11-27;10;568.8
28;2025-11-27;11;553.1
28;2025-11-27;12;618.9
28;2025-11-27;13;667.8
28;2025-11-27;14;630.8
28;2025-11-27;15;672.3
28;2025-11-27;16;777.8
28;2025-11-27;17;990.9
28;2025-11-27;18;1014.5
28;2025-11-27;19;763.8
28;2025-11-27;20;511.5
28;2025-11-27;21;323.1
28;2025-11-27;22;151.0
28;2025-11-27;23;54.5
28;2025-11-28;0;11.0
28;2025-11-28;1;0.4
28;2025-11-28;2;0.8
28;2025-11-28;3;0.1
28;2025-11-28;4;1.8
28;2025-11-28;5;69.1
28;2025-11-28;6;286.9
28;2025-11-28;7;766.1
28;2025-11-28;8;1166.1
28;2025-11-28;9;764.3
28;2025-11-28;10;617.2
28;2025-11-28;11;579.2
28;2025-11-28;12;670.4
28;2025-11-28;13;685.9
28;2025-11-28;14;667.2
28;2025-11-28;15;712.7
28;2025-11-28;16;873.6
28;2025-11-28;17;955.5
28;2025-11-28;18;837.3
28;2025-11-28;19;683.5
28;2025-11-28;20;437.3
28;2025-11-28;21;305.1
28;2025-11-28;22;142.0
28;2025-11-28;23;56.9
28;2025-11-29;0;23.4
28;2025-11-29;1;6.0
28;2025-11-29;2;3.1
28;2025-11-29;3;1.7
28;2025-11-29;4;2.1
28;2025-11-29;5;32.3
28;2025-11-29;6;120.0
28;2025-11-29;7;215.6
28;2025-11-29;8;332.4
28;2025-11-29;9;386.9
28;2025-11-29;10;434.8
28;2025-11-29;11;486.3
28;2025-11-29;12;546.0
28;2025-11-29;13;565.6
28;2025-11-29;14;550.7
28;2025-11-29;15;570.8
28;2025-11-29;16;568.3
28;2025-11-29;17;558.2
28;2025-11-29;18;500.4
28;2025-11-29;19;430.4
28;2025-11-29;20;337.8
28;2025-11-29;21;255.1
28;2025-11-29;22;143.5
28;2025-11-29;23;74.5
28;2025-11-30;0;22.3
28;2025-11-30;1;4.1
28;2025-11-30;2;0.8
28;2025-11-30;3;0.0
28;2025-11-30;4;0.1
28;2025-11-30;5;22.0
28;2025-11-30;6;85.8
28;2025-11-30;7;157.0
28;2025-11-30;8;229.4
28;2025-11-30;9;305.5
28;2025-11-30;10;357.8
28;2025-11-30;11;425.1
28;2025-11-30;12;467.9
28;2025-11-30;13;510.2
28;2025-11-30;14;498.6
28;2025-11-30;15;505.8
28;2025-11-30;16;491.1
28;2025-11-30;17;508.8
28;2025-11-30;18;450.5
28;2025-11-30;19;381.3
28;2025-11-30;20;297.6
28;2025-11-30;21;223.6
28;2025-11-30;22;128.8
28;2025-11-30;23;56.3
28;2025-12-01;0;11.3
28;2025-12-01;1;0.6
28;2025-12-01;2;0.9
28;2025-12-01;3;0.2
28;2025-12-01;4;3.4
28;2025-12-01;5;78.7
28;2025-12-01;6;307.4
28;2025-12-01;7;792.2
28;2025-12-01;8;1209.8
28;2025-12-01;9;827.0
28;2025-12-01;10;667.2
28;2025-12-01;11;586.5
28;2025-12-01;12;649.6
28;2025-12-01;13;655.2
28;2025-12-01;14;658.0
28;2025-12-01;15;664.4
28;2025-12-01;16;822.3
28;2025-12-01;17;983.3
28;2025-12-01;18;1035.6
28;2025-12-01;19;772.5
28;2025-12-01;20;500.8
28;2025-12-01;21;310.7
28;2025-12-01;22;135.3
28;2025-12-01;23;37.5
28;2025-12-02;0;11.5
28;2025-12-02;1;0.0
28;2025-12-02;2;1.6
28;2025-12-02;3;0.7
28;2025-12-02;4;3.7
28;2025-12-02;5;76.3
28;2025-12-02;6;304.8
28;2025-12-02;7;789.8
28;2025-12-02;8;1230.4
28;2025-12-02;9;837.6
28;2025-12-02;10;679.6
28;2025-12-02;11;625.0
28;2025-12-02;12;681.8
28;2025-12-02;13;701.6
28;2025-12-02;14;676.4
28;2025-12-02;15;708.1
28;2025-12-02;16;764.5
28;2025-12-02;17;954.3
28;2025-12-02;18;1046.6
28;2025-12-02;19;730.9
28;2025-12-02;20;502.4
28;2025-12-02;21;320.9
28;2025-12-02;22;145.6
28;2025-12-02;23;46.5
28;2025-12-03;0;11.3
28;2025-12-03;1;0.4
28;2025-12-03;2;1.0
28;2025-12-03;3;0.4
28;2025-12-03;4;3.8
28;2025-12-03;5;70.8
28;2025-12-03;6;294.2
28;2025-12-03;7;790.3
28;2025-12-03;8;1212.3
28;2025-12-03;9;870.0
28;2025-12-03;10;652.4
28;2025-12-03;11;636.3
28;2025-12-03;12;740.2
28;2025-12-03;13;744.5
28;2025-12-03;14;689.1
28;2025-12-03;15;705.7
28;2025-12-03;16;873.7
28;2025-12-03;17;1008.2
28;2025-12-03;18;1070.5
28;2025-12-03;19;801.8
28;2025-12-03;20;555.2
28;2025-12-03;21;341.6
28;2025-12-03;22;151.8
28;2025-12-03;23;51.4
28;2025-12-04;0;11.5
28;2025-12-04;1;0.6
28;2025-12-04;2;1.1
28;2025-12-04;3;0.8
28;2025-12-04;4;3.5
28;2025-12-04;5;76.5
28;2025-12-04;6;289.9
28;2025-12-04;7;808.5
28;2025-12-04;8;1121.3
28;2025-12-04;9;797.0
28;2025-12-04;10;607.6
28;2025-12-04;11;590.8
28;2025-12-04;12;661.2
28;2025-12-04;13;713.4
28;2025-12-04;14;673.9
28;2025-12-04;15;718.2
28;2025-12-04;16;830.9
28;2025-12-04;17;1058.6
28;2025-12-04;18;1083.8
28;2025-12-04;19;815.9
28;2025-12-04;20;546.4
28;2025-12-04;21;345.2
28;2025-12-04;22;161.3
28;2025-12-04;23;58.3
28;2025-12-05;0;11.8
28;2025-12-05;1;0.5
28;2025-12-05;2;0.9
28;2025-12-05;3;0.2
28;2025-12-05;4;2.0
28;2025-12-05;5;73.8
28;2025-12-05;6;306.5
28;2025-12-05;7;818.4
28;2025-12-05;8;1245.7
28;2025-12-05;9;816.4
28;2025-12-05;10;659.4
28;2025-12-05;11;618.8
28;2025-12-05;12;716.2
28;2025-12-05;13;732.7
28;2025-12-05;14;712.7
28;2025-12-05;15;761.4
28;2025-12-05;16;933.2
28;2025-12-05;17;1020.7
28;2025-12-05;18;894.4
28;2025-12-05;19;730.1
28;2025-12-05;20;467.1
28;2025-12-05;21;325.9
28;2025-12-05;22;151.7
28;2025-12-05;23;60.8
28;2025-12-06;0;25.0
28;2025-12-06;1;6.4
28;2025-12-06;2;3.3
28;2025-12-06;3;1.8
28;2025-12-06;4;2.3
28;2025-12-06;5;34.5
28;2025-12-06;6;128.1
28;2025-12-06;7;230.3
28;2025-12-06;8;355.1
28;2025-12-06;9;413.3
28;2025-12-06;10;464.5
28;2025-12-06;11;519.5
28;2025-12-06;12;583.3
28;2025-12-06;13;604.2
28;2025-12-06;14;588.3
28;2025-12-06;15;609.7
28;2025-12-06;16;607.1
28;2025-12-06;17;596.3
28;2025-12-06;18;534.6
28;2025-12-06;19;459.8
28;2025-12-06;20;360.9
28;2025-12-06;21;272.5
28;2025-12-06;22;153.3
28;2025-12-06;23;79.6
28;2025-12-07;0;23.8
28;2025-12-07;1;4.4
28;2025-12-07;2;0.8
28;2025-12-07;3;0.0
28;2025-12-07;4;0.1
28;2025-12-07;5;23.5
28;2025-12-07;6;91.6
28;2025-12-07;7;167.7
28;2025-12-07;8;245.0
28;2025-12-07;9;326.3
28;2025-12-07;10;382.2
28;2025-12-07;11;454.1
28;2025-12-07;12;499.8
28;2025-12-07;13;545.0
28;2025-12-07;14;532.6
28;2025-12-07;15;540.4
28;2025-12-07;16;524.6
28;2025-12-07;17;543.5
28;2025-12-07;18;481.2
28;2025-12-07;19;407.3
28;2025-12-07;20;317.9
28;2025-12-07;21;238.9
28;2025-12-07;22;137.6
28;2025-12-07;23;60.1
28;2025-12-08;0;11.3
28;2025-12-08;1;0.6
28;2025-12-08;2;0.9
28;2025-12-08;3;0.2
28;2025-12-08;4;3.4
28;2025-12-08;5;78.7
28;2025-12-08;6;307.4
28;2025-12-08;7;792.2
28;2025-12-08;8;1209.8
28;2025-12-08;9;827.0
28;2025-12-08;10;667.2
28;2025-12-08;11;586.5
28;2025-12-08;12;649.6
28;2025-12-08;13;655.2
28;2025-12-08;14;658.0
28;2025-12-08;15;664.4
28;2025-12-08;16;822.3
28;2025-12-08;17;983.3
28;2025-12-08;18;1035.6
28;2025-12-08;19;772.5
28;2025-12-08;20;500.8
28;2025-12-08;21;310.7
28;2025-12-08;22;135.3
28;2025-12-08;23;37.5
28;2025-12-09;0;11.5
28;2025-12-09;1;0.0
28;2025-12-09;2;1.6
28;2025-12-09;3;0.7
28;2025-12-09;4;3.7
28;2025-12-09;5;76.3
28;2025-12-09;6;304.8
28;2025-12-09;7;789.8
28;2025-12-09;8;1230.4
28;2025-12-09;9;837.6
28;2025-12-09;10;679.6
28;2025-12-09;11;625.0
28;2025-12-09;12;681.8
28;2025-12-09;13;701.6
28;2025-12-09;14;676.4
28;2025-12-09;15;708.1
28;2025-12-09;16;764.5
28;2025-12-09;17;954.3
28;2025-12-09;18;1046.6
28;2025-12-09;19;730.9
28;2025-12-09;20;502.4
28;2025-12-09;21;320.9
28;2025-12-09;22;145.6
28;2025-12-09;23;46.5
28;2025-12-10;0;11.3
28;2025-12-10;1;0.4
28;2025-12-10;2;1.0
28;2025-12-10;3;0.4
28;2025-12-10;4;3.8
28;2025-12-10;5;70.8
28;2025-12-10;6;294.2
28;2025-12-10;7;790.3
28;2025-12-10;8;1212.3
28;2025-12-10;9;870.0
28;2025-12-10;10;652.4
28;2025-12-10;11;636.3
28;2025-12-10;12;740.2
28;2025-12-10;13;744.5
28;2025-12-10;14;689.1
28;2025-12-10;15;705.7
28;2025-12-10;16;873.7
28;2025-12-10;17;1008.2
28;2025-12-10;18;1070.5
28;2025-12-10;19;801.8
28;2025-12-10;20;555.2
28;2025-12-10;21;341.6
28;2025-12-10;22;151.8
28;2025-12-10;23;51.4
28;2025-12-11;0;11.5
28;2025-12-11;1;0.6
28;2025-12-11;2;1.1
28;2025-12-11;3;0.8
28;2025-12-11;4;3.5
28;2025-12-11;5;76.5
28;2025-12-11;6;289.9
28;2025-12-11;7;808.5
28;2025-12-11;8;1121.3
28;2025-12-11;9;797.0
28;2025-12-11;10;607.6
28;2025-12-11;11;590.8
28;2025-12-11;12;661.2
28;2025-12-11;13;713.4
28;2025-12-11;14;673.9
28;2025-12-11;15;718.2
28;2025-12-11;16;830.9
28;2025-12-11;17;1058.6
28;2025-12-11;18;1083.8
28;2025-12-11;19;815.9
28;2025-12-11;20;546.4
28;2025-12-11;21;345.2
28;2025-12-11;22;161.3
28;2025-12-11;23;58.3
28;2025-12-12;0;11.8
28;2025-12-12;1;0.5
28;2025-12-12;2;0.9
28;2025-12-12;3;0.2
28;2025-12-12;4;2.0
28;2025-12-12;5;73.8
28;2025-12-12;6;306.5
28;2025-12-12;7;818.4
28;2025-12-12;8;1245.7
28;2025-12-12;9;816.4
28;2025-12-12;10;659.4
28;2025-12-12;11;618.8
28;2025-12-12;12;716.2
28;2025-12-12;13;732.7
28;2025-12-12;14;712.7
28;2025-12-12;15;761.4
28;2025-12-12;16;933.2
28;2025-12-12;17;1020.7
28;2025-12-12;18;894.4
28;2025-12-12;19;730.1
28;2025-12-12;20;467.1
28;2025-12-12;21;325.9
28;2025-12-12;22;151.7
28;2025-12-12;23;60.8
28;2025-12-13;0;25.0
28;2025-12-13;1;6.4
28;2025-12-13;2;3.3
28;2025-12-13;3;1.8
28;2025-12-13;4;2.3
28;2025-12-13;5;34.5
28;2025-12-13;6;128.1
28;2025-12-13;7;230.3
28;2025-12-13;8;355.1
28;2025-12-13;9;413.3
28;2025-12-13;10;464.5
28;2025-12-13;11;519.5
28;2025-12-13;12;583.3
28;2025-12-13;13;604.2
28;2025-12-13;14;588.3
28;2025-12-13;15;609.7
28;2025-12-13;16;607.1
28;2025-12-13;17;596.3
28;2025-12-13;18;534.6
28;2025-12-13;19;459.8
28;2025-12-13;20;360.9
28;2025-12-13;21;272.5
28;2025-12-13;22;153.3
28;2025-12-13;23;79.6
28;2025-12-14;0;23.8
28;2025-12-14;1;4.4
28;2025-12-14;2;0.8
28;2025-12-14;3;0.0
28;2025-12-14;4;0.1
28;2025-12-14;5;23.5
28;2025-12-14;6;91.6
28;2025-12-14;7;167.7
28;2025-12-14;8;245.0
28;2025-12-14;9;326.3
28;2025-12-14;10;382.2
28;2025-12-14;11;454.1
28;2025-12-14;12;499.8
28;2025-12-14;13;545.0
28;2025-12-14;14;532.6
28;2025-12-14;15;540.4
28;2025-12-14;16;524.6
28;2025-12-14;17;543.5
28;2025-12-14;18;481.2
28;2025-12-14;19;407.3
28;2025-12-14;20;317.9
28;2025-12-14;21;238.9
28;2025-12-14;22;137.6
28;2025-12-14;23;60.1
28;2025-12-15;0;11.3
28;2025-12-15;1;0.6
28;2025-12-15;2;0.9
28;2025-12-15;3;0.2
28;2025-12-15;4;3.4
28;2025-12-15;5;78.7
28;2025-12-15;6;307.4
28;2025-12-15;7;792.2
28;2025-12-15;8;1209.8
28;2025-12-15;9;827.0
28;2025-12-15;10;667.2
28;2025-12-15;11;586.5
28;2025-12-15;12;649.6
28;2025-12-15;13;655.2
28;2025-12-15;14;658.0
28;2025-12-15;15;664.4
28;2025-12-15;16;822.3
28;2025-12-15;17;983.3
28;2025-12-15;18;1035.6
28;2025-12-15;19;772.5
28;2025-12-15;20;500.8
28;2025-12-15;21;310.7
28;2025-12-15;22;135.3
28;2025-12-15;23;37.5
28;2025-12-16;0;11.5
28;2025-12-16;1;0.0
28;2025-12-16;2;1.6
28;2025-12-16;3;0.7
28;2025-12-16;4;3.7
28;2025-12-16;5;76.3
28;2025-12-16;6;304.8
28;2025-12-16;7;789.8
28;2025-12-16;8;1230.4
28;2025-12-16;9;837.6
28;2025-12-16;10;679.6
28;2025-12-16;11;625.0
28;2025-12-16;12;681.8
28;2025-12-16;13;701.6
28;2025-12-16;14;676.4
28;2025-12-16;15;708.1
28;2025-12-16;16;764.5
28;2025-12-16;17;954.3
28;2025-12-16;18;1046.6
28;2025-12-16;19;730.9
28;2025-12-16;20;502.4
28;2025-12-16;21;320.9
28;2025-12-16;22;145.6
28;2025-12-16;23;46.5
28;2025-12-17;0;11.3
28;2025-12-17;1;0.4
28;2025-12-17;2;1.0
28;2025-12-17;3;0.4
28;2025-12-17;4;3.8
28;2025-12-17;5;70.8
28;2025-12-17;6;294.2
28;2025-12-17;7;790.3
28;2025-12-17;8;1212.3
28;2025-12-17;9;870.0
28;2025-12-17;10;652.4
28;2025-12-17;11;636.3
28;2025-12-17;12;740.2
28;2025-12-17;13;744.5
28;2025-12-17;14;689.1
28;2025-12-17;15;705.7
28;2025-12-17;16;873.7
28;2025-12-17;17;1008.2
28;2025-12-17;18;1070.5
28;2025-12-17;19;801.8
28;2025-12-17;20;555.2
28;2025-12-17;21;341.6
28;2025-12-17;22;151.8
28;2025-12-17;23;51.4
28;2025-12-18;0;11.5
28;2025-12-18;1;0.6
28;2025-12-18;2;1.1
28;2025-12-18;3;0.8
28;2025-12-18;4;3.5
28;2025-12-18;5;76.5
28;2025-12-18;6;289.9
28;2025-12-18;7;808.5
28;2025-12-18;8;1121.3
28;2025-12-18;9;797.0
28;2025-12-18;10;607.6
28;2025-12-18;11;590.8
28;2025-12-18;12;661.2
28;2025-12-18;13;713.4
28;2025-12-18;14;673.9
28;2025-12-18;15;718.2
28;2025-12-18;16;830.9
28;2025-12-18;17;1058.6
28;2025-12-18;18;1083.8
28;2025-12-18;19;815.9
28;2025-12-18;20;546.4
28;2025-12-18;21;345.2
28;2025-12-18;22;161.3
28;2025-12-18;23;58.3
28;2025-12-19;0;11.8
28;2025-12-19;1;0.5
28;2025-12-19;2;0.9
28;2025-12-19;3;0.2
28;2025-12-19;4;2.0
28;2025-12-19;5;73.8
28;2025-12-19;6;306.5
28;2025-12-19;7;818.4
28;2025-12-19;8;1245.7
28;2025-12-19;9;816.4
28;2025-12-19;10;659.4
28;2025-12-19;11;618.8
28;2025-12-19;12;716.2
28;2025-12-19;13;732.7
28;2025-12-19;14;712.7
28;2025-12-19;15;761.4
28;2025-12-19;16;933.2
28;2025-12-19;17;1020.7
28;2025-12-19;18;894.4
28;2025-12-19;19;730.1
28;2025-12-19;20;467.1
28;2025-12-19;21;325.9
28;2025-12-19;22;151.7
28;2025-12-19;23;60.8
28;2025-12-20;0;25.0
28;2025-12-20;1;6.4
28;2025-12-20;2;3.3
28;2025-12-20;3;1.8
28;2025-12-20;4;2.3
28;2025-12-20;5;34.5
28;2025-12-20;6;128.1
28;2025-12-20;7;230.3
28;2025-12-20;8;355.1
28;2025-12-20;9;413.3
28;2025-12-20;10;464.5
28;2025-12-20;11;519.5
28;2025-12-20;12;583.3
28;2025-12-20;13;604.2
28;2025-12-20;14;588.3
28;2025-12-20;15;609.7
28;2025-12-20;16;607.1
28;2025-12-20;17;596.3
28;2025-12-20;18;534.6
28;2025-12-20;19;459.8
28;2025-12-20;20;360.9
28;2025-12-20;21;272.5
28;2025-12-20;22;153.3
28;2025-12-20;23;79.6
28;2025-12-21;0;23.8
28;2025-12-21;1;4.4
28;2025-12-21;2;0.8
28;2025-12-21;3;0.0
28;2025-12-21;4;0.1
28;2025-12-21;5;23.5
28;2025-12-21;6;91.6
28;2025-12-21;7;167.7
28;2025-12-21;8;245.0
28;2025-12-21;9;326.3
28;2025-12-21;10;382.2
28;2025-12-21;11;454.1
28;2025-12-21;12;499.8
28;2025-12-21;13;545.0
28;2025-12-21;14;532.6
28;2025-12-21;15;540.4
28;2025-12-21;16;524.6
28;2025-12-21;17;543.5
28;2025-12-21;18;481.2
28;2025-12-21;19;407.3
28;2025-12-21;20;317.9
28;2025-12-21;21;238.9
28;2025-12-21;22;137.6
28;2025-12-21;23;60.1
28;2025-12-22;0;11.3
28;2025-12-22;1;0.6
28;2025-12-22;2;0.9
28;2025-12-22;3;0.2
28;2025-12-22;4;3.4
28;2025-12-22;5;78.7
28;2025-12-22;6;307.4
28;2025-12-22;7;792.2
28;2025-12-22;8;1209.8
28;2025-12-22;9;827.0
28;2025-12-22;10;667.2
28;2025-12-22;11;586.5
28;2025-12-22;12;649.6
28;2025-12-22;13;655.2
28;2025-12-22;14;658.0
28;2025-12-22;15;664.4
28;2025-12-22;16;822.3
28;2025-12-22;17;983.3
28;2025-12-22;18;1035.6
28;2025-12-22;19;772.5
28;2025-12-22;20;500.8
28;2025-12-22;21;310.7
28;2025-12-22;22;135.3
28;2025-12-22;23;37.5
28;2025-12-23;0;11.5
28;2025-12-23;1;0.0
28;2025-12-23;2;1.6
28;2025-12-23;3;0.7
28;2025-12-23;4;3.7
28;2025-12-23;5;76.3
28;2025-12-23;6;304.8
28;2025-12-23;7;789.8
28;2025-12-23;8;1230.4
28;2025-12-23;9;837.6
28;2025-12-23;10;679.6
28;2025-12-23;11;625.0
28;2025-12-23;12;681.8
28;2025-12-23;13;701.6
28;2025-12-23;14;676.4
28;2025-12-23;15;708.1
28;2025-12-23;16;764.5
28;2025-12-23;17;954.3
28;2025-12-23;18;1046.6
28;2025-12-23;19;730.9
28;2025-12-23;20;502.4
28;2025-12-23;21;320.9
28;2025-12-23;22;145.6
28;2025-12-23;23;46.5
28;2025-12-24;0;11.3
28;2025-12-24;1;0.4
28;2025-12-24;2;1.0
28;2025-12-24;3;0.4
28;2025-12-24;4;3.8
28;2025-12-24;5;70.8
28;2025-12-24;6;294.2
28;2025-12-24;7;790.3
28;2025-12-24;8;1212.3
28;2025-12-24;9;870.0
28;2025-12-24;10;652.4
28;2025-12-24;11;636.3
28;2025-12-24;12;740.2
28;2025-12-24;13;744.5
28;2025-12-24;14;689.1
28;2025-12-24;15;705.7
28;2025-12-24;16;873.7
28;2025-12-24;17;1008.2
28;2025-12-24;18;1070.5
28;2025-12-24;19;801.8
28;2025-12-24;20;555.2
28;2025-12-24;21;341.6
28;2025-12-24;22;151.8
28;2025-12-24;23;51.4
28;2025-12-25;0;11.5
28;2025-12-25;1;0.6
28;2025-12-25;2;1.1
28;2025-12-25;3;0.8
28;2025-12-25;4;3.5
28;2025-12-25;5;76.5
28;2025-12-25;6;289.9
28;2025-12-25;7;808.5
28;2025-12-25;8;1121.3
28;2025-12-25;9;797.0
28;2025-12-25;10;607.6
28;2025-12-25;11;590.8
28;2025-12-25;12;661.2
28;2025-12-25;13;713.4
28;2025-12-25;14;673.9
28;2025-12-25;15;718.2
28;2025-12-25;16;830.9
28;2025-12-25;17;1058.6
28;2025-12-25;18;1083.8
28;2025-12-25;19;815.9
28;2025-12-25;20;546.4
28;2025-12-25;21;345.2
28;2025-12-25;22;161.3
28;2025-12-25;23;58.3
28;2025-12-26;0;11.8
28;2025-12-26;1;0.5
28;2025-12-26;2;0.9
28;2025-12-26;3;0.2
28;2025-12-26;4;2.0
28;2025-12-26;5;73.8
28;2025-12-26;6;306.5
28;2025-12-26;7;818.4
28;2025-12-26;8;1245.7
28;2025-12-26;9;816.4
28;2025-12-26;10;659.4
28;2025-12-26;11;618.8
28;2025-12-26;12;716.2
28;2025-12-26;13;732.7
28;2025-12-26;14;712.7
28;2025-12-26;15;761.4
28;2025-12-26;16;933.2
28;2025-12-26;17;1020.7
28;2025-12-26;18;894.4
28;2025-12-26;19;730.1
28;2025-12-26;20;467.1
28;2025-12-26;21;325.9
28;2025-12-26;22;151.7
28;2025-12-26;23;60.8
28;2025-12-27;0;25.0
28;2025-12-27;1;6.4
28;2025-12-27;2;3.3
28;2025-12-27;3;1.8
28;2025-12-27;4;2.3
28;2025-12-27;5;34.5
28;2025-12-27;6;128.1
28;2025-12-27;7;230.3
28;2025-12-27;8;355.1
28;2025-12-27;9;413.3
28;2025-12-27;10;464.5
28;2025-12-27;11;519.5
28;2025-12-27;12;583.3
28;2025-12-27;13;604.2
28;2025-12-27;14;588.3
28;2025-12-27;15;609.7
28;2025-12-27;16;607.1
28;2025-12-27;17;596.3
28;2025-12-27;18;534.6
28;2025-12-27;19;459.8
28;2025-12-27;20;360.9
28;2025-12-27;21;272.5
28;2025-12-27;22;153.3
28;2025-12-27;23;79.6
28;2025-12-28;0;23.8
28;2025-12-28;1;4.4
28;2025-12-28;2;0.8
28;2025-12-28;3;0.0
28;2025-12-28;4;0.1
28;2025-12-28;5;23.5
28;2025-12-28;6;91.6
28;2025-12-28;7;167.7
28;2025-12-28;8;245.0
28;2025-12-28;9;326.3
28;2025-12-28;10;382.2
28;2025-12-28;11;454.1
28;2025-12-28;12;499.8
28;2025-12-28;13;545.0
28;2025-12-28;14;532.6
28;2025-12-28;15;540.4
28;2025-12-28;16;524.6
28;2025-12-28;17;543.5
28;2025-12-28;18;481.2
28;2025-12-28;19;407.3
28;2025-12-28;20;317.9
28;2025-12-28;21;238.9
28;2025-12-28;22;137.6
28;2025-12-28;23;60.1
28;2025-12-29;0;11.3
28;2025-12-29;1;0.6
28;2025-12-29;2;0.9
28;2025-12-29;3;0.2
28;2025-12-29;4;3.4
28;2025-12-29;5;78.7
28;2025-12-29;6;307.4
28;2025-12-29;7;792.2
28;2025-12-29;8;1209.8
28;2025-12-29;9;827.0
28;2025-12-29;10;667.2
28;2025-12-29;11;586.5
28;2025-12-29;12;649.6
28;2025-12-29;13;655.2
28;2025-12-29;14;658.0
28;2025-12-29;15;664.4
28;2025-12-29;16;822.3
28;2025-12-29;17;983.3
28;2025-12-29;18;1035.6
28;2025-12-29;19;772.5
28;2025-12-29;20;500.8
28;2025-12-29;21;310.7
28;2025-12-29;22;135.3
28;2025-12-29;23;37.5
28;2025-12-30;0;10.7
28;2025-12-30;1;0.0
28;2025-12-30;2;2.0
28;2025-12-30;3;1.1
28;2025-12-30;4;4.6
28;2025-12-30;5;79.4
28;2025-12-30;6;306.8
28;2025-12-30;7;787.4
28;2025-12-30;8;1226.7
28;2025-12-30;9;843.7
28;2025-12-30;10;694.2
28;2025-12-30;11;649.9
28;2025-12-30;12;712.0
28;2025-12-30;13;739.6
28;2025-12-30;14;721.6
28;2025-12-30;15;759.7
28;2025-12-30;16;811.1
28;2025-12-30;17;954.9
28;2025-12-30;18;950.8
28;2025-12-30;19;695.7
28;2025-12-30;20;497.8
28;2025-12-30;21;328.0
28;2025-12-30;22;152.5
28;2025-12-30;23;54.6
28;2025-12-31;0;15.3
28;2025-12-31;1;0.0
28;2025-12-31;2;0.0
28;2025-12-31;3;0.0
28;2025-12-31;4;0.0
28;2025-12-31;5;6.5
28;2025-12-31;6;73.5
28;2025-12-31;7;132.9
28;2025-12-31;8;193.7
28;2025-12-31;9;212.9
28;2025-12-31;10;252.1
28;2025-12-31;11;314.0
28;2025-12-31;12;380.0
28;2025-12-31;13;420.5
28;2025-12-31;14;425.1
28;2025-12-31;15;425.6
28;2025-12-31;16;436.0
28;2025-12-31;17;420.9
28;2025-12-31;18;408.0
28;2025-12-31;19;359.9
28;2025-12-31;20;274.9
28;2025-12-31;21;200.9
28;2025-12-31;22;105.8
28;2025-12-31;23;40.3
50;2025-11-01;0;69.2
50;2025-11-01;1;32.6
50;2025-11-01;2;28.8
50;2025-11-01;3;24.6
50;2025-11-01;4;28.6
50;2025-11-01;5;97.0
50;2025-11-01;6;381.4
50;2025-11-01;7;980.8
50;2025-11-01;8;1507.7
50;2025-11-01;9;1227.1
50;2025-11-01;10;961.7
50;2025-11-01;11;990.7
50;2025-11-01;12;959.1
50;2025-11-01;13;984.7
50;2025-11-01;14;1003.4
50;2025-11-01;15;1098.0
50;2025-11-01;16;1274.1
50;2025-11-01;17;1255.5
50;2025-11-01;18;1048.0
50;2025-11-01;19;820.8
50;2025-11-01;20;618.7
50;2025-11-01;21;432.3
50;2025-11-01;22;233.4
50;2025-11-01;23;140.8
50;2025-11-02;0;39.6
50;2025-11-02;1;8.6
50;2025-11-02;2;1.8
50;2025-11-02;3;0.0
50;2025-11-02;4;0.0
50;2025-11-02;5;13.2
50;2025-11-02;6;94.4
50;2025-11-02;7;168.5
50;2025-11-02;8;257.7
50;2025-11-02;9;314.9
50;2025-11-02;10;349.1
50;2025-11-02;11;433.5
50;2025-11-02;12;465.9
50;2025-11-02;13;507.3
50;2025-11-02;14;531.4
50;2025-11-02;15;492.9
50;2025-11-02;16;490.6
50;2025-11-02;17;489.2
50;2025-11-02;18;437.8
50;2025-11-02;19;395.6
50;2025-11-02;20;324.6
50;2025-11-02;21;257.7
50;2025-11-02;22;155.4
50;2025-11-02;23;77.3
50;2025-11-03;0;32.9
50;2025-11-03;1;5.1
50;2025-11-03;2;6.1
50;2025-11-03;3;5.8
50;2025-11-03;4;3.3
50;2025-11-03;5;37.6
50;2025-11-03;6;167.2
50;2025-11-03;7;330.0
50;2025-11-03;8;496.0
50;2025-11-03;9;521.4
50;2025-11-03;10;562.1
50;2025-11-03;11;654.2
50;2025-11-03;12;725.4
50;2025-11-03;13;775.8
50;2025-11-03;14;776.4
50;2025-11-03;15;765.0
50;2025-11-03;16;742.2
50;2025-11-03;17;802.4
50;2025-11-03;18;752.9
50;2025-11-03;19;623.5
50;2025-11-03;20;478.0
50;2025-11-03;21;375.0
50;2025-11-03;22;221.9
50;2025-11-03;23;130.3
50;2025-11-04;0;39.1
50;2025-11-04;1;7.2
50;2025-11-04;2;6.6
50;2025-11-04;3;5.3
50;2025-11-04;4;3.9
50;2025-11-04;5;28.7
50;2025-11-04;6;134.2
50;2025-11-04;7;276.2
50;2025-11-04;8;430.8
50;2025-11-04;9;444.5
50;2025-11-04;10;472.7
50;2025-11-04;11;556.8
50;2025-11-04;12;618.7
50;2025-11-04;13;663.5
50;2025-11-04;14;663.9
50;2025-11-04;15;650.5
50;2025-11-04;16;629.6
50;2025-11-04;17;700.1
50;2025-11-04;18;663.9
50;2025-11-04;19;545.7
50;2025-11-04;20;421.6
50;2025-11-04;21;333.0
50;2025-11-04;22;178.1
50;2025-11-04;23;85.4
50;2025-11-05;0;36.7
50;2025-11-05;1;11.5
50;2025-11-05;2;11.8
50;2025-11-05;3;8.0
50;2025-11-05;4;9.2
50;2025-11-05;5;109.2
50;2025-11-05;6;546.0
50;2025-11-05;7;1669.9
50;2025-11-05;8;2558.8
50;2025-11-05;9;1966.5
50;2025-11-05;10;1559.9
50;2025-11-05;11;1467.6
50;2025-11-05;12;1422.7
50;2025-11-05;13;1397.7
50;2025-11-05;14;1360.7
50;2025-11-05;15;1438.8
50;2025-11-05;16;1609.1
50;2025-11-05;17;2159.4
50;2025-11-05;18;2241.5
50;2025-11-05;19;1369.2
50;2025-11-05;20;850.7
50;2025-11-05;21;588.5
50;2025-11-05;22;265.7
50;2025-11-05;23;160.6
50;2025-11-06;0;34.4
50;2025-11-06;1;3.1
50;2025-11-06;2;1.6
50;2025-11-06;3;0.5
50;2025-11-06;4;2.2
50;2025-11-06;5;89.2
50;2025-11-06;6;516.7
50;2025-11-06;7;1589.3
50;2025-11-06;8;2492.6
50;2025-11-06;9;1952.3
50;2025-11-06;10;1558.0
50;2025-11-06;11;1393.9
50;2025-11-06;12;1370.2
50;2025-11-06;13;1327.1
50;2025-11-06;14;1318.1
50;2025-11-06;15;1456.1
50;2025-11-06;16;1586.6
50;2025-11-06;17;2127.5
50;2025-11-06;18;2341.8
50;2025-11-06;19;1468.2
50;2025-11-06;20;976.6
50;2025-11-06;21;640.1
50;2025-11-06;22;293.6
50;2025-11-06;23;160.2
50;2025-11-07;0;42.8
50;2025-11-07;1;5.2
50;2025-11-07;2;3.5
50;2025-11-07;3;0.0
50;2025-11-07;4;2.8
50;2025-11-07;5;87.9
50;2025-11-07;6;519.6
50;2025-11-07;7;1573.8
50;2025-11-07;8;2480.2
50;2025-11-07;9;1894.6
50;2025-11-07;10;1375.4
50;2025-11-07;11;1383.3
50;2025-11-07;12;1291.4
50;2025-11-07;13;1323.5
50;2025-11-07;14;1356.4
50;2025-11-07;15;1523.6
50;2025-11-07;16;1852.0
50;2025-11-07;17;1858.2
50;2025-11-07;18;1583.4
50;2025-11-07;19;1159.4
50;2025-11-07;20;825.7
50;2025-11-07;21;536.7
50;2025-11-07;22;263.0
50;2025-11-07;23;154.8
50;2025-11-08;0;51.1
50;2025-11-08;1;11.6
50;2025-11-08;2;5.0
50;2025-11-08;3;2.3
50;2025-11-08;4;1.3
50;2025-11-08;5;28.2
50;2025-11-08;6;146.2
50;2025-11-08;7;262.6
50;2025-11-08;8;396.0
50;2025-11-08;9;443.3
50;2025-11-08;10;445.7
50;2025-11-08;11;504.2
50;2025-11-08;12;537.2
50;2025-11-08;13;558.1
50;2025-11-08;14;561.5
50;2025-11-08;15;536.0
50;2025-11-08;16;510.4
50;2025-11-08;17;518.0
50;2025-11-08;18;470.6
50;2025-11-08;19;430.9
50;2025-11-08;20;347.7
50;2025-11-08;21;274.3
50;2025-11-08;22;151.5
50;2025-11-08;23;80.3
50;2025-11-09;0;39.6
50;2025-11-09;1;8.6
50;2025-11-09;2;1.8
50;2025-11-09;3;0.0
50;2025-11-09;4;0.0
50;2025-11-09;5;13.2
50;2025-11-09;6;94.4
50;2025-11-09;7;168.5
50;2025-11-09;8;257.7
50;2025-11-09;9;314.9
50;2025-11-09;10;349.1
50;2025-11-09;11;433.5
50;2025-11-09;12;465.9
50;2025-11-09;13;507.3
50;2025-11-09;14;531.4
50;2025-11-09;15;492.9
50;2025-11-09;16;490.6
50;2025-11-09;17;489.2
50;2025-11-09;18;437.8
50;2025-11-09;19;395.6
50;2025-11-09;20;324.6
50;2025-11-09;21;257.7
50;2025-11-09;22;155.4
50;2025-11-09;23;77.3
50;2025-11-10;0;24.3
50;2025-11-10;1;2.6
50;2025-11-10;2;0.2
50;2025-11-10;3;0.0
50;2025-11-10;4;1.4
50;2025-11-10;5;85.0
50;2025-11-10;6;541.2
50;2025-11-10;7;1590.0
50;2025-11-10;8;2514.7
50;2025-11-10;9;1959.9
50;2025-11-10;10;1459.4
50;2025-11-10;11;1346.4
50;2025-11-10;12;1264.5
50;2025-11-10;13;1297.3
50;2025-11-10;14;1250.1
50;2025-11-10;15;1389.4
50;2025-11-10;16;1470.1
50;2025-11-10;17;1997.1
50;2025-11-10;18;2261.8
50;2025-11-10;19;1294.3
50;2025-11-10;20;830.3
50;2025-11-10;21;550.8
50;2025-11-10;22;248.6
50;2025-11-10;23;118.6
50;2025-11-11;0;32.7
50;2025-11-11;1;1.9
50;2025-11-11;2;2.9
50;2025-11-11;3;0.0
50;2025-11-11;4;1.7
50;2025-11-11;5;97.0
50;2025-11-11;6;562.4
50;2025-11-11;7;1709.5
50;2025-11-11;8;2483.8
50;2025-11-11;9;2046.2
50;2025-11-11;10;1577.0
50;2025-11-11;11;1425.8
50;2025-11-11;12;1335.6
50;2025-11-11;13;1392.8
50;2025-11-11;14;1334.9
50;2025-11-11;15;1480.3
50;2025-11-11;16;1570.4
50;2025-11-11;17;2162.7
50;2025-11-11;18;2225.6
50;2025-11-11;19;1467.1
50;2025-11-11;20;922.7
50;2025-11-11;21;594.8
50;2025-11-11;22;257.7
50;2025-11-11;23;135.3
50;2025-11-12;0;28.5
50;2025-11-12;1;3.2
50;2025-11-12;2;1.9
50;2025-11-12;3;0.1
50;2025-11-12;4;1.8
50;2025-11-12;5;95.6
50;2025-11-12;6;528.8
50;2025-11-12;7;1650.4
50;2025-11-12;8;2550.8
50;2025-11-12;9;1952.5
50;2025-11-12;10;1544.7
50;2025-11-12;11;1450.2
50;2025-11-12;12;1396.5
50;2025-11-12;13;1365.9
50;2025-11-12;14;1327.7
50;2025-11-12;15;1405.1
50;2025-11-12;16;1576.5
50;2025-11-12;17;2132.9
50;2025-11-12;18;2213.4
50;2025-11-12;19;1360.6
50;2025-11-12;20;847.2
50;2025-11-12;21;591.1
50;2025-11-12;22;260.7
50;2025-11-12;23;154.5
50;2025-11-13;0;34.4
50;2025-11-13;1;3.1
50;2025-11-13;2;1.6
50;2025-11-13;3;0.5
50;2025-11-13;4;2.2
50;2025-11-13;5;89.2
50;2025-11-13;6;516.7
50;2025-11-13;7;1589.3
50;2025-11-13;8;2492.6
50;2025-11-13;9;1952.3
50;2025-11-13;10;1558.0
50;2025-11-13;11;1393.9
50;2025-11-13;12;1370.2
50;2025-11-13;13;1327.1
50;2025-11-13;14;1318.1
50;2025-11-13;15;1456.1
50;2025-11-13;16;1586.6
50;2025-11-13;17;2127.5
50;2025-11-13;18;2341.8
50;2025-11-13;19;1468.2
50;2025-11-13;20;976.6
50;2025-11-13;21;640.1
50;2025-11-13;22;293.6
50;2025-11-13;23;160.2
50;2025-11-14;0;42.8
50;2025-11-14;1;5.2
50;2025-11-14;2;3.5
50;2025-11-14;3;0.0
50;2025-11-14;4;2.8
50;2025-11-14;5;87.9
50;2025-11-14;6;519.6
50;2025-11-14;7;1573.8
50;2025-11-14;8;2480.2
50;2025-11-14;9;1894.6
50;2025-11-14;10;1375.4
50;2025-11-14;11;1383.3
50;2025-11-14;12;1291.4
50;2025-11-14;13;1323.5
50;2025-11-14;14;1356.4
50;2025-11-14;15;1523.6
50;2025-11-14;16;1852.0
50;2025-11-14;17;1858.2
50;2025-11-14;18;1583.4
50;2025-11-14;19;1159.4
50;2025-11-14;20;825.7
50;2025-11-14;21;536.7
50;2025-11-14;22;263.0
50;2025-11-14;23;154.8
50;2025-11-15;0;51.1
50;2025-11-15;1;11.6
50;2025-11-15;2;5.0
50;2025-11-15;3;2.3
50;2025-11-15;4;1.3
50;2025-11-15;5;28.2
50;2025-11-15;6;146.2
50;2025-11-15;7;262.6
50;2025-11-15;8;396.0
50;2025-11-15;9;443.3
50;2025-11-15;10;445.7
50;2025-11-15;11;504.2
50;2025-11-15;12;537.2
50;2025-11-15;13;558.1
50;2025-11-15;14;561.5
50;2025-11-15;15;536.0
50;2025-11-15;16;510.4
50;2025-11-15;17;518.0
50;2025-11-15;18;470.6
50;2025-11-15;19;430.9
50;2025-11-15;20;347.7
50;2025-11-15;21;274.3
50;2025-11-15;22;151.5
50;2025-11-15;23;80.3
50;2025-11-16;0;39.6
50;2025-11-16;1;8.6
50;2025-11-16;2;1.8
50;2025-11-16;3;0.0
50;2025-11-16;4;0.0
50;2025-11-16;5;13.2
50;2025-11-16;6;94.4
50;2025-11-16;7;168.5
50;2025-11-16;8;257.7
50;2025-11-16;9;314.9
50;2025-11-16;10;349.1
50;2025-11-16;11;433.5
50;2025-11-16;12;465.9
50;2025-11-16;13;507.3
50;2025-11-16;14;531.4
50;2025-11-16;15;492.9
50;2025-11-16;16;490.6
50;2025-11-16;17;489.2
50;2025-11-16;18;437.8
50;2025-11-16;19;395.6
50;2025-11-16;20;324.6
50;2025-11-16;21;257.7
50;2025-11-16;22;155.4
50;2025-11-16;23;77.3
50;2025-11-17;0;24.3
50;2025-11-17;1;2.6
50;2025-11-17;2;0.2
50;2025-11-17;3;0.0
50;2025-11-17;4;1.4
50;2025-11-17;5;85.0
50;2025-11-17;6;541.2
50;2025-11-17;7;1590.0
50;2025-11-17;8;2514.7
50;2025-11-17;9;1959.9
50;2025-11-17;10;1459.4
50;2025-11-17;11;1346.4
50;2025-11-17;12;1264.5
50;2025-11-17;13;1297.3
50;2025-11-17;14;1250.1
50;2025-11-17;15;1389.4
50;2025-11-17;16;1470.1
50;2025-11-17;17;1997.1
50;2025-11-17;18;2261.8
50;2025-11-17;19;1294.3
50;2025-11-17;20;830.3
50;2025-11-17;21;550.8
50;2025-11-17;22;248.6
50;2025-11-17;23;118.6
50;2025-11-18;0;32.7
50;2025-11-18;1;1.9
50;2025-11-18;2;2.9
50;2025-11-18;3;0.0
50;2025-11-18;4;1.7
50;2025-11-18;5;97.0
50;2025-11-18;6;562.4
50;2025-11-18;7;1709.5
50;2025-11-18;8;2483.8
50;2025-11-18;9;2046.2
50;2025-11-18;10;1577.0
50;2025-11-18;11;1425.8
50;2025-11-18;12;1335.6
50;2025-11-18;13;1392.8
50;2025-11-18;14;1334.9
50;2025-11-18;15;1480.3
50;2025-11-18;16;1570.4
50;2025-11-18;17;2162.7
50;2025-11-18;18;2225.6
50;2025-11-18;19;1467.1
50;2025-11-18;20;922.7
50;2025-11-18;21;594.8
50;2025-11-18;22;257.7
50;2025-11-18;23;135.3
50;2025-11-19;0;28.5
50;2025-11-19;1;3.2
50;2025-11-19;2;1.9
50;2025-11-19;3;0.1
50;2025-11-19;4;1.8
50;2025-11-19;5;95.6
50;2025-11-19;6;528.8
50;2025-11-19;7;1650.4
50;2025-11-19;8;2550.8
50;2025-11-19;9;1952.5
50;2025-11-19;10;1544.7
50;2025-11-19;11;1450.2
50;2025-11-19;12;1396.5
50;2025-11-19;13;1365.9
50;2025-11-19;14;1327.7
50;2025-11-19;15;1405.1
50;2025-11-19;16;1576.5
50;2025-11-19;17;2132.9
50;2025-11-19;18;2213.4
50;2025-11-19;19;1360.6
50;2025-11-19;20;847.2
50;2025-11-19;21;591.1
50;2025-11-19;22;260.7
50;2025-11-19;23;154.5
50;2025-11-20;0;34.4
50;2025-11-20;1;3.1
50;2025-11-20;2;1.6
50;2025-11-20;3;0.5
50;2025-11-20;4;2.2
50;2025-11-20;5;89.2
50;2025-11-20;6;516.7
50;2025-11-20;7;1589.3
50;2025-11-20;8;2492.6
50;2025-11-20;9;1952.3
50;2025-11-20;10;1558.0
50;2025-11-20;11;1393.9
50;2025-11-20;12;1370.2
50;2025-11-20;13;1327.1
50;2025-11-20;14;1318.1
50;2025-11-20;15;1456.1
50;2025-11-20;16;1586.6
50;2025-11-20;17;2127.5
50;2025-11-20;18;2341.8
50;2025-11-20;19;1468.2
50;2025-11-20;20;976.6
50;2025-11-20;21;640.1
50;2025-11-20;22;293.6
50;2025-11-20;23;160.2
50;2025-11-21;0;42.8
50;2025-11-21;1;5.2
50;2025-11-21;2;3.5
50;2025-11-21;3;0.0
50;2025-11-21;4;2.8
50;2025-11-21;5;87.9
50;2025-11-21;6;519.6
50;2025-11-21;7;1573.8
50;2025-11-21;8;2480.2
50;2025-11-21;9;1894.6
50;2025-11-21;10;1375.4
50;2025-11-21;11;1383.3
50;2025-11-21;12;1291.4
50;2025-11-21;13;1323.5
50;2025-11-21;14;1356.4
50;2025-11-21;15;1523.6
50;2025-11-21;16;1852.0
50;2025-11-21;17;1858.2
50;2025-11-21;18;1583.4
50;2025-11-21;19;1159.4
50;2025-11-21;20;825.7
50;2025-11-21;21;536.7
50;2025-11-21;22;263.0
50;2025-11-21;23;154.8
50;2025-11-22;0;51.1
50;2025-11-22;1;11.6
50;2025-11-22;2;5.0
50;2025-11-22;3;2.3
50;2025-11-22;4;1.3
50;2025-11-22;5;28.2
50;2025-11-22;6;146.2
50;2025-11-22;7;262.6
50;2025-11-22;8;396.0
50;2025-11-22;9;443.3
50;2025-11-22;10;445.7
50;2025-11-22;11;504.2
50;2025-11-22;12;537.2
50;2025-11-22;13;558.1
50;2025-11-22;14;561.5
50;2025-11-22;15;536.0
50;2025-11-22;16;510.4
50;2025-11-22;17;518.0
50;2025-11-22;18;470.6
50;2025-11-22;19;430.9
50;2025-11-22;20;347.7
50;2025-11-22;21;274.3
50;2025-11-22;22;151.5
50;2025-11-22;23;80.3
50;2025-11-23;0;39.6
50;2025-11-23;1;8.6
50;2025-11-23;2;1.8
50;2025-11-23;3;0.0
50;2025-11-23;4;0.0
50;2025-11-23;5;13.2
50;2025-11-23;6;94.4
50;2025-11-23;7;168.5
50;2025-11-23;8;257.7
50;2025-11-23;9;314.9
50;2025-11-23;10;349.1
50;2025-11-23;11;433.5
50;2025-11-23;12;465.9
50;2025-11-23;13;507.3
50;2025-11-23;14;531.4
50;2025-11-23;15;492.9
50;2025-11-23;16;490.6
50;2025-11-23;17;489.2
50;2025-11-23;18;437.8
50;2025-11-23;19;395.6
50;2025-11-23;20;324.6
50;2025-11-23;21;257.7
50;2025-11-23;22;155.4
50;2025-11-23;23;77.3
50;2025-11-24;0;24.3
50;2025-11-24;1;2.6
50;2025-11-24;2;0.2
50;2025-11-24;3;0.0
50;2025-11-24;4;1.4
50;2025-11-24;5;85.0
50;2025-11-24;6;541.2
50;2025-11-24;7;1590.0
50;2025-11-24;8;2514.7
50;2025-11-24;9;1959.9
50;2025-11-24;10;1459.4
50;2025-11-24;11;1346.4
50;2025-11-24;12;1264.5
50;2025-11-24;13;1297.3
50;2025-11-24;14;1250.1
50;2025-11-24;15;1389.4
50;2025-11-24;16;1470.1
50;2025-11-24;17;1997.1
50;2025-11-24;18;2261.8
50;2025-11-24;19;1294.3
50;2025-11-24;20;830.3
50;2025-11-24;21;550.8
50;2025-11-24;22;248.6
50;2025-11-24;23;118.6
50;2025-11-25;0;32.7
50;2025-11-25;1;1.9
50;2025-11-25;2;2.9
50;2025-11-25;3;0.0
50;2025-11-25;4;1.7
50;2025-11-25;5;97.0
50;2025-11-25;6;562.4
50;2025-11-25;7;1709.5
50;2025-11-25;8;2483.8
50;2025-11-25;9;2046.2
50;2025-11-25;10;1577.0
50;2025-11-25;11;1425.8
50;2025-11-25;12;1335.6
50;2025-11-25;13;1392.8
50;2025-11-25;14;1334.9
50;2025-11-25;15;1480.3
50;2025-11-25;16;1570.4
50;2025-11-25;17;2162.7
50;2025-11-25;18;2225.6
50;2025-11-25;19;1467.1
50;2025-11-25;20;922.7
50;2025-11-25;21;594.8
50;2025-11-25;22;257.7
50;2025-11-25;23;135.3
50;2025-11-26;0;28.5
50;2025-11-26;1;3.2
50;2025-11-26;2;1.9
50;2025-11-26;3;0.1
50;2025-11-26;4;1.8
50;2025-11-26;5;95.6
50;2025-11-26;6;528.8
50;2025-11-26;7;1650.4
50;2025-11-26;8;2550.8
50;2025-11-26;9;1952.5
50;2025-11-26;10;1544.7
50;2025-11-26;11;1450.2
50;2025-11-26;12;1396.5
50;2025-11-26;13;1365.9
50;2025-11-26;14;1327.7
50;2025-11-26;15;1405.1
50;2025-11-26;16;1576.5
50;2025-11-26;17;2132.9
50;2025-11-26;18;2213.4
50;2025-11-26;19;1360.6
50;2025-11-26;20;847.2
50;2025-11-26;21;591.1
50;2025-11-26;22;260.7
50;2025-11-26;23;154.5
50;2025-11-27;0;34.4
50;2025-11-27;1;3.1
50;2025-11-27;2;1.6
50;2025-11-27;3;0.5
50;2025-11-27;4;2.2
50;2025-11-27;5;89.2
50;2025-11-27;6;516.7
50;2025-11-27;7;1589.3
50;2025-11-27;8;2492.6
50;2025-11-27;9;1952.3
50;2025-11-27;10;1558.0
50;2025-11-27;11;1393.9
50;2025-11-27;12;1370.2
50;2025-11-27;13;1327.1
50;2025-11-27;14;1318.1
50;2025-11-27;15;1456.1
50;2025-11-27;16;1586.6
50;2025-11-27;17;2127.5
50;2025-11-27;18;2341.8
50;2025-11-27;19;1468.2
50;2025-11-27;20;976.6
50;2025-11-27;21;640.1
50;2025-11-27;22;293.6
50;2025-11-27;23;160.2
50;2025-11-28;0;42.8
50;2025-11-28;1;5.2
50;2025-11-28;2;3.5
50;2025-11-28;3;0.0
50;2025-11-28;4;2.8
50;2025-11-28;5;87.9
50;2025-11-28;6;519.6
50;2025-11-28;7;1573.8
50;2025-11-28;8;2480.2
50;2025-11-28;9;1894.6
50;2025-11-28;10;1375.4
50;2025-11-28;11;1383.3
50;2025-11-28;12;1291.4
50;2025-11-28;13;1323.5
50;2025-11-28;14;1356.4
50;2025-11-28;15;1523.6
50;2025-11-28;16;1852.0
50;2025-11-28;17;1858.2
50;2025-11-28;18;1583.4
50;2025-11-28;19;1159.4
50;2025-11-28;20;825.7
50;2025-11-28;21;536.7
50;2025-11-28;22;263.0
50;2025-11-28;23;154.8
50;2025-11-29;0;51.1
50;2025-11-29;1;11.6
50;2025-11-29;2;5.0
50;2025-11-29;3;2.3
50;2025-11-29;4;1.3
50;2025-11-29;5;28.2
50;2025-11-29;6;146.2
50;2025-11-29;7;262.6
50;2025-11-29;8;396.0
50;2025-11-29;9;443.3
50;2025-11-29;10;445.7
50;2025-11-29;11;504.2
50;2025-11-29;12;537.2
50;2025-11-29;13;558.1
50;2025-11-29;14;561.5
50;2025-11-29;15;536.0
50;2025-11-29;16;510.4
50;2025-11-29;17;518.0
50;2025-11-29;18;470.6
50;2025-11-29;19;430.9
50;2025-11-29;20;347.7
50;2025-11-29;21;274.3
50;2025-11-29;22;151.5
50;2025-11-29;23;80.3
50;2025-11-30;0;39.6
50;2025-11-30;1;8.6
50;2025-11-30;2;1.8
50;2025-11-30;3;0.0
50;2025-11-30;4;0.0
50;2025-11-30;5;13.2
50;2025-11-30;6;94.4
50;2025-11-30;7;168.5
50;2025-11-30;8;257.7
50;2025-11-30;9;314.9
50;2025-11-30;10;349.1
50;2025-11-30;11;433.5
50;2025-11-30;12;465.9
50;2025-11-30;13;507.3
50;2025-11-30;14;531.4
50;2025-11-30;15;492.9
50;2025-11-30;16;490.6
50;2025-11-30;17;489.2
50;2025-11-30;18;437.8
50;2025-11-30;19;395.6
50;2025-11-30;20;324.6
50;2025-11-30;21;257.7
50;2025-11-30;22;155.4
50;2025-11-30;23;77.3
50;2025-12-01;0;25.9
50;2025-12-01;1;2.7
50;2025-12-01;2;0.2
50;2025-12-01;3;0.0
50;2025-12-01;4;1.5
50;2025-12-01;5;90.8
50;2025-12-01;6;578.2
50;2025-12-01;7;1698.5
50;2025-12-01;8;2686.4
50;2025-12-01;9;2093.7
50;2025-12-01;10;1559.0
50;2025-12-01;11;1438.3
50;2025-12-01;12;1350.8
50;2025-12-01;13;1385.9
50;2025-12-01;14;1335.4
50;2025-12-01;15;1484.2
50;2025-12-01;16;1570.4
50;2025-12-01;17;2133.4
50;2025-12-01;18;2416.2
50;2025-12-01;19;1382.7
50;2025-12-01;20;887.0
50;2025-12-01;21;588.4
50;2025-12-01;22;265.6
50;2025-12-01;23;126.7
50;2025-12-02;0;35.0
50;2025-12-02;1;2.0
50;2025-12-02;2;3.1
50;2025-12-02;3;0.0
50;2025-12-02;4;1.9
50;2025-12-02;5;103.6
50;2025-12-02;6;600.8
50;2025-12-02;7;1826.1
50;2025-12-02;8;2653.3
50;2025-12-02;9;2185.9
50;2025-12-02;10;1684.6
50;2025-12-02;11;1523.1
50;2025-12-02;12;1426.7
50;2025-12-02;13;1487.9
50;2025-12-02;14;1426.0
50;2025-12-02;15;1581.4
50;2025-12-02;16;1677.6
50;2025-12-02;17;2310.3
50;2025-12-02;18;2377.5
50;2025-12-02;19;1567.2
50;2025-12-02;20;985.7
50;2025-12-02;21;635.3
50;2025-12-02;22;275.3
50;2025-12-02;23;144.6
50;2025-12-03;0;30.5
50;2025-12-03;1;3.4
50;2025-12-03;2;2.0
50;2025-12-03;3;0.1
50;2025-12-03;4;1.9
50;2025-12-03;5;102.2
50;2025-12-03;6;564.9
50;2025-12-03;7;1763.0
50;2025-12-03;8;2724.9
50;2025-12-03;9;2085.8
50;2025-12-03;10;1650.1
50;2025-12-03;11;1549.2
50;2025-12-03;12;1491.8
50;2025-12-03;13;1459.1
50;2025-12-03;14;1418.3
50;2025-12-03;15;1501.0
50;2025-12-03;16;1684.1
50;2025-12-03;17;2278.5
50;2025-12-03;18;2364.4
50;2025-12-03;19;1453.4
50;2025-12-03;20;905.1
50;2025-12-03;21;631.4
50;2025-12-03;22;278.5
50;2025-12-03;23;165.0
50;2025-12-04;0;36.8
50;2025-12-04;1;3.3
50;2025-12-04;2;1.7
50;2025-12-04;3;0.5
50;2025-12-04;4;2.3
50;2025-12-04;5;95.3
50;2025-12-04;6;551.9
50;2025-12-04;7;1697.8
50;2025-12-04;8;2662.7
50;2025-12-04;9;2085.5
50;2025-12-04;10;1664.4
50;2025-12-04;11;1489.0
50;2025-12-04;12;1463.7
50;2025-12-04;13;1417.6
50;2025-12-04;14;1408.0
50;2025-12-04;15;1555.4
50;2025-12-04;16;1694.8
50;2025-12-04;17;2272.7
50;2025-12-04;18;2501.7
50;2025-12-04;19;1568.4
50;2025-12-04;20;1043.3
50;2025-12-04;21;683.8
50;2025-12-04;22;313.6
50;2025-12-04;23;171.1
50;2025-12-05;0;45.7
50;2025-12-05;1;5.5
50;2025-12-05;2;3.7
50;2025-12-05;3;0.0
50;2025-12-05;4;3.0
50;2025-12-05;5;93.9
50;2025-12-05;6;555.1
50;2025-12-05;7;1681.2
50;2025-12-05;8;2649.5
50;2025-12-05;9;2023.9
50;2025-12-05;10;1469.3
50;2025-12-05;11;1477.7
50;2025-12-05;12;1379.5
50;2025-12-05;13;1413.8
50;2025-12-05;14;1448.9
50;2025-12-05;15;1627.6
50;2025-12-05;16;1978.4
50;2025-12-05;17;1985.0
50;2025-12-05;18;1691.4
50;2025-12-05;19;1238.6
50;2025-12-05;20;882.1
50;2025-12-05;21;573.3
50;2025-12-05;22;280.9
50;2025-12-05;23;165.3
50;2025-12-06;0;54.6
50;2025-12-06;1;12.4
50;2025-12-06;2;5.3
50;2025-12-06;3;2.5
50;2025-12-06;4;1.3
50;2025-12-06;5;30.1
50;2025-12-06;6;156.2
50;2025-12-06;7;280.5
50;2025-12-06;8;423.0
50;2025-12-06;9;473.6
50;2025-12-06;10;476.2
50;2025-12-06;11;538.7
50;2025-12-06;12;573.9
50;2025-12-06;13;596.2
50;2025-12-06;14;599.8
50;2025-12-06;15;572.6
50;2025-12-06;16;545.3
50;2025-12-06;17;553.4
50;2025-12-06;18;502.7
50;2025-12-06;19;460.4
50;2025-12-06;20;371.4
50;2025-12-06;21;293.0
50;2025-12-06;22;161.8
50;2025-12-06;23;85.8
50;2025-12-07;0;42.3
50;2025-12-07;1;9.2
50;2025-12-07;2;1.9
50;2025-12-07;3;0.0
50;2025-12-07;4;0.0
50;2025-12-07;5;14.1
50;2025-12-07;6;100.8
50;2025-12-07;7;180.0
50;2025-12-07;8;275.3
50;2025-12-07;9;336.4
50;2025-12-07;10;372.9
50;2025-12-07;11;463.1
50;2025-12-07;12;497.7
50;2025-12-07;13;542.0
50;2025-12-07;14;567.7
50;2025-12-07;15;526.6
50;2025-12-07;16;524.1
50;2025-12-07;17;522.6
50;2025-12-07;18;467.7
50;2025-12-07;19;422.6
50;2025-12-07;20;346.7
50;2025-12-07;21;275.3
50;2025-12-07;22;166.0
50;2025-12-07;23;82.5
50;2025-12-08;0;25.9
50;2025-12-08;1;2.7
50;2025-12-08;2;0.2
50;2025-12-08;3;0.0
50;2025-12-08;4;1.5
50;2025-12-08;5;90.8
50;2025-12-08;6;578.2
50;2025-12-08;7;1698.5
50;2025-12-08;8;2686.4
50;2025-12-08;9;2093.7
50;2025-12-08;10;1559.0
50;2025-12-08;11;1438.3
50;2025-12-08;12;1350.8
50;2025-12-08;13;1385.9
50;2025-12-08;14;1335.4
50;2025-12-08;15;1484.2
50;2025-12-08;16;1570.4
50;2025-12-08;17;2133.4
50;2025-12-08;18;2416.2
50;2025-12-08;19;1382.7
50;2025-12-08;20;887.0
50;2025-12-08;21;588.4
50;2025-12-08;22;265.6
50;2025-12-08;23;126.7
50;2025-12-09;0;35.0
50;2025-12-09;1;2.0
50;2025-12-09;2;3.1
50;2025-12-09;3;0.0
50;2025-12-09;4;1.9
50;2025-12-09;5;103.6
50;2025-12-09;6;600.8
50;2025-12-09;7;1826.1
50;2025-12-09;8;2653.3
50;2025-12-09;9;2185.9
50;2025-12-09;10;1684.6
50;2025-12-09;11;1523.1
50;2025-12-09;12;1426.7
50;2025-12-09;13;1487.9
50;2025-12-09;14;1426.0
50;2025-12-09;15;1581.4
50;2025-12-09;16;1677.6
50;2025-12-09;17;2310.3
50;2025-12-09;18;2377.5
50;2025-12-09;19;1567.2
50;2025-12-09;20;985.7
50;2025-12-09;21;635.3
50;2025-12-09;22;275.3
50;2025-12-09;23;144.6
50;2025-12-10;0;30.5
50;2025-12-10;1;3.4
50;2025-12-10;2;2.0
50;2025-12-10;3;0.1
50;2025-12-10;4;1.9
50;2025-12-10;5;102.2
50;2025-12-10;6;564.9
50;2025-12-10;7;1763.0
50;2025-12-10;8;2724.9
50;2025-12-10;9;2085.8
50;2025-12-10;10;1650.1
50;2025-12-10;11;1549.2
50;2025-12-10;12;1491.8
50;2025-12-10;13;1459.1
50;2025-12-10;14;1418.3
50;2025-12-10;15;1501.0
50;2025-12-10;16;1684.1
50;2025-12-10;17;2278.5
50;2025-12-10;18;2364.4
50;2025-12-10;19;1453.4
50;2025-12-10;20;905.1
50;2025-12-10;21;631.4
50;2025-12-10;22;278.5
50;2025-12-10;23;165.0
50;2025-12-11;0;36.8
50;2025-12-11;1;3.3
50;2025-12-11;2;1.7
50;2025-12-11;3;0.5
50;2025-12-11;4;2.3
50;2025-12-11;5;95.3
50;2025-12-11;6;551.9
50;2025-12-11;7;1697.8
50;2025-12-11;8;2662.7
50;2025-12-11;9;2085.5
50;2025-12-11;10;1664.4
50;2025-12-11;11;1489.0
50;2025-12-11;12;1463.7
50;2025-12-11;13;1417.6
50;2025-12-11;14;1408.0
50;2025-12-11;15;1555.4
50;2025-12-11;16;1694.8
50;2025-12-11;17;2272.7
50;2025-12-11;18;2501.7
50;2025-12-11;19;1568.4
50;2025-12-11;20;1043.3
50;2025-12-11;21;683.8
50;2025-12-11;22;313.6
50;2025-12-11;23;171.1
50;2025-12-12;0;45.7
50;2025-12-12;1;5.5
50;2025-12-12;2;3.7
50;2025-12-12;3;0.0
50;2025-12-12;4;3.0
50;2025-12-12;5;93.9
50;2025-12-12;6;555.1
50;2025-12-12;7;1681.2
50;2025-12-12;8;2649.5
50;2025-12-12;9;2023.9
50;2025-12-12;10;1469.3
50;2025-12-12;11;1477.7
50;2025-12-12;12;1379.5
50;2025-12-12;13;1413.8
50;2025-12-12;14;1448.9
50;2025-12-12;15;1627.6
50;2025-12-12;16;1978.4
50;2025-12-12;17;1985.0
50;2025-12-12;18;1691.4
50;2025-12-12;19;1238.6
50;2025-12-12;20;882.1
50;2025-12-12;21;573.3
50;2025-12-12;22;280.9
50;2025-12-12;23;165.3
50;2025-12-13;0;54.6
50;2025-12-13;1;12.4
50;2025-12-13;2;5.3
50;2025-12-13;3;2.5
50;2025-12-13;4;1.3
50;2025-12-13;5;30.1
50;2025-12-13;6;156.2
50;2025-12-13;7;280.5
50;2025-12-13;8;423.0
50;2025-12-13;9;473.6
50;2025-12-13;10;476.2
50;2025-12-13;11;538.7
50;2025-12-13;12;573.9
50;2025-12-13;13;596.2
50;2025-12-13;14;599.8
50;2025-12-13;15;572.6
50;2025-12-13;16;545.3
50;2025-12-13;17;553.4
50;2025-12-13;18;502.7
50;2025-12-13;19;460.4
50;2025-12-13;20;371.4
50;2025-12-13;21;293.0
50;2025-12-13;22;161.8
50;2025-12-13;23;85.8
50;2025-12-14;0;42.3
50;2025-12-14;1;9.2
50;2025-12-14;2;1.9
50;2025-12-14;3;0.0
50;2025-12-14;4;0.0
50;2025-12-14;5;14.1
50;2025-12-14;6;100.8
50;2025-12-14;7;180.0
50;2025-12-14;8;275.3
50;2025-12-14;9;336.4
50;2025-12-14;10;372.9
50;2025-12-14;11;463.1
50;2025-12-14;12;497.7
50;2025-12-14;13;542.0
50;2025-12-14;14;567.7
50;2025-12-14;15;526.6
50;2025-12-14;16;524.1
50;2025-12-14;17;522.6
50;2025-12-14;18;467.7
50;2025-12-14;19;422.6
50;2025-12-14;20;346.7
50;2025-12-14;21;275.3
50;2025-12-14;22;166.0
50;2025-12-14;23;82.5
50;2025-12-15;0;25.9
50;2025-12-15;1;2.7
50;2025-12-15;2;0.2
50;2025-12-15;3;0.0
50;2025-12-15;4;1.5
50;2025-12-15;5;90.8
50;2025-12-15;6;578.2
50;2025-12-15;7;1698.5
50;2025-12-15;8;2686.4
50;2025-12-15;9;2093.7
50;2025-12-15;10;1559.0
50;2025-12-15;11;1438.3
50;2025-12-15;12;1350.8
50;2025-12-15;13;1385.9
50;2025-12-15;14;1335.4
50;2025-12-15;15;1484.2
50;2025-12-15;16;1570.4
50;2025-12-15;17;2133.4
50;2025-12-15;18;2416.2
50;2025-12-15;19;1382.7
50;2025-12-15;20;887.0
50;2025-12-15;21;588.4
50;2025-12-15;22;265.6
50;2025-12-15;23;126.7
50;2025-12-16;0;35.0
50;2025-12-16;1;2.0
50;2025-12-16;2;3.1
50;2025-12-16;3;0.0
50;2025-12-16;4;1.9
50;2025-12-16;5;103.6
50;2025-12-16;6;600.8
50;2025-12-16;7;1826.1
50;2025-12-16;8;2653.3
50;2025-12-16;9;2185.9
50;2025-12-16;10;1684.6
50;2025-12-16;11;1523.1
50;2025-12-16;12;1426.7
50;2025-12-16;13;1487.9
50;2025-12-16;14;1426.0
50;2025-12-16;15;1581.4
50;2025-12-16;16;1677.6
50;2025-12-16;17;2310.3
50;2025-12-16;18;2377.5
50;2025-12-16;19;1567.2
50;2025-12-16;20;985.7
50;2025-12-16;21;635.3
50;2025-12-16;22;275.3
50;2025-12-16;23;144.6
50;2025-12-17;0;30.5
50;2025-12-17;1;3.4
50;2025-12-17;2;2.0
50;2025-12-17;3;0.1
50;2025-12-17;4;1.9
50;2025-12-17;5;102.2
50;2025-12-17;6;564.9
50;2025-12-17;7;1763.0
50;2025-12-17;8;2724.9
50;2025-12-17;9;2085.8
50;2025-12-17;10;1650.1
50;2025-12-17;11;1549.2
50;2025-12-17;12;1491.8
50;2025-12-17;13;1459.1
50;2025-12-17;14;1418.3
50;2025-12-17;15;1501.0
50;2025-12-17;16;1684.1
50;2025-12-17;17;2278.5
50;2025-12-17;18;2364.4
50;2025-12-17;19;1453.4
50;2025-12-17;20;905.1
50;2025-12-17;21;631.4
50;2025-12-17;22;278.5
50;2025-12-17;23;165.0
50;2025-12-18;0;36.8
50;2025-12-18;1;3.3
50;2025-12-18;2;1.7
50;2025-12-18;3;0.5
50;2025-12-18;4;2.3
50;2025-12-18;5;95.3
50;2025-12-18;6;551.9
50;2025-12-18;7;1697.8
50;2025-12-18;8;2662.7
50;2025-12-18;9;2085.5
50;2025-12-18;10;1664.4
50;2025-12-18;11;1489.0
50;2025-12-18;12;1463.7
50;2025-12-18;13;1417.6
50;2025-12-18;14;1408.0
50;2025-12-18;15;1555.4
50;2025-12-18;16;1694.8
50;2025-12-18;17;2272.7
50;2025-12-18;18;2501.7
50;2025-12-18;19;1568.4
50;2025-12-18;20;1043.3
50;2025-12-18;21;683.8
50;2025-12-18;22;313.6
50;2025-12-18;23;171.1
50;2025-12-19;0;45.7
50;2025-12-19;1;5.5
50;2025-12-19;2;3.7
50;2025-12-19;3;0.0
50;2025-12-19;4;3.0
50;2025-12-19;5;93.9
50;2025-12-19;6;555.1
50;2025-12-19;7;1681.2
50;2025-12-19;8;2649.5
50;2025-12-19;9;2023.9
50;2025-12-19;10;1469.3
50;2025-12-19;11;1477.7
50;2025-12-19;12;1379.5
50;2025-12-19;13;1413.8
50;2025-12-19;14;1448.9
50;2025-12-19;15;1627.6
50;2025-12-19;16;1978.4
50;2025-12-19;17;1985.0
50;2025-12-19;18;1691.4
50;2025-12-19;19;1238.6
50;2025-12-19;20;882.1
50;2025-12-19;21;573.3
50;2025-12-19;22;280.9
50;2025-12-19;23;165.3
50;2025-12-20;0;54.6
50;2025-12-20;1;12.4
50;2025-12-20;2;5.3
50;2025-12-20;3;2.5
50;2025-12-20;4;1.3
50;2025-12-20;5;30.1
50;2025-12-20;6;156.2
50;2025-12-20;7;280.5
50;2025-12-20;8;423.0
50;2025-12-20;9;473.6
50;2025-12-20;10;476.2
50;2025-12-20;11;538.7
50;2025-12-20;12;573.9
50;2025-12-20;13;596.2
50;2025-12-20;14;599.8
50;2025-12-20;15;572.6
50;2025-12-20;16;545.3
50;2025-12-20;17;553.4
50;2025-12-20;18;502.7
50;2025-12-20;19;460.4
50;2025-12-20;20;371.4
50;2025-12-20;21;293.0
50;2025-12-20;22;161.8
50;2025-12-20;23;85.8
50;2025-12-21;0;42.3
50;2025-12-21;1;9.2
50;2025-12-21;2;1.9
50;2025-12-21;3;0.0
50;2025-12-21;4;0.0
50;2025-12-21;5;14.1
50;2025-12-21;6;100.8
50;2025-12-21;7;180.0
50;2025-12-21;8;275.3
50;2025-12-21;9;336.4
50;2025-12-21;10;372.9
50;2025-12-21;11;463.1
50;2025-12-21;12;497.7
50;2025-12-21;13;542.0
50;2025-12-21;14;567.7
50;2025-12-21;15;526.6
50;2025-12-21;16;524.1
50;2025-12-21;17;522.6
50;2025-12-21;18;467.7
50;2025-12-21;19;422.6
50;2025-12-21;20;346.7
50;2025-12-21;21;275.3
50;2025-12-21;22;166.0
50;2025-12-21;23;82.5
50;2025-12-22;0;25.9
50;2025-12-22;1;2.7
50;2025-12-22;2;0.2
50;2025-12-22;3;0.0
50;2025-12-22;4;1.5
50;2025-12-22;5;90.8
50;2025-12-22;6;578.2
50;2025-12-22;7;1698.5
50;2025-12-22;8;2686.4
50;2025-12-22;9;2093.7
50;2025-12-22;10;1559.0
50;2025-12-22;11;1438.3
50;2025-12-22;12;1350.8
50;2025-12-22;13;1385.9
50;2025-12-22;14;1335.4
50;2025-12-22;15;1484.2
50;2025-12-22;16;1570.4
50;2025-12-22;17;2133.4
50;2025-12-22;18;2416.2
50;2025-12-22;19;1382.7
50;2025-12-22;20;887.0
50;2025-12-22;21;588.4
50;2025-12-22;22;265.6
50;2025-12-22;23;126.7
50;2025-12-23;0;35.0
50;2025-12-23;1;2.0
50;2025-12-23;2;3.1
50;2025-12-23;3;0.0
50;2025-12-23;4;1.9
50;2025-12-23;5;103.6
50;2025-12-23;6;600.8
50;2025-12-23;7;1826.1
50;2025-12-23;8;2653.3
50;2025-12-23;9;2185.9
50;2025-12-23;10;1684.6
50;2025-12-23;11;1523.1
50;2025-12-23;12;1426.7
50;2025-12-23;13;1487.9
50;2025-12-23;14;1426.0
50;2025-12-23;15;1581.4
50;2025-12-23;16;1677.6
50;2025-12-23;17;2310.3
50;2025-12-23;18;2377.5
50;2025-12-23;19;1567.2
50;2025-12-23;20;985.7
50;2025-12-23;21;635.3
50;2025-12-23;22;275.3
50;2025-12-23;23;144.6
50;2025-12-24;0;30.5
50;2025-12-24;1;3.4
50;2025-12-24;2;2.0
50;2025-12-24;3;0.1
50;2025-12-24;4;1.9
50;2025-12-24;5;102.2
50;2025-12-24;6;564.9
50;2025-12-24;7;1763.0
50;2025-12-24;8;2724.9
50;2025-12-24;9;2085.8
50;2025-12-24;10;1650.1
50;2025-12-24;11;1549.2
50;2025-12-24;12;1491.8
50;2025-12-24;13;1459.1
50;2025-12-24;14;1418.3
50;2025-12-24;15;1501.0
50;2025-12-24;16;1684.1
50;2025-12-24;17;2278.5
50;2025-12-24;18;2364.4
50;2025-12-24;19;1453.4
50;2025-12-24;20;905.1
50;2025-12-24;21;631.4
50;2025-12-24;22;278.5
50;2025-12-24;23;165.0
50;2025-12-25;0;36.8
50;2025-12-25;1;3.3
50;2025-12-25;2;1.7
50;2025-12-25;3;0.5
50;2025-12-25;4;2.3
50;2025-12-25;5;95.3
50;2025-12-25;6;551.9
50;2025-12-25;7;1697.8
50;2025-12-25;8;2662.7
50;2025-12-25;9;2085.5
50;2025-12-25;10;1664.4
50;2025-12-25;11;1489.0
50;2025-12-25;12;1463.7
50;2025-12-25;13;1417.6
50;2025-12-25;14;1408.0
50;2025-12-25;15;1555.4
50;2025-12-25;16;1694.8
50;2025-12-25;17;2272.7
50;2025-12-25;18;2501.7
50;2025-12-25;19;1568.4
50;2025-12-25;20;1043.3
50;2025-12-25;21;683.8
50;2025-12-25;22;313.6
50;2025-12-25;23;171.1
50;2025-12-26;0;45.7
50;2025-12-26;1;5.5
50;2025-12-26;2;3.7
50;2025-12-26;3;0.0
50;2025-12-26;4;3.0
50;2025-12-26;5;93.9
50;2025-12-26;6;555.1
50;2025-12-26;7;1681.2
50;2025-12-26;8;2649.5
50;2025-12-26;9;2023.9
50;2025-12-26;10;1469.3
50;2025-12-26;11;1477.7
50;2025-12-26;12;1379.5
50;2025-12-26;13;1413.8
50;2025-12-26;14;1448.9
50;2025-12-26;15;1627.6
50;2025-12-26;16;1978.4
50;2025-12-26;17;1985.0
50;2025-12-26;18;1691.4
50;2025-12-26;19;1238.6
50;2025-12-26;20;882.1
50;2025-12-26;21;573.3
50;2025-12-26;22;280.9
50;2025-12-26;23;165.3
50;2025-12-27;0;54.6
50;2025-12-27;1;12.4
50;2025-12-27;2;5.3
50;2025-12-27;3;2.5
50;2025-12-27;4;1.3
50;2025-12-27;5;30.1
50;2025-12-27;6;156.2
50;2025-12-27;7;280.5
50;2025-12-27;8;423.0
50;2025-12-27;9;473.6
50;2025-12-27;10;476.2
50;2025-12-27;11;538.7
50;2025-12-27;12;573.9
50;2025-12-27;13;596.2
50;2025-12-27;14;599.8
50;2025-12-27;15;572.6
50;2025-12-27;16;545.3
50;2025-12-27;17;553.4
50;2025-12-27;18;502.7
50;2025-12-27;19;460.4
50;2025-12-27;20;371.4
50;2025-12-27;21;293.0
50;2025-12-27;22;161.8
50;2025-12-27;23;85.8
50;2025-12-28;0;42.3
50;2025-12-28;1;9.2
50;2025-12-28;2;1.9
50;2025-12-28;3;0.0
50;2025-12-28;4;0.0
50;2025-12-28;5;14.1
50;2025-12-28;6;100.8
50;2025-12-28;7;180.0
50;2025-12-28;8;275.3
50;2025-12-28;9;336.4
50;2025-12-28;10;372.9
50;2025-12-28;11;463.1
50;2025-12-28;12;497.7
50;2025-12-28;13;542.0
50;2025-12-28;14;567.7
50;2025-12-28;15;526.6
50;2025-12-28;16;524.1
50;2025-12-28;17;522.6
50;2025-12-28;18;467.7
50;2025-12-28;19;422.6
50;2025-12-28;20;346.7
50;2025-12-28;21;275.3
50;2025-12-28;22;166.0
50;2025-12-28;23;82.5
50;2025-12-29;0;25.9
50;2025-12-29;1;2.7
50;2025-12-29;2;0.2
50;2025-12-29;3;0.0
50;2025-12-29;4;1.5
50;2025-12-29;5;90.8
50;2025-12-29;6;578.2
50;2025-12-29;7;1698.5
50;2025-12-29;8;2686.4
50;2025-12-29;9;2093.7
50;2025-12-29;10;1559.0
50;2025-12-29;11;1438.3
50;2025-12-29;12;1350.8
50;2025-12-29;13;1385.9
50;2025-12-29;14;1335.4
50;2025-12-29;15;1484.2
50;2025-12-29;16;1570.4
50;2025-12-29;17;2133.4
50;2025-12-29;18;2416.2
50;2025-12-29;19;1382.7
50;2025-12-29;20;887.0
50;2025-12-29;21;588.4
50;2025-12-29;22;265.6
50;2025-12-29;23;126.7
50;2025-12-30;0;29.9
50;2025-12-30;1;0.6
50;2025-12-30;2;1.5
50;2025-12-30;3;0.4
50;2025-12-30;4;1.5
50;2025-12-30;5;104.5
50;2025-12-30;6;599.8
50;2025-12-30;7;1815.7
50;2025-12-30;8;2641.5
50;2025-12-30;9;2185.2
50;2025-12-30;10;1701.2
50;2025-12-30;11;1561.2
50;2025-12-30;12;1473.5
50;2025-12-30;13;1550.1
50;2025-12-30;14;1500.9
50;2025-12-30;15;1667.9
50;2025-12-30;16;1782.4
50;2025-12-30;17;2241.4
50;2025-12-30;18;2119.1
50;2025-12-30;19;1462.0
50;2025-12-30;20;939.5
50;2025-12-30;21;608.5
50;2025-12-30;22;249.9
50;2025-12-30;23;124.1
50;2025-12-31;0;24.0
50;2025-12-31;1;2.0
50;2025-12-31;2;0.0
50;2025-12-31;3;0.5
50;2025-12-31;4;0.0
50;2025-12-31;5;7.2
50;2025-12-31;6;97.0
50;2025-12-31;7;231.3
50;2025-12-31;8;380.5
50;2025-12-31;9;383.2
50;2025-12-31;10;404.2
50;2025-12-31;11;481.4
50;2025-12-31;12;536.8
50;2025-12-31;13;583.2
50;2025-12-31;14;581.9
50;2025-12-31;15;565.8
50;2025-12-31;16;548.6
50;2025-12-31;17;621.0
50;2025-12-31;18;597.3
50;2025-12-31;19;480.8
50;2025-12-31;20;369.1
50;2025-12-31;21;293.8
50;2025-12-31;22;135.2
50;2025-12-31;23;39.8
