route;date;hour;prediction
1;2025-11-01;0;46.7
1;2025-11-01;1;20.8
1;2025-11-01;2;17.8
1;2025-11-01;3;17.5
1;2025-11-01;4;22.7
1;2025-11-01;5;116.4
1;2025-11-01;6;390.5
1;2025-11-01;7;925.3
1;2025-11-01;8;1255.0
1;2025-11-01;9;1120.5
1;2025-11-01;10;1060.7
1;2025-11-01;11;1107.6
1;2025-11-01;12;1169.5
1;2025-11-01;13;1185.2
1;2025-11-01;14;1149.6
1;2025-11-01;15;1206.5
1;2025-11-01;16;1253.0
1;2025-11-01;17;1325.3
1;2025-11-01;18;1160.0
1;2025-11-01;19;972.0
1;2025-11-01;20;678.0
1;2025-11-01;21;459.0
1;2025-11-01;22;235.5
1;2025-11-01;23;110.1
1;2025-11-02;0;33.7
1;2025-11-02;1;2.7
1;2025-11-02;2;0.0
1;2025-11-02;3;0.0
1;2025-11-02;4;0.0
1;2025-11-02;5;27.8
1;2025-11-02;6;137.7
1;2025-11-02;7;259.8
1;2025-11-02;8;385.8
1;2025-11-02;9;553.8
1;2025-11-02;10;646.0
1;2025-11-02;11;727.8
1;2025-11-02;12;815.9
1;2025-11-02;13;839.6
1;2025-11-02;14;808.5
1;2025-11-02;15;738.3
1;2025-11-02;16;667.9
1;2025-11-02;17;642.7
1;2025-11-02;18;567.9
1;2025-11-02;19;499.3
1;2025-11-02;20;373.1
1;2025-11-02;21;278.6
1;2025-11-02;22;129.2
1;2025-11-02;23;30.6
1;2025-11-03;0;42.1
1;2025-11-03;1;6.7
1;2025-11-03;2;5.4
1;2025-11-03;3;5.2
1;2025-11-03;4;1.2
1;2025-11-03;5;51.0
1;2025-11-03;6;183.0
1;2025-11-03;7;334.9
1;2025-11-03;8;449.2
1;2025-11-03;9;565.8
1;2025-11-03;10;665.8
1;2025-11-03;11;776.6
1;2025-11-03;12;915.6
1;2025-11-03;13;984.0
1;2025-11-03;14;960.0
1;2025-11-03;15;932.7
1;2025-11-03;16;870.2
1;2025-11-03;17;823.6
1;2025-11-03;18;761.0
1;2025-11-03;19;682.0
1;2025-11-03;20;492.5
1;2025-11-03;21;370.4
1;2025-11-03;22;215.4
1;2025-11-03;23;101.5
1;2025-11-04;0;45.9
1;2025-11-04;1;6.8
1;2025-11-04;2;5.4
1;2025-11-04;3;7.4
1;2025-11-04;4;2.6
1;2025-11-04;5;36.8
1;2025-11-04;6;153.3
1;2025-11-04;7;285.6
1;2025-11-04;8;390.6
1;2025-11-04;9;486.7
1;2025-11-04;10;569.8
1;2025-11-04;11;669.5
1;2025-11-04;12;794.1
1;2025-11-04;13;861.6
1;2025-11-04;14;836.5
1;2025-11-04;15;805.6
1;2025-11-04;16;741.6
1;2025-11-04;17;706.8
1;2025-11-04;18;658.3
1;2025-11-04;19;609.8
1;2025-11-04;20;441.7
1;2025-11-04;21;329.6
1;2025-11-04;22;178.5
1;2025-11-04;23;63.8
1;2025-11-05;0;26.2
1;2025-11-05;1;7.1
1;2025-11-05;2;5.8
1;2025-11-05;3;7.2
1;2025-11-05;4;19.2
1;2025-11-05;5;142.7
1;2025-11-05;6;565.7
1;2025-11-05;7;1392.1
1;2025-11-05;8;1975.9
1;2025-11-05;9;1506.7
1;2025-11-05;10;1348.0
1;2025-11-05;11;1320.4
1;2025-11-05;12;1359.5
1;2025-11-05;13;1452.0
1;2025-11-05;14;1354.9
1;2025-11-05;15;1475.1
1;2025-11-05;16;1526.8
1;2025-11-05;17;1800.2
1;2025-11-05;18;1856.7
1;2025-11-05;19;1364.7
1;2025-11-05;20;888.0
1;2025-11-05;21;500.0
1;2025-11-05;22;255.8
1;2025-11-05;23;71.2
1;2025-11-06;0;23.5
1;2025-11-06;1;3.7
1;2025-11-06;2;0.9
1;2025-11-06;3;0.5
1;2025-11-06;4;10.4
1;2025-11-06;5;123.4
1;2025-11-06;6;519.5
1;2025-11-06;7;1392.2
1;2025-11-06;8;1935.2
1;2025-11-06;9;1481.1
1;2025-11-06;10;1318.5
1;2025-11-06;11;1281.5
1;2025-11-06;12;1345.8
1;2025-11-06;13;1392.5
1;2025-11-06;14;1317.6
1;2025-11-06;15;1444.4
1;2025-11-06;16;1515.0
1;2025-11-06;17;1763.9
1;2025-11-06;18;1871.8
1;2025-11-06;19;1332.8
1;2025-11-06;20;896.9
1;2025-11-06;21;508.4
1;2025-11-06;22;227.0
1;2025-11-06;23;85.3
1;2025-11-07;0;23.3
1;2025-11-07;1;2.7
1;2025-11-07;2;0.5
1;2025-11-07;3;0.9
1;2025-11-07;4;8.1
1;2025-11-07;5;126.3
1;2025-11-07;6;499.1
1;2025-11-07;7;1379.5
1;2025-11-07;8;1858.4
1;2025-11-07;9;1463.5
1;2025-11-07;10;1250.7
1;2025-11-07;11;1287.9
1;2025-11-07;12;1320.0
1;2025-11-07;13;1326.1
1;2025-11-07;14;1285.8
1;2025-11-07;15;1433.5
1;2025-11-07;16;1578.9
1;2025-11-07;17;1791.9
1;2025-11-07;18;1562.7
1;2025-11-07;19;1249.5
1;2025-11-07;20;816.4
1;2025-11-07;21;515.4
1;2025-11-07;22;242.0
1;2025-11-07;23;90.8
1;2025-11-08;0;35.6
1;2025-11-08;1;4.0
1;2025-11-08;2;0.2
1;2025-11-08;3;0.0
1;2025-11-08;4;0.2
1;2025-11-08;5;48.8
1;2025-11-08;6;209.6
1;2025-11-08;7;380.8
1;2025-11-08;8;545.4
1;2025-11-08;9;702.8
1;2025-11-08;10;805.7
1;2025-11-08;11;868.7
1;2025-11-08;12;964.7
1;2025-11-08;13;996.0
1;2025-11-08;14;954.7
1;2025-11-08;15;873.0
1;2025-11-08;16;777.9
1;2025-11-08;17;742.9
1;2025-11-08;18;684.8
1;2025-11-08;19;636.8
1;2025-11-08;20;472.3
1;2025-11-08;21;337.4
1;2025-11-08;22;165.1
1;2025-11-08;23;60.5
1;2025-11-09;0;33.7
1;2025-11-09;1;2.7
1;2025-11-09;2;0.0
1;2025-11-09;3;0.0
1;2025-11-09;4;0.0
1;2025-11-09;5;27.8
1;2025-11-09;6;137.7
1;2025-11-09;7;259.8
1;2025-11-09;8;385.8
1;2025-11-09;9;553.8
1;2025-11-09;10;646.0
1;2025-11-09;11;727.8
1;2025-11-09;12;815.9
1;2025-11-09;13;839.6
1;2025-11-09;14;808.5
1;2025-11-09;15;738.3
1;2025-11-09;16;667.9
1;2025-11-09;17;642.7
1;2025-11-09;18;567.9
1;2025-11-09;19;499.3
1;2025-11-09;20;373.1
1;2025-11-09;21;278.6
1;2025-11-09;22;129.2
1;2025-11-09;23;30.6
1;2025-11-10;0;19.5
1;2025-11-10;1;1.5
1;2025-11-10;2;0.9
1;2025-11-10;3;1.5
1;2025-11-10;4;9.1
1;2025-11-10;5;130.2
1;2025-11-10;6;520.6
1;2025-11-10;7;1338.6
1;2025-11-10;8;1923.7
1;2025-11-10;9;1457.7
1;2025-11-10;10;1267.3
1;2025-11-10;11;1240.6
1;2025-11-10;12;1304.7
1;2025-11-10;13;1320.2
1;2025-11-10;14;1323.2
1;2025-11-10;15;1391.9
1;2025-11-10;16;1514.1
1;2025-11-10;17;1774.7
1;2025-11-10;18;1916.7
1;2025-11-10;19;1391.6
1;2025-11-10;20;887.3
1;2025-11-10;21;470.6
1;2025-11-10;22;197.1
1;2025-11-10;23;60.3
1;2025-11-11;0;20.8
1;2025-11-11;1;2.2
1;2025-11-11;2;1.0
1;2025-11-11;3;1.7
1;2025-11-11;4;11.4
1;2025-11-11;5;114.9
1;2025-11-11;6;527.7
1;2025-11-11;7;1435.6
1;2025-11-11;8;1979.7
1;2025-11-11;9;1502.8
1;2025-11-11;10;1320.6
1;2025-11-11;11;1280.4
1;2025-11-11;12;1306.8
1;2025-11-11;13;1362.4
1;2025-11-11;14;1263.9
1;2025-11-11;15;1363.3
1;2025-11-11;16;1476.0
1;2025-11-11;17;1754.4
1;2025-11-11;18;1865.6
1;2025-11-11;19;1405.1
1;2025-11-11;20;884.5
1;2025-11-11;21;512.0
1;2025-11-11;22;227.5
1;2025-11-11;23;71.9
1;2025-11-12;0;21.9
1;2025-11-12;1;2.6
1;2025-11-12;2;0.8
1;2025-11-12;3;2.0
1;2025-11-12;4;9.6
1;2025-11-12;5;130.9
1;2025-11-12;6;549.0
1;2025-11-12;7;1366.9
1;2025-11-12;8;1956.7
1;2025-11-12;9;1489.9
1;2025-11-12;10;1339.9
1;2025-11-12;11;1310.1
1;2025-11-12;12;1339.5
1;2025-11-12;13;1426.7
1;2025-11-12;14;1328.1
1;2025-11-12;15;1445.7
1;2025-11-12;16;1490.1
1;2025-11-12;17;1774.9
1;2025-11-12;18;1830.2
1;2025-11-12;19;1361.6
1;2025-11-12;20;894.5
1;2025-11-12;21;511.4
1;2025-11-12;22;258.9
1;2025-11-12;23;72.8
1;2025-11-13;0;23.5
1;2025-11-13;1;3.7
1;2025-11-13;2;0.9
1;2025-11-13;3;0.5
1;2025-11-13;4;10.4
1;2025-11-13;5;123.4
1;2025-11-13;6;519.5
1;2025-11-13;7;1392.2
1;2025-11-13;8;1935.2
1;2025-11-13;9;1481.1
1;2025-11-13;10;1318.5
1;2025-11-13;11;1281.5
1;2025-11-13;12;1345.8
1;2025-11-13;13;1392.5
1;2025-11-13;14;1317.6
1;2025-11-13;15;1444.4
1;2025-11-13;16;1515.0
1;2025-11-13;17;1763.9
1;2025-11-13;18;1871.8
1;2025-11-13;19;1332.8
1;2025-11-13;20;896.9
1;2025-11-13;21;508.4
1;2025-11-13;22;227.0
1;2025-11-13;23;85.3
1;2025-11-14;0;23.3
1;2025-11-14;1;2.7
1;2025-11-14;2;0.5
1;2025-11-14;3;0.9
1;2025-11-14;4;8.1
1;2025-11-14;5;126.3
1;2025-11-14;6;499.1
1;2025-11-14;7;1379.5
1;2025-11-14;8;1858.4
1;2025-11-14;9;1463.5
1;2025-11-14;10;1250.7
1;2025-11-14;11;1287.9
1;2025-11-14;12;1320.0
1;2025-11-14;13;1326.1
1;2025-11-14;14;1285.8
1;2025-11-14;15;1433.5
1;2025-11-14;16;1578.9
1;2025-11-14;17;1791.9
1;2025-11-14;18;1562.7
1;2025-11-14;19;1249.5
1;2025-11-14;20;816.4
1;2025-11-14;21;515.4
1;2025-11-14;22;242.0
1;2025-11-14;23;90.8
1;2025-11-15;0;35.6
1;2025-11-15;1;4.0
1;2025-11-15;2;0.2
1;2025-11-15;3;0.0
1;2025-11-15;4;0.2
1;2025-11-15;5;48.8
1;2025-11-15;6;209.6
1;2025-11-15;7;380.8
1;2025-11-15;8;545.4
1;2025-11-15;9;702.8
1;2025-11-15;10;805.7
1;2025-11-15;11;868.7
1;2025-11-15;12;964.7
1;2025-11-15;13;996.0
1;2025-11-15;14;954.7
1;2025-11-15;15;873.0
1;2025-11-15;16;777.9
1;2025-11-15;17;742.9
1;2025-11-15;18;684.8
1;2025-11-15;19;636.8
1;2025-11-15;20;472.3
1;2025-11-15;21;337.4
1;2025-11-15;22;165.1
1;2025-11-15;23;60.5
1;2025-11-16;0;33.7
1;2025-11-16;1;2.7
1;2025-11-16;2;0.0
1;2025-11-16;3;0.0
1;2025-11-16;4;0.0
1;2025-11-16;5;27.8
1;2025-11-16;6;137.7
1;2025-11-16;7;259.8
1;2025-11-16;8;385.8
1;2025-11-16;9;553.8
1;2025-11-16;10;646.0
1;2025-11-16;11;727.8
1;2025-11-16;12;815.9
1;2025-11-16;13;839.6
1;2025-11-16;14;808.5
1;2025-11-16;15;738.3
1;2025-11-16;16;667.9
1;2025-11-16;17;642.7
1;2025-11-16;18;567.9
1;2025-11-16;19;499.3
1;2025-11-16;20;373.1
1;2025-11-16;21;278.6
1;2025-11-16;22;129.2
1;2025-11-16;23;30.6
1;2025-11-17;0;19.5
1;2025-11-17;1;1.5
1;2025-11-17;2;0.9
1;2025-11-17;3;1.5
1;2025-11-17;4;9.1
1;2025-11-17;5;130.2
1;2025-11-17;6;520.6
1;2025-11-17;7;1338.6
1;2025-11-17;8;1923.7
1;2025-11-17;9;1457.7
1;2025-11-17;10;1267.3
1;2025-11-17;11;1240.6
1;2025-11-17;12;1304.7
1;2025-11-17;13;1320.2
1;2025-11-17;14;1323.2
1;2025-11-17;15;1391.9
1;2025-11-17;16;1514.1
1;2025-11-17;17;1774.7
1;2025-11-17;18;1916.7
1;2025-11-17;19;1391.6
1;2025-11-17;20;887.3
1;2025-11-17;21;470.6
1;2025-11-17;22;197.1
1;2025-11-17;23;60.3
1;2025-11-18;0;20.8
1;2025-11-18;1;2.2
1;2025-11-18;2;1.0
1;2025-11-18;3;1.7
1;2025-11-18;4;11.4
1;2025-11-18;5;114.9
1;2025-11-18;6;527.7
1;2025-11-18;7;1435.6
1;2025-11-18;8;1979.7
1;2025-11-18;9;1502.8
1;2025-11-18;10;1320.6
1;2025-11-18;11;1280.4
1;2025-11-18;12;1306.8
1;2025-11-18;13;1362.4
1;2025-11-18;14;1263.9
1;2025-11-18;15;1363.3
1;2025-11-18;16;1476.0
1;2025-11-18;17;1754.4
1;2025-11-18;18;1865.6
1;2025-11-18;19;1405.1
1;2025-11-18;20;884.5
1;2025-11-18;21;512.0
1;2025-11-18;22;227.5
1;2025-11-18;23;71.9
1;2025-11-19;0;21.9
1;2025-11-19;1;2.6
1;2025-11-19;2;0.8
1;2025-11-19;3;2.0
1;2025-11-19;4;9.6
1;2025-11-19;5;130.9
1;2025-11-19;6;549.0
1;2025-11-19;7;1366.9
1;2025-11-19;8;1956.7
1;2025-11-19;9;1489.9
1;2025-11-19;10;1339.9
1;2025-11-19;11;1310.1
1;2025-11-19;12;1339.5
1;2025-11-19;13;1426.7
1;2025-11-19;14;1328.1
1;2025-11-19;15;1445.7
1;2025-11-19;16;1490.1
1;2025-11-19;17;1774.9
1;2025-11-19;18;1830.2
1;2025-11-19;19;1361.6
1;2025-11-19;20;894.5
1;2025-11-19;21;511.4
1;2025-11-19;22;258.9
1;2025-11-19;23;72.8
1;2025-11-20;0;23.5
1;2025-11-20;1;3.7
1;2025-11-20;2;0.9
1;2025-11-20;3;0.5
1;2025-11-20;4;10.4
1;2025-11-20;5;123.4
1;2025-11-20;6;519.5
1;2025-11-20;7;1392.2
1;2025-11-20;8;1935.2
1;2025-11-20;9;1481.1
1;2025-11-20;10;1318.5
1;2025-11-20;11;1281.5
1;2025-11-20;12;1345.8
1;2025-11-20;13;1392.5
1;2025-11-20;14;1317.6
1;2025-11-20;15;1444.4
1;2025-11-20;16;1515.0
1;2025-11-20;17;1763.9
1;2025-11-20;18;1871.8
1;2025-11-20;19;1332.8
1;2025-11-20;20;896.9
1;2025-11-20;21;508.4
1;2025-11-20;22;227.0
1;2025-11-20;23;85.3
1;2025-11-21;0;23.3
1;2025-11-21;1;2.7
1;2025-11-21;2;0.5
1;2025-11-21;3;0.9
1;2025-11-21;4;8.1
1;2025-11-21;5;126.3
1;2025-11-21;6;499.1
1;2025-11-21;7;1379.5
1;2025-11-21;8;1858.4
1;2025-11-21;9;1463.5
1;2025-11-21;10;1250.7
1;2025-11-21;11;1287.9
1;2025-11-21;12;1320.0
1;2025-11-21;13;1326.1
1;2025-11-21;14;1285.8
1;2025-11-21;15;1433.5
1;2025-11-21;16;1578.9
1;2025-11-21;17;1791.9
1;2025-11-21;18;1562.7
1;2025-11-21;19;1249.5
1;2025-11-21;20;816.4
1;2025-11-21;21;515.4
1;2025-11-21;22;242.0
1;2025-11-21;23;90.8
1;2025-11-22;0;35.6
1;2025-11-22;1;4.0
1;2025-11-22;2;0.2
1;2025-11-22;3;0.0
1;2025-11-22;4;0.2
1;2025-11-22;5;48.8
1;2025-11-22;6;209.6
1;2025-11-22;7;380.8
1;2025-11-22;8;545.4
1;2025-11-22;9;702.8
1;2025-11-22;10;805.7
1;2025-11-22;11;868.7
1;2025-11-22;12;964.7
1;2025-11-22;13;996.0
1;2025-11-22;14;954.7
1;2025-11-22;15;873.0
1;2025-11-22;16;777.9
1;2025-11-22;17;742.9
1;2025-11-22;18;684.8
1;2025-11-22;19;636.8
1;2025-11-22;20;472.3
1;2025-11-22;21;337.4
1;2025-11-22;22;165.1
1;2025-11-22;23;60.5
1;2025-11-23;0;33.7
1;2025-11-23;1;2.7
1;2025-11-23;2;0.0
1;2025-11-23;3;0.0
1;2025-11-23;4;0.0
1;2025-11-23;5;27.8
1;2025-11-23;6;137.7
1;2025-11-23;7;259.8
1;2025-11-23;8;385.8
1;2025-11-23;9;553.8
1;2025-11-23;10;646.0
1;2025-11-23;11;727.8
1;2025-11-23;12;815.9
1;2025-11-23;13;839.6
1;2025-11-23;14;808.5
1;2025-11-23;15;738.3
1;2025-11-23;16;667.9
1;2025-11-23;17;642.7
1;2025-11-23;18;567.9
1;2025-11-23;19;499.3
1;2025-11-23;20;373.1
1;2025-11-23;21;278.6
1;2025-11-23;22;129.2
1;2025-11-23;23;30.6
1;2025-11-24;0;19.5
1;2025-11-24;1;1.5
1;2025-11-24;2;0.9
1;2025-11-24;3;1.5
1;2025-11-24;4;9.1
1;2025-11-24;5;130.2
1;2025-11-24;6;520.6
1;2025-11-24;7;1338.6
1;2025-11-24;8;1923.7
1;2025-11-24;9;1457.7
1;2025-11-24;10;1267.3
1;2025-11-24;11;1240.6
1;2025-11-24;12;1304.7
1;2025-11-24;13;1320.2
1;2025-11-24;14;1323.2
1;2025-11-24;15;1391.9
1;2025-11-24;16;1514.1
1;2025-11-24;17;1774.7
1;2025-11-24;18;1916.7
1;2025-11-24;19;1391.6
1;2025-11-24;20;887.3
1;2025-11-24;21;470.6
1;2025-11-24;22;197.1
1;2025-11-24;23;60.3
1;2025-11-25;0;20.8
1;2025-11-25;1;2.2
1;2025-11-25;2;1.0
1;2025-11-25;3;1.7
1;2025-11-25;4;11.4
1;2025-11-25;5;114.9
1;2025-11-25;6;527.7
1;2025-11-25;7;1435.6
1;2025-11-25;8;1979.7
1;2025-11-25;9;1502.8
1;2025-11-25;10;1320.6
1;2025-11-25;11;1280.4
1;2025-11-25;12;1306.8
1;2025-11-25;13;1362.4
1;2025-11-25;14;1263.9
1;2025-11-25;15;1363.3
1;2025-11-25;16;1476.0
1;2025-11-25;17;1754.4
1;2025-11-25;18;1865.6
1;2025-11-25;19;1405.1
1;2025-11-25;20;884.5
1;2025-11-25;21;512.0
1;2025-11-25;22;227.5
1;2025-11-25;23;71.9
1;2025-11-26;0;21.9
1;2025-11-26;1;2.6
1;2025-11-26;2;0.8
1;2025-11-26;3;2.0
1;2025-11-26;4;9.6
1;2025-11-26;5;130.9
1;2025-11-26;6;549.0
1;2025-11-26;7;1366.9
1;2025-11-26;8;1956.7
1;2025-11-26;9;1489.9
1;2025-11-26;10;1339.9
1;2025-11-26;11;1310.1
1;2025-11-26;12;1339.5
1;2025-11-26;13;1426.7
1;2025-11-26;14;1328.1
1;2025-11-26;15;1445.7
1;2025-11-26;16;1490.1
1;2025-11-26;17;1774.9
1;2025-11-26;18;1830.2
1;2025-11-26;19;1361.6
1;2025-11-26;20;894.5
1;2025-11-26;21;511.4
1;2025-11-26;22;258.9
1;2025-11-26;23;72.8
1;2025-11-27;0;23.5
1;2025-11-27;1;3.7
1;2025-11-27;2;0.9
1;2025-11-27;3;0.5
1;2025-11-27;4;10.4
1;2025-11-27;5;123.4
1;2025-11-27;6;519.5
1;2025-11-27;7;1392.2
1;2025-11-27;8;1935.2
1;2025-11-27;9;1481.1
1;2025-11-27;10;1318.5
1;2025-11-27;11;1281.5
1;2025-11-27;12;1345.8
1;2025-11-27;13;1392.5
1;2025-11-27;14;1317.6
1;2025-11-27;15;1444.4
1;2025-11-27;16;1515.0
1;2025-11-27;17;1763.9
1;2025-11-27;18;1871.8
1;2025-11-27;19;1332.8
1;2025-11-27;20;896.9
1;2025-11-27;21;508.4
1;2025-11-27;22;227.0
1;2025-11-27;23;85.3
1;2025-11-28;0;23.3
1;2025-11-28;1;2.7
1;2025-11-28;2;0.5
1;2025-11-28;3;0.9
1;2025-11-28;4;8.1
1;2025-11-28;5;126.3
1;2025-11-28;6;499.1
1;2025-11-28;7;1379.5
1;2025-11-28;8;1858.4
1;2025-11-28;9;1463.5
1;2025-11-28;10;1250.7
1;2025-11-28;11;1287.9
1;2025-11-28;12;1320.0
1;2025-11-28;13;1326.1
1;2025-11-28;14;1285.8
1;2025-11-28;15;1433.5
1;2025-11-28;16;1578.9
1;2025-11-28;17;1791.9
1;2025-11-28;18;1562.7
1;2025-11-28;19;1249.5
1;2025-11-28;20;816.4
1;2025-11-28;21;515.4
1;2025-11-28;22;242.0
1;2025-11-28;23;90.8
1;2025-11-29;0;35.6
1;2025-11-29;1;4.0
1;2025-11-29;2;0.2
1;2025-11-29;3;0.0
1;2025-11-29;4;0.2
1;2025-11-29;5;48.8
1;2025-11-29;6;209.6
1;2025-11-29;7;380.8
1;2025-11-29;8;545.4
1;2025-11-29;9;702.8
1;2025-11-29;10;805.7
1;2025-11-29;11;868.7
1;2025-11-29;12;964.7
1;2025-11-29;13;996.0
1;2025-11-29;14;954.7
1;2025-11-29;15;873.0
1;2025-11-29;16;777.9
1;2025-11-29;17;742.9
1;2025-11-29;18;684.8
1;2025-11-29;19;636.8
1;2025-11-29;20;472.3
1;2025-11-29;21;337.4
1;2025-11-29;22;165.1
1;2025-11-29;23;60.5
1;2025-11-30;0;33.7
1;2025-11-30;1;2.7
1;2025-11-30;2;0.0
1;2025-11-30;3;0.0
1;2025-11-30;4;0.0
1;2025-11-30;5;27.8
1;2025-11-30;6;137.7
1;2025-11-30;7;259.8
1;2025-11-30;8;385.8
1;2025-11-30;9;553.8
1;2025-11-30;10;646.0
1;2025-11-30;11;727.8
1;2025-11-30;12;815.9
1;2025-11-30;13;839.6
1;2025-11-30;14;808.5
1;2025-11-30;15;738.3
1;2025-11-30;16;667.9
1;2025-11-30;17;642.7
1;2025-11-30;18;567.9
1;2025-11-30;19;499.3
1;2025-11-30;20;373.1
1;2025-11-30;21;278.6
1;2025-11-30;22;129.2
1;2025-11-30;23;30.6
1;2025-12-01;0;20.8
1;2025-12-01;1;1.6
1;2025-12-01;2;1.0
1;2025-12-01;3;1.6
1;2025-12-01;4;9.8
1;2025-12-01;5;139.0
1;2025-12-01;6;556.1
1;2025-12-01;7;1429.9
1;2025-12-01;8;2055.0
1;2025-12-01;9;1557.2
1;2025-12-01;10;1353.8
1;2025-12-01;11;1325.3
1;2025-12-01;12;1393.8
1;2025-12-01;13;1410.3
1;2025-12-01;14;1413.5
1;2025-12-01;15;1486.9
1;2025-12-01;16;1617.5
1;2025-12-01;17;1895.8
1;2025-12-01;18;2047.5
1;2025-12-01;19;1486.6
1;2025-12-01;20;947.9
1;2025-12-01;21;502.8
1;2025-12-01;22;210.5
1;2025-12-01;23;64.4
1;2025-12-02;0;22.2
1;2025-12-02;1;2.4
1;2025-12-02;2;1.1
1;2025-12-02;3;1.8
1;2025-12-02;4;12.2
1;2025-12-02;5;122.7
1;2025-12-02;6;563.7
1;2025-12-02;7;1533.6
1;2025-12-02;8;2114.9
1;2025-12-02;9;1605.3
1;2025-12-02;10;1410.7
1;2025-12-02;11;1367.8
1;2025-12-02;12;1396.0
1;2025-12-02;13;1455.4
1;2025-12-02;14;1350.1
1;2025-12-02;15;1456.3
1;2025-12-02;16;1576.8
1;2025-12-02;17;1874.1
1;2025-12-02;18;1992.9
1;2025-12-02;19;1501.0
1;2025-12-02;20;944.9
1;2025-12-02;21;547.0
1;2025-12-02;22;243.0
1;2025-12-02;23;76.8
1;2025-12-03;0;23.4
1;2025-12-03;1;2.8
1;2025-12-03;2;0.8
1;2025-12-03;3;2.2
1;2025-12-03;4;10.3
1;2025-12-03;5;139.9
1;2025-12-03;6;586.5
1;2025-12-03;7;1460.2
1;2025-12-03;8;2090.2
1;2025-12-03;9;1591.6
1;2025-12-03;10;1431.4
1;2025-12-03;11;1399.5
1;2025-12-03;12;1430.9
1;2025-12-03;13;1524.1
1;2025-12-03;14;1418.8
1;2025-12-03;15;1544.3
1;2025-12-03;16;1591.8
1;2025-12-03;17;1896.0
1;2025-12-03;18;1955.1
1;2025-12-03;19;1454.5
1;2025-12-03;20;955.5
1;2025-12-03;21;546.3
1;2025-12-03;22;276.6
1;2025-12-03;23;77.8
1;2025-12-04;0;25.1
1;2025-12-04;1;3.9
1;2025-12-04;2;0.9
1;2025-12-04;3;0.6
1;2025-12-04;4;11.1
1;2025-12-04;5;131.8
1;2025-12-04;6;555.0
1;2025-12-04;7;1487.3
1;2025-12-04;8;2067.3
1;2025-12-04;9;1582.2
1;2025-12-04;10;1408.5
1;2025-12-04;11;1369.0
1;2025-12-04;12;1437.7
1;2025-12-04;13;1487.5
1;2025-12-04;14;1407.5
1;2025-12-04;15;1543.0
1;2025-12-04;16;1618.4
1;2025-12-04;17;1884.3
1;2025-12-04;18;1999.5
1;2025-12-04;19;1423.8
1;2025-12-04;20;958.1
1;2025-12-04;21;543.1
1;2025-12-04;22;242.5
1;2025-12-04;23;91.2
1;2025-12-05;0;24.9
1;2025-12-05;1;2.9
1;2025-12-05;2;0.5
1;2025-12-05;3;0.9
1;2025-12-05;4;8.6
1;2025-12-05;5;135.0
1;2025-12-05;6;533.2
1;2025-12-05;7;1473.6
1;2025-12-05;8;1985.2
1;2025-12-05;9;1563.4
1;2025-12-05;10;1336.0
1;2025-12-05;11;1375.8
1;2025-12-05;12;1410.1
1;2025-12-05;13;1416.6
1;2025-12-05;14;1373.6
1;2025-12-05;15;1531.3
1;2025-12-05;16;1686.7
1;2025-12-05;17;1914.1
1;2025-12-05;18;1669.4
1;2025-12-05;19;1334.8
1;2025-12-05;20;872.1
1;2025-12-05;21;550.6
1;2025-12-05;22;258.5
1;2025-12-05;23;97.0
1;2025-12-06;0;38.0
1;2025-12-06;1;4.3
1;2025-12-06;2;0.2
1;2025-12-06;3;0.0
1;2025-12-06;4;0.2
1;2025-12-06;5;52.2
1;2025-12-06;6;223.9
1;2025-12-06;7;406.8
1;2025-12-06;8;582.7
1;2025-12-06;9;750.8
1;2025-12-06;10;860.7
1;2025-12-06;11;928.0
1;2025-12-06;12;1030.5
1;2025-12-06;13;1064.0
1;2025-12-06;14;1019.9
1;2025-12-06;15;932.5
1;2025-12-06;16;831.0
1;2025-12-06;17;793.6
1;2025-12-06;18;731.5
1;2025-12-06;19;680.3
1;2025-12-06;20;504.5
1;2025-12-06;21;360.4
1;2025-12-06;22;176.4
1;2025-12-06;23;64.6
1;2025-12-07;0;36.0
1;2025-12-07;1;2.9
1;2025-12-07;2;0.0
1;2025-12-07;3;0.0
1;2025-12-07;4;0.0
1;2025-12-07;5;29.7
1;2025-12-07;6;147.1
1;2025-12-07;7;277.6
1;2025-12-07;8;412.1
1;2025-12-07;9;591.6
1;2025-12-07;10;690.1
1;2025-12-07;11;777.5
1;2025-12-07;12;871.6
1;2025-12-07;13;896.9
1;2025-12-07;14;863.7
1;2025-12-07;15;788.7
1;2025-12-07;16;713.5
1;2025-12-07;17;686.6
1;2025-12-07;18;606.6
1;2025-12-07;19;533.4
1;2025-12-07;20;398.6
1;2025-12-07;21;297.6
1;2025-12-07;22;138.0
1;2025-12-07;23;32.7
1;2025-12-08;0;20.8
1;2025-12-08;1;1.6
1;2025-12-08;2;1.0
1;2025-12-08;3;1.6
1;2025-12-08;4;9.8
1;2025-12-08;5;139.0
1;2025-12-08;6;556.1
1;2025-12-08;7;1429.9
1;2025-12-08;8;2055.0
1;2025-12-08;9;1557.2
1;2025-12-08;10;1353.8
1;2025-12-08;11;1325.3
1;2025-12-08;12;1393.8
1;2025-12-08;13;1410.3
1;2025-12-08;14;1413.5
1;2025-12-08;15;1486.9
1;2025-12-08;16;1617.5
1;2025-12-08;17;1895.8
1;2025-12-08;18;2047.5
1;2025-12-08;19;1486.6
1;2025-12-08;20;947.9
1;2025-12-08;21;502.8
1;2025-12-08;22;210.5
1;2025-12-08;23;64.4
1;2025-12-09;0;22.2
1;2025-12-09;1;2.4
1;2025-12-09;2;1.1
1;2025-12-09;3;1.8
1;2025-12-09;4;12.2
1;2025-12-09;5;122.7
1;2025-12-09;6;563.7
1;2025-12-09;7;1533.6
1;2025-12-09;8;2114.9
1;2025-12-09;9;1605.3
1;2025-12-09;10;1410.7
1;2025-12-09;11;1367.8
1;2025-12-09;12;1396.0
1;2025-12-09;13;1455.4
1;2025-12-09;14;1350.1
1;2025-12-09;15;1456.3
1;2025-12-09;16;1576.8
1;2025-12-09;17;1874.1
1;2025-12-09;18;1992.9
1;2025-12-09;19;1501.0
1;2025-12-09;20;944.9
1;2025-12-09;21;547.0
1;2025-12-09;22;243.0
1;2025-12-09;23;76.8
1;2025-12-10;0;23.4
1;2025-12-10;1;2.8
1;2025-12-10;2;0.8
1;2025-12-10;3;2.2
1;2025-12-10;4;10.3
1;2025-12-10;5;139.9
1;2025-12-10;6;586.5
1;2025-12-10;7;1460.2
1;2025-12-10;8;2090.2
1;2025-12-10;9;1591.6
1;2025-12-10;10;1431.4
1;2025-12-10;11;1399.5
1;2025-12-10;12;1430.9
1;2025-12-10;13;1524.1
1;2025-12-10;14;1418.8
1;2025-12-10;15;1544.3
1;2025-12-10;16;1591.8
1;2025-12-10;17;1896.0
1;2025-12-10;18;1955.1
1;2025-12-10;19;1454.5
1;2025-12-10;20;955.5
1;2025-12-10;21;546.3
1;2025-12-10;22;276.6
1;2025-12-10;23;77.8
1;2025-12-11;0;25.1
1;2025-12-11;1;3.9
1;2025-12-11;2;0.9
1;2025-12-11;3;0.6
1;2025-12-11;4;11.1
1;2025-12-11;5;131.8
1;2025-12-11;6;555.0
1;2025-12-11;7;1487.3
1;2025-12-11;8;2067.3
1;2025-12-11;9;1582.2
1;2025-12-11;10;1408.5
1;2025-12-11;11;1369.0
1;2025-12-11;12;1437.7
1;2025-12-11;13;1487.5
1;2025-12-11;14;1407.5
1;2025-12-11;15;1543.0
1;2025-12-11;16;1618.4
1;2025-12-11;17;1884.3
1;2025-12-11;18;1999.5
1;2025-12-11;19;1423.8
1;2025-12-11;20;958.1
1;2025-12-11;21;543.1
1;2025-12-11;22;242.5
1;2025-12-11;23;91.2
1;2025-12-12;0;24.9
1;2025-12-12;1;2.9
1;2025-12-12;2;0.5
1;2025-12-12;3;0.9
1;2025-12-12;4;8.6
1;2025-12-12;5;135.0
1;2025-12-12;6;533.2
1;2025-12-12;7;1473.6
1;2025-12-12;8;1985.2
1;2025-12-12;9;1563.4
1;2025-12-12;10;1336.0
1;2025-12-12;11;1375.8
1;2025-12-12;12;1410.1
1;2025-12-12;13;1416.6
1;2025-12-12;14;1373.6
1;2025-12-12;15;1531.3
1;2025-12-12;16;1686.7
1;2025-12-12;17;1914.1
1;2025-12-12;18;1669.4
1;2025-12-12;19;1334.8
1;2025-12-12;20;872.1
1;2025-12-12;21;550.6
1;2025-12-12;22;258.5
1;2025-12-12;23;97.0
1;2025-12-13;0;38.0
1;2025-12-13;1;4.3
1;2025-12-13;2;0.2
1;2025-12-13;3;0.0
1;2025-12-13;4;0.2
1;2025-12-13;5;52.2
1;2025-12-13;6;223.9
1;2025-12-13;7;406.8
1;2025-12-13;8;582.7
1;2025-12-13;9;750.8
1;2025-12-13;10;860.7
1;2025-12-13;11;928.0
1;2025-12-13;12;1030.5
1;2025-12-13;13;1064.0
1;2025-12-13;14;1019.9
1;2025-12-13;15;932.5
1;2025-12-13;16;831.0
1;2025-12-13;17;793.6
1;2025-12-13;18;731.5
1;2025-12-13;19;680.3
1;2025-12-13;20;504.5
1;2025-12-13;21;360.4
1;2025-12-13;22;176.4
1;2025-12-13;23;64.6
1;2025-12-14;0;36.0
1;2025-12-14;1;2.9
1;2025-12-14;2;0.0
1;2025-12-14;3;0.0
1;2025-12-14;4;0.0
1;2025-12-14;5;29.7
1;2025-12-14;6;147.1
1;2025-12-14;7;277.6
1;2025-12-14;8;412.1
1;2025-12-14;9;591.6
1;2025-12-14;10;690.1
1;2025-12-14;11;777.5
1;2025-12-14;12;871.6
1;2025-12-14;13;896.9
1;2025-12-14;14;863.7
1;2025-12-14;15;788.7
1;2025-12-14;16;713.5
1;2025-12-14;17;686.6
1;2025-12-14;18;606.6
1;2025-12-14;19;533.4
1;2025-12-14;20;398.6
1;2025-12-14;21;297.6
1;2025-12-14;22;138.0
1;2025-12-14;23;32.7
1;2025-12-15;0;20.8
1;2025-12-15;1;1.6
1;2025-12-15;2;1.0
1;2025-12-15;3;1.6
1;2025-12-15;4;9.8
1;2025-12-15;5;139.0
1;2025-12-15;6;556.1
1;2025-12-15;7;1429.9
1;2025-12-15;8;2055.0
1;2025-12-15;9;1557.2
1;2025-12-15;10;1353.8
1;2025-12-15;11;1325.3
1;2025-12-15;12;1393.8
1;2025-12-15;13;1410.3
1;2025-12-15;14;1413.5
1;2025-12-15;15;1486.9
1;2025-12-15;16;1617.5
1;2025-12-15;17;1895.8
1;2025-12-15;18;2047.5
1;2025-12-15;19;1486.6
1;2025-12-15;20;947.9
1;2025-12-15;21;502.8
1;2025-12-15;22;210.5
1;2025-12-15;23;64.4
1;2025-12-16;0;22.2
1;2025-12-16;1;2.4
1;2025-12-16;2;1.1
1;2025-12-16;3;1.8
1;2025-12-16;4;12.2
1;2025-12-16;5;122.7
1;2025-12-16;6;563.7
1;2025-12-16;7;1533.6
1;2025-12-16;8;2114.9
1;2025-12-16;9;1605.3
1;2025-12-16;10;1410.7
1;2025-12-16;11;1367.8
1;2025-12-16;12;1396.0
1;2025-12-16;13;1455.4
1;2025-12-16;14;1350.1
1;2025-12-16;15;1456.3
1;2025-12-16;16;1576.8
1;2025-12-16;17;1874.1
1;2025-12-16;18;1992.9
1;2025-12-16;19;1501.0
1;2025-12-16;20;944.9
1;2025-12-16;21;547.0
1;2025-12-16;22;243.0
1;2025-12-16;23;76.8
1;2025-12-17;0;23.4
1;2025-12-17;1;2.8
1;2025-12-17;2;0.8
1;2025-12-17;3;2.2
1;2025-12-17;4;10.3
1;2025-12-17;5;139.9
1;2025-12-17;6;586.5
1;2025-12-17;7;1460.2
1;2025-12-17;8;2090.2
1;2025-12-17;9;1591.6
1;2025-12-17;10;1431.4
1;2025-12-17;11;1399.5
1;2025-12-17;12;1430.9
1;2025-12-17;13;1524.1
1;2025-12-17;14;1418.8
1;2025-12-17;15;1544.3
1;2025-12-17;16;1591.8
1;2025-12-17;17;1896.0
1;2025-12-17;18;1955.1
1;2025-12-17;19;1454.5
1;2025-12-17;20;955.5
1;2025-12-17;21;546.3
1;2025-12-17;22;276.6
1;2025-12-17;23;77.8
1;2025-12-18;0;25.1
1;2025-12-18;1;3.9
1;2025-12-18;2;0.9
1;2025-12-18;3;0.6
1;2025-12-18;4;11.1
1;2025-12-18;5;131.8
1;2025-12-18;6;555.0
1;2025-12-18;7;1487.3
1;2025-12-18;8;2067.3
1;2025-12-18;9;1582.2
1;2025-12-18;10;1408.5
1;2025-12-18;11;1369.0
1;2025-12-18;12;1437.7
1;2025-12-18;13;1487.5
1;2025-12-18;14;1407.5
1;2025-12-18;15;1543.0
1;2025-12-18;16;1618.4
1;2025-12-18;17;1884.3
1;2025-12-18;18;1999.5
1;2025-12-18;19;1423.8
1;2025-12-18;20;958.1
1;2025-12-18;21;543.1
1;2025-12-18;22;242.5
1;2025-12-18;23;91.2
1;2025-12-19;0;24.9
1;2025-12-19;1;2.9
1;2025-12-19;2;0.5
1;2025-12-19;3;0.9
1;2025-12-19;4;8.6
1;2025-12-19;5;135.0
1;2025-12-19;6;533.2
1;2025-12-19;7;1473.6
1;2025-12-19;8;1985.2
1;2025-12-19;9;1563.4
1;2025-12-19;10;1336.0
1;2025-12-19;11;1375.8
1;2025-12-19;12;1410.1
1;2025-12-19;13;1416.6
1;2025-12-19;14;1373.6
1;2025-12-19;15;1531.3
1;2025-12-19;16;1686.7
1;2025-12-19;17;1914.1
1;2025-12-19;18;1669.4
1;2025-12-19;19;1334.8
1;2025-12-19;20;872.1
1;2025-12-19;21;550.6
1;2025-12-19;22;258.5
1;2025-12-19;23;97.0
1;2025-12-20;0;38.0
1;2025-12-20;1;4.3
1;2025-12-20;2;0.2
1;2025-12-20;3;0.0
1;2025-12-20;4;0.2
1;2025-12-20;5;52.2
1;2025-12-20;6;223.9
1;2025-12-20;7;406.8
1;2025-12-20;8;582.7
1;2025-12-20;9;750.8
1;2025-12-20;10;860.7
1;2025-12-20;11;928.0
1;2025-12-20;12;1030.5
1;2025-12-20;13;1064.0
1;2025-12-20;14;1019.9
1;2025-12-20;15;932.5
1;2025-12-20;16;831.0
1;2025-12-20;17;793.6
1;2025-12-20;18;731.5
1;2025-12-20;19;680.3
1;2025-12-20;20;504.5
1;2025-12-20;21;360.4
1;2025-12-20;22;176.4
1;2025-12-20;23;64.6
1;2025-12-21;0;36.0
1;2025-12-21;1;2.9
1;2025-12-21;2;0.0
1;2025-12-21;3;0.0
1;2025-12-21;4;0.0
1;2025-12-21;5;29.7
1;2025-12-21;6;147.1
1;2025-12-21;7;277.6
1;2025-12-21;8;412.1
1;2025-12-21;9;591.6
1;2025-12-21;10;690.1
1;2025-12-21;11;777.5
1;2025-12-21;12;871.6
1;2025-12-21;13;896.9
1;2025-12-21;14;863.7
1;2025-12-21;15;788.7
1;2025-12-21;16;713.5
1;2025-12-21;17;686.6
1;2025-12-21;18;606.6
1;2025-12-21;19;533.4
1;2025-12-21;20;398.6
1;2025-12-21;21;297.6
1;2025-12-21;22;138.0
1;2025-12-21;23;32.7
1;2025-12-22;0;20.8
1;2025-12-22;1;1.6
1;2025-12-22;2;1.0
1;2025-12-22;3;1.6
1;2025-12-22;4;9.8
1;2025-12-22;5;139.0
1;2025-12-22;6;556.1
1;2025-12-22;7;1429.9
1;2025-12-22;8;2055.0
1;2025-12-22;9;1557.2
1;2025-12-22;10;1353.8
1;2025-12-22;11;1325.3
1;2025-12-22;12;1393.8
1;2025-12-22;13;1410.3
1;2025-12-22;14;1413.5
1;2025-12-22;15;1486.9
1;2025-12-22;16;1617.5
1;2025-12-22;17;1895.8
1;2025-12-22;18;2047.5
1;2025-12-22;19;1486.6
1;2025-12-22;20;947.9
1;2025-12-22;21;502.8
1;2025-12-22;22;210.5
1;2025-12-22;23;64.4
1;2025-12-23;0;22.2
1;2025-12-23;1;2.4
1;2025-12-23;2;1.1
1;2025-12-23;3;1.8
1;2025-12-23;4;12.2
1;2025-12-23;5;122.7
1;2025-12-23;6;563.7
1;2025-12-23;7;1533.6
1;2025-12-23;8;2114.9
1;2025-12-23;9;1605.3
1;2025-12-23;10;1410.7
1;2025-12-23;11;1367.8
1;2025-12-23;12;1396.0
1;2025-12-23;13;1455.4
1;2025-12-23;14;1350.1
1;2025-12-23;15;1456.3
1;2025-12-23;16;1576.8
1;2025-12-23;17;1874.1
1;2025-12-23;18;1992.9
1;2025-12-23;19;1501.0
1;2025-12-23;20;944.9
1;2025-12-23;21;547.0
1;2025-12-23;22;243.0
1;2025-12-23;23;76.8
1;2025-12-24;0;23.4
1;2025-12-24;1;2.8
1;2025-12-24;2;0.8
1;2025-12-24;3;2.2
1;2025-12-24;4;10.3
1;2025-12-24;5;139.9
1;2025-12-24;6;586.5
1;2025-12-24;7;1460.2
1;2025-12-24;8;2090.2
1;2025-12-24;9;1591.6
1;2025-12-24;10;1431.4
1;2025-12-24;11;1399.5
1;2025-12-24;12;1430.9
1;2025-12-24;13;1524.1
1;2025-12-24;14;1418.8
1;2025-12-24;15;1544.3
1;2025-12-24;16;1591.8
1;2025-12-24;17;1896.0
1;2025-12-24;18;1955.1
1;2025-12-24;19;1454.5
1;2025-12-24;20;955.5
1;2025-12-24;21;546.3
1;2025-12-24;22;276.6
1;2025-12-24;23;77.8
1;2025-12-25;0;25.1
1;2025-12-25;1;3.9
1;2025-12-25;2;0.9
1;2025-12-25;3;0.6
1;2025-12-25;4;11.1
1;2025-12-25;5;131.8
1;2025-12-25;6;555.0
1;2025-12-25;7;1487.3
1;2025-12-25;8;2067.3
1;2025-12-25;9;1582.2
1;2025-12-25;10;1408.5
1;2025-12-25;11;1369.0
1;2025-12-25;12;1437.7
1;2025-12-25;13;1487.5
1;2025-12-25;14;1407.5
1;2025-12-25;15;1543.0
1;2025-12-25;16;1618.4
1;2025-12-25;17;1884.3
1;2025-12-25;18;1999.5
1;2025-12-25;19;1423.8
1;2025-12-25;20;958.1
1;2025-12-25;21;543.1
1;2025-12-25;22;242.5
1;2025-12-25;23;91.2
1;2025-12-26;0;24.9
1;2025-12-26;1;2.9
1;2025-12-26;2;0.5
1;2025-12-26;3;0.9
1;2025-12-26;4;8.6
1;2025-12-26;5;135.0
1;2025-12-26;6;533.2
1;2025-12-26;7;1473.6
1;2025-12-26;8;1985.2
1;2025-12-26;9;1563.4
1;2025-12-26;10;1336.0
1;2025-12-26;11;1375.8
1;2025-12-26;12;1410.1
1;2025-12-26;13;1416.6
1;2025-12-26;14;1373.6
1;2025-12-26;15;1531.3
1;2025-12-26;16;1686.7
1;2025-12-26;17;1914.1
1;2025-12-26;18;1669.4
1;2025-12-26;19;1334.8
1;2025-12-26;20;872.1
1;2025-12-26;21;550.6
1;2025-12-26;22;258.5
1;2025-12-26;23;97.0
1;2025-12-27;0;38.0
1;2025-12-27;1;4.3
1;2025-12-27;2;0.2
1;2025-12-27;3;0.0
1;2025-12-27;4;0.2
1;2025-12-27;5;52.2
1;2025-12-27;6;223.9
1;2025-12-27;7;406.8
1;2025-12-27;8;582.7
1;2025-12-27;9;750.8
1;2025-12-27;10;860.7
1;2025-12-27;11;928.0
1;2025-12-27;12;1030.5
1;2025-12-27;13;1064.0
1;2025-12-27;14;1019.9
1;2025-12-27;15;932.5
1;2025-12-27;16;831.0
1;2025-12-27;17;793.6
1;2025-12-27;18;731.5
1;2025-12-27;19;680.3
1;2025-12-27;20;504.5
1;2025-12-27;21;360.4
1;2025-12-27;22;176.4
1;2025-12-27;23;64.6
1;2025-12-28;0;36.0
1;2025-12-28;1;2.9
1;2025-12-28;2;0.0
1;2025-12-28;3;0.0
1;2025-12-28;4;0.0
1;2025-12-28;5;29.7
1;2025-12-28;6;147.1
1;2025-12-28;7;277.6
1;2025-12-28;8;412.1
1;2025-12-28;9;591.6
1;2025-12-28;10;690.1
1;2025-12-28;11;777.5
1;2025-12-28;12;871.6
1;2025-12-28;13;896.9
1;2025-12-28;14;863.7
1;2025-12-28;15;788.7
1;2025-12-28;16;713.5
1;2025-12-28;17;686.6
1;2025-12-28;18;606.6
1;2025-12-28;19;533.4
1;2025-12-28;20;398.6
1;2025-12-28;21;297.6
1;2025-12-28;22;138.0
1;2025-12-28;23;32.7
1;2025-12-29;0;20.8
1;2025-12-29;1;1.6
1;2025-12-29;2;1.0
1;2025-12-29;3;1.6
1;2025-12-29;4;9.8
1;2025-12-29;5;139.0
1;2025-12-29;6;556.1
1;2025-12-29;7;1429.9
1;2025-12-29;8;2055.0
1;2025-12-29;9;1557.2
1;2025-12-29;10;1353.8
1;2025-12-29;11;1325.3
1;2025-12-29;12;1393.8
1;2025-12-29;13;1410.3
1;2025-12-29;14;1413.5
1;2025-12-29;15;1486.9
1;2025-12-29;16;1617.5
1;2025-12-29;17;1895.8
1;2025-12-29;18;2047.5
1;2025-12-29;19;1486.6
1;2025-12-29;20;947.9
1;2025-12-29;21;502.8
1;2025-12-29;22;210.5
1;2025-12-29;23;64.4
1;2025-12-30;0;18.8
1;2025-12-30;1;2.1
1;2025-12-30;2;1.3
1;2025-12-30;3;2.6
1;2025-12-30;4;13.6
1;2025-12-30;5;123.0
1;2025-12-30;6;565.6
1;2025-12-30;7;1521.5
1;2025-12-30;8;2104.8
1;2025-12-30;9;1606.4
1;2025-12-30;10;1410.2
1;2025-12-30;11;1388.3
1;2025-12-30;12;1425.6
1;2025-12-30;13;1502.6
1;2025-12-30;14;1417.1
1;2025-12-30;15;1535.1
1;2025-12-30;16;1651.5
1;2025-12-30;17;1857.2
1;2025-12-30;18;1801.4
1;2025-12-30;19;1426.6
1;2025-12-30;20;924.5
1;2025-12-30;21;550.5
1;2025-12-30;22;253.2
1;2025-12-30;23;92.6
1;2025-12-31;0;31.8
1;2025-12-31;1;0.0
1;2025-12-31;2;0.0
1;2025-12-31;3;1.6
1;2025-12-31;4;0.0
1;2025-12-31;5;7.5
1;2025-12-31;6;113.6
1;2025-12-31;7;229.3
1;2025-12-31;8;320.7
1;2025-12-31;9;407.4
1;2025-12-31;10;486.3
1;2025-12-31;11;584.3
1;2025-12-31;12;699.8
1;2025-12-31;13;761.8
1;2025-12-31;14;737.0
1;2025-12-31;15;700.4
1;2025-12-31;16;627.2
1;2025-12-31;17;606.4
1;2025-12-31;18;569.6
1;2025-12-31;19;531.1
1;2025-12-31;20;375.9
1;2025-12-31;21;268.9
1;2025-12-31;22;116.2
1;2025-12-31;23;12.8
5;2025-11-01;0;0.0
5;2025-11-01;1;0.0
5;2025-11-01;2;0.0
5;2025-11-01;3;0.0
5;2025-11-01;4;0.0
5;2025-11-01;5;0.0
5;2025-11-01;6;0.0
5;2025-11-01;7;0.0
5;2025-11-01;8;0.0
5;2025-11-01;9;0.0
5;2025-11-01;10;0.0
5;2025-11-01;11;0.0
5;2025-11-01;12;0.0
5;2025-11-01;13;0.0
5;2025-11-01;14;0.0
5;2025-11-01;15;0.0
5;2025-11-01;16;0.0
5;2025-11-01;17;0.0
5;2025-11-01;18;0.0
5;2025-11-01;19;0.0
5;2025-11-01;20;0.0
5;2025-11-01;21;0.0
5;2025-11-01;22;0.0
5;2025-11-01;23;0.0
5;2025-11-02;0;0.0
5;2025-11-02;1;0.0
5;2025-11-02;2;0.0
5;2025-11-02;3;0.0
5;2025-11-02;4;0.0
5;2025-11-02;5;0.0
5;2025-11-02;6;0.0
5;2025-11-02;7;0.0
5;2025-11-02;8;0.0
5;2025-11-02;9;0.0
5;2025-11-02;10;0.0
5;2025-11-02;11;0.0
5;2025-11-02;12;0.0
5;2025-11-02;13;0.0
5;2025-11-02;14;0.0
5;2025-11-02;15;0.0
5;2025-11-02;16;0.0
5;2025-11-02;17;0.0
5;2025-11-02;18;0.0
5;2025-11-02;19;0.0
5;2025-11-02;20;0.0
5;2025-11-02;21;0.0
5;2025-11-02;22;0.0
5;2025-11-02;23;0.0
5;2025-11-03;0;0.0
5;2025-11-03;1;0.0
5;2025-11-03;2;0.0
5;2025-11-03;3;0.0
5;2025-11-03;4;0.0
5;2025-11-03;5;0.0
5;2025-11-03;6;0.0
5;2025-11-03;7;0.0
5;2025-11-03;8;0.0
5;2025-11-03;9;0.0
5;2025-11-03;10;0.0
5;2025-11-03;11;0.0
5;2025-11-03;12;0.0
5;2025-11-03;13;0.0
5;2025-11-03;14;0.0
5;2025-11-03;15;0.0
5;2025-11-03;16;0.0
5;2025-11-03;17;0.0
5;2025-11-03;18;0.0
5;2025-11-03;19;0.0
5;2025-11-03;20;0.0
5;2025-11-03;21;0.0
5;2025-11-03;22;0.0
5;2025-11-03;23;0.0
5;2025-11-04;0;0.0
5;2025-11-04;1;0.0
5;2025-11-04;2;0.0
5;2025-11-04;3;0.0
5;2025-11-04;4;0.0
5;2025-11-04;5;0.0
5;2025-11-04;6;0.0
5;2025-11-04;7;0.0
5;2025-11-04;8;0.0
5;2025-11-04;9;0.0
5;2025-11-04;10;0.0
5;2025-11-04;11;0.0
5;2025-11-04;12;0.0
5;2025-11-04;13;0.0
5;2025-11-04;14;0.0
5;2025-11-04;15;0.0
5;2025-11-04;16;0.0
5;2025-11-04;17;0.0
5;2025-11-04;18;0.0
5;2025-11-04;19;0.0
5;2025-11-04;20;0.0
5;2025-11-04;21;0.0
5;2025-11-04;22;0.0
5;2025-11-04;23;0.0
5;2025-11-05;0;0.0
5;2025-11-05;1;0.0
5;2025-11-05;2;0.0
5;2025-11-05;3;0.0
5;2025-11-05;4;0.0
5;2025-11-05;5;0.0
5;2025-11-05;6;0.0
5;2025-11-05;7;0.0
5;2025-11-05;8;0.0
5;2025-11-05;9;0.0
5;2025-11-05;10;0.0
5;2025-11-05;11;0.0
5;2025-11-05;12;0.0
5;2025-11-05;13;0.0
5;2025-11-05;14;0.0
5;2025-11-05;15;0.0
5;2025-11-05;16;0.0
5;2025-11-05;17;0.0
5;2025-11-05;18;0.0
5;2025-11-05;19;0.0
5;2025-11-05;20;0.0
5;2025-11-05;21;0.0
5;2025-11-05;22;0.0
5;2025-11-05;23;0.0
5;2025-11-06;0;0.0
5;2025-11-06;1;0.0
5;2025-11-06;2;0.0
5;2025-11-06;3;0.0
5;2025-11-06;4;0.0
5;2025-11-06;5;0.0
5;2025-11-06;6;0.0
5;2025-11-06;7;0.0
5;2025-11-06;8;0.0
5;2025-11-06;9;0.0
5;2025-11-06;10;0.0
5;2025-11-06;11;0.0
5;2025-11-06;12;0.0
5;2025-11-06;13;0.0
5;2025-11-06;14;0.0
5;2025-11-06;15;0.0
5;2025-11-06;16;0.0
5;2025-11-06;17;0.0
5;2025-11-06;18;0.0
5;2025-11-06;19;0.0
5;2025-11-06;20;0.0
5;2025-11-06;21;0.0
5;2025-11-06;22;0.0
5;2025-11-06;23;0.0
5;2025-11-07;0;0.0
5;2025-11-07;1;0.0
5;2025-11-07;2;0.0
5;2025-11-07;3;0.0
5;2025-11-07;4;0.0
5;2025-11-07;5;0.0
5;2025-11-07;6;0.0
5;2025-11-07;7;0.0
5;2025-11-07;8;0.0
5;2025-11-07;9;0.0
5;2025-11-07;10;0.0
5;2025-11-07;11;0.0
5;2025-11-07;12;0.0
5;2025-11-07;13;0.0
5;2025-11-07;14;0.0
5;2025-11-07;15;0.0
5;2025-11-07;16;0.0
5;2025-11-07;17;0.0
5;2025-11-07;18;0.0
5;2025-11-07;19;0.0
5;2025-11-07;20;0.0
5;2025-11-07;21;0.0
5;2025-11-07;22;0.0
5;2025-11-07;23;0.0
5;2025-11-08;0;0.0
5;2025-11-08;1;0.0
5;2025-11-08;2;0.0
5;2025-11-08;3;0.0
5;2025-11-08;4;0.0
5;2025-11-08;5;0.0
5;2025-11-08;6;0.0
5;2025-11-08;7;0.0
5;2025-11-08;8;0.0
5;2025-11-08;9;0.0
5;2025-11-08;10;0.0
5;2025-11-08;11;0.0
5;2025-11-08;12;0.0
5;2025-11-08;13;0.0
5;2025-11-08;14;0.0
5;2025-11-08;15;0.0
5;2025-11-08;16;0.0
5;2025-11-08;17;0.0
5;2025-11-08;18;0.0
5;2025-11-08;19;0.0
5;2025-11-08;20;0.0
5;2025-11-08;21;0.0
5;2025-11-08;22;0.0
5;2025-11-08;23;0.0
5;2025-11-09;0;0.0
5;2025-11-09;1;0.0
5;2025-11-09;2;0.0
5;2025-11-09;3;0.0
5;2025-11-09;4;0.0
5;2025-11-09;5;0.0
5;2025-11-09;6;0.0
5;2025-11-09;7;0.0
5;2025-11-09;8;0.0
5;2025-11-09;9;0.0
5;2025-11-09;10;0.0
5;2025-11-09;11;0.0
5;2025-11-09;12;0.0
5;2025-11-09;13;0.0
5;2025-11-09;14;0.0
5;2025-11-09;15;0.0
5;2025-11-09;16;0.0
5;2025-11-09;17;0.0
5;2025-11-09;18;0.0
5;2025-11-09;19;0.0
5;2025-11-09;20;0.0
5;2025-11-09;21;0.0
5;2025-11-09;22;0.0
5;2025-11-09;23;0.0
5;2025-11-10;0;0.0
5;2025-11-10;1;0.0
5;2025-11-10;2;0.0
5;2025-11-10;3;0.0
5;2025-11-10;4;0.0
5;2025-11-10;5;0.0
5;2025-11-10;6;0.0
5;2025-11-10;7;0.0
5;2025-11-10;8;0.0
5;2025-11-10;9;0.0
5;2025-11-10;10;0.0
5;2025-11-10;11;0.0
5;2025-11-10;12;0.0
5;2025-11-10;13;0.0
5;2025-11-10;14;0.0
5;2025-11-10;15;0.0
5;2025-11-10;16;0.0
5;2025-11-10;17;0.0
5;2025-11-10;18;0.0
5;2025-11-10;19;0.0
5;2025-11-10;20;0.0
5;2025-11-10;21;0.0
5;2025-11-10;22;0.0
5;2025-11-10;23;0.0
5;2025-11-11;0;0.0
5;2025-11-11;1;0.0
5;2025-11-11;2;0.0
5;2025-11-11;3;0.0
5;2025-11-11;4;0.0
5;2025-11-11;5;0.0
5;2025-11-11;6;0.0
5;2025-11-11;7;0.0
5;2025-11-11;8;0.0
5;2025-11-11;9;0.0
5;2025-11-11;10;0.0
5;2025-11-11;11;0.0
5;2025-11-11;12;0.0
5;2025-11-11;13;0.0
5;2025-11-11;14;0.0
5;2025-11-11;15;0.0
5;2025-11-11;16;0.0
5;2025-11-11;17;0.0
5;2025-11-11;18;0.0
5;2025-11-11;19;0.0
5;2025-11-11;20;0.0
5;2025-11-11;21;0.0
5;2025-11-11;22;0.0
5;2025-11-11;23;0.0
5;2025-11-12;0;0.0
5;2025-11-12;1;0.0
5;2025-11-12;2;0.0
5;2025-11-12;3;0.0
5;2025-11-12;4;0.0
5;2025-11-12;5;0.0
5;2025-11-12;6;0.0
5;2025-11-12;7;0.0
5;2025-11-12;8;0.0
5;2025-11-12;9;0.0
5;2025-11-12;10;0.0
5;2025-11-12;11;0.0
5;2025-11-12;12;0.0
5;2025-11-12;13;0.0
5;2025-11-12;14;0.0
5;2025-11-12;15;0.0
5;2025-11-12;16;0.0
5;2025-11-12;17;0.0
5;2025-11-12;18;0.0
5;2025-11-12;19;0.0
5;2025-11-12;20;0.0
5;2025-11-12;21;0.0
5;2025-11-12;22;0.0
5;2025-11-12;23;0.0
5;2025-11-13;0;0.0
5;2025-11-13;1;0.0
5;2025-11-13;2;0.0
5;2025-11-13;3;0.0
5;2025-11-13;4;0.0
5;2025-11-13;5;0.0
5;2025-11-13;6;0.0
5;2025-11-13;7;0.0
5;2025-11-13;8;0.0
5;2025-11-13;9;0.0
5;2025-11-13;10;0.0
5;2025-11-13;11;0.0
5;2025-11-13;12;0.0
5;2025-11-13;13;0.0
5;2025-11-13;14;0.0
5;2025-11-13;15;0.0
5;2025-11-13;16;0.0
5;2025-11-13;17;0.0
5;2025-11-13;18;0.0
5;2025-11-13;19;0.0
5;2025-11-13;20;0.0
5;2025-11-13;21;0.0
5;2025-11-13;22;0.0
5;2025-11-13;23;0.0
5;2025-11-14;0;0.0
5;2025-11-14;1;0.0
5;2025-11-14;2;0.0
5;2025-11-14;3;0.0
5;2025-11-14;4;0.0
5;2025-11-14;5;0.0
5;2025-11-14;6;0.0
5;2025-11-14;7;0.0
5;2025-11-14;8;0.0
5;2025-11-14;9;0.0
5;2025-11-14;10;0.0
5;2025-11-14;11;0.0
5;2025-11-14;12;0.0
5;2025-11-14;13;0.0
5;2025-11-14;14;0.0
5;2025-11-14;15;0.0
5;2025-11-14;16;0.0
5;2025-11-14;17;0.0
5;2025-11-14;18;0.0
5;2025-11-14;19;0.0
5;2025-11-14;20;0.0
5;2025-11-14;21;0.0
5;2025-11-14;22;0.0
5;2025-11-14;23;0.0
5;2025-11-15;0;0.0
5;2025-11-15;1;0.0
5;2025-11-15;2;0.0
5;2025-11-15;3;0.0
5;2025-11-15;4;0.0
5;2025-11-15;5;0.0
5;2025-11-15;6;0.0
5;2025-11-15;7;0.0
5;2025-11-15;8;0.0
5;2025-11-15;9;0.0
5;2025-11-15;10;0.0
5;2025-11-15;11;0.0
5;2025-11-15;12;0.0
5;2025-11-15;13;0.0
5;2025-11-15;14;0.0
5;2025-11-15;15;0.0
5;2025-11-15;16;0.0
5;2025-11-15;17;0.0
5;2025-11-15;18;0.0
5;2025-11-15;19;0.0
5;2025-11-15;20;0.0
5;2025-11-15;21;0.0
5;2025-11-15;22;0.0
5;2025-11-15;23;0.0
5;2025-11-16;0;0.0
5;2025-11-16;1;0.0
5;2025-11-16;2;0.0
5;2025-11-16;3;0.0
5;2025-11-16;4;0.0
5;2025-11-16;5;0.0
5;2025-11-16;6;0.0
5;2025-11-16;7;0.0
5;2025-11-16;8;0.0
5;2025-11-16;9;0.0
5;2025-11-16;10;0.0
5;2025-11-16;11;0.0
5;2025-11-16;12;0.0
5;2025-11-16;13;0.0
5;2025-11-16;14;0.0
5;2025-11-16;15;0.0
5;2025-11-16;16;0.0
5;2025-11-16;17;0.0
5;2025-11-16;18;0.0
5;2025-11-16;19;0.0
5;2025-11-16;20;0.0
5;2025-11-16;21;0.0
5;2025-11-16;22;0.0
5;2025-11-16;23;0.0
5;2025-11-17;0;0.0
5;2025-11-17;1;0.0
5;2025-11-17;2;0.0
5;2025-11-17;3;0.0
5;2025-11-17;4;0.0
5;2025-11-17;5;0.0
5;2025-11-17;6;0.0
5;2025-11-17;7;0.0
5;2025-11-17;8;0.0
5;2025-11-17;9;0.0
5;2025-11-17;10;0.0
5;2025-11-17;11;0.0
5;2025-11-17;12;0.0
5;2025-11-17;13;0.0
5;2025-11-17;14;0.0
5;2025-11-17;15;0.0
5;2025-11-17;16;0.0
5;2025-11-17;17;0.0
5;2025-11-17;18;0.0
5;2025-11-17;19;0.0
5;2025-11-17;20;0.0
5;2025-11-17;21;0.0
5;2025-11-17;22;0.0
5;2025-11-17;23;0.0
5;2025-11-18;0;0.0
5;2025-11-18;1;0.0
5;2025-11-18;2;0.0
5;2025-11-18;3;0.0
5;2025-11-18;4;0.0
5;2025-11-18;5;0.0
5;2025-11-18;6;0.0
5;2025-11-18;7;0.0
5;2025-11-18;8;0.0
5;2025-11-18;9;0.0
5;2025-11-18;10;0.0
5;2025-11-18;11;0.0
5;2025-11-18;12;0.0
5;2025-11-18;13;0.0
5;2025-11-18;14;0.0
5;2025-11-18;15;0.0
5;2025-11-18;16;0.0
5;2025-11-18;17;0.0
5;2025-11-18;18;0.0
5;2025-11-18;19;0.0
5;2025-11-18;20;0.0
5;2025-11-18;21;0.0
5;2025-11-18;22;0.0
5;2025-11-18;23;0.0
5;2025-11-19;0;0.0
5;2025-11-19;1;0.0
5;2025-11-19;2;0.0
5;2025-11-19;3;0.0
5;2025-11-19;4;0.0
5;2025-11-19;5;0.0
5;2025-11-19;6;0.0
5;2025-11-19;7;0.0
5;2025-11-19;8;0.0
5;2025-11-19;9;0.0
5;2025-11-19;10;0.0
5;2025-11-19;11;0.0
5;2025-11-19;12;0.0
5;2025-11-19;13;0.0
5;2025-11-19;14;0.0
5;2025-11-19;15;0.0
5;2025-11-19;16;0.0
5;2025-11-19;17;0.0
5;2025-11-19;18;0.0
5;2025-11-19;19;0.0
5;2025-11-19;20;0.0
5;2025-11-19;21;0.0
5;2025-11-19;22;0.0
5;2025-11-19;23;0.0
5;2025-11-20;0;0.0
5;2025-11-20;1;0.0
5;2025-11-20;2;0.0
5;2025-11-20;3;0.0
5;2025-11-20;4;0.0
5;2025-11-20;5;0.0
5;2025-11-20;6;0.0
5;2025-11-20;7;0.0
5;2025-11-20;8;0.0
5;2025-11-20;9;0.0
5;2025-11-20;10;0.0
5;2025-11-20;11;0.0
5;2025-11-20;12;0.0
5;2025-11-20;13;0.0
5;2025-11-20;14;0.0
5;2025-11-20;15;0.0
5;2025-11-20;16;0.0
5;2025-11-20;17;0.0
5;2025-11-20;18;0.0
5;2025-11-20;19;0.0
5;2025-11-20;20;0.0
5;2025-11-20;21;0.0
5;2025-11-20;22;0.0
5;2025-11-20;23;0.0
5;2025-11-21;0;0.0
5;2025-11-21;1;0.0
5;2025-11-21;2;0.0
5;2025-11-21;3;0.0
5;2025-11-21;4;0.0
5;2025-11-21;5;0.0
5;2025-11-21;6;0.0
5;2025-11-21;7;0.0
5;2025-11-21;8;0.0
5;2025-11-21;9;0.0
5;2025-11-21;10;0.0
5;2025-11-21;11;0.0
5;2025-11-21;12;0.0
5;2025-11-21;13;0.0
5;2025-11-21;14;0.0
5;2025-11-21;15;0.0
5;2025-11-21;16;0.0
5;2025-11-21;17;0.0
5;2025-11-21;18;0.0
5;2025-11-21;19;0.0
5;2025-11-21;20;0.0
5;2025-11-21;21;0.0
5;2025-11-21;22;0.0
5;2025-11-21;23;0.0
5;2025-11-22;0;0.0
5;2025-11-22;1;0.0
5;2025-11-22;2;0.0
5;2025-11-22;3;0.0
5;2025-11-22;4;0.0
5;2025-11-22;5;0.0
5;2025-11-22;6;0.0
5;2025-11-22;7;0.0
5;2025-11-22;8;0.0
5;2025-11-22;9;0.0
5;2025-11-22;10;0.0
5;2025-11-22;11;0.0
5;2025-11-22;12;0.0
5;2025-11-22;13;0.0
5;2025-11-22;14;0.0
5;2025-11-22;15;0.0
5;2025-11-22;16;0.0
5;2025-11-22;17;0.0
5;2025-11-22;18;0.0
5;2025-11-22;19;0.0
5;2025-11-22;20;0.0
5;2025-11-22;21;0.0
5;2025-11-22;22;0.0
5;2025-11-22;23;0.0
5;2025-11-23;0;0.0
5;2025-11-23;1;0.0
5;2025-11-23;2;0.0
5;2025-11-23;3;0.0
5;2025-11-23;4;0.0
5;2025-11-23;5;0.0
5;2025-11-23;6;0.0
5;2025-11-23;7;0.0
5;2025-11-23;8;0.0
5;2025-11-23;9;0.0
5;2025-11-23;10;0.0
5;2025-11-23;11;0.0
5;2025-11-23;12;0.0
5;2025-11-23;13;0.0
5;2025-11-23;14;0.0
5;2025-11-23;15;0.0
5;2025-11-23;16;0.0
5;2025-11-23;17;0.0
5;2025-11-23;18;0.0
5;2025-11-23;19;0.0
5;2025-11-23;20;0.0
5;2025-11-23;21;0.0
5;2025-11-23;22;0.0
5;2025-11-23;23;0.0
5;2025-11-24;0;0.0
5;2025-11-24;1;0.0
5;2025-11-24;2;0.0
5;2025-11-24;3;0.0
5;2025-11-24;4;0.0
5;2025-11-24;5;0.0
5;2025-11-24;6;0.0
5;2025-11-24;7;0.0
5;2025-11-24;8;0.0
5;2025-11-24;9;0.0
5;2025-11-24;10;0.0
5;2025-11-24;11;0.0
5;2025-11-24;12;0.0
5;2025-11-24;13;0.0
5;2025-11-24;14;0.0
5;2025-11-24;15;0.0
5;2025-11-24;16;0.0
5;2025-11-24;17;0.0
5;2025-11-24;18;0.0
5;2025-11-24;19;0.0
5;2025-11-24;20;0.0
5;2025-11-24;21;0.0
5;2025-11-24;22;0.0
5;2025-11-24;23;0.0
5;2025-11-25;0;0.0
5;2025-11-25;1;0.0
5;2025-11-25;2;0.0
5;2025-11-25;3;0.0
5;2025-11-25;4;0.0
5;2025-11-25;5;0.0
5;2025-11-25;6;0.0
5;2025-11-25;7;0.0
5;2025-11-25;8;0.0
5;2025-11-25;9;0.0
5;2025-11-25;10;0.0
5;2025-11-25;11;0.0
5;2025-11-25;12;0.0
5;2025-11-25;13;0.0
5;2025-11-25;14;0.0
5;2025-11-25;15;0.0
5;2025-11-25;16;0.0
5;2025-11-25;17;0.0
5;2025-11-25;18;0.0
5;2025-11-25;19;0.0
5;2025-11-25;20;0.0
5;2025-11-25;21;0.0
5;2025-11-25;22;0.0
5;2025-11-25;23;0.0
5;2025-11-26;0;0.0
5;2025-11-26;1;0.0
5;2025-11-26;2;0.0
5;2025-11-26;3;0.0
5;2025-11-26;4;0.0
5;2025-11-26;5;0.0
5;2025-11-26;6;0.0
5;2025-11-26;7;0.0
5;2025-11-26;8;0.0
5;2025-11-26;9;0.0
5;2025-11-26;10;0.0
5;2025-11-26;11;0.0
5;2025-11-26;12;0.0
5;2025-11-26;13;0.0
5;2025-11-26;14;0.0
5;2025-11-26;15;0.0
5;2025-11-26;16;0.0
5;2025-11-26;17;0.0
5;2025-11-26;18;0.0
5;2025-11-26;19;0.0
5;2025-11-26;20;0.0
5;2025-11-26;21;0.0
5;2025-11-26;22;0.0
5;2025-11-26;23;0.0
5;2025-11-27;0;0.0
5;2025-11-27;1;0.0
5;2025-11-27;2;0.0
5;2025-11-27;3;0.0
5;2025-11-27;4;0.0
5;2025-11-27;5;0.0
5;2025-11-27;6;0.0
5;2025-11-27;7;0.0
5;2025-11-27;8;0.0
5;2025-11-27;9;0.0
5;2025-11-27;10;0.0
5;2025-11-27;11;0.0
5;2025-11-27;12;0.0
5;2025-11-27;13;0.0
5;2025-11-27;14;0.0
5;2025-11-27;15;0.0
5;2025-11-27;16;0.0
5;2025-11-27;17;0.0
5;2025-11-27;18;0.0
5;2025-11-27;19;0.0
5;2025-11-27;20;0.0
5;2025-11-27;21;0.0
5;2025-11-27;22;0.0
5;2025-11-27;23;0.0
5;2025-11-28;0;0.0
5;2025-11-28;1;0.0
5;2025-11-28;2;0.0
5;2025-11-28;3;0.0
5;2025-11-28;4;0.0
5;2025-11-28;5;0.0
5;2025-11-28;6;0.0
5;2025-11-28;7;0.0
5;2025-11-28;8;0.0
5;2025-11-28;9;0.0
5;2025-11-28;10;0.0
5;2025-11-28;11;0.0
5;2025-11-28;12;0.0
5;2025-11-28;13;0.0
5;2025-11-28;14;0.0
5;2025-11-28;15;0.0
5;2025-11-28;16;0.0
5;2025-11-28;17;0.0
5;2025-11-28;18;0.0
5;2025-11-28;19;0.0
5;2025-11-28;20;0.0
5;2025-11-28;21;0.0
5;2025-11-28;22;0.0
5;2025-11-28;23;0.0
5;2025-11-29;0;0.0
5;2025-11-29;1;0.0
5;2025-11-29;2;0.0
5;2025-11-29;3;0.0
5;2025-11-29;4;0.0
5;2025-11-29;5;0.0
5;2025-11-29;6;0.0
5;2025-11-29;7;0.0
5;2025-11-29;8;0.0
5;2025-11-29;9;0.0
5;2025-11-29;10;0.0
5;2025-11-29;11;0.0
5;2025-11-29;12;0.0
5;2025-11-29;13;0.0
5;2025-11-29;14;0.0
5;2025-11-29;15;0.0
5;2025-11-29;16;0.0
5;2025-11-29;17;0.0
5;2025-11-29;18;0.0
5;2025-11-29;19;0.0
5;2025-11-29;20;0.0
5;2025-11-29;21;0.0
5;2025-11-29;22;0.0
5;2025-11-29;23;0.0
5;2025-11-30;0;0.0
5;2025-11-30;1;0.0
5;2025-11-30;2;0.0
5;2025-11-30;3;0.0
5;2025-11-30;4;0.0
5;2025-11-30;5;0.0
5;2025-11-30;6;0.0
5;2025-11-30;7;0.0
5;2025-11-30;8;0.0
5;2025-11-30;9;0.0
5;2025-11-30;10;0.0
5;2025-11-30;11;0.0
5;2025-11-30;12;0.0
5;2025-11-30;13;0.0
5;2025-11-30;14;0.0
5;2025-11-30;15;0.0
5;2025-11-30;16;0.0
5;2025-11-30;17;0.0
5;2025-11-30;18;0.0
5;2025-11-30;19;0.0
5;2025-11-30;20;0.0
5;2025-11-30;21;0.0
5;2025-11-30;22;0.0
5;2025-11-30;23;0.0
5;2025-12-01;0;0.0
5;2025-12-01;1;0.0
5;2025-12-01;2;0.0
5;2025-12-01;3;0.0
5;2025-12-01;4;0.0
5;2025-12-01;5;0.0
5;2025-12-01;6;0.0
5;2025-12-01;7;0.0
5;2025-12-01;8;0.0
5;2025-12-01;9;0.0
5;2025-12-01;10;0.0
5;2025-12-01;11;0.0
5;2025-12-01;12;0.0
5;2025-12-01;13;0.0
5;2025-12-01;14;0.0
5;2025-12-01;15;0.0
5;2025-12-01;16;0.0
5;2025-12-01;17;0.0
5;2025-12-01;18;0.0
5;2025-12-01;19;0.0
5;2025-12-01;20;0.0
5;2025-12-01;21;0.0
5;2025-12-01;22;0.0
5;2025-12-01;23;0.0
5;2025-12-02;0;0.0
5;2025-12-02;1;0.0
5;2025-12-02;2;0.0
5;2025-12-02;3;0.0
5;2025-12-02;4;0.0
5;2025-12-02;5;0.0
5;2025-12-02;6;0.0
5;2025-12-02;7;0.0
5;2025-12-02;8;0.0
5;2025-12-02;9;0.0
5;2025-12-02;10;0.0
5;2025-12-02;11;0.0
5;2025-12-02;12;0.0
5;2025-12-02;13;0.0
5;2025-12-02;14;0.0
5;2025-12-02;15;0.0
5;2025-12-02;16;0.0
5;2025-12-02;17;0.0
5;2025-12-02;18;0.0
5;2025-12-02;19;0.0
5;2025-12-02;20;0.0
5;2025-12-02;21;0.0
5;2025-12-02;22;0.0
5;2025-12-02;23;0.0
5;2025-12-03;0;0.0
5;2025-12-03;1;0.0
5;2025-12-03;2;0.0
5;2025-12-03;3;0.0
5;2025-12-03;4;0.0
5;2025-12-03;5;0.0
5;2025-12-03;6;0.0
5;2025-12-03;7;0.0
5;2025-12-03;8;0.0
5;2025-12-03;9;0.0
5;2025-12-03;10;0.0
5;2025-12-03;11;0.0
5;2025-12-03;12;0.0
5;2025-12-03;13;0.0
5;2025-12-03;14;0.0
5;2025-12-03;15;0.0
5;2025-12-03;16;0.0
5;2025-12-03;17;0.0
5;2025-12-03;18;0.0
5;2025-12-03;19;0.0
5;2025-12-03;20;0.0
5;2025-12-03;21;0.0
5;2025-12-03;22;0.0
5;2025-12-03;23;0.0
5;2025-12-04;0;0.0
5;2025-12-04;1;0.0
5;2025-12-04;2;0.0
5;2025-12-04;3;0.0
5;2025-12-04;4;0.0
5;2025-12-04;5;0.0
5;2025-12-04;6;0.0
5;2025-12-04;7;0.0
5;2025-12-04;8;0.0
5;2025-12-04;9;0.0
5;2025-12-04;10;0.0
5;2025-12-04;11;0.0
5;2025-12-04;12;0.0
5;2025-12-04;13;0.0
5;2025-12-04;14;0.0
5;2025-12-04;15;0.0
5;2025-12-04;16;0.0
5;2025-12-04;17;0.0
5;2025-12-04;18;0.0
5;2025-12-04;19;0.0
5;2025-12-04;20;0.0
5;2025-12-04;21;0.0
5;2025-12-04;22;0.0
5;2025-12-04;23;0.0
5;2025-12-05;0;0.0
5;2025-12-05;1;0.0
5;2025-12-05;2;0.0
5;2025-12-05;3;0.0
5;2025-12-05;4;0.0
5;2025-12-05;5;0.0
5;2025-12-05;6;0.0
5;2025-12-05;7;0.0
5;2025-12-05;8;0.0
5;2025-12-05;9;0.0
5;2025-12-05;10;0.0
5;2025-12-05;11;0.0
5;2025-12-05;12;0.0
5;2025-12-05;13;0.0
5;2025-12-05;14;0.0
5;2025-12-05;15;0.0
5;2025-12-05;16;0.0
5;2025-12-05;17;0.0
5;2025-12-05;18;0.0
5;2025-12-05;19;0.0
5;2025-12-05;20;0.0
5;2025-12-05;21;0.0
5;2025-12-05;22;0.0
5;2025-12-05;23;0.0
5;2025-12-06;0;0.0
5;2025-12-06;1;0.0
5;2025-12-06;2;0.0
5;2025-12-06;3;0.0
5;2025-12-06;4;0.0
5;2025-12-06;5;0.0
5;2025-12-06;6;0.0
5;2025-12-06;7;0.0
5;2025-12-06;8;0.0
5;2025-12-06;9;0.0
5;2025-12-06;10;0.0
5;2025-12-06;11;0.0
5;2025-12-06;12;0.0
5;2025-12-06;13;0.0
5;2025-12-06;14;0.0
5;2025-12-06;15;0.0
5;2025-12-06;16;0.0
5;2025-12-06;17;0.0
5;2025-12-06;18;0.0
5;2025-12-06;19;0.0
5;2025-12-06;20;0.0
5;2025-12-06;21;0.0
5;2025-12-06;22;0.0
5;2025-12-06;23;0.0
5;2025-12-07;0;0.0
5;2025-12-07;1;0.0
5;2025-12-07;2;0.0
5;2025-12-07;3;0.0
5;2025-12-07;4;0.0
5;2025-12-07;5;0.0
5;2025-12-07;6;0.0
5;2025-12-07;7;0.0
5;2025-12-07;8;0.0
5;2025-12-07;9;0.0
5;2025-12-07;10;0.0
5;2025-12-07;11;0.0
5;2025-12-07;12;0.0
5;2025-12-07;13;0.0
5;2025-12-07;14;0.0
5;2025-12-07;15;0.0
5;2025-12-07;16;0.0
5;2025-12-07;17;0.0
5;2025-12-07;18;0.0
5;2025-12-07;19;0.0
5;2025-12-07;20;0.0
5;2025-12-07;21;0.0
5;2025-12-07;22;0.0
5;2025-12-07;23;0.0
5;2025-12-08;0;0.0
5;2025-12-08;1;0.0
5;2025-12-08;2;0.0
5;2025-12-08;3;0.0
5;2025-12-08;4;0.0
5;2025-12-08;5;0.0
5;2025-12-08;6;0.0
5;2025-12-08;7;0.0
5;2025-12-08;8;0.0
5;2025-12-08;9;0.0
5;2025-12-08;10;0.0
5;2025-12-08;11;0.0
5;2025-12-08;12;0.0
5;2025-12-08;13;0.0
5;2025-12-08;14;0.0
5;2025-12-08;15;0.0
5;2025-12-08;16;0.0
5;2025-12-08;17;0.0
5;2025-12-08;18;0.0
5;2025-12-08;19;0.0
5;2025-12-08;20;0.0
5;2025-12-08;21;0.0
5;2025-12-08;22;0.0
5;2025-12-08;23;0.0
5;2025-12-09;0;0.0
5;2025-12-09;1;0.0
5;2025-12-09;2;0.0
5;2025-12-09;3;0.0
5;2025-12-09;4;0.0
5;2025-12-09;5;0.0
5;2025-12-09;6;0.0
5;2025-12-09;7;0.0
5;2025-12-09;8;0.0
5;2025-12-09;9;0.0
5;2025-12-09;10;0.0
5;2025-12-09;11;0.0
5;2025-12-09;12;0.0
5;2025-12-09;13;0.0
5;2025-12-09;14;0.0
5;2025-12-09;15;0.0
5;2025-12-09;16;0.0
5;2025-12-09;17;0.0
5;2025-12-09;18;0.0
5;2025-12-09;19;0.0
5;2025-12-09;20;0.0
5;2025-12-09;21;0.0
5;2025-12-09;22;0.0
5;2025-12-09;23;0.0
5;2025-12-10;0;0.0
5;2025-12-10;1;0.0
5;2025-12-10;2;0.0
5;2025-12-10;3;0.0
5;2025-12-10;4;0.0
5;2025-12-10;5;0.0
5;2025-12-10;6;0.0
5;2025-12-10;7;0.0
5;2025-12-10;8;0.0
5;2025-12-10;9;0.0
5;2025-12-10;10;0.0
5;2025-12-10;11;0.0
5;2025-12-10;12;0.0
5;2025-12-10;13;0.0
5;2025-12-10;14;0.0
5;2025-12-10;15;0.0
5;2025-12-10;16;0.0
5;2025-12-10;17;0.0
5;2025-12-10;18;0.0
5;2025-12-10;19;0.0
5;2025-12-10;20;0.0
5;2025-12-10;21;0.0
5;2025-12-10;22;0.0
5;2025-12-10;23;0.0
5;2025-12-11;0;0.0
5;2025-12-11;1;0.0
5;2025-12-11;2;0.0
5;2025-12-11;3;0.0
5;2025-12-11;4;0.0
5;2025-12-11;5;0.0
5;2025-12-11;6;0.0
5;2025-12-11;7;0.0
5;2025-12-11;8;0.0
5;2025-12-11;9;0.0
5;2025-12-11;10;0.0
5;2025-12-11;11;0.0
5;2025-12-11;12;0.0
5;2025-12-11;13;0.0
5;2025-12-11;14;0.0
5;2025-12-11;15;0.0
5;2025-12-11;16;0.0
5;2025-12-11;17;0.0
5;2025-12-11;18;0.0
5;2025-12-11;19;0.0
5;2025-12-11;20;0.0
5;2025-12-11;21;0.0
5;2025-12-11;22;0.0
5;2025-12-11;23;0.0
5;2025-12-12;0;0.0
5;2025-12-12;1;0.0
5;2025-12-12;2;0.0
5;2025-12-12;3;0.0
5;2025-12-12;4;0.0
5;2025-12-12;5;0.0
5;2025-12-12;6;0.0
5;2025-12-12;7;0.0
5;2025-12-12;8;0.0
5;2025-12-12;9;0.0
5;2025-12-12;10;0.0
5;2025-12-12;11;0.0
5;2025-12-12;12;0.0
5;2025-12-12;13;0.0
5;2025-12-12;14;0.0
5;2025-12-12;15;0.0
5;2025-12-12;16;0.0
5;2025-12-12;17;0.0
5;2025-12-12;18;0.0
5;2025-12-12;19;0.0
5;2025-12-12;20;0.0
5;2025-12-12;21;0.0
5;2025-12-12;22;0.0
5;2025-12-12;23;0.0
5;2025-12-13;0;0.0
5;2025-12-13;1;0.0
5;2025-12-13;2;0.0
5;2025-12-13;3;0.0
5;2025-12-13;4;0.0
5;2025-12-13;5;0.0
5;2025-12-13;6;0.0
5;2025-12-13;7;0.0
5;2025-12-13;8;0.0
5;2025-12-13;9;0.0
5;2025-12-13;10;0.0
5;2025-12-13;11;0.0
5;2025-12-13;12;0.0
5;2025-12-13;13;0.0
5;2025-12-13;14;0.0
5;2025-12-13;15;0.0
5;2025-12-13;16;0.0
5;2025-12-13;17;0.0
5;2025-12-13;18;0.0
5;2025-12-13;19;0.0
5;2025-12-13;20;0.0
5;2025-12-13;21;0.0
5;2025-12-13;22;0.0
5;2025-12-13;23;0.0
5;2025-12-14;0;0.0
5;2025-12-14;1;0.0
5;2025-12-14;2;0.0
5;2025-12-14;3;0.0
5;2025-12-14;4;0.0
5;2025-12-14;5;0.0
5;2025-12-14;6;0.0
5;2025-12-14;7;0.0
5;2025-12-14;8;0.0
5;2025-12-14;9;0.0
5;2025-12-14;10;0.0
5;2025-12-14;11;0.0
5;2025-12-14;12;0.0
5;2025-12-14;13;0.0
5;2025-12-14;14;0.0
5;2025-12-14;15;0.0
5;2025-12-14;16;0.0
5;2025-12-14;17;0.0
5;2025-12-14;18;0.0
5;2025-12-14;19;0.0
5;2025-12-14;20;0.0
5;2025-12-14;21;0.0
5;2025-12-14;22;0.0
5;2025-12-14;23;0.0
5;2025-12-15;0;0.0
5;2025-12-15;1;0.0
5;2025-12-15;2;0.0
5;2025-12-15;3;0.0
5;2025-12-15;4;0.0
5;2025-12-15;5;0.0
5;2025-12-15;6;0.0
5;2025-12-15;7;0.0
5;2025-12-15;8;0.0
5;2025-12-15;9;0.0
5;2025-12-15;10;0.0
5;2025-12-15;11;0.0
5;2025-12-15;12;0.0
5;2025-12-15;13;0.0
5;2025-12-15;14;0.0
5;2025-12-15;15;0.0
5;2025-12-15;16;0.0
5;2025-12-15;17;0.0
5;2025-12-15;18;0.0
5;2025-12-15;19;0.0
5;2025-12-15;20;0.0
5;2025-12-15;21;0.0
5;2025-12-15;22;0.0
5;2025-12-15;23;0.0
5;2025-12-16;0;0.0
5;2025-12-16;1;0.0
5;2025-12-16;2;0.0
5;2025-12-16;3;0.0
5;2025-12-16;4;0.0
5;2025-12-16;5;0.0
5;2025-12-16;6;0.0
5;2025-12-16;7;0.0
5;2025-12-16;8;0.0
5;2025-12-16;9;0.0
5;2025-12-16;10;0.0
5;2025-12-16;11;0.0
5;2025-12-16;12;0.0
5;2025-12-16;13;0.0
5;2025-12-16;14;0.0
5;2025-12-16;15;0.0
5;2025-12-16;16;0.0
5;2025-12-16;17;0.0
5;2025-12-16;18;0.0
5;2025-12-16;19;0.0
5;2025-12-16;20;0.0
5;2025-12-16;21;0.0
5;2025-12-16;22;0.0
5;2025-12-16;23;0.0
5;2025-12-17;0;0.0
5;2025-12-17;1;0.0
5;2025-12-17;2;0.0
5;2025-12-17;3;0.0
5;2025-12-17;4;0.0
5;2025-12-17;5;0.0
5;2025-12-17;6;0.0
5;2025-12-17;7;0.0
5;2025-12-17;8;0.0
5;2025-12-17;9;0.0
5;2025-12-17;10;0.0
5;2025-12-17;11;0.0
5;2025-12-17;12;0.0
5;2025-12-17;13;0.0
5;2025-12-17;14;0.0
5;2025-12-17;15;0.0
5;2025-12-17;16;0.0
5;2025-12-17;17;0.0
5;2025-12-17;18;0.0
5;2025-12-17;19;0.0
5;2025-12-17;20;0.0
5;2025-12-17;21;0.0
5;2025-12-17;22;0.0
5;2025-12-17;23;0.0
5;2025-12-18;0;0.0
5;2025-12-18;1;0.0
5;2025-12-18;2;0.0
5;2025-12-18;3;0.0
5;2025-12-18;4;0.0
5;2025-12-18;5;0.0
5;2025-12-18;6;0.0
5;2025-12-18;7;0.0
5;2025-12-18;8;0.0
5;2025-12-18;9;0.0
5;2025-12-18;10;0.0
5;2025-12-18;11;0.0
5;2025-12-18;12;0.0
5;2025-12-18;13;0.0
5;2025-12-18;14;0.0
5;2025-12-18;15;0.0
5;2025-12-18;16;0.0
5;2025-12-18;17;0.0
5;2025-12-18;18;0.0
5;2025-12-18;19;0.0
5;2025-12-18;20;0.0
5;2025-12-18;21;0.0
5;2025-12-18;22;0.0
5;2025-12-18;23;0.0
5;2025-12-19;0;0.0
5;2025-12-19;1;0.0
5;2025-12-19;2;0.0
5;2025-12-19;3;0.0
5;2025-12-19;4;0.0
5;2025-12-19;5;0.0
5;2025-12-19;6;0.0
5;2025-12-19;7;0.0
5;2025-12-19;8;0.0
5;2025-12-19;9;0.0
5;2025-12-19;10;0.0
5;2025-12-19;11;0.0
5;2025-12-19;12;0.0
5;2025-12-19;13;0.0
5;2025-12-19;14;0.0
5;2025-12-19;15;0.0
5;2025-12-19;16;0.0
5;2025-12-19;17;0.0
5;2025-12-19;18;0.0
5;2025-12-19;19;0.0
5;2025-12-19;20;0.0
5;2025-12-19;21;0.0
5;2025-12-19;22;0.0
5;2025-12-19;23;0.0
5;2025-12-20;0;0.0
5;2025-12-20;1;0.0
5;2025-12-20;2;0.0
5;2025-12-20;3;0.0
5;2025-12-20;4;0.0
5;2025-12-20;5;0.0
5;2025-12-20;6;0.0
5;2025-12-20;7;0.0
5;2025-12-20;8;0.0
5;2025-12-20;9;0.0
5;2025-12-20;10;0.0
5;2025-12-20;11;0.0
5;2025-12-20;12;0.0
5;2025-12-20;13;0.0
5;2025-12-20;14;0.0
5;2025-12-20;15;0.0
5;2025-12-20;16;0.0
5;2025-12-20;17;0.0
5;2025-12-20;18;0.0
5;2025-12-20;19;0.0
5;2025-12-20;20;0.0
5;2025-12-20;21;0.0
5;2025-12-20;22;0.0
5;2025-12-20;23;0.0
5;2025-12-21;0;0.0
5;2025-12-21;1;0.0
5;2025-12-21;2;0.0
5;2025-12-21;3;0.0
5;2025-12-21;4;0.0
5;2025-12-21;5;0.0
5;2025-12-21;6;0.0
5;2025-12-21;7;0.0
5;2025-12-21;8;0.0
5;2025-12-21;9;0.0
5;2025-12-21;10;0.0
5;2025-12-21;11;0.0
5;2025-12-21;12;0.0
5;2025-12-21;13;0.0
5;2025-12-21;14;0.0
5;2025-12-21;15;0.0
5;2025-12-21;16;0.0
5;2025-12-21;17;0.0
5;2025-12-21;18;0.0
5;2025-12-21;19;0.0
5;2025-12-21;20;0.0
5;2025-12-21;21;0.0
5;2025-12-21;22;0.0
5;2025-12-21;23;0.0
5;2025-12-22;0;0.0
5;2025-12-22;1;0.0
5;2025-12-22;2;0.0
5;2025-12-22;3;0.0
5;2025-12-22;4;0.0
5;2025-12-22;5;0.0
5;2025-12-22;6;0.0
5;2025-12-22;7;0.0
5;2025-12-22;8;0.0
5;2025-12-22;9;0.0
5;2025-12-22;10;0.0
5;2025-12-22;11;0.0
5;2025-12-22;12;0.0
5;2025-12-22;13;0.0
5;2025-12-22;14;0.0
5;2025-12-22;15;0.0
5;2025-12-22;16;0.0
5;2025-12-22;17;0.0
5;2025-12-22;18;0.0
5;2025-12-22;19;0.0
5;2025-12-22;20;0.0
5;2025-12-22;21;0.0
5;2025-12-22;22;0.0
5;2025-12-22;23;0.0
5;2025-12-23;0;0.0
5;2025-12-23;1;0.0
5;2025-12-23;2;0.0
5;2025-12-23;3;0.0
5;2025-12-23;4;0.0
5;2025-12-23;5;0.0
5;2025-12-23;6;0.0
5;2025-12-23;7;0.0
5;2025-12-23;8;0.0
5;2025-12-23;9;0.0
5;2025-12-23;10;0.0
5;2025-12-23;11;0.0
5;2025-12-23;12;0.0
5;2025-12-23;13;0.0
5;2025-12-23;14;0.0
5;2025-12-23;15;0.0
5;2025-12-23;16;0.0
5;2025-12-23;17;0.0
5;2025-12-23;18;0.0
5;2025-12-23;19;0.0
5;2025-12-23;20;0.0
5;2025-12-23;21;0.0
5;2025-12-23;22;0.0
5;2025-12-23;23;0.0
5;2025-12-24;0;0.0
5;2025-12-24;1;0.0
5;2025-12-24;2;0.0
5;2025-12-24;3;0.0
5;2025-12-24;4;0.0
5;2025-12-24;5;0.0
5;2025-12-24;6;0.0
5;2025-12-24;7;0.0
5;2025-12-24;8;0.0
5;2025-12-24;9;0.0
5;2025-12-24;10;0.0
5;2025-12-24;11;0.0
5;2025-12-24;12;0.0
5;2025-12-24;13;0.0
5;2025-12-24;14;0.0
5;2025-12-24;15;0.0
5;2025-12-24;16;0.0
5;2025-12-24;17;0.0
5;2025-12-24;18;0.0
5;2025-12-24;19;0.0
5;2025-12-24;20;0.0
5;2025-12-24;21;0.0
5;2025-12-24;22;0.0
5;2025-12-24;23;0.0
5;2025-12-25;0;0.0
5;2025-12-25;1;0.0
5;2025-12-25;2;0.0
5;2025-12-25;3;0.0
5;2025-12-25;4;0.0
5;2025-12-25;5;0.0
5;2025-12-25;6;0.0
5;2025-12-25;7;0.0
5;2025-12-25;8;0.0
5;2025-12-25;9;0.0
5;2025-12-25;10;0.0
5;2025-12-25;11;0.0
5;2025-12-25;12;0.0
5;2025-12-25;13;0.0
5;2025-12-25;14;0.0
5;2025-12-25;15;0.0
5;2025-12-25;16;0.0
5;2025-12-25;17;0.0
5;2025-12-25;18;0.0
5;2025-12-25;19;0.0
5;2025-12-25;20;0.0
5;2025-12-25;21;0.0
5;2025-12-25;22;0.0
5;2025-12-25;23;0.0
5;2025-12-26;0;0.0
5;2025-12-26;1;0.0
5;2025-12-26;2;0.0
5;2025-12-26;3;0.0
5;2025-12-26;4;0.0
5;2025-12-26;5;0.0
5;2025-12-26;6;0.0
5;2025-12-26;7;0.0
5;2025-12-26;8;0.0
5;2025-12-26;9;0.0
5;2025-12-26;10;0.0
5;2025-12-26;11;0.0
5;2025-12-26;12;0.0
5;2025-12-26;13;0.0
5;2025-12-26;14;0.0
5;2025-12-26;15;0.0
5;2025-12-26;16;0.0
5;2025-12-26;17;0.0
5;2025-12-26;18;0.0
5;2025-12-26;19;0.0
5;2025-12-26;20;0.0
5;2025-12-26;21;0.0
5;2025-12-26;22;0.0
5;2025-12-26;23;0.0
5;2025-12-27;0;0.0
5;2025-12-27;1;0.0
5;2025-12-27;2;0.0
5;2025-12-27;3;0.0
5;2025-12-27;4;0.0
5;2025-12-27;5;0.0
5;2025-12-27;6;0.0
5;2025-12-27;7;0.0
5;2025-12-27;8;0.0
5;2025-12-27;9;0.0
5;2025-12-27;10;0.0
5;2025-12-27;11;0.0
5;2025-12-27;12;0.0
5;2025-12-27;13;0.0
5;2025-12-27;14;0.0
5;2025-12-27;15;0.0
5;2025-12-27;16;0.0
5;2025-12-27;17;0.0
5;2025-12-27;18;0.0
5;2025-12-27;19;0.0
5;2025-12-27;20;0.0
5;2025-12-27;21;0.0
5;2025-12-27;22;0.0
5;2025-12-27;23;0.0
5;2025-12-28;0;0.0
5;2025-12-28;1;0.0
5;2025-12-28;2;0.0
5;2025-12-28;3;0.0
5;2025-12-28;4;0.0
5;2025-12-28;5;0.0
5;2025-12-28;6;0.0
5;2025-12-28;7;0.0
5;2025-12-28;8;0.0
5;2025-12-28;9;0.0
5;2025-12-28;10;0.0
5;2025-12-28;11;0.0
5;2025-12-28;12;0.0
5;2025-12-28;13;0.0
5;2025-12-28;14;0.0
5;2025-12-28;15;0.0
5;2025-12-28;16;0.0
5;2025-12-28;17;0.0
5;2025-12-28;18;0.0
5;2025-12-28;19;0.0
5;2025-12-28;20;0.0
5;2025-12-28;21;0.0
5;2025-12-28;22;0.0
5;2025-12-28;23;0.0
5;2025-12-29;0;0.0
5;2025-12-29;1;0.0
5;2025-12-29;2;0.0
5;2025-12-29;3;0.0
5;2025-12-29;4;0.0
5;2025-12-29;5;0.0
5;2025-12-29;6;0.0
5;2025-12-29;7;0.0
5;2025-12-29;8;0.0
5;2025-12-29;9;0.0
5;2025-12-29;10;0.0
5;2025-12-29;11;0.0
5;2025-12-29;12;0.0
5;2025-12-29;13;0.0
5;2025-12-29;14;0.0
5;2025-12-29;15;0.0
5;2025-12-29;16;0.0
5;2025-12-29;17;0.0
5;2025-12-29;18;0.0
5;2025-12-29;19;0.0
5;2025-12-29;20;0.0
5;2025-12-29;21;0.0
5;2025-12-29;22;0.0
5;2025-12-29;23;0.0
5;2025-12-30;0;0.0
5;2025-12-30;1;0.0
5;2025-12-30;2;0.0
5;2025-12-30;3;0.0
5;2025-12-30;4;0.0
5;2025-12-30;5;0.0
5;2025-12-30;6;0.0
5;2025-12-30;7;0.0
5;2025-12-30;8;0.0
5;2025-12-30;9;0.0
5;2025-12-30;10;0.0
5;2025-12-30;11;0.0
5;2025-12-30;12;0.0
5;2025-12-30;13;0.0
5;2025-12-30;14;0.0
5;2025-12-30;15;0.0
5;2025-12-30;16;0.0
5;2025-12-30;17;0.0
5;2025-12-30;18;0.0
5;2025-12-30;19;0.0
5;2025-12-30;20;0.0
5;2025-12-30;21;0.0
5;2025-12-30;22;0.0
5;2025-12-30;23;0.0
5;2025-12-31;0;0.0
5;2025-12-31;1;0.0
5;2025-12-31;2;0.0
5;2025-12-31;3;0.0
5;2025-12-31;4;0.0
5;2025-12-31;5;0.0
5;2025-12-31;6;0.0
5;2025-12-31;7;0.0
5;2025-12-31;8;0.0
5;2025-12-31;9;0.0
5;2025-12-31;10;0.0
5;2025-12-31;11;0.0
5;2025-12-31;12;0.0
5;2025-12-31;13;0.0
5;2025-12-31;14;0.0
5;2025-12-31;15;0.0
5;2025-12-31;16;0.0
5;2025-12-31;17;0.0
5;2025-12-31;18;0.0
5;2025-12-31;19;0.0
5;2025-12-31;20;0.0
5;2025-12-31;21;0.0
5;2025-12-31;22;0.0
5;2025-12-31;23;0.0
7;2025-11-01;0;82.8
7;2025-11-01;1;30.6
7;2025-11-01;2;22.9
7;2025-11-01;3;22.6
7;2025-11-01;4;27.4
7;2025-11-01;5;142.7
7;2025-11-01;6;483.3
7;2025-11-01;7;1002.2
7;2025-11-01;8;1495.6
7;2025-11-01;9;1266.7
7;2025-11-01;10;1241.6
7;2025-11-01;11;1241.3
7;2025-11-01;12;1327.2
7;2025-11-01;13;1360.5
7;2025-11-01;14;1334.9
7;2025-11-01;15;1422.0
7;2025-11-01;16;1539.7
7;2025-11-01;17;1651.8
7;2025-11-01;18;1453.1
7;2025-11-01;19;1139.5
7;2025-11-01;20;837.8
7;2025-11-01;21;579.7
7;2025-11-01;22;329.8
7;2025-11-01;23;213.3
7;2025-11-02;0;67.3
7;2025-11-02;1;13.6
7;2025-11-02;2;3.3
7;2025-11-02;3;0.3
7;2025-11-02;4;0.1
7;2025-11-02;5;39.3
7;2025-11-02;6;170.6
7;2025-11-02;7;288.7
7;2025-11-02;8;465.6
7;2025-11-02;9;590.0
7;2025-11-02;10;662.9
7;2025-11-02;11;773.7
7;2025-11-02;12;862.2
7;2025-11-02;13;919.2
7;2025-11-02;14;923.8
7;2025-11-02;15;894.4
7;2025-11-02;16;840.1
7;2025-11-02;17;843.5
7;2025-11-02;18;788.2
7;2025-11-02;19;673.8
7;2025-11-02;20;528.4
7;2025-11-02;21;400.8
7;2025-11-02;22;222.7
7;2025-11-02;23;121.3
7;2025-11-03;0;57.5
7;2025-11-03;1;12.3
7;2025-11-03;2;11.6
7;2025-11-03;3;8.4
7;2025-11-03;4;3.4
7;2025-11-03;5;67.2
7;2025-11-03;6;225.0
7;2025-11-03;7;399.9
7;2025-11-03;8;546.8
7;2025-11-03;9;659.7
7;2025-11-03;10;767.4
7;2025-11-03;11;909.3
7;2025-11-03;12;1066.8
7;2025-11-03;13;1159.6
7;2025-11-03;14;1175.3
7;2025-11-03;15;1161.0
7;2025-11-03;16;1126.3
7;2025-11-03;17;1092.2
7;2025-11-03;18;1025.5
7;2025-11-03;19;907.9
7;2025-11-03;20;674.9
7;2025-11-03;21;520.5
7;2025-11-03;22;330.6
7;2025-11-03;23;194.8
7;2025-11-04;0;62.3
7;2025-11-04;1;14.6
7;2025-11-04;2;12.2
7;2025-11-04;3;10.3
7;2025-11-04;4;4.9
7;2025-11-04;5;51.6
7;2025-11-04;6;191.0
7;2025-11-04;7;342.5
7;2025-11-04;8;480.4
7;2025-11-04;9;565.9
7;2025-11-04;10;652.5
7;2025-11-04;11;781.4
7;2025-11-04;12;921.8
7;2025-11-04;13;1013.6
7;2025-11-04;14;1028.4
7;2025-11-04;15;1011.2
7;2025-11-04;16;976.7
7;2025-11-04;17;956.5
7;2025-11-04;18;907.4
7;2025-11-04;19;824.7
7;2025-11-04;20;616.5
7;2025-11-04;21;474.1
7;2025-11-04;22;288.9
7;2025-11-04;23;151.3
7;2025-11-05;0;53.8
7;2025-11-05;1;10.0
7;2025-11-05;2;6.0
7;2025-11-05;3;7.3
7;2025-11-05;4;18.0
7;2025-11-05;5;175.6
7;2025-11-05;6;638.9
7;2025-11-05;7;1589.7
7;2025-11-05;8;2342.0
7;2025-11-05;9;1849.5
7;2025-11-05;10;1585.0
7;2025-11-05;11;1495.7
7;2025-11-05;12;1642.8
7;2025-11-05;13;1524.5
7;2025-11-05;14;1537.9
7;2025-11-05;15;1681.9
7;2025-11-05;16;1813.9
7;2025-11-05;17;2257.0
7;2025-11-05;18;2388.5
7;2025-11-05;19;1561.0
7;2025-11-05;20;1006.0
7;2025-11-05;21;612.8
7;2025-11-05;22;284.2
7;2025-11-05;23;137.7
7;2025-11-06;0;50.1
7;2025-11-06;1;9.2
7;2025-11-06;2;1.2
7;2025-11-06;3;0.8
7;2025-11-06;4;8.9
7;2025-11-06;5;163.9
7;2025-11-06;6;629.5
7;2025-11-06;7;1534.1
7;2025-11-06;8;2377.7
7;2025-11-06;9;1774.8
7;2025-11-06;10;1485.5
7;2025-11-06;11;1483.4
7;2025-11-06;12;1559.7
7;2025-11-06;13;1487.2
7;2025-11-06;14;1562.2
7;2025-11-06;15;1659.6
7;2025-11-06;16;1826.6
7;2025-11-06;17;2163.0
7;2025-11-06;18;2413.9
7;2025-11-06;19;1630.3
7;2025-11-06;20;1084.9
7;2025-11-06;21;641.5
7;2025-11-06;22;325.9
7;2025-11-06;23;176.4
7;2025-11-07;0;54.6
7;2025-11-07;1;6.7
7;2025-11-07;2;0.5
7;2025-11-07;3;0.9
7;2025-11-07;4;6.3
7;2025-11-07;5;153.0
7;2025-11-07;6;610.1
7;2025-11-07;7;1475.0
7;2025-11-07;8;2201.9
7;2025-11-07;9;1708.0
7;2025-11-07;10;1577.3
7;2025-11-07;11;1478.0
7;2025-11-07;12;1549.9
7;2025-11-07;13;1590.1
7;2025-11-07;14;1557.5
7;2025-11-07;15;1723.2
7;2025-11-07;16;1948.0
7;2025-11-07;17;2227.8
7;2025-11-07;18;1947.4
7;2025-11-07;19;1401.7
7;2025-11-07;20;968.8
7;2025-11-07;21;620.1
7;2025-11-07;22;318.0
7;2025-11-07;23;191.2
7;2025-11-08;0;73.2
7;2025-11-08;1;16.0
7;2025-11-08;2;4.3
7;2025-11-08;3;1.5
7;2025-11-08;4;0.5
7;2025-11-08;5;67.1
7;2025-11-08;6;274.2
7;2025-11-08;7;427.1
7;2025-11-08;8;670.7
7;2025-11-08;9;736.2
7;2025-11-08;10;825.2
7;2025-11-08;11;934.1
7;2025-11-08;12;1039.9
7;2025-11-08;13;1074.8
7;2025-11-08;14;1050.9
7;2025-11-08;15;1007.5
7;2025-11-08;16;979.8
7;2025-11-08;17;965.8
7;2025-11-08;18;900.1
7;2025-11-08;19;831.9
7;2025-11-08;20;648.7
7;2025-11-08;21;481.4
7;2025-11-08;22;285.1
7;2025-11-08;23;173.2
7;2025-11-09;0;67.3
7;2025-11-09;1;13.6
7;2025-11-09;2;3.3
7;2025-11-09;3;0.3
7;2025-11-09;4;0.1
7;2025-11-09;5;39.3
7;2025-11-09;6;170.6
7;2025-11-09;7;288.7
7;2025-11-09;8;465.6
7;2025-11-09;9;590.0
7;2025-11-09;10;662.9
7;2025-11-09;11;773.7
7;2025-11-09;12;862.2
7;2025-11-09;13;919.2
7;2025-11-09;14;923.8
7;2025-11-09;15;894.4
7;2025-11-09;16;840.1
7;2025-11-09;17;843.5
7;2025-11-09;18;788.2
7;2025-11-09;19;673.8
7;2025-11-09;20;528.4
7;2025-11-09;21;400.8
7;2025-11-09;22;222.7
7;2025-11-09;23;121.3
7;2025-11-10;0;44.4
7;2025-11-10;1;5.9
7;2025-11-10;2;0.1
7;2025-11-10;3;0.7
7;2025-11-10;4;4.8
7;2025-11-10;5;157.0
7;2025-11-10;6;604.2
7;2025-11-10;7;1567.9
7;2025-11-10;8;2346.9
7;2025-11-10;9;1735.1
7;2025-11-10;10;1484.8
7;2025-11-10;11;1420.4
7;2025-11-10;12;1438.1
7;2025-11-10;13;1499.3
7;2025-11-10;14;1493.0
7;2025-11-10;15;1587.4
7;2025-11-10;16;1726.6
7;2025-11-10;17;2146.4
7;2025-11-10;18;2355.8
7;2025-11-10;19;1686.7
7;2025-11-10;20;1022.6
7;2025-11-10;21;616.0
7;2025-11-10;22;295.0
7;2025-11-10;23;120.9
7;2025-11-11;0;44.7
7;2025-11-11;1;7.3
7;2025-11-11;2;0.6
7;2025-11-11;3;1.6
7;2025-11-11;4;7.5
7;2025-11-11;5;162.8
7;2025-11-11;6;622.9
7;2025-11-11;7;1620.4
7;2025-11-11;8;2317.6
7;2025-11-11;9;1813.3
7;2025-11-11;10;1611.8
7;2025-11-11;11;1494.9
7;2025-11-11;12;1552.0
7;2025-11-11;13;1514.7
7;2025-11-11;14;1439.0
7;2025-11-11;15;1623.7
7;2025-11-11;16;1744.9
7;2025-11-11;17;2228.0
7;2025-11-11;18;2386.1
7;2025-11-11;19;1676.9
7;2025-11-11;20;1119.0
7;2025-11-11;21;641.3
7;2025-11-11;22;321.2
7;2025-11-11;23;170.4
7;2025-11-12;0;49.1
7;2025-11-12;1;5.3
7;2025-11-12;2;0.6
7;2025-11-12;3;2.0
7;2025-11-12;4;7.2
7;2025-11-12;5;162.3
7;2025-11-12;6;620.6
7;2025-11-12;7;1561.7
7;2025-11-12;8;2322.3
7;2025-11-12;9;1832.0
7;2025-11-12;10;1574.9
7;2025-11-12;11;1483.6
7;2025-11-12;12;1620.2
7;2025-11-12;13;1496.2
7;2025-11-12;14;1510.7
7;2025-11-12;15;1651.7
7;2025-11-12;16;1777.7
7;2025-11-12;17;2234.9
7;2025-11-12;18;2365.1
7;2025-11-12;19;1563.8
7;2025-11-12;20;1019.7
7;2025-11-12;21;632.3
7;2025-11-12;22;293.9
7;2025-11-12;23;145.1
7;2025-11-13;0;50.1
7;2025-11-13;1;9.2
7;2025-11-13;2;1.2
7;2025-11-13;3;0.8
7;2025-11-13;4;8.9
7;2025-11-13;5;163.9
7;2025-11-13;6;629.5
7;2025-11-13;7;1534.1
7;2025-11-13;8;2377.7
7;2025-11-13;9;1774.8
7;2025-11-13;10;1485.5
7;2025-11-13;11;1483.4
7;2025-11-13;12;1559.7
7;2025-11-13;13;1487.2
7;2025-11-13;14;1562.2
7;2025-11-13;15;1659.6
7;2025-11-13;16;1826.6
7;2025-11-13;17;2163.0
7;2025-11-13;18;2413.9
7;2025-11-13;19;1630.3
7;2025-11-13;20;1084.9
7;2025-11-13;21;641.5
7;2025-11-13;22;325.9
7;2025-11-13;23;176.4
7;2025-11-14;0;54.6
7;2025-11-14;1;6.7
7;2025-11-14;2;0.5
7;2025-11-14;3;0.9
7;2025-11-14;4;6.3
7;2025-11-14;5;153.0
7;2025-11-14;6;610.1
7;2025-11-14;7;1475.0
7;2025-11-14;8;2201.9
7;2025-11-14;9;1708.0
7;2025-11-14;10;1577.3
7;2025-11-14;11;1478.0
7;2025-11-14;12;1549.9
7;2025-11-14;13;1590.1
7;2025-11-14;14;1557.5
7;2025-11-14;15;1723.2
7;2025-11-14;16;1948.0
7;2025-11-14;17;2227.8
7;2025-11-14;18;1947.4
7;2025-11-14;19;1401.7
7;2025-11-14;20;968.8
7;2025-11-14;21;620.1
7;2025-11-14;22;318.0
7;2025-11-14;23;191.2
7;2025-11-15;0;73.2
7;2025-11-15;1;16.0
7;2025-11-15;2;4.3
7;2025-11-15;3;1.5
7;2025-11-15;4;0.5
7;2025-11-15;5;67.1
7;2025-11-15;6;274.2
7;2025-11-15;7;427.1
7;2025-11-15;8;670.7
7;2025-11-15;9;736.2
7;2025-11-15;10;825.2
7;2025-11-15;11;934.1
7;2025-11-15;12;1039.9
7;2025-11-15;13;1074.8
7;2025-11-15;14;1050.9
7;2025-11-15;15;1007.5
7;2025-11-15;16;979.8
7;2025-11-15;17;965.8
7;2025-11-15;18;900.1
7;2025-11-15;19;831.9
7;2025-11-15;20;648.7
7;2025-11-15;21;481.4
7;2025-11-15;22;285.1
7;2025-11-15;23;173.2
7;2025-11-16;0;67.3
7;2025-11-16;1;13.6
7;2025-11-16;2;3.3
7;2025-11-16;3;0.3
7;2025-11-16;4;0.1
7;2025-11-16;5;39.3
7;2025-11-16;6;170.6
7;2025-11-16;7;288.7
7;2025-11-16;8;465.6
7;2025-11-16;9;590.0
7;2025-11-16;10;662.9
7;2025-11-16;11;773.7
7;2025-11-16;12;862.2
7;2025-11-16;13;919.2
7;2025-11-16;14;923.8
7;2025-11-16;15;894.4
7;2025-11-16;16;840.1
7;2025-11-16;17;843.5
7;2025-11-16;18;788.2
7;2025-11-16;19;673.8
7;2025-11-16;20;528.4
7;2025-11-16;21;400.8
7;2025-11-16;22;222.7
7;2025-11-16;23;121.3
7;2025-11-17;0;44.4
7;2025-11-17;1;5.9
7;2025-11-17;2;0.1
7;2025-11-17;3;0.7
7;2025-11-17;4;4.8
7;2025-11-17;5;157.0
7;2025-11-17;6;604.2
7;2025-11-17;7;1567.9
7;2025-11-17;8;2346.9
7;2025-11-17;9;1735.1
7;2025-11-17;10;1484.8
7;2025-11-17;11;1420.4
7;2025-11-17;12;1438.1
7;2025-11-17;13;1499.3
7;2025-11-17;14;1493.0
7;2025-11-17;15;1587.4
7;2025-11-17;16;1726.6
7;2025-11-17;17;2146.4
7;2025-11-17;18;2355.8
7;2025-11-17;19;1686.7
7;2025-11-17;20;1022.6
7;2025-11-17;21;616.0
7;2025-11-17;22;295.0
7;2025-11-17;23;120.9
7;2025-11-18;0;44.7
7;2025-11-18;1;7.3
7;2025-11-18;2;0.6
7;2025-11-18;3;1.6
7;2025-11-18;4;7.5
7;2025-11-18;5;162.8
7;2025-11-18;6;622.9
7;2025-11-18;7;1620.4
7;2025-11-18;8;2317.6
7;2025-11-18;9;1813.3
7;2025-11-18;10;1611.8
7;2025-11-18;11;1494.9
7;2025-11-18;12;1552.0
7;2025-11-18;13;1514.7
7;2025-11-18;14;1439.0
7;2025-11-18;15;1623.7
7;2025-11-18;16;1744.9
7;2025-11-18;17;2228.0
7;2025-11-18;18;2386.1
7;2025-11-18;19;1676.9
7;2025-11-18;20;1119.0
7;2025-11-18;21;641.3
7;2025-11-18;22;321.2
7;2025-11-18;23;170.4
7;2025-11-19;0;49.1
7;2025-11-19;1;5.3
7;2025-11-19;2;0.6
7;2025-11-19;3;2.0
7;2025-11-19;4;7.2
7;2025-11-19;5;162.3
7;2025-11-19;6;620.6
7;2025-11-19;7;1561.7
7;2025-11-19;8;2322.3
7;2025-11-19;9;1832.0
7;2025-11-19;10;1574.9
7;2025-11-19;11;1483.6
7;2025-11-19;12;1620.2
7;2025-11-19;13;1496.2
7;2025-11-19;14;1510.7
7;2025-11-19;15;1651.7
7;2025-11-19;16;1777.7
7;2025-11-19;17;2234.9
7;2025-11-19;18;2365.1
7;2025-11-19;19;1563.8
7;2025-11-19;20;1019.7
7;2025-11-19;21;632.3
7;2025-11-19;22;293.9
7;2025-11-19;23;145.1
7;2025-11-20;0;50.1
7;2025-11-20;1;9.2
7;2025-11-20;2;1.2
7;2025-11-20;3;0.8
7;2025-11-20;4;8.9
7;2025-11-20;5;163.9
7;2025-11-20;6;629.5
7;2025-11-20;7;1534.1
7;2025-11-20;8;2377.7
7;2025-11-20;9;1774.8
7;2025-11-20;10;1485.5
7;2025-11-20;11;1483.4
7;2025-11-20;12;1559.7
7;2025-11-20;13;1487.2
7;2025-11-20;14;1562.2
7;2025-11-20;15;1659.6
7;2025-11-20;16;1826.6
7;2025-11-20;17;2163.0
7;2025-11-20;18;2413.9
7;2025-11-20;19;1630.3
7;2025-11-20;20;1084.9
7;2025-11-20;21;641.5
7;2025-11-20;22;325.9
7;2025-11-20;23;176.4
7;2025-11-21;0;54.6
7;2025-11-21;1;6.7
7;2025-11-21;2;0.5
7;2025-11-21;3;0.9
7;2025-11-21;4;6.3
7;2025-11-21;5;153.0
7;2025-11-21;6;610.1
7;2025-11-21;7;1475.0
7;2025-11-21;8;2201.9
7;2025-11-21;9;1708.0
7;2025-11-21;10;1577.3
7;2025-11-21;11;1478.0
7;2025-11-21;12;1549.9
7;2025-11-21;13;1590.1
7;2025-11-21;14;1557.5
7;2025-11-21;15;1723.2
7;2025-11-21;16;1948.0
7;2025-11-21;17;2227.8
7;2025-11-21;18;1947.4
7;2025-11-21;19;1401.7
7;2025-11-21;20;968.8
7;2025-11-21;21;620.1
7;2025-11-21;22;318.0
7;2025-11-21;23;191.2
7;2025-11-22;0;73.2
7;2025-11-22;1;16.0
7;2025-11-22;2;4.3
7;2025-11-22;3;1.5
7;2025-11-22;4;0.5
7;2025-11-22;5;67.1
7;2025-11-22;6;274.2
7;2025-11-22;7;427.1
7;2025-11-22;8;670.7
7;2025-11-22;9;736.2
7;2025-11-22;10;825.2
7;2025-11-22;11;934.1
7;2025-11-22;12;1039.9
7;2025-11-22;13;1074.8
7;2025-11-22;14;1050.9
7;2025-11-22;15;1007.5
7;2025-11-22;16;979.8
7;2025-11-22;17;965.8
7;2025-11-22;18;900.1
7;2025-11-22;19;831.9
7;2025-11-22;20;648.7
7;2025-11-22;21;481.4
7;2025-11-22;22;285.1
7;2025-11-22;23;173.2
7;2025-11-23;0;67.3
7;2025-11-23;1;13.6
7;2025-11-23;2;3.3
7;2025-11-23;3;0.3
7;2025-11-23;4;0.1
7;2025-11-23;5;39.3
7;2025-11-23;6;170.6
7;2025-11-23;7;288.7
7;2025-11-23;8;465.6
7;2025-11-23;9;590.0
7;2025-11-23;10;662.9
7;2025-11-23;11;773.7
7;2025-11-23;12;862.2
7;2025-11-23;13;919.2
7;2025-11-23;14;923.8
7;2025-11-23;15;894.4
7;2025-11-23;16;840.1
7;2025-11-23;17;843.5
7;2025-11-23;18;788.2
7;2025-11-23;19;673.8
7;2025-11-23;20;528.4
7;2025-11-23;21;400.8
7;2025-11-23;22;222.7
7;2025-11-23;23;121.3
7;2025-11-24;0;44.4
7;2025-11-24;1;5.9
7;2025-11-24;2;0.1
7;2025-11-24;3;0.7
7;2025-11-24;4;4.8
7;2025-11-24;5;157.0
7;2025-11-24;6;604.2
7;2025-11-24;7;1567.9
7;2025-11-24;8;2346.9
7;2025-11-24;9;1735.1
7;2025-11-24;10;1484.8
7;2025-11-24;11;1420.4
7;2025-11-24;12;1438.1
7;2025-11-24;13;1499.3
7;2025-11-24;14;1493.0
7;2025-11-24;15;1587.4
7;2025-11-24;16;1726.6
7;2025-11-24;17;2146.4
7;2025-11-24;18;2355.8
7;2025-11-24;19;1686.7
7;2025-11-24;20;1022.6
7;2025-11-24;21;616.0
7;2025-11-24;22;295.0
7;2025-11-24;23;120.9
7;2025-11-25;0;44.7
7;2025-11-25;1;7.3
7;2025-11-25;2;0.6
7;2025-11-25;3;1.6
7;2025-11-25;4;7.5
7;2025-11-25;5;162.8
7;2025-11-25;6;622.9
7;2025-11-25;7;1620.4
7;2025-11-25;8;2317.6
7;2025-11-25;9;1813.3
7;2025-11-25;10;1611.8
7;2025-11-25;11;1494.9
7;2025-11-25;12;1552.0
7;2025-11-25;13;1514.7
7;2025-11-25;14;1439.0
7;2025-11-25;15;1623.7
7;2025-11-25;16;1744.9
7;2025-11-25;17;2228.0
7;2025-11-25;18;2386.1
7;2025-11-25;19;1676.9
7;2025-11-25;20;1119.0
7;2025-11-25;21;641.3
7;2025-11-25;22;321.2
7;2025-11-25;23;170.4
7;2025-11-26;0;49.1
7;2025-11-26;1;5.3
7;2025-11-26;2;0.6
7;2025-11-26;3;2.0
7;2025-11-26;4;7.2
7;2025-11-26;5;162.3
7;2025-11-26;6;620.6
7;2025-11-26;7;1561.7
7;2025-11-26;8;2322.3
7;2025-11-26;9;1832.0
7;2025-11-26;10;1574.9
7;2025-11-26;11;1483.6
7;2025-11-26;12;1620.2
7;2025-11-26;13;1496.2
7;2025-11-26;14;1510.7
7;2025-11-26;15;1651.7
7;2025-11-26;16;1777.7
7;2025-11-26;17;2234.9
7;2025-11-26;18;2365.1
7;2025-11-26;19;1563.8
7;2025-11-26;20;1019.7
7;2025-11-26;21;632.3
7;2025-11-26;22;293.9
7;2025-11-26;23;145.1
7;2025-11-27;0;50.1
7;2025-11-27;1;9.2
7;2025-11-27;2;1.2
7;2025-11-27;3;0.8
7;2025-11-27;4;8.9
7;2025-11-27;5;163.9
7;2025-11-27;6;629.5
7;2025-11-27;7;1534.1
7;2025-11-27;8;2377.7
7;2025-11-27;9;1774.8
7;2025-11-27;10;1485.5
7;2025-11-27;11;1483.4
7;2025-11-27;12;1559.7
7;2025-11-27;13;1487.2
7;2025-11-27;14;1562.2
7;2025-11-27;15;1659.6
7;2025-11-27;16;1826.6
7;2025-11-27;17;2163.0
7;2025-11-27;18;2413.9
7;2025-11-27;19;1630.3
7;2025-11-27;20;1084.9
7;2025-11-27;21;641.5
7;2025-11-27;22;325.9
7;2025-11-27;23;176.4
7;2025-11-28;0;54.6
7;2025-11-28;1;6.7
7;2025-11-28;2;0.5
7;2025-11-28;3;0.9
7;2025-11-28;4;6.3
7;2025-11-28;5;153.0
7;2025-11-28;6;610.1
7;2025-11-28;7;1475.0
7;2025-11-28;8;2201.9
7;2025-11-28;9;1708.0
7;2025-11-28;10;1577.3
7;2025-11-28;11;1478.0
7;2025-11-28;12;1549.9
7;2025-11-28;13;1590.1
7;2025-11-28;14;1557.5
7;2025-11-28;15;1723.2
7;2025-11-28;16;1948.0
7;2025-11-28;17;2227.8
7;2025-11-28;18;1947.4
7;2025-11-28;19;1401.7
7;2025-11-28;20;968.8
7;2025-11-28;21;620.1
7;2025-11-28;22;318.0
7;2025-11-28;23;191.2
7;2025-11-29;0;73.2
7;2025-11-29;1;16.0
7;2025-11-29;2;4.3
7;2025-11-29;3;1.5
7;2025-11-29;4;0.5
7;2025-11-29;5;67.1
7;2025-11-29;6;274.2
7;2025-11-29;7;427.1
7;2025-11-29;8;670.7
7;2025-11-29;9;736.2
7;2025-11-29;10;825.2
7;2025-11-29;11;934.1
7;2025-11-29;12;1039.9
7;2025-11-29;13;1074.8
7;2025-11-29;14;1050.9
7;2025-11-29;15;1007.5
7;2025-11-29;16;979.8
7;2025-11-29;17;965.8
7;2025-11-29;18;900.1
7;2025-11-29;19;831.9
7;2025-11-29;20;648.7
7;2025-11-29;21;481.4
7;2025-11-29;22;285.1
7;2025-11-29;23;173.2
7;2025-11-30;0;67.3
7;2025-11-30;1;13.6
7;2025-11-30;2;3.3
7;2025-11-30;3;0.3
7;2025-11-30;4;0.1
7;2025-11-30;5;39.3
7;2025-11-30;6;170.6
7;2025-11-30;7;288.7
7;2025-11-30;8;465.6
7;2025-11-30;9;590.0
7;2025-11-30;10;662.9
7;2025-11-30;11;773.7
7;2025-11-30;12;862.2
7;2025-11-30;13;919.2
7;2025-11-30;14;923.8
7;2025-11-30;15;894.4
7;2025-11-30;16;840.1
7;2025-11-30;17;843.5
7;2025-11-30;18;788.2
7;2025-11-30;19;673.8
7;2025-11-30;20;528.4
7;2025-11-30;21;400.8
7;2025-11-30;22;222.7
7;2025-11-30;23;121.3
7;2025-12-01;0;47.5
7;2025-12-01;1;6.3
7;2025-12-01;2;0.1
7;2025-12-01;3;0.7
7;2025-12-01;4;5.1
7;2025-12-01;5;167.7
7;2025-12-01;6;645.4
7;2025-12-01;7;1674.9
7;2025-12-01;8;2507.1
7;2025-12-01;9;1853.5
7;2025-12-01;10;1586.1
7;2025-12-01;11;1517.3
7;2025-12-01;12;1536.3
7;2025-12-01;13;1601.6
7;2025-12-01;14;1594.9
7;2025-12-01;15;1695.7
7;2025-12-01;16;1844.4
7;2025-12-01;17;2292.9
7;2025-12-01;18;2516.6
7;2025-12-01;19;1801.8
7;2025-12-01;20;1092.3
7;2025-12-01;21;658.1
7;2025-12-01;22;315.1
7;2025-12-01;23;129.2
7;2025-12-02;0;47.7
7;2025-12-02;1;7.8
7;2025-12-02;2;0.7
7;2025-12-02;3;1.7
7;2025-12-02;4;8.0
7;2025-12-02;5;173.9
7;2025-12-02;6;665.4
7;2025-12-02;7;1731.0
7;2025-12-02;8;2475.7
7;2025-12-02;9;1937.1
7;2025-12-02;10;1721.8
7;2025-12-02;11;1596.9
7;2025-12-02;12;1657.9
7;2025-12-02;13;1618.1
7;2025-12-02;14;1537.3
7;2025-12-02;15;1734.5
7;2025-12-02;16;1864.0
7;2025-12-02;17;2380.1
7;2025-12-02;18;2548.9
7;2025-12-02;19;1791.3
7;2025-12-02;20;1195.3
7;2025-12-02;21;685.0
7;2025-12-02;22;343.1
7;2025-12-02;23;182.0
7;2025-12-03;0;52.5
7;2025-12-03;1;5.7
7;2025-12-03;2;0.7
7;2025-12-03;3;2.2
7;2025-12-03;4;7.7
7;2025-12-03;5;173.4
7;2025-12-03;6;663.0
7;2025-12-03;7;1668.3
7;2025-12-03;8;2480.8
7;2025-12-03;9;1957.1
7;2025-12-03;10;1682.4
7;2025-12-03;11;1584.9
7;2025-12-03;12;1730.8
7;2025-12-03;13;1598.3
7;2025-12-03;14;1613.8
7;2025-12-03;15;1764.4
7;2025-12-03;16;1899.1
7;2025-12-03;17;2387.4
7;2025-12-03;18;2526.5
7;2025-12-03;19;1670.5
7;2025-12-03;20;1089.3
7;2025-12-03;21;675.4
7;2025-12-03;22;313.9
7;2025-12-03;23;155.0
7;2025-12-04;0;53.5
7;2025-12-04;1;9.8
7;2025-12-04;2;1.3
7;2025-12-04;3;0.9
7;2025-12-04;4;9.5
7;2025-12-04;5;175.1
7;2025-12-04;6;672.5
7;2025-12-04;7;1638.8
7;2025-12-04;8;2540.0
7;2025-12-04;9;1895.9
7;2025-12-04;10;1586.9
7;2025-12-04;11;1584.7
7;2025-12-04;12;1666.1
7;2025-12-04;13;1588.6
7;2025-12-04;14;1668.9
7;2025-12-04;15;1772.9
7;2025-12-04;16;1951.2
7;2025-12-04;17;2310.6
7;2025-12-04;18;2578.7
7;2025-12-04;19;1741.6
7;2025-12-04;20;1158.9
7;2025-12-04;21;685.3
7;2025-12-04;22;348.1
7;2025-12-04;23;188.4
7;2025-12-05;0;58.3
7;2025-12-05;1;7.2
7;2025-12-05;2;0.5
7;2025-12-05;3;1.0
7;2025-12-05;4;6.7
7;2025-12-05;5;163.5
7;2025-12-05;6;651.7
7;2025-12-05;7;1575.6
7;2025-12-05;8;2352.2
7;2025-12-05;9;1824.6
7;2025-12-05;10;1684.9
7;2025-12-05;11;1578.9
7;2025-12-05;12;1655.7
7;2025-12-05;13;1698.6
7;2025-12-05;14;1663.8
7;2025-12-05;15;1840.8
7;2025-12-05;16;2081.0
7;2025-12-05;17;2379.8
7;2025-12-05;18;2080.3
7;2025-12-05;19;1497.3
7;2025-12-05;20;1035.0
7;2025-12-05;21;662.5
7;2025-12-05;22;339.8
7;2025-12-05;23;204.2
7;2025-12-06;0;78.2
7;2025-12-06;1;17.1
7;2025-12-06;2;4.6
7;2025-12-06;3;1.6
7;2025-12-06;4;0.5
7;2025-12-06;5;71.7
7;2025-12-06;6;292.9
7;2025-12-06;7;456.2
7;2025-12-06;8;716.5
7;2025-12-06;9;786.4
7;2025-12-06;10;881.5
7;2025-12-06;11;997.8
7;2025-12-06;12;1110.8
7;2025-12-06;13;1148.1
7;2025-12-06;14;1122.6
7;2025-12-06;15;1076.3
7;2025-12-06;16;1046.6
7;2025-12-06;17;1031.7
7;2025-12-06;18;961.6
7;2025-12-06;19;888.6
7;2025-12-06;20;693.0
7;2025-12-06;21;514.3
7;2025-12-06;22;304.5
7;2025-12-06;23;185.0
7;2025-12-07;0;71.9
7;2025-12-07;1;14.6
7;2025-12-07;2;3.5
7;2025-12-07;3;0.3
7;2025-12-07;4;0.1
7;2025-12-07;5;42.0
7;2025-12-07;6;182.3
7;2025-12-07;7;308.4
7;2025-12-07;8;497.3
7;2025-12-07;9;630.2
7;2025-12-07;10;708.2
7;2025-12-07;11;826.5
7;2025-12-07;12;921.1
7;2025-12-07;13;982.0
7;2025-12-07;14;986.8
7;2025-12-07;15;955.4
7;2025-12-07;16;897.5
7;2025-12-07;17;901.1
7;2025-12-07;18;842.0
7;2025-12-07;19;719.8
7;2025-12-07;20;564.4
7;2025-12-07;21;428.2
7;2025-12-07;22;237.9
7;2025-12-07;23;129.5
7;2025-12-08;0;47.5
7;2025-12-08;1;6.3
7;2025-12-08;2;0.1
7;2025-12-08;3;0.7
7;2025-12-08;4;5.1
7;2025-12-08;5;167.7
7;2025-12-08;6;645.4
7;2025-12-08;7;1674.9
7;2025-12-08;8;2507.1
7;2025-12-08;9;1853.5
7;2025-12-08;10;1586.1
7;2025-12-08;11;1517.3
7;2025-12-08;12;1536.3
7;2025-12-08;13;1601.6
7;2025-12-08;14;1594.9
7;2025-12-08;15;1695.7
7;2025-12-08;16;1844.4
7;2025-12-08;17;2292.9
7;2025-12-08;18;2516.6
7;2025-12-08;19;1801.8
7;2025-12-08;20;1092.3
7;2025-12-08;21;658.1
7;2025-12-08;22;315.1
7;2025-12-08;23;129.2
7;2025-12-09;0;47.7
7;2025-12-09;1;7.8
7;2025-12-09;2;0.7
7;2025-12-09;3;1.7
7;2025-12-09;4;8.0
7;2025-12-09;5;173.9
7;2025-12-09;6;665.4
7;2025-12-09;7;1731.0
7;2025-12-09;8;2475.7
7;2025-12-09;9;1937.1
7;2025-12-09;10;1721.8
7;2025-12-09;11;1596.9
7;2025-12-09;12;1657.9
7;2025-12-09;13;1618.1
7;2025-12-09;14;1537.3
7;2025-12-09;15;1734.5
7;2025-12-09;16;1864.0
7;2025-12-09;17;2380.1
7;2025-12-09;18;2548.9
7;2025-12-09;19;1791.3
7;2025-12-09;20;1195.3
7;2025-12-09;21;685.0
7;2025-12-09;22;343.1
7;2025-12-09;23;182.0
7;2025-12-10;0;52.5
7;2025-12-10;1;5.7
7;2025-12-10;2;0.7
7;2025-12-10;3;2.2
7;2025-12-10;4;7.7
7;2025-12-10;5;173.4
7;2025-12-10;6;663.0
7;2025-12-10;7;1668.3
7;2025-12-10;8;2480.8
7;2025-12-10;9;1957.1
7;2025-12-10;10;1682.4
7;2025-12-10;11;1584.9
7;2025-12-10;12;1730.8
7;2025-12-10;13;1598.3
7;2025-12-10;14;1613.8
7;2025-12-10;15;1764.4
7;2025-12-10;16;1899.1
7;2025-12-10;17;2387.4
7;2025-12-10;18;2526.5
7;2025-12-10;19;1670.5
7;2025-12-10;20;1089.3
7;2025-12-10;21;675.4
7;2025-12-10;22;313.9
7;2025-12-10;23;155.0
7;2025-12-11;0;53.5
7;2025-12-11;1;9.8
7;2025-12-11;2;1.3
7;2025-12-11;3;0.9
7;2025-12-11;4;9.5
7;2025-12-11;5;175.1
7;2025-12-11;6;672.5
7;2025-12-11;7;1638.8
7;2025-12-11;8;2540.0
7;2025-12-11;9;1895.9
7;2025-12-11;10;1586.9
7;2025-12-11;11;1584.7
7;2025-12-11;12;1666.1
7;2025-12-11;13;1588.6
7;2025-12-11;14;1668.9
7;2025-12-11;15;1772.9
7;2025-12-11;16;1951.2
7;2025-12-11;17;2310.6
7;2025-12-11;18;2578.7
7;2025-12-11;19;1741.6
7;2025-12-11;20;1158.9
7;2025-12-11;21;685.3
7;2025-12-11;22;348.1
7;2025-12-11;23;188.4
7;2025-12-12;0;58.3
7;2025-12-12;1;7.2
7;2025-12-12;2;0.5
7;2025-12-12;3;1.0
7;2025-12-12;4;6.7
7;2025-12-12;5;163.5
7;2025-12-12;6;651.7
7;2025-12-12;7;1575.6
7;2025-12-12;8;2352.2
7;2025-12-12;9;1824.6
7;2025-12-12;10;1684.9
7;2025-12-12;11;1578.9
7;2025-12-12;12;1655.7
7;2025-12-12;13;1698.6
7;2025-12-12;14;1663.8
7;2025-12-12;15;1840.8
7;2025-12-12;16;2081.0
7;2025-12-12;17;2379.8
7;2025-12-12;18;2080.3
7;2025-12-12;19;1497.3
7;2025-12-12;20;1035.0
7;2025-12-12;21;662.5
7;2025-12-12;22;339.8
7;2025-12-12;23;204.2
7;2025-12-13;0;78.2
7;2025-12-13;1;17.1
7;2025-12-13;2;4.6
7;2025-12-13;3;1.6
7;2025-12-13;4;0.5
7;2025-12-13;5;71.7
7;2025-12-13;6;292.9
7;2025-12-13;7;456.2
7;2025-12-13;8;716.5
7;2025-12-13;9;786.4
7;2025-12-13;10;881.5
7;2025-12-13;11;997.8
7;2025-12-13;12;1110.8
7;2025-12-13;13;1148.1
7;2025-12-13;14;1122.6
7;2025-12-13;15;1076.3
7;2025-12-13;16;1046.6
7;2025-12-13;17;1031.7
7;2025-12-13;18;961.6
7;2025-12-13;19;888.6
7;2025-12-13;20;693.0
7;2025-12-13;21;514.3
7;2025-12-13;22;304.5
7;2025-12-13;23;185.0
7;2025-12-14;0;71.9
7;2025-12-14;1;14.6
7;2025-12-14;2;3.5
7;2025-12-14;3;0.3
7;2025-12-14;4;0.1
7;2025-12-14;5;42.0
7;2025-12-14;6;182.3
7;2025-12-14;7;308.4
7;2025-12-14;8;497.3
7;2025-12-14;9;630.2
7;2025-12-14;10;708.2
7;2025-12-14;11;826.5
7;2025-12-14;12;921.1
7;2025-12-14;13;982.0
7;2025-12-14;14;986.8
7;2025-12-14;15;955.4
7;2025-12-14;16;897.5
7;2025-12-14;17;901.1
7;2025-12-14;18;842.0
7;2025-12-14;19;719.8
7;2025-12-14;20;564.4
7;2025-12-14;21;428.2
7;2025-12-14;22;237.9
7;2025-12-14;23;129.5
7;2025-12-15;0;47.5
7;2025-12-15;1;6.3
7;2025-12-15;2;0.1
7;2025-12-15;3;0.7
7;2025-12-15;4;5.1
7;2025-12-15;5;167.7
7;2025-12-15;6;645.4
7;2025-12-15;7;1674.9
7;2025-12-15;8;2507.1
7;2025-12-15;9;1853.5
7;2025-12-15;10;1586.1
7;2025-12-15;11;1517.3
7;2025-12-15;12;1536.3
7;2025-12-15;13;1601.6
7;2025-12-15;14;1594.9
7;2025-12-15;15;1695.7
7;2025-12-15;16;1844.4
7;2025-12-15;17;2292.9
7;2025-12-15;18;2516.6
7;2025-12-15;19;1801.8
7;2025-12-15;20;1092.3
7;2025-12-15;21;658.1
7;2025-12-15;22;315.1
7;2025-12-15;23;129.2
7;2025-12-16;0;47.7
7;2025-12-16;1;7.8
7;2025-12-16;2;0.7
7;2025-12-16;3;1.7
7;2025-12-16;4;8.0
7;2025-12-16;5;173.9
7;2025-12-16;6;665.4
7;2025-12-16;7;1731.0
7;2025-12-16;8;2475.7
7;2025-12-16;9;1937.1
7;2025-12-16;10;1721.8
7;2025-12-16;11;1596.9
7;2025-12-16;12;1657.9
7;2025-12-16;13;1618.1
7;2025-12-16;14;1537.3
7;2025-12-16;15;1734.5
7;2025-12-16;16;1864.0
7;2025-12-16;17;2380.1
7;2025-12-16;18;2548.9
7;2025-12-16;19;1791.3
7;2025-12-16;20;1195.3
7;2025-12-16;21;685.0
7;2025-12-16;22;343.1
7;2025-12-16;23;182.0
7;2025-12-17;0;52.5
7;2025-12-17;1;5.7
7;2025-12-17;2;0.7
7;2025-12-17;3;2.2
7;2025-12-17;4;7.7
7;2025-12-17;5;173.4
7;2025-12-17;6;663.0
7;2025-12-17;7;1668.3
7;2025-12-17;8;2480.8
7;2025-12-17;9;1957.1
7;2025-12-17;10;1682.4
7;2025-12-17;11;1584.9
7;2025-12-17;12;1730.8
7;2025-12-17;13;1598.3
7;2025-12-17;14;1613.8
7;2025-12-17;15;1764.4
7;2025-12-17;16;1899.1
7;2025-12-17;17;2387.4
7;2025-12-17;18;2526.5
7;2025-12-17;19;1670.5
7;2025-12-17;20;1089.3
7;2025-12-17;21;675.4
7;2025-12-17;22;313.9
7;2025-12-17;23;155.0
7;2025-12-18;0;53.5
7;2025-12-18;1;9.8
7;2025-12-18;2;1.3
7;2025-12-18;3;0.9
7;2025-12-18;4;9.5
7;2025-12-18;5;175.1
7;2025-12-18;6;672.5
7;2025-12-18;7;1638.8
7;2025-12-18;8;2540.0
7;2025-12-18;9;1895.9
7;2025-12-18;10;1586.9
7;2025-12-18;11;1584.7
7;2025-12-18;12;1666.1
7;2025-12-18;13;1588.6
7;2025-12-18;14;1668.9
7;2025-12-18;15;1772.9
7;2025-12-18;16;1951.2
7;2025-12-18;17;2310.6
7;2025-12-18;18;2578.7
7;2025-12-18;19;1741.6
7;2025-12-18;20;1158.9
7;2025-12-18;21;685.3
7;2025-12-18;22;348.1
7;2025-12-18;23;188.4
7;2025-12-19;0;58.3
7;2025-12-19;1;7.2
7;2025-12-19;2;0.5
7;2025-12-19;3;1.0
7;2025-12-19;4;6.7
7;2025-12-19;5;163.5
7;2025-12-19;6;651.7
7;2025-12-19;7;1575.6
7;2025-12-19;8;2352.2
7;2025-12-19;9;1824.6
7;2025-12-19;10;1684.9
7;2025-12-19;11;1578.9
7;2025-12-19;12;1655.7
7;2025-12-19;13;1698.6
7;2025-12-19;14;1663.8
7;2025-12-19;15;1840.8
7;2025-12-19;16;2081.0
7;2025-12-19;17;2379.8
7;2025-12-19;18;2080.3
7;2025-12-19;19;1497.3
7;2025-12-19;20;1035.0
7;2025-12-19;21;662.5
7;2025-12-19;22;339.8
7;2025-12-19;23;204.2
7;2025-12-20;0;78.2
7;2025-12-20;1;17.1
7;2025-12-20;2;4.6
7;2025-12-20;3;1.6
7;2025-12-20;4;0.5
7;2025-12-20;5;71.7
7;2025-12-20;6;292.9
7;2025-12-20;7;456.2
7;2025-12-20;8;716.5
7;2025-12-20;9;786.4
7;2025-12-20;10;881.5
7;2025-12-20;11;997.8
7;2025-12-20;12;1110.8
7;2025-12-20;13;1148.1
7;2025-12-20;14;1122.6
7;2025-12-20;15;1076.3
7;2025-12-20;16;1046.6
7;2025-12-20;17;1031.7
7;2025-12-20;18;961.6
7;2025-12-20;19;888.6
7;2025-12-20;20;693.0
7;2025-12-20;21;514.3
7;2025-12-20;22;304.5
7;2025-12-20;23;185.0
7;2025-12-21;0;71.9
7;2025-12-21;1;14.6
7;2025-12-21;2;3.5
7;2025-12-21;3;0.3
7;2025-12-21;4;0.1
7;2025-12-21;5;42.0
7;2025-12-21;6;182.3
7;2025-12-21;7;308.4
7;2025-12-21;8;497.3
7;2025-12-21;9;630.2
7;2025-12-21;10;708.2
7;2025-12-21;11;826.5
7;2025-12-21;12;921.1
7;2025-12-21;13;982.0
7;2025-12-21;14;986.8
7;2025-12-21;15;955.4
7;2025-12-21;16;897.5
7;2025-12-21;17;901.1
7;2025-12-21;18;842.0
7;2025-12-21;19;719.8
7;2025-12-21;20;564.4
7;2025-12-21;21;428.2
7;2025-12-21;22;237.9
7;2025-12-21;23;129.5
7;2025-12-22;0;47.5
7;2025-12-22;1;6.3
7;2025-12-22;2;0.1
7;2025-12-22;3;0.7
7;2025-12-22;4;5.1
7;2025-12-22;5;167.7
7;2025-12-22;6;645.4
7;2025-12-22;7;1674.9
7;2025-12-22;8;2507.1
7;2025-12-22;9;1853.5
7;2025-12-22;10;1586.1
7;2025-12-22;11;1517.3
7;2025-12-22;12;1536.3
7;2025-12-22;13;1601.6
7;2025-12-22;14;1594.9
7;2025-12-22;15;1695.7
7;2025-12-22;16;1844.4
7;2025-12-22;17;2292.9
7;2025-12-22;18;2516.6
7;2025-12-22;19;1801.8
7;2025-12-22;20;1092.3
7;2025-12-22;21;658.1
7;2025-12-22;22;315.1
7;2025-12-22;23;129.2
7;2025-12-23;0;47.7
7;2025-12-23;1;7.8
7;2025-12-23;2;0.7
7;2025-12-23;3;1.7
7;2025-12-23;4;8.0
7;2025-12-23;5;173.9
7;2025-12-23;6;665.4
7;2025-12-23;7;1731.0
7;2025-12-23;8;2475.7
7;2025-12-23;9;1937.1
7;2025-12-23;10;1721.8
7;2025-12-23;11;1596.9
7;2025-12-23;12;1657.9
7;2025-12-23;13;1618.1
7;2025-12-23;14;1537.3
7;2025-12-23;15;1734.5
7;2025-12-23;16;1864.0
7;2025-12-23;17;2380.1
7;2025-12-23;18;2548.9
7;2025-12-23;19;1791.3
7;2025-12-23;20;1195.3
7;2025-12-23;21;685.0
7;2025-12-23;22;343.1
7;2025-12-23;23;182.0
7;2025-12-24;0;52.5
7;2025-12-24;1;5.7
7;2025-12-24;2;0.7
7;2025-12-24;3;2.2
7;2025-12-24;4;7.7
7;2025-12-24;5;173.4
7;2025-12-24;6;663.0
7;2025-12-24;7;1668.3
7;2025-12-24;8;2480.8
7;2025-12-24;9;1957.1
7;2025-12-24;10;1682.4
7;2025-12-24;11;1584.9
7;2025-12-24;12;1730.8
7;2025-12-24;13;1598.3
7;2025-12-24;14;1613.8
7;2025-12-24;15;1764.4
7;2025-12-24;16;1899.1
7;2025-12-24;17;2387.4
7;2025-12-24;18;2526.5
7;2025-12-24;19;1670.5
7;2025-12-24;20;1089.3
7;2025-12-24;21;675.4
7;2025-12-24;22;313.9
7;2025-12-24;23;155.0
7;2025-12-25;0;53.5
7;2025-12-25;1;9.8
7;2025-12-25;2;1.3
7;2025-12-25;3;0.9
7;2025-12-25;4;9.5
7;2025-12-25;5;175.1
7;2025-12-25;6;672.5
7;2025-12-25;7;1638.8
7;2025-12-25;8;2540.0
7;2025-12-25;9;1895.9
7;2025-12-25;10;1586.9
7;2025-12-25;11;1584.7
7;2025-12-25;12;1666.1
7;2025-12-25;13;1588.6
7;2025-12-25;14;1668.9
7;2025-12-25;15;1772.9
7;2025-12-25;16;1951.2
7;2025-12-25;17;2310.6
7;2025-12-25;18;2578.7
7;2025-12-25;19;1741.6
7;2025-12-25;20;1158.9
7;2025-12-25;21;685.3
7;2025-12-25;22;348.1
7;2025-12-25;23;188.4
7;2025-12-26;0;58.3
7;2025-12-26;1;7.2
7;2025-12-26;2;0.5
7;2025-12-26;3;1.0
7;2025-12-26;4;6.7
7;2025-12-26;5;163.5
7;2025-12-26;6;651.7
7;2025-12-26;7;1575.6
7;2025-12-26;8;2352.2
7;2025-12-26;9;1824.6
7;2025-12-26;10;1684.9
7;2025-12-26;11;1578.9
7;2025-12-26;12;1655.7
7;2025-12-26;13;1698.6
7;2025-12-26;14;1663.8
7;2025-12-26;15;1840.8
7;2025-12-26;16;2081.0
7;2025-12-26;17;2379.8
7;2025-12-26;18;2080.3
7;2025-12-26;19;1497.3
7;2025-12-26;20;1035.0
7;2025-12-26;21;662.5
7;2025-12-26;22;339.8
7;2025-12-26;23;204.2
7;2025-12-27;0;78.2
7;2025-12-27;1;17.1
7;2025-12-27;2;4.6
7;2025-12-27;3;1.6
7;2025-12-27;4;0.5
7;2025-12-27;5;71.7
7;2025-12-27;6;292.9
7;2025-12-27;7;456.2
7;2025-12-27;8;716.5
7;2025-12-27;9;786.4
7;2025-12-27;10;881.5
7;2025-12-27;11;997.8
7;2025-12-27;12;1110.8
7;2025-12-27;13;1148.1
7;2025-12-27;14;1122.6
7;2025-12-27;15;1076.3
7;2025-12-27;16;1046.6
7;2025-12-27;17;1031.7
7;2025-12-27;18;961.6
7;2025-12-27;19;888.6
7;2025-12-27;20;693.0
7;2025-12-27;21;514.3
7;2025-12-27;22;304.5
7;2025-12-27;23;185.0
7;2025-12-28;0;71.9
7;2025-12-28;1;14.6
7;2025-12-28;2;3.5
7;2025-12-28;3;0.3
7;2025-12-28;4;0.1
7;2025-12-28;5;42.0
7;2025-12-28;6;182.3
7;2025-12-28;7;308.4
7;2025-12-28;8;497.3
7;2025-12-28;9;630.2
7;2025-12-28;10;708.2
7;2025-12-28;11;826.5
7;2025-12-28;12;921.1
7;2025-12-28;13;982.0
7;2025-12-28;14;986.8
7;2025-12-28;15;955.4
7;2025-12-28;16;897.5
7;2025-12-28;17;901.1
7;2025-12-28;18;842.0
7;2025-12-28;19;719.8
7;2025-12-28;20;564.4
7;2025-12-28;21;428.2
7;2025-12-28;22;237.9
7;2025-12-28;23;129.5
7;2025-12-29;0;47.5
7;2025-12-29;1;6.3
7;2025-12-29;2;0.1
7;2025-12-29;3;0.7
7;2025-12-29;4;5.1
7;2025-12-29;5;167.7
7;2025-12-29;6;645.4
7;2025-12-29;7;1674.9
7;2025-12-29;8;2507.1
7;2025-12-29;9;1853.5
7;2025-12-29;10;1586.1
7;2025-12-29;11;1517.3
7;2025-12-29;12;1536.3
7;2025-12-29;13;1601.6
7;2025-12-29;14;1594.9
7;2025-12-29;15;1695.7
7;2025-12-29;16;1844.4
7;2025-12-29;17;2292.9
7;2025-12-29;18;2516.6
7;2025-12-29;19;1801.8
7;2025-12-29;20;1092.3
7;2025-12-29;21;658.1
7;2025-12-29;22;315.1
7;2025-12-29;23;129.2
7;2025-12-30;0;44.3
7;2025-12-30;1;8.6
7;2025-12-30;2;1.9
7;2025-12-30;3;3.4
7;2025-12-30;4;10.7
7;2025-12-30;5;175.2
7;2025-12-30;6;668.4
7;2025-12-30;7;1720.8
7;2025-12-30;8;2458.3
7;2025-12-30;9;1943.1
7;2025-12-30;10;1743.1
7;2025-12-30;11;1642.6
7;2025-12-30;12;1714.3
7;2025-12-30;13;1696.4
7;2025-12-30;14;1631.8
7;2025-12-30;15;1842.9
7;2025-12-30;16;1953.4
7;2025-12-30;17;2359.4
7;2025-12-30;18;2316.6
7;2025-12-30;19;1703.6
7;2025-12-30;20;1170.8
7;2025-12-30;21;687.5
7;2025-12-30;22;353.4
7;2025-12-30;23;198.8
7;2025-12-31;0;47.0
7;2025-12-31;1;0.5
7;2025-12-31;2;0.0
7;2025-12-31;3;2.9
7;2025-12-31;4;0.0
7;2025-12-31;5;18.1
7;2025-12-31;6;145.9
7;2025-12-31;7;278.0
7;2025-12-31;8;399.8
7;2025-12-31;9;472.7
7;2025-12-31;10;552.9
7;2025-12-31;11;679.8
7;2025-12-31;12;810.3
7;2025-12-31;13;895.8
7;2025-12-31;14;912.8
7;2025-12-31;15;890.4
7;2025-12-31;16;848.2
7;2025-12-31;17;845.5
7;2025-12-31;18;810.1
7;2025-12-31;19;739.3
7;2025-12-31;20;546.7
7;2025-12-31;21;409.6
7;2025-12-31;22;222.0
7;2025-12-31;23;84.8
11;2025-11-01;0;111.7
11;2025-11-01;1;38.1
11;2025-11-01;2;33.6
11;2025-11-01;3;33.9
11;2025-11-01;4;49.2
11;2025-11-01;5;285.1
11;2025-11-01;6;1076.8
11;2025-11-01;7;1609.5
11;2025-11-01;8;2102.9
11;2025-11-01;9;1786.8
11;2025-11-01;10;1652.8
11;2025-11-01;11;1717.5
11;2025-11-01;12;1850.0
11;2025-11-01;13;1844.0
11;2025-11-01;14;1916.6
11;2025-11-01;15;1963.8
11;2025-11-01;16;2110.9
11;2025-11-01;17;2310.1
11;2025-11-01;18;2084.0
11;2025-11-01;19;1779.0
11;2025-11-01;20;1292.6
11;2025-11-01;21;904.5
11;2025-11-01;22;521.2
11;2025-11-01;23;349.0
11;2025-11-02;0;96.9
11;2025-11-02;1;15.0
11;2025-11-02;2;4.2
11;2025-11-02;3;2.1
11;2025-11-02;4;2.5
11;2025-11-02;5;128.2
11;2025-11-02;6;517.0
11;2025-11-02;7;512.5
11;2025-11-02;8;695.7
11;2025-11-02;9;930.8
11;2025-11-02;10;1092.9
11;2025-11-02;11;1391.6
11;2025-11-02;12;1550.1
11;2025-11-02;13;1581.8
11;2025-11-02;14;1602.7
11;2025-11-02;15;1587.7
11;2025-11-02;16;1574.9
11;2025-11-02;17;1605.2
11;2025-11-02;18;1357.1
11;2025-11-02;19;1186.4
11;2025-11-02;20;914.8
11;2025-11-02;21;691.1
11;2025-11-02;22;409.4
11;2025-11-02;23;229.4
11;2025-11-03;0;81.8
11;2025-11-03;1;12.6
11;2025-11-03;2;13.3
11;2025-11-03;3;10.1
11;2025-11-03;4;5.8
11;2025-11-03;5;160.5
11;2025-11-03;6;599.6
11;2025-11-03;7;622.5
11;2025-11-03;8;745.2
11;2025-11-03;9;900.0
11;2025-11-03;10;1054.8
11;2025-11-03;11;1325.9
11;2025-11-03;12;1574.4
11;2025-11-03;13;1700.5
11;2025-11-03;14;1733.4
11;2025-11-03;15;1790.2
11;2025-11-03;16;1768.7
11;2025-11-03;17;1741.4
11;2025-11-03;18;1641.9
11;2025-11-03;19;1443.7
11;2025-11-03;20;1096.4
11;2025-11-03;21;826.0
11;2025-11-03;22;522.2
11;2025-11-03;23;318.0
11;2025-11-04;0;86.4
11;2025-11-04;1;9.5
11;2025-11-04;2;8.0
11;2025-11-04;3;11.1
11;2025-11-04;4;6.2
11;2025-11-04;5;136.8
11;2025-11-04;6;554.8
11;2025-11-04;7;541.0
11;2025-11-04;8;652.1
11;2025-11-04;9;772.3
11;2025-11-04;10;896.7
11;2025-11-04;11;1150.9
11;2025-11-04;12;1377.6
11;2025-11-04;13;1498.0
11;2025-11-04;14;1531.3
11;2025-11-04;15;1585.4
11;2025-11-04;16;1565.3
11;2025-11-04;17;1564.9
11;2025-11-04;18;1490.9
11;2025-11-04;19;1334.4
11;2025-11-04;20;1019.9
11;2025-11-04;21;765.3
11;2025-11-04;22;468.2
11;2025-11-04;23;262.4
11;2025-11-05;0;71.9
11;2025-11-05;1;10.1
11;2025-11-05;2;8.7
11;2025-11-05;3;11.0
11;2025-11-05;4;31.0
11;2025-11-05;5;299.1
11;2025-11-05;6;1305.2
11;2025-11-05;7;2448.2
11;2025-11-05;8;3177.2
11;2025-11-05;9;2405.2
11;2025-11-05;10;1917.4
11;2025-11-05;11;1885.9
11;2025-11-05;12;1906.8
11;2025-11-05;13;2005.1
11;2025-11-05;14;1942.5
11;2025-11-05;15;1902.6
11;2025-11-05;16;2112.7
11;2025-11-05;17;2664.5
11;2025-11-05;18;3054.3
11;2025-11-05;19;2339.8
11;2025-11-05;20;1490.7
11;2025-11-05;21;857.0
11;2025-11-05;22;449.8
11;2025-11-05;23;240.5
11;2025-11-06;0;61.3
11;2025-11-06;1;4.9
11;2025-11-06;2;2.2
11;2025-11-06;3;1.7
11;2025-11-06;4;19.5
11;2025-11-06;5;282.2
11;2025-11-06;6;1324.2
11;2025-11-06;7;2370.2
11;2025-11-06;8;3136.6
11;2025-11-06;9;2405.9
11;2025-11-06;10;2038.5
11;2025-11-06;11;1797.2
11;2025-11-06;12;1959.3
11;2025-11-06;13;1961.7
11;2025-11-06;14;2011.0
11;2025-11-06;15;1985.0
11;2025-11-06;16;2337.4
11;2025-11-06;17;2848.3
11;2025-11-06;18;3173.0
11;2025-11-06;19;2339.3
11;2025-11-06;20;1534.0
11;2025-11-06;21;959.1
11;2025-11-06;22;488.7
11;2025-11-06;23;260.5
11;2025-11-07;0;70.7
11;2025-11-07;1;5.0
11;2025-11-07;2;1.2
11;2025-11-07;3;1.8
11;2025-11-07;4;16.7
11;2025-11-07;5;291.2
11;2025-11-07;6;1288.0
11;2025-11-07;7;2329.9
11;2025-11-07;8;3065.2
11;2025-11-07;9;2277.5
11;2025-11-07;10;1866.3
11;2025-11-07;11;1770.1
11;2025-11-07;12;1890.4
11;2025-11-07;13;1877.6
11;2025-11-07;14;1957.8
11;2025-11-07;15;2011.5
11;2025-11-07;16;2356.0
11;2025-11-07;17;2732.4
11;2025-11-07;18;2488.3
11;2025-11-07;19;2037.6
11;2025-11-07;20;1397.9
11;2025-11-07;21;916.1
11;2025-11-07;22;471.3
11;2025-11-07;23;301.9
11;2025-11-08;0;101.9
11;2025-11-08;1;19.3
11;2025-11-08;2;10.4
11;2025-11-08;3;6.1
11;2025-11-08;4;9.0
11;2025-11-08;5;190.0
11;2025-11-08;6;750.6
11;2025-11-08;7;745.6
11;2025-11-08;8;975.2
11;2025-11-08;9;1171.7
11;2025-11-08;10;1332.4
11;2025-11-08;11;1592.6
11;2025-11-08;12;1751.1
11;2025-11-08;13;1757.2
11;2025-11-08;14;1816.9
11;2025-11-08;15;1817.8
11;2025-11-08;16;1734.1
11;2025-11-08;17;1775.1
11;2025-11-08;18;1582.0
11;2025-11-08;19;1446.1
11;2025-11-08;20;1101.1
11;2025-11-08;21;810.6
11;2025-11-08;22;489.6
11;2025-11-08;23;303.5
11;2025-11-09;0;96.9
11;2025-11-09;1;15.0
11;2025-11-09;2;4.2
11;2025-11-09;3;2.1
11;2025-11-09;4;2.5
11;2025-11-09;5;128.2
11;2025-11-09;6;517.0
11;2025-11-09;7;512.5
11;2025-11-09;8;695.7
11;2025-11-09;9;930.8
11;2025-11-09;10;1092.9
11;2025-11-09;11;1391.6
11;2025-11-09;12;1550.1
11;2025-11-09;13;1581.8
11;2025-11-09;14;1602.7
11;2025-11-09;15;1587.7
11;2025-11-09;16;1574.9
11;2025-11-09;17;1605.2
11;2025-11-09;18;1357.1
11;2025-11-09;19;1186.4
11;2025-11-09;20;914.8
11;2025-11-09;21;691.1
11;2025-11-09;22;409.4
11;2025-11-09;23;229.4
11;2025-11-10;0;66.3
11;2025-11-10;1;6.2
11;2025-11-10;2;1.2
11;2025-11-10;3;1.3
11;2025-11-10;4;16.0
11;2025-11-10;5;277.3
11;2025-11-10;6;1326.6
11;2025-11-10;7;2387.3
11;2025-11-10;8;3057.6
11;2025-11-10;9;2296.5
11;2025-11-10;10;1844.2
11;2025-11-10;11;1813.2
11;2025-11-10;12;1802.9
11;2025-11-10;13;1849.6
11;2025-11-10;14;1881.1
11;2025-11-10;15;1987.0
11;2025-11-10;16;2185.8
11;2025-11-10;17;2722.7
11;2025-11-10;18;2973.3
11;2025-11-10;19;2262.4
11;2025-11-10;20;1399.3
11;2025-11-10;21;867.6
11;2025-11-10;22;415.5
11;2025-11-10;23;216.2
11;2025-11-11;0;47.4
11;2025-11-11;1;0.8
11;2025-11-11;2;1.0
11;2025-11-11;3;1.6
11;2025-11-11;4;16.9
11;2025-11-11;5;274.9
11;2025-11-11;6;1285.3
11;2025-11-11;7;2392.6
11;2025-11-11;8;3205.2
11;2025-11-11;9;2397.7
11;2025-11-11;10;1891.8
11;2025-11-11;11;1813.8
11;2025-11-11;12;1871.8
11;2025-11-11;13;1972.7
11;2025-11-11;14;1887.8
11;2025-11-11;15;1925.4
11;2025-11-11;16;2210.7
11;2025-11-11;17;2792.5
11;2025-11-11;18;3044.8
11;2025-11-11;19;2334.3
11;2025-11-11;20;1603.4
11;2025-11-11;21;897.4
11;2025-11-11;22;461.4
11;2025-11-11;23;230.4
11;2025-11-12;0;63.4
11;2025-11-12;1;0.8
11;2025-11-12;2;0.8
11;2025-11-12;3;0.8
11;2025-11-12;4;14.4
11;2025-11-12;5;278.8
11;2025-11-12;6;1279.3
11;2025-11-12;7;2411.0
11;2025-11-12;8;3150.4
11;2025-11-12;9;2382.5
11;2025-11-12;10;1902.7
11;2025-11-12;11;1870.6
11;2025-11-12;12;1881.9
11;2025-11-12;13;1974.0
11;2025-11-12;14;1914.1
11;2025-11-12;15;1872.6
11;2025-11-12;16;2077.4
11;2025-11-12;17;2655.8
11;2025-11-12;18;3042.1
11;2025-11-12;19;2356.1
11;2025-11-12;20;1521.1
11;2025-11-12;21;891.3
11;2025-11-12;22;469.4
11;2025-11-12;23;258.3
11;2025-11-13;0;61.3
11;2025-11-13;1;4.9
11;2025-11-13;2;2.2
11;2025-11-13;3;1.7
11;2025-11-13;4;19.5
11;2025-11-13;5;282.2
11;2025-11-13;6;1324.2
11;2025-11-13;7;2370.2
11;2025-11-13;8;3136.6
11;2025-11-13;9;2405.9
11;2025-11-13;10;2038.5
11;2025-11-13;11;1797.2
11;2025-11-13;12;1959.3
11;2025-11-13;13;1961.7
11;2025-11-13;14;2011.0
11;2025-11-13;15;1985.0
11;2025-11-13;16;2337.4
11;2025-11-13;17;2848.3
11;2025-11-13;18;3173.0
11;2025-11-13;19;2339.3
11;2025-11-13;20;1534.0
11;2025-11-13;21;959.1
11;2025-11-13;22;488.7
11;2025-11-13;23;260.5
11;2025-11-14;0;70.7
11;2025-11-14;1;5.0
11;2025-11-14;2;1.2
11;2025-11-14;3;1.8
11;2025-11-14;4;16.7
11;2025-11-14;5;291.2
11;2025-11-14;6;1288.0
11;2025-11-14;7;2329.9
11;2025-11-14;8;3065.2
11;2025-11-14;9;2277.5
11;2025-11-14;10;1866.3
11;2025-11-14;11;1770.1
11;2025-11-14;12;1890.4
11;2025-11-14;13;1877.6
11;2025-11-14;14;1957.8
11;2025-11-14;15;2011.5
11;2025-11-14;16;2356.0
11;2025-11-14;17;2732.4
11;2025-11-14;18;2488.3
11;2025-11-14;19;2037.6
11;2025-11-14;20;1397.9
11;2025-11-14;21;916.1
11;2025-11-14;22;471.3
11;2025-11-14;23;301.9
11;2025-11-15;0;101.9
11;2025-11-15;1;19.3
11;2025-11-15;2;10.4
11;2025-11-15;3;6.1
11;2025-11-15;4;9.0
11;2025-11-15;5;190.0
11;2025-11-15;6;750.6
11;2025-11-15;7;745.6
11;2025-11-15;8;975.2
11;2025-11-15;9;1171.7
11;2025-11-15;10;1332.4
11;2025-11-15;11;1592.6
11;2025-11-15;12;1751.1
11;2025-11-15;13;1757.2
11;2025-11-15;14;1816.9
11;2025-11-15;15;1817.8
11;2025-11-15;16;1734.1
11;2025-11-15;17;1775.1
11;2025-11-15;18;1582.0
11;2025-11-15;19;1446.1
11;2025-11-15;20;1101.1
11;2025-11-15;21;810.6
11;2025-11-15;22;489.6
11;2025-11-15;23;303.5
11;2025-11-16;0;96.9
11;2025-11-16;1;15.0
11;2025-11-16;2;4.2
11;2025-11-16;3;2.1
11;2025-11-16;4;2.5
11;2025-11-16;5;128.2
11;2025-11-16;6;517.0
11;2025-11-16;7;512.5
11;2025-11-16;8;695.7
11;2025-11-16;9;930.8
11;2025-11-16;10;1092.9
11;2025-11-16;11;1391.6
11;2025-11-16;12;1550.1
11;2025-11-16;13;1581.8
11;2025-11-16;14;1602.7
11;2025-11-16;15;1587.7
11;2025-11-16;16;1574.9
11;2025-11-16;17;1605.2
11;2025-11-16;18;1357.1
11;2025-11-16;19;1186.4
11;2025-11-16;20;914.8
11;2025-11-16;21;691.1
11;2025-11-16;22;409.4
11;2025-11-16;23;229.4
11;2025-11-17;0;66.3
11;2025-11-17;1;6.2
11;2025-11-17;2;1.2
11;2025-11-17;3;1.3
11;2025-11-17;4;16.0
11;2025-11-17;5;277.3
11;2025-11-17;6;1326.6
11;2025-11-17;7;2387.3
11;2025-11-17;8;3057.6
11;2025-11-17;9;2296.5
11;2025-11-17;10;1844.2
11;2025-11-17;11;1813.2
11;2025-11-17;12;1802.9
11;2025-11-17;13;1849.6
11;2025-11-17;14;1881.1
11;2025-11-17;15;1987.0
11;2025-11-17;16;2185.8
11;2025-11-17;17;2722.7
11;2025-11-17;18;2973.3
11;2025-11-17;19;2262.4
11;2025-11-17;20;1399.3
11;2025-11-17;21;867.6
11;2025-11-17;22;415.5
11;2025-11-17;23;216.2
11;2025-11-18;0;47.4
11;2025-11-18;1;0.8
11;2025-11-18;2;1.0
11;2025-11-18;3;1.6
11;2025-11-18;4;16.9
11;2025-11-18;5;274.9
11;2025-11-18;6;1285.3
11;2025-11-18;7;2392.6
11;2025-11-18;8;3205.2
11;2025-11-18;9;2397.7
11;2025-11-18;10;1891.8
11;2025-11-18;11;1813.8
11;2025-11-18;12;1871.8
11;2025-11-18;13;1972.7
11;2025-11-18;14;1887.8
11;2025-11-18;15;1925.4
11;2025-11-18;16;2210.7
11;2025-11-18;17;2792.5
11;2025-11-18;18;3044.8
11;2025-11-18;19;2334.3
11;2025-11-18;20;1603.4
11;2025-11-18;21;897.4
11;2025-11-18;22;461.4
11;2025-11-18;23;230.4
11;2025-11-19;0;63.4
11;2025-11-19;1;0.8
11;2025-11-19;2;0.8
11;2025-11-19;3;0.8
11;2025-11-19;4;14.4
11;2025-11-19;5;278.8
11;2025-11-19;6;1279.3
11;2025-11-19;7;2411.0
11;2025-11-19;8;3150.4
11;2025-11-19;9;2382.5
11;2025-11-19;10;1902.7
11;2025-11-19;11;1870.6
11;2025-11-19;12;1881.9
11;2025-11-19;13;1974.0
11;2025-11-19;14;1914.1
11;2025-11-19;15;1872.6
11;2025-11-19;16;2077.4
11;2025-11-19;17;2655.8
11;2025-11-19;18;3042.1
11;2025-11-19;19;2356.1
11;2025-11-19;20;1521.1
11;2025-11-19;21;891.3
11;2025-11-19;22;469.4
11;2025-11-19;23;258.3
11;2025-11-20;0;61.3
11;2025-11-20;1;4.9
11;2025-11-20;2;2.2
11;2025-11-20;3;1.7
11;2025-11-20;4;19.5
11;2025-11-20;5;282.2
11;2025-11-20;6;1324.2
11;2025-11-20;7;2370.2
11;2025-11-20;8;3136.6
11;2025-11-20;9;2405.9
11;2025-11-20;10;2038.5
11;2025-11-20;11;1797.2
11;2025-11-20;12;1959.3
11;2025-11-20;13;1961.7
11;2025-11-20;14;2011.0
11;2025-11-20;15;1985.0
11;2025-11-20;16;2337.4
11;2025-11-20;17;2848.3
11;2025-11-20;18;3173.0
11;2025-11-20;19;2339.3
11;2025-11-20;20;1534.0
11;2025-11-20;21;959.1
11;2025-11-20;22;488.7
11;2025-11-20;23;260.5
11;2025-11-21;0;70.7
11;2025-11-21;1;5.0
11;2025-11-21;2;1.2
11;2025-11-21;3;1.8
11;2025-11-21;4;16.7
11;2025-11-21;5;291.2
11;2025-11-21;6;1288.0
11;2025-11-21;7;2329.9
11;2025-11-21;8;3065.2
11;2025-11-21;9;2277.5
11;2025-11-21;10;1866.3
11;2025-11-21;11;1770.1
11;2025-11-21;12;1890.4
11;2025-11-21;13;1877.6
11;2025-11-21;14;1957.8
11;2025-11-21;15;2011.5
11;2025-11-21;16;2356.0
11;2025-11-21;17;2732.4
11;2025-11-21;18;2488.3
11;2025-11-21;19;2037.6
11;2025-11-21;20;1397.9
11;2025-11-21;21;916.1
11;2025-11-21;22;471.3
11;2025-11-21;23;301.9
11;2025-11-22;0;101.9
11;2025-11-22;1;19.3
11;2025-11-22;2;10.4
11;2025-11-22;3;6.1
11;2025-11-22;4;9.0
11;2025-11-22;5;190.0
11;2025-11-22;6;750.6
11;2025-11-22;7;745.6
11;2025-11-22;8;975.2
11;2025-11-22;9;1171.7
11;2025-11-22;10;1332.4
11;2025-11-22;11;1592.6
11;2025-11-22;12;1751.1
11;2025-11-22;13;1757.2
11;2025-11-22;14;1816.9
11;2025-11-22;15;1817.8
11;2025-11-22;16;1734.1
11;2025-11-22;17;1775.1
11;2025-11-22;18;1582.0
11;2025-11-22;19;1446.1
11;2025-11-22;20;1101.1
11;2025-11-22;21;810.6
11;2025-11-22;22;489.6
11;2025-11-22;23;303.5
11;2025-11-23;0;96.9
11;2025-11-23;1;15.0
11;2025-11-23;2;4.2
11;2025-11-23;3;2.1
11;2025-11-23;4;2.5
11;2025-11-23;5;128.2
11;2025-11-23;6;517.0
11;2025-11-23;7;512.5
11;2025-11-23;8;695.7
11;2025-11-23;9;930.8
11;2025-11-23;10;1092.9
11;2025-11-23;11;1391.6
11;2025-11-23;12;1550.1
11;2025-11-23;13;1581.8
11;2025-11-23;14;1602.7
11;2025-11-23;15;1587.7
11;2025-11-23;16;1574.9
11;2025-11-23;17;1605.2
11;2025-11-23;18;1357.1
11;2025-11-23;19;1186.4
11;2025-11-23;20;914.8
11;2025-11-23;21;691.1
11;2025-11-23;22;409.4
11;2025-11-23;23;229.4
11;2025-11-24;0;66.3
11;2025-11-24;1;6.2
11;2025-11-24;2;1.2
11;2025-11-24;3;1.3
11;2025-11-24;4;16.0
11;2025-11-24;5;277.3
11;2025-11-24;6;1326.6
11;2025-11-24;7;2387.3
11;2025-11-24;8;3057.6
11;2025-11-24;9;2296.5
11;2025-11-24;10;1844.2
11;2025-11-24;11;1813.2
11;2025-11-24;12;1802.9
11;2025-11-24;13;1849.6
11;2025-11-24;14;1881.1
11;2025-11-24;15;1987.0
11;2025-11-24;16;2185.8
11;2025-11-24;17;2722.7
11;2025-11-24;18;2973.3
11;2025-11-24;19;2262.4
11;2025-11-24;20;1399.3
11;2025-11-24;21;867.6
11;2025-11-24;22;415.5
11;2025-11-24;23;216.2
11;2025-11-25;0;47.4
11;2025-11-25;1;0.8
11;2025-11-25;2;1.0
11;2025-11-25;3;1.6
11;2025-11-25;4;16.9
11;2025-11-25;5;274.9
11;2025-11-25;6;1285.3
11;2025-11-25;7;2392.6
11;2025-11-25;8;3205.2
11;2025-11-25;9;2397.7
11;2025-11-25;10;1891.8
11;2025-11-25;11;1813.8
11;2025-11-25;12;1871.8
11;2025-11-25;13;1972.7
11;2025-11-25;14;1887.8
11;2025-11-25;15;1925.4
11;2025-11-25;16;2210.7
11;2025-11-25;17;2792.5
11;2025-11-25;18;3044.8
11;2025-11-25;19;2334.3
11;2025-11-25;20;1603.4
11;2025-11-25;21;897.4
11;2025-11-25;22;461.4
11;2025-11-25;23;230.4
11;2025-11-26;0;63.4
11;2025-11-26;1;0.8
11;2025-11-26;2;0.8
11;2025-11-26;3;0.8
11;2025-11-26;4;14.4
11;2025-11-26;5;278.8
11;2025-11-26;6;1279.3
11;2025-11-26;7;2411.0
11;2025-11-26;8;3150.4
11;2025-11-26;9;2382.5
11;2025-11-26;10;1902.7
11;2025-11-26;11;1870.6
11;2025-11-26;12;1881.9
11;2025-11-26;13;1974.0
11;2025-11-26;14;1914.1
11;2025-11-26;15;1872.6
11;2025-11-26;16;2077.4
11;2025-11-26;17;2655.8
11;2025-11-26;18;3042.1
11;2025-11-26;19;2356.1
11;2025-11-26;20;1521.1
11;2025-11-26;21;891.3
11;2025-11-26;22;469.4
11;2025-11-26;23;258.3
11;2025-11-27;0;61.3
11;2025-11-27;1;4.9
11;2025-11-27;2;2.2
11;2025-11-27;3;1.7
11;2025-11-27;4;19.5
11;2025-11-27;5;282.2
11;2025-11-27;6;1324.2
11;2025-11-27;7;2370.2
11;2025-11-27;8;3136.6
11;2025-11-27;9;2405.9
11;2025-11-27;10;2038.5
11;2025-11-27;11;1797.2
11;2025-11-27;12;1959.3
11;2025-11-27;13;1961.7
11;2025-11-27;14;2011.0
11;2025-11-27;15;1985.0
11;2025-11-27;16;2337.4
11;2025-11-27;17;2848.3
11;2025-11-27;18;3173.0
11;2025-11-27;19;2339.3
11;2025-11-27;20;1534.0
11;2025-11-27;21;959.1
11;2025-11-27;22;488.7
11;2025-11-27;23;260.5
11;2025-11-28;0;70.7
11;2025-11-28;1;5.0
11;2025-11-28;2;1.2
11;2025-11-28;3;1.8
11;2025-11-28;4;16.7
11;2025-11-28;5;291.2
11;2025-11-28;6;1288.0
11;2025-11-28;7;2329.9
11;2025-11-28;8;3065.2
11;2025-11-28;9;2277.5
11;2025-11-28;10;1866.3
11;2025-11-28;11;1770.1
11;2025-11-28;12;1890.4
11;2025-11-28;13;1877.6
11;2025-11-28;14;1957.8
11;2025-11-28;15;2011.5
11;2025-11-28;16;2356.0
11;2025-11-28;17;2732.4
11;2025-11-28;18;2488.3
11;2025-11-28;19;2037.6
11;2025-11-28;20;1397.9
11;2025-11-28;21;916.1
11;2025-11-28;22;471.3
11;2025-11-28;23;301.9
11;2025-11-29;0;101.9
11;2025-11-29;1;19.3
11;2025-11-29;2;10.4
11;2025-11-29;3;6.1
11;2025-11-29;4;9.0
11;2025-11-29;5;190.0
11;2025-11-29;6;750.6
11;2025-11-29;7;745.6
11;2025-11-29;8;975.2
11;2025-11-29;9;1171.7
11;2025-11-29;10;1332.4
11;2025-11-29;11;1592.6
11;2025-11-29;12;1751.1
11;2025-11-29;13;1757.2
11;2025-11-29;14;1816.9
11;2025-11-29;15;1817.8
11;2025-11-29;16;1734.1
11;2025-11-29;17;1775.1
11;2025-11-29;18;1582.0
11;2025-11-29;19;1446.1
11;2025-11-29;20;1101.1
11;2025-11-29;21;810.6
11;2025-11-29;22;489.6
11;2025-11-29;23;303.5
11;2025-11-30;0;96.9
11;2025-11-30;1;15.0
11;2025-11-30;2;4.2
11;2025-11-30;3;2.1
11;2025-11-30;4;2.5
11;2025-11-30;5;128.2
11;2025-11-30;6;517.0
11;2025-11-30;7;512.5
11;2025-11-30;8;695.7
11;2025-11-30;9;930.8
11;2025-11-30;10;1092.9
11;2025-11-30;11;1391.6
11;2025-11-30;12;1550.1
11;2025-11-30;13;1581.8
11;2025-11-30;14;1602.7
11;2025-11-30;15;1587.7
11;2025-11-30;16;1574.9
11;2025-11-30;17;1605.2
11;2025-11-30;18;1357.1
11;2025-11-30;19;1186.4
11;2025-11-30;20;914.8
11;2025-11-30;21;691.1
11;2025-11-30;22;409.4
11;2025-11-30;23;229.4
11;2025-12-01;0;70.9
11;2025-12-01;1;6.6
11;2025-12-01;2;1.3
11;2025-12-01;3;1.4
11;2025-12-01;4;17.1
11;2025-12-01;5;296.2
11;2025-12-01;6;1417.1
11;2025-12-01;7;2550.3
11;2025-12-01;8;3266.3
11;2025-12-01;9;2453.3
11;2025-12-01;10;1970.1
11;2025-12-01;11;1936.9
11;2025-12-01;12;1926.0
11;2025-12-01;13;1975.8
11;2025-12-01;14;2009.5
11;2025-12-01;15;2122.6
11;2025-12-01;16;2335.0
11;2025-12-01;17;2908.5
11;2025-12-01;18;3176.2
11;2025-12-01;19;2416.8
11;2025-12-01;20;1494.8
11;2025-12-01;21;926.8
11;2025-12-01;22;443.9
11;2025-12-01;23;230.9
11;2025-12-02;0;50.6
11;2025-12-02;1;0.9
11;2025-12-02;2;1.1
11;2025-12-02;3;1.7
11;2025-12-02;4;18.1
11;2025-12-02;5;293.6
11;2025-12-02;6;1373.0
11;2025-12-02;7;2555.9
11;2025-12-02;8;3424.0
11;2025-12-02;9;2561.3
11;2025-12-02;10;2020.9
11;2025-12-02;11;1937.6
11;2025-12-02;12;1999.5
11;2025-12-02;13;2107.3
11;2025-12-02;14;2016.6
11;2025-12-02;15;2056.8
11;2025-12-02;16;2361.6
11;2025-12-02;17;2983.1
11;2025-12-02;18;3252.6
11;2025-12-02;19;2493.6
11;2025-12-02;20;1712.8
11;2025-12-02;21;958.6
11;2025-12-02;22;492.9
11;2025-12-02;23;246.1
11;2025-12-03;0;67.7
11;2025-12-03;1;0.8
11;2025-12-03;2;0.8
11;2025-12-03;3;0.8
11;2025-12-03;4;15.4
11;2025-12-03;5;297.8
11;2025-12-03;6;1366.6
11;2025-12-03;7;2575.6
11;2025-12-03;8;3365.4
11;2025-12-03;9;2545.1
11;2025-12-03;10;2032.5
11;2025-12-03;11;1998.2
11;2025-12-03;12;2010.3
11;2025-12-03;13;2108.7
11;2025-12-03;14;2044.7
11;2025-12-03;15;2000.4
11;2025-12-03;16;2219.2
11;2025-12-03;17;2837.1
11;2025-12-03;18;3249.7
11;2025-12-03;19;2516.9
11;2025-12-03;20;1625.0
11;2025-12-03;21;952.1
11;2025-12-03;22;501.5
11;2025-12-03;23;276.0
11;2025-12-04;0;65.5
11;2025-12-04;1;5.2
11;2025-12-04;2;2.3
11;2025-12-04;3;1.8
11;2025-12-04;4;20.8
11;2025-12-04;5;301.5
11;2025-12-04;6;1414.6
11;2025-12-04;7;2532.0
11;2025-12-04;8;3350.7
11;2025-12-04;9;2570.1
11;2025-12-04;10;2177.6
11;2025-12-04;11;1919.9
11;2025-12-04;12;2093.0
11;2025-12-04;13;2095.6
11;2025-12-04;14;2148.3
11;2025-12-04;15;2120.5
11;2025-12-04;16;2497.0
11;2025-12-04;17;3042.7
11;2025-12-04;18;3389.6
11;2025-12-04;19;2499.0
11;2025-12-04;20;1638.7
11;2025-12-04;21;1024.5
11;2025-12-04;22;522.0
11;2025-12-04;23;278.3
11;2025-12-05;0;75.5
11;2025-12-05;1;5.3
11;2025-12-05;2;1.3
11;2025-12-05;3;2.0
11;2025-12-05;4;17.8
11;2025-12-05;5;311.1
11;2025-12-05;6;1375.9
11;2025-12-05;7;2488.9
11;2025-12-05;8;3274.4
11;2025-12-05;9;2432.9
11;2025-12-05;10;1993.7
11;2025-12-05;11;1890.9
11;2025-12-05;12;2019.5
11;2025-12-05;13;2005.8
11;2025-12-05;14;2091.4
11;2025-12-05;15;2148.8
11;2025-12-05;16;2516.8
11;2025-12-05;17;2918.9
11;2025-12-05;18;2658.2
11;2025-12-05;19;2176.7
11;2025-12-05;20;1493.4
11;2025-12-05;21;978.6
11;2025-12-05;22;503.5
11;2025-12-05;23;322.5
11;2025-12-06;0;108.8
11;2025-12-06;1;20.6
11;2025-12-06;2;11.1
11;2025-12-06;3;6.5
11;2025-12-06;4;9.6
11;2025-12-06;5;202.9
11;2025-12-06;6;801.8
11;2025-12-06;7;796.5
11;2025-12-06;8;1041.7
11;2025-12-06;9;1251.7
11;2025-12-06;10;1423.3
11;2025-12-06;11;1701.3
11;2025-12-06;12;1870.6
11;2025-12-06;13;1877.2
11;2025-12-06;14;1940.9
11;2025-12-06;15;1941.8
11;2025-12-06;16;1852.4
11;2025-12-06;17;1896.3
11;2025-12-06;18;1690.0
11;2025-12-06;19;1544.8
11;2025-12-06;20;1176.2
11;2025-12-06;21;866.0
11;2025-12-06;22;523.1
11;2025-12-06;23;324.2
11;2025-12-07;0;103.6
11;2025-12-07;1;16.0
11;2025-12-07;2;4.5
11;2025-12-07;3;2.2
11;2025-12-07;4;2.7
11;2025-12-07;5;137.0
11;2025-12-07;6;552.3
11;2025-12-07;7;547.5
11;2025-12-07;8;743.2
11;2025-12-07;9;994.4
11;2025-12-07;10;1167.5
11;2025-12-07;11;1486.5
11;2025-12-07;12;1655.9
11;2025-12-07;13;1689.8
11;2025-12-07;14;1712.1
11;2025-12-07;15;1696.1
11;2025-12-07;16;1682.4
11;2025-12-07;17;1714.7
11;2025-12-07;18;1449.7
11;2025-12-07;19;1267.3
11;2025-12-07;20;977.2
11;2025-12-07;21;738.3
11;2025-12-07;22;437.3
11;2025-12-07;23;245.1
11;2025-12-08;0;70.9
11;2025-12-08;1;6.6
11;2025-12-08;2;1.3
11;2025-12-08;3;1.4
11;2025-12-08;4;17.1
11;2025-12-08;5;296.2
11;2025-12-08;6;1417.1
11;2025-12-08;7;2550.3
11;2025-12-08;8;3266.3
11;2025-12-08;9;2453.3
11;2025-12-08;10;1970.1
11;2025-12-08;11;1936.9
11;2025-12-08;12;1926.0
11;2025-12-08;13;1975.8
11;2025-12-08;14;2009.5
11;2025-12-08;15;2122.6
11;2025-12-08;16;2335.0
11;2025-12-08;17;2908.5
11;2025-12-08;18;3176.2
11;2025-12-08;19;2416.8
11;2025-12-08;20;1494.8
11;2025-12-08;21;926.8
11;2025-12-08;22;443.9
11;2025-12-08;23;230.9
11;2025-12-09;0;50.6
11;2025-12-09;1;0.9
11;2025-12-09;2;1.1
11;2025-12-09;3;1.7
11;2025-12-09;4;18.1
11;2025-12-09;5;293.6
11;2025-12-09;6;1373.0
11;2025-12-09;7;2555.9
11;2025-12-09;8;3424.0
11;2025-12-09;9;2561.3
11;2025-12-09;10;2020.9
11;2025-12-09;11;1937.6
11;2025-12-09;12;1999.5
11;2025-12-09;13;2107.3
11;2025-12-09;14;2016.6
11;2025-12-09;15;2056.8
11;2025-12-09;16;2361.6
11;2025-12-09;17;2983.1
11;2025-12-09;18;3252.6
11;2025-12-09;19;2493.6
11;2025-12-09;20;1712.8
11;2025-12-09;21;958.6
11;2025-12-09;22;492.9
11;2025-12-09;23;246.1
11;2025-12-10;0;67.7
11;2025-12-10;1;0.8
11;2025-12-10;2;0.8
11;2025-12-10;3;0.8
11;2025-12-10;4;15.4
11;2025-12-10;5;297.8
11;2025-12-10;6;1366.6
11;2025-12-10;7;2575.6
11;2025-12-10;8;3365.4
11;2025-12-10;9;2545.1
11;2025-12-10;10;2032.5
11;2025-12-10;11;1998.2
11;2025-12-10;12;2010.3
11;2025-12-10;13;2108.7
11;2025-12-10;14;2044.7
11;2025-12-10;15;2000.4
11;2025-12-10;16;2219.2
11;2025-12-10;17;2837.1
11;2025-12-10;18;3249.7
11;2025-12-10;19;2516.9
11;2025-12-10;20;1625.0
11;2025-12-10;21;952.1
11;2025-12-10;22;501.5
11;2025-12-10;23;276.0
11;2025-12-11;0;65.5
11;2025-12-11;1;5.2
11;2025-12-11;2;2.3
11;2025-12-11;3;1.8
11;2025-12-11;4;20.8
11;2025-12-11;5;301.5
11;2025-12-11;6;1414.6
11;2025-12-11;7;2532.0
11;2025-12-11;8;3350.7
11;2025-12-11;9;2570.1
11;2025-12-11;10;2177.6
11;2025-12-11;11;1919.9
11;2025-12-11;12;2093.0
11;2025-12-11;13;2095.6
11;2025-12-11;14;2148.3
11;2025-12-11;15;2120.5
11;2025-12-11;16;2497.0
11;2025-12-11;17;3042.7
11;2025-12-11;18;3389.6
11;2025-12-11;19;2499.0
11;2025-12-11;20;1638.7
11;2025-12-11;21;1024.5
11;2025-12-11;22;522.0
11;2025-12-11;23;278.3
11;2025-12-12;0;75.5
11;2025-12-12;1;5.3
11;2025-12-12;2;1.3
11;2025-12-12;3;2.0
11;2025-12-12;4;17.8
11;2025-12-12;5;311.1
11;2025-12-12;6;1375.9
11;2025-12-12;7;2488.9
11;2025-12-12;8;3274.4
11;2025-12-12;9;2432.9
11;2025-12-12;10;1993.7
11;2025-12-12;11;1890.9
11;2025-12-12;12;2019.5
11;2025-12-12;13;2005.8
11;2025-12-12;14;2091.4
11;2025-12-12;15;2148.8
11;2025-12-12;16;2516.8
11;2025-12-12;17;2918.9
11;2025-12-12;18;2658.2
11;2025-12-12;19;2176.7
11;2025-12-12;20;1493.4
11;2025-12-12;21;978.6
11;2025-12-12;22;503.5
11;2025-12-12;23;322.5
11;2025-12-13;0;108.8
11;2025-12-13;1;20.6
11;2025-12-13;2;11.1
11;2025-12-13;3;6.5
11;2025-12-13;4;9.6
11;2025-12-13;5;202.9
11;2025-12-13;6;801.8
11;2025-12-13;7;796.5
11;2025-12-13;8;1041.7
11;2025-12-13;9;1251.7
11;2025-12-13;10;1423.3
11;2025-12-13;11;1701.3
11;2025-12-13;12;1870.6
11;2025-12-13;13;1877.2
11;2025-12-13;14;1940.9
11;2025-12-13;15;1941.8
11;2025-12-13;16;1852.4
11;2025-12-13;17;1896.3
11;2025-12-13;18;1690.0
11;2025-12-13;19;1544.8
11;2025-12-13;20;1176.2
11;2025-12-13;21;866.0
11;2025-12-13;22;523.1
11;2025-12-13;23;324.2
11;2025-12-14;0;103.6
11;2025-12-14;1;16.0
11;2025-12-14;2;4.5
11;2025-12-14;3;2.2
11;2025-12-14;4;2.7
11;2025-12-14;5;137.0
11;2025-12-14;6;552.3
11;2025-12-14;7;547.5
11;2025-12-14;8;743.2
11;2025-12-14;9;994.4
11;2025-12-14;10;1167.5
11;2025-12-14;11;1486.5
11;2025-12-14;12;1655.9
11;2025-12-14;13;1689.8
11;2025-12-14;14;1712.1
11;2025-12-14;15;1696.1
11;2025-12-14;16;1682.4
11;2025-12-14;17;1714.7
11;2025-12-14;18;1449.7
11;2025-12-14;19;1267.3
11;2025-12-14;20;977.2
11;2025-12-14;21;738.3
11;2025-12-14;22;437.3
11;2025-12-14;23;245.1
11;2025-12-15;0;70.9
11;2025-12-15;1;6.6
11;2025-12-15;2;1.3
11;2025-12-15;3;1.4
11;2025-12-15;4;17.1
11;2025-12-15;5;296.2
11;2025-12-15;6;1417.1
11;2025-12-15;7;2550.3
11;2025-12-15;8;3266.3
11;2025-12-15;9;2453.3
11;2025-12-15;10;1970.1
11;2025-12-15;11;1936.9
11;2025-12-15;12;1926.0
11;2025-12-15;13;1975.8
11;2025-12-15;14;2009.5
11;2025-12-15;15;2122.6
11;2025-12-15;16;2335.0
11;2025-12-15;17;2908.5
11;2025-12-15;18;3176.2
11;2025-12-15;19;2416.8
11;2025-12-15;20;1494.8
11;2025-12-15;21;926.8
11;2025-12-15;22;443.9
11;2025-12-15;23;230.9
11;2025-12-16;0;50.6
11;2025-12-16;1;0.9
11;2025-12-16;2;1.1
11;2025-12-16;3;1.7
11;2025-12-16;4;18.1
11;2025-12-16;5;293.6
11;2025-12-16;6;1373.0
11;2025-12-16;7;2555.9
11;2025-12-16;8;3424.0
11;2025-12-16;9;2561.3
11;2025-12-16;10;2020.9
11;2025-12-16;11;1937.6
11;2025-12-16;12;1999.5
11;2025-12-16;13;2107.3
11;2025-12-16;14;2016.6
11;2025-12-16;15;2056.8
11;2025-12-16;16;2361.6
11;2025-12-16;17;2983.1
11;2025-12-16;18;3252.6
11;2025-12-16;19;2493.6
11;2025-12-16;20;1712.8
11;2025-12-16;21;958.6
11;2025-12-16;22;492.9
11;2025-12-16;23;246.1
11;2025-12-17;0;67.7
11;2025-12-17;1;0.8
11;2025-12-17;2;0.8
11;2025-12-17;3;0.8
11;2025-12-17;4;15.4
11;2025-12-17;5;297.8
11;2025-12-17;6;1366.6
11;2025-12-17;7;2575.6
11;2025-12-17;8;3365.4
11;2025-12-17;9;2545.1
11;2025-12-17;10;2032.5
11;2025-12-17;11;1998.2
11;2025-12-17;12;2010.3
11;2025-12-17;13;2108.7
11;2025-12-17;14;2044.7
11;2025-12-17;15;2000.4
11;2025-12-17;16;2219.2
11;2025-12-17;17;2837.1
11;2025-12-17;18;3249.7
11;2025-12-17;19;2516.9
11;2025-12-17;20;1625.0
11;2025-12-17;21;952.1
11;2025-12-17;22;501.5
11;2025-12-17;23;276.0
11;2025-12-18;0;65.5
11;2025-12-18;1;5.2
11;2025-12-18;2;2.3
11;2025-12-18;3;1.8
11;2025-12-18;4;20.8
11;2025-12-18;5;301.5
11;2025-12-18;6;1414.6
11;2025-12-18;7;2532.0
11;2025-12-18;8;3350.7
11;2025-12-18;9;2570.1
11;2025-12-18;10;2177.6
11;2025-12-18;11;1919.9
11;2025-12-18;12;2093.0
11;2025-12-18;13;2095.6
11;2025-12-18;14;2148.3
11;2025-12-18;15;2120.5
11;2025-12-18;16;2497.0
11;2025-12-18;17;3042.7
11;2025-12-18;18;3389.6
11;2025-12-18;19;2499.0
11;2025-12-18;20;1638.7
11;2025-12-18;21;1024.5
11;2025-12-18;22;522.0
11;2025-12-18;23;278.3
11;2025-12-19;0;75.5
11;2025-12-19;1;5.3
11;2025-12-19;2;1.3
11;2025-12-19;3;2.0
11;2025-12-19;4;17.8
11;2025-12-19;5;311.1
11;2025-12-19;6;1375.9
11;2025-12-19;7;2488.9
11;2025-12-19;8;3274.4
11;2025-12-19;9;2432.9
11;2025-12-19;10;1993.7
11;2025-12-19;11;1890.9
11;2025-12-19;12;2019.5
11;2025-12-19;13;2005.8
11;2025-12-19;14;2091.4
11;2025-12-19;15;2148.8
11;2025-12-19;16;2516.8
11;2025-12-19;17;2918.9
11;2025-12-19;18;2658.2
11;2025-12-19;19;2176.7
11;2025-12-19;20;1493.4
11;2025-12-19;21;978.6
11;2025-12-19;22;503.5
11;2025-12-19;23;322.5
11;2025-12-20;0;108.8
11;2025-12-20;1;20.6
11;2025-12-20;2;11.1
11;2025-12-20;3;6.5
11;2025-12-20;4;9.6
11;2025-12-20;5;202.9
11;2025-12-20;6;801.8
11;2025-12-20;7;796.5
11;2025-12-20;8;1041.7
11;2025-12-20;9;1251.7
11;2025-12-20;10;1423.3
11;2025-12-20;11;1701.3
11;2025-12-20;12;1870.6
11;2025-12-20;13;1877.2
11;2025-12-20;14;1940.9
11;2025-12-20;15;1941.8
11;2025-12-20;16;1852.4
11;2025-12-20;17;1896.3
11;2025-12-20;18;1690.0
11;2025-12-20;19;1544.8
11;2025-12-20;20;1176.2
11;2025-12-20;21;866.0
11;2025-12-20;22;523.1
11;2025-12-20;23;324.2
11;2025-12-21;0;103.6
11;2025-12-21;1;16.0
11;2025-12-21;2;4.5
11;2025-12-21;3;2.2
11;2025-12-21;4;2.7
11;2025-12-21;5;137.0
11;2025-12-21;6;552.3
11;2025-12-21;7;547.5
11;2025-12-21;8;743.2
11;2025-12-21;9;994.4
11;2025-12-21;10;1167.5
11;2025-12-21;11;1486.5
11;2025-12-21;12;1655.9
11;2025-12-21;13;1689.8
11;2025-12-21;14;1712.1
11;2025-12-21;15;1696.1
11;2025-12-21;16;1682.4
11;2025-12-21;17;1714.7
11;2025-12-21;18;1449.7
11;2025-12-21;19;1267.3
11;2025-12-21;20;977.2
11;2025-12-21;21;738.3
11;2025-12-21;22;437.3
11;2025-12-21;23;245.1
11;2025-12-22;0;70.9
11;2025-12-22;1;6.6
11;2025-12-22;2;1.3
11;2025-12-22;3;1.4
11;2025-12-22;4;17.1
11;2025-12-22;5;296.2
11;2025-12-22;6;1417.1
11;2025-12-22;7;2550.3
11;2025-12-22;8;3266.3
11;2025-12-22;9;2453.3
11;2025-12-22;10;1970.1
11;2025-12-22;11;1936.9
11;2025-12-22;12;1926.0
11;2025-12-22;13;1975.8
11;2025-12-22;14;2009.5
11;2025-12-22;15;2122.6
11;2025-12-22;16;2335.0
11;2025-12-22;17;2908.5
11;2025-12-22;18;3176.2
11;2025-12-22;19;2416.8
11;2025-12-22;20;1494.8
11;2025-12-22;21;926.8
11;2025-12-22;22;443.9
11;2025-12-22;23;230.9
11;2025-12-23;0;50.6
11;2025-12-23;1;0.9
11;2025-12-23;2;1.1
11;2025-12-23;3;1.7
11;2025-12-23;4;18.1
11;2025-12-23;5;293.6
11;2025-12-23;6;1373.0
11;2025-12-23;7;2555.9
11;2025-12-23;8;3424.0
11;2025-12-23;9;2561.3
11;2025-12-23;10;2020.9
11;2025-12-23;11;1937.6
11;2025-12-23;12;1999.5
11;2025-12-23;13;2107.3
11;2025-12-23;14;2016.6
11;2025-12-23;15;2056.8
11;2025-12-23;16;2361.6
11;2025-12-23;17;2983.1
11;2025-12-23;18;3252.6
11;2025-12-23;19;2493.6
11;2025-12-23;20;1712.8
11;2025-12-23;21;958.6
11;2025-12-23;22;492.9
11;2025-12-23;23;246.1
11;2025-12-24;0;67.7
11;2025-12-24;1;0.8
11;2025-12-24;2;0.8
11;2025-12-24;3;0.8
11;2025-12-24;4;15.4
11;2025-12-24;5;297.8
11;2025-12-24;6;1366.6
11;2025-12-24;7;2575.6
11;2025-12-24;8;3365.4
11;2025-12-24;9;2545.1
11;2025-12-24;10;2032.5
11;2025-12-24;11;1998.2
11;2025-12-24;12;2010.3
11;2025-12-24;13;2108.7
11;2025-12-24;14;2044.7
11;2025-12-24;15;2000.4
11;2025-12-24;16;2219.2
11;2025-12-24;17;2837.1
11;2025-12-24;18;3249.7
11;2025-12-24;19;2516.9
11;2025-12-24;20;1625.0
11;2025-12-24;21;952.1
11;2025-12-24;22;501.5
11;2025-12-24;23;276.0
11;2025-12-25;0;65.5
11;2025-12-25;1;5.2
11;2025-12-25;2;2.3
11;2025-12-25;3;1.8
11;2025-12-25;4;20.8
11;2025-12-25;5;301.5
11;2025-12-25;6;1414.6
11;2025-12-25;7;2532.0
11;2025-12-25;8;3350.7
11;2025-12-25;9;2570.1
11;2025-12-25;10;2177.6
11;2025-12-25;11;1919.9
11;2025-12-25;12;2093.0
11;2025-12-25;13;2095.6
11;2025-12-25;14;2148.3
11;2025-12-25;15;2120.5
11;2025-12-25;16;2497.0
11;2025-12-25;17;3042.7
11;2025-12-25;18;3389.6
11;2025-12-25;19;2499.0
11;2025-12-25;20;1638.7
11;2025-12-25;21;1024.5
11;2025-12-25;22;522.0
11;2025-12-25;23;278.3
11;2025-12-26;0;75.5
11;2025-12-26;1;5.3
11;2025-12-26;2;1.3
11;2025-12-26;3;2.0
11;2025-12-26;4;17.8
11;2025-12-26;5;311.1
11;2025-12-26;6;1375.9
11;2025-12-26;7;2488.9
11;2025-12-26;8;3274.4
11;2025-12-26;9;2432.9
11;2025-12-26;10;1993.7
11;2025-12-26;11;1890.9
11;2025-12-26;12;2019.5
11;2025-12-26;13;2005.8
11;2025-12-26;14;2091.4
11;2025-12-26;15;2148.8
11;2025-12-26;16;2516.8
11;2025-12-26;17;2918.9
11;2025-12-26;18;2658.2
11;2025-12-26;19;2176.7
11;2025-12-26;20;1493.4
11;2025-12-26;21;978.6
11;2025-12-26;22;503.5
11;2025-12-26;23;322.5
11;2025-12-27;0;108.8
11;2025-12-27;1;20.6
11;2025-12-27;2;11.1
11;2025-12-27;3;6.5
11;2025-12-27;4;9.6
11;2025-12-27;5;202.9
11;2025-12-27;6;801.8
11;2025-12-27;7;796.5
11;2025-12-27;8;1041.7
11;2025-12-27;9;1251.7
11;2025-12-27;10;1423.3
11;2025-12-27;11;1701.3
11;2025-12-27;12;1870.6
11;2025-12-27;13;1877.2
11;2025-12-27;14;1940.9
11;2025-12-27;15;1941.8
11;2025-12-27;16;1852.4
11;2025-12-27;17;1896.3
11;2025-12-27;18;1690.0
11;2025-12-27;19;1544.8
11;2025-12-27;20;1176.2
11;2025-12-27;21;866.0
11;2025-12-27;22;523.1
11;2025-12-27;23;324.2
11;2025-12-28;0;103.6
11;2025-12-28;1;16.0
11;2025-12-28;2;4.5
11;2025-12-28;3;2.2
11;2025-12-28;4;2.7
11;2025-12-28;5;137.0
11;2025-12-28;6;552.3
11;2025-12-28;7;547.5
11;2025-12-28;8;743.2
11;2025-12-28;9;994.4
11;2025-12-28;10;1167.5
11;2025-12-28;11;1486.5
11;2025-12-28;12;1655.9
11;2025-12-28;13;1689.8
11;2025-12-28;14;1712.1
11;2025-12-28;15;1696.1
11;2025-12-28;16;1682.4
11;2025-12-28;17;1714.7
11;2025-12-28;18;1449.7
11;2025-12-28;19;1267.3
11;2025-12-28;20;977.2
11;2025-12-28;21;738.3
11;2025-12-28;22;437.3
11;2025-12-28;23;245.1
11;2025-12-29;0;70.9
11;2025-12-29;1;6.6
11;2025-12-29;2;1.3
11;2025-12-29;3;1.4
11;2025-12-29;4;17.1
11;2025-12-29;5;296.2
11;2025-12-29;6;1417.1
11;2025-12-29;7;2550.3
11;2025-12-29;8;3266.3
11;2025-12-29;9;2453.3
11;2025-12-29;10;1970.1
11;2025-12-29;11;1936.9
11;2025-12-29;12;1926.0
11;2025-12-29;13;1975.8
11;2025-12-29;14;2009.5
11;2025-12-29;15;2122.6
11;2025-12-29;16;2335.0
11;2025-12-29;17;2908.5
11;2025-12-29;18;3176.2
11;2025-12-29;19;2416.8
11;2025-12-29;20;1494.8
11;2025-12-29;21;926.8
11;2025-12-29;22;443.9
11;2025-12-29;23;230.9
11;2025-12-30;0;54.3
11;2025-12-30;1;7.2
11;2025-12-30;2;6.3
11;2025-12-30;3;9.0
11;2025-12-30;4;29.5
11;2025-12-30;5;306.3
11;2025-12-30;6;1390.0
11;2025-12-30;7;2556.1
11;2025-12-30;8;3415.2
11;2025-12-30;9;2581.3
11;2025-12-30;10;2063.6
11;2025-12-30;11;2009.3
11;2025-12-30;12;2084.9
11;2025-12-30;13;2206.3
11;2025-12-30;14;2133.7
11;2025-12-30;15;2201.4
11;2025-12-30;16;2499.8
11;2025-12-30;17;2982.9
11;2025-12-30;18;3004.4
11;2025-12-30;19;2415.4
11;2025-12-30;20;1714.7
11;2025-12-30;21;992.1
11;2025-12-30;22;534.5
11;2025-12-30;23;297.3
11;2025-12-31;0;61.4
11;2025-12-31;1;0.0
11;2025-12-31;2;0.0
11;2025-12-31;3;0.1
11;2025-12-31;4;0.0
11;2025-12-31;5;85.4
11;2025-12-31;6;506.4
11;2025-12-31;7;453.9
11;2025-12-31;8;543.8
11;2025-12-31;9;650.2
11;2025-12-31;10;765.8
11;2025-12-31;11;1026.9
11;2025-12-31;12;1242.2
11;2025-12-31;13;1353.1
11;2025-12-31;14;1389.6
11;2025-12-31;15;1444.3
11;2025-12-31;16;1422.3
11;2025-12-31;17;1450.5
11;2025-12-31;18;1395.2
11;2025-12-31;19;1255.6
11;2025-12-31;20;963.6
11;2025-12-31;21;705.8
11;2025-12-31;22;400.2
11;2025-12-31;23;192.2
12;2025-11-01;0;104.0
12;2025-11-01;1;40.5
12;2025-11-01;2;35.0
12;2025-11-01;3;34.5
12;2025-11-01;4;48.8
12;2025-11-01;5;319.3
12;2025-11-01;6;1102.1
12;2025-11-01;7;1785.6
12;2025-11-01;8;2270.3
12;2025-11-01;9;1872.2
12;2025-11-01;10;1706.1
12;2025-11-01;11;1768.8
12;2025-11-01;12;1830.0
12;2025-11-01;13;1923.8
12;2025-11-01;14;1894.1
12;2025-11-01;15;2075.8
12;2025-11-01;16;2352.3
12;2025-11-01;17;2359.5
12;2025-11-01;18;2082.5
12;2025-11-01;19;1767.1
12;2025-11-01;20;1282.0
12;2025-11-01;21;919.4
12;2025-11-01;22;524.9
12;2025-11-01;23;320.4
12;2025-11-02;0;87.8
12;2025-11-02;1;13.2
12;2025-11-02;2;6.8
12;2025-11-02;3;1.5
12;2025-11-02;4;0.6
12;2025-11-02;5;145.3
12;2025-11-02;6;528.0
12;2025-11-02;7;623.6
12;2025-11-02;8;735.6
12;2025-11-02;9;936.7
12;2025-11-02;10;1098.4
12;2025-11-02;11;1258.7
12;2025-11-02;12;1350.7
12;2025-11-02;13;1485.4
12;2025-11-02;14;1468.2
12;2025-11-02;15;1465.9
12;2025-11-02;16;1452.4
12;2025-11-02;17;1433.3
12;2025-11-02;18;1324.3
12;2025-11-02;19;1098.9
12;2025-11-02;20;851.4
12;2025-11-02;21;644.2
12;2025-11-02;22;387.1
12;2025-11-02;23;184.1
12;2025-11-03;0;80.4
12;2025-11-03;1;11.8
12;2025-11-03;2;11.4
12;2025-11-03;3;9.2
12;2025-11-03;4;4.8
12;2025-11-03;5;190.9
12;2025-11-03;6;641.4
12;2025-11-03;7;740.1
12;2025-11-03;8;820.8
12;2025-11-03;9;942.0
12;2025-11-03;10;1087.6
12;2025-11-03;11;1298.0
12;2025-11-03;12;1523.0
12;2025-11-03;13;1667.1
12;2025-11-03;14;1682.8
12;2025-11-03;15;1682.3
12;2025-11-03;16;1698.5
12;2025-11-03;17;1626.1
12;2025-11-03;18;1527.5
12;2025-11-03;19;1340.9
12;2025-11-03;20;992.5
12;2025-11-03;21;766.7
12;2025-11-03;22;473.9
12;2025-11-03;23;264.8
12;2025-11-04;0;86.6
12;2025-11-04;1;11.9
12;2025-11-04;2;11.0
12;2025-11-04;3;12.8
12;2025-11-04;4;4.9
12;2025-11-04;5;169.5
12;2025-11-04;6;599.5
12;2025-11-04;7;657.2
12;2025-11-04;8;721.3
12;2025-11-04;9;801.9
12;2025-11-04;10;916.6
12;2025-11-04;11;1107.2
12;2025-11-04;12;1308.0
12;2025-11-04;13;1450.0
12;2025-11-04;14;1464.5
12;2025-11-04;15;1459.7
12;2025-11-04;16;1476.0
12;2025-11-04;17;1424.7
12;2025-11-04;18;1351.5
12;2025-11-04;19;1219.9
12;2025-11-04;20;907.9
12;2025-11-04;21;699.8
12;2025-11-04;22;413.6
12;2025-11-04;23;202.8
12;2025-11-05;0;63.1
12;2025-11-05;1;10.5
12;2025-11-05;2;9.3
12;2025-11-05;3;9.7
12;2025-11-05;4;32.9
12;2025-11-05;5;360.3
12;2025-11-05;6;1444.7
12;2025-11-05;7;2634.4
12;2025-11-05;8;3418.3
12;2025-11-05;9;2521.7
12;2025-11-05;10;2074.0
12;2025-11-05;11;2005.3
12;2025-11-05;12;2075.3
12;2025-11-05;13;2092.3
12;2025-11-05;14;1985.4
12;2025-11-05;15;2286.3
12;2025-11-05;16;2702.1
12;2025-11-05;17;2978.0
12;2025-11-05;18;3143.4
12;2025-11-05;19;2429.0
12;2025-11-05;20;1584.1
12;2025-11-05;21;985.2
12;2025-11-05;22;506.7
12;2025-11-05;23;233.7
12;2025-11-06;0;61.6
12;2025-11-06;1;8.6
12;2025-11-06;2;3.3
12;2025-11-06;3;2.7
12;2025-11-06;4;23.2
12;2025-11-06;5;327.3
12;2025-11-06;6;1382.6
12;2025-11-06;7;2634.3
12;2025-11-06;8;3499.2
12;2025-11-06;9;2447.3
12;2025-11-06;10;2002.7
12;2025-11-06;11;1825.3
12;2025-11-06;12;1917.1
12;2025-11-06;13;2071.5
12;2025-11-06;14;1926.1
12;2025-11-06;15;2206.3
12;2025-11-06;16;2596.7
12;2025-11-06;17;3047.9
12;2025-11-06;18;3246.2
12;2025-11-06;19;2413.8
12;2025-11-06;20;1593.1
12;2025-11-06;21;969.5
12;2025-11-06;22;519.7
12;2025-11-06;23;261.3
12;2025-11-07;0;62.3
12;2025-11-07;1;6.3
12;2025-11-07;2;1.1
12;2025-11-07;3;2.1
12;2025-11-07;4;16.7
12;2025-11-07;5;333.7
12;2025-11-07;6;1348.3
12;2025-11-07;7;2588.3
12;2025-11-07;8;3364.9
12;2025-11-07;9;2445.2
12;2025-11-07;10;1958.9
12;2025-11-07;11;1977.2
12;2025-11-07;12;1994.4
12;2025-11-07;13;2090.1
12;2025-11-07;14;2057.6
12;2025-11-07;15;2391.5
12;2025-11-07;16;2848.7
12;2025-11-07;17;2960.6
12;2025-11-07;18;2584.1
12;2025-11-07;19;2104.1
12;2025-11-07;20;1442.7
12;2025-11-07;21;965.0
12;2025-11-07;22;512.9
12;2025-11-07;23;280.0
12;2025-11-08;0;90.3
12;2025-11-08;1;18.3
12;2025-11-08;2;10.6
12;2025-11-08;3;3.0
12;2025-11-08;4;3.8
12;2025-11-08;5;210.6
12;2025-11-08;6;735.6
12;2025-11-08;7;831.4
12;2025-11-08;8;1001.1
12;2025-11-08;9;1170.1
12;2025-11-08;10;1339.2
12;2025-11-08;11;1461.3
12;2025-11-08;12;1574.9
12;2025-11-08;13;1679.5
12;2025-11-08;14;1645.5
12;2025-11-08;15;1598.6
12;2025-11-08;16;1632.0
12;2025-11-08;17;1596.1
12;2025-11-08;18;1489.5
12;2025-11-08;19;1358.9
12;2025-11-08;20;1032.7
12;2025-11-08;21;784.9
12;2025-11-08;22;450.3
12;2025-11-08;23;266.1
12;2025-11-09;0;87.8
12;2025-11-09;1;13.2
12;2025-11-09;2;6.8
12;2025-11-09;3;1.5
12;2025-11-09;4;0.6
12;2025-11-09;5;145.3
12;2025-11-09;6;528.0
12;2025-11-09;7;623.6
12;2025-11-09;8;735.6
12;2025-11-09;9;936.7
12;2025-11-09;10;1098.4
12;2025-11-09;11;1258.7
12;2025-11-09;12;1350.7
12;2025-11-09;13;1485.4
12;2025-11-09;14;1468.2
12;2025-11-09;15;1465.9
12;2025-11-09;16;1452.4
12;2025-11-09;17;1433.3
12;2025-11-09;18;1324.3
12;2025-11-09;19;1098.9
12;2025-11-09;20;851.4
12;2025-11-09;21;644.2
12;2025-11-09;22;387.1
12;2025-11-09;23;184.1
12;2025-11-10;0;52.7
12;2025-11-10;1;1.4
12;2025-11-10;2;1.1
12;2025-11-10;3;0.9
12;2025-11-10;4;17.8
12;2025-11-10;5;326.7
12;2025-11-10;6;1410.4
12;2025-11-10;7;2578.3
12;2025-11-10;8;3456.5
12;2025-11-10;9;2480.8
12;2025-11-10;10;1978.5
12;2025-11-10;11;1884.4
12;2025-11-10;12;2015.5
12;2025-11-10;13;1978.4
12;2025-11-10;14;1952.6
12;2025-11-10;15;2108.2
12;2025-11-10;16;2552.8
12;2025-11-10;17;2970.8
12;2025-11-10;18;3212.6
12;2025-11-10;19;2323.9
12;2025-11-10;20;1589.2
12;2025-11-10;21;931.8
12;2025-11-10;22;464.3
12;2025-11-10;23;219.2
12;2025-11-11;0;53.9
12;2025-11-11;1;2.7
12;2025-11-11;2;2.4
12;2025-11-11;3;2.3
12;2025-11-11;4;22.5
12;2025-11-11;5;346.1
12;2025-11-11;6;1442.1
12;2025-11-11;7;2689.6
12;2025-11-11;8;3482.0
12;2025-11-11;9;2524.2
12;2025-11-11;10;2046.6
12;2025-11-11;11;1886.6
12;2025-11-11;12;1936.9
12;2025-11-11;13;2034.3
12;2025-11-11;14;1960.2
12;2025-11-11;15;2162.2
12;2025-11-11;16;2538.2
12;2025-11-11;17;2952.9
12;2025-11-11;18;3258.8
12;2025-11-11;19;2375.7
12;2025-11-11;20;1561.7
12;2025-11-11;21;963.6
12;2025-11-11;22;497.8
12;2025-11-11;23;245.4
12;2025-11-12;0;57.9
12;2025-11-12;1;3.4
12;2025-11-12;2;1.3
12;2025-11-12;3;1.1
12;2025-11-12;4;19.5
12;2025-11-12;5;344.2
12;2025-11-12;6;1422.9
12;2025-11-12;7;2597.9
12;2025-11-12;8;3392.7
12;2025-11-12;9;2500.1
12;2025-11-12;10;2061.3
12;2025-11-12;11;1989.8
12;2025-11-12;12;2046.0
12;2025-11-12;13;2055.2
12;2025-11-12;14;1950.2
12;2025-11-12;15;2247.3
12;2025-11-12;16;2656.9
12;2025-11-12;17;2953.9
12;2025-11-12;18;3117.3
12;2025-11-12;19;2441.2
12;2025-11-12;20;1611.8
12;2025-11-12;21;1020.8
12;2025-11-12;22;527.2
12;2025-11-12;23;250.3
12;2025-11-13;0;61.6
12;2025-11-13;1;8.6
12;2025-11-13;2;3.3
12;2025-11-13;3;2.7
12;2025-11-13;4;23.2
12;2025-11-13;5;327.3
12;2025-11-13;6;1382.6
12;2025-11-13;7;2634.3
12;2025-11-13;8;3499.2
12;2025-11-13;9;2447.3
12;2025-11-13;10;2002.7
12;2025-11-13;11;1825.3
12;2025-11-13;12;1917.1
12;2025-11-13;13;2071.5
12;2025-11-13;14;1926.1
12;2025-11-13;15;2206.3
12;2025-11-13;16;2596.7
12;2025-11-13;17;3047.9
12;2025-11-13;18;3246.2
12;2025-11-13;19;2413.8
12;2025-11-13;20;1593.1
12;2025-11-13;21;969.5
12;2025-11-13;22;519.7
12;2025-11-13;23;261.3
12;2025-11-14;0;62.3
12;2025-11-14;1;6.3
12;2025-11-14;2;1.1
12;2025-11-14;3;2.1
12;2025-11-14;4;16.7
12;2025-11-14;5;333.7
12;2025-11-14;6;1348.3
12;2025-11-14;7;2588.3
12;2025-11-14;8;3364.9
12;2025-11-14;9;2445.2
12;2025-11-14;10;1958.9
12;2025-11-14;11;1977.2
12;2025-11-14;12;1994.4
12;2025-11-14;13;2090.1
12;2025-11-14;14;2057.6
12;2025-11-14;15;2391.5
12;2025-11-14;16;2848.7
12;2025-11-14;17;2960.6
12;2025-11-14;18;2584.1
12;2025-11-14;19;2104.1
12;2025-11-14;20;1442.7
12;2025-11-14;21;965.0
12;2025-11-14;22;512.9
12;2025-11-14;23;280.0
12;2025-11-15;0;90.3
12;2025-11-15;1;18.3
12;2025-11-15;2;10.6
12;2025-11-15;3;3.0
12;2025-11-15;4;3.8
12;2025-11-15;5;210.6
12;2025-11-15;6;735.6
12;2025-11-15;7;831.4
12;2025-11-15;8;1001.1
12;2025-11-15;9;1170.1
12;2025-11-15;10;1339.2
12;2025-11-15;11;1461.3
12;2025-11-15;12;1574.9
12;2025-11-15;13;1679.5
12;2025-11-15;14;1645.5
12;2025-11-15;15;1598.6
12;2025-11-15;16;1632.0
12;2025-11-15;17;1596.1
12;2025-11-15;18;1489.5
12;2025-11-15;19;1358.9
12;2025-11-15;20;1032.7
12;2025-11-15;21;784.9
12;2025-11-15;22;450.3
12;2025-11-15;23;266.1
12;2025-11-16;0;87.8
12;2025-11-16;1;13.2
12;2025-11-16;2;6.8
12;2025-11-16;3;1.5
12;2025-11-16;4;0.6
12;2025-11-16;5;145.3
12;2025-11-16;6;528.0
12;2025-11-16;7;623.6
12;2025-11-16;8;735.6
12;2025-11-16;9;936.7
12;2025-11-16;10;1098.4
12;2025-11-16;11;1258.7
12;2025-11-16;12;1350.7
12;2025-11-16;13;1485.4
12;2025-11-16;14;1468.2
12;2025-11-16;15;1465.9
12;2025-11-16;16;1452.4
12;2025-11-16;17;1433.3
12;2025-11-16;18;1324.3
12;2025-11-16;19;1098.9
12;2025-11-16;20;851.4
12;2025-11-16;21;644.2
12;2025-11-16;22;387.1
12;2025-11-16;23;184.1
12;2025-11-17;0;52.7
12;2025-11-17;1;1.4
12;2025-11-17;2;1.1
12;2025-11-17;3;0.9
12;2025-11-17;4;17.8
12;2025-11-17;5;326.7
12;2025-11-17;6;1410.4
12;2025-11-17;7;2578.3
12;2025-11-17;8;3456.5
12;2025-11-17;9;2480.8
12;2025-11-17;10;1978.5
12;2025-11-17;11;1884.4
12;2025-11-17;12;2015.5
12;2025-11-17;13;1978.4
12;2025-11-17;14;1952.6
12;2025-11-17;15;2108.2
12;2025-11-17;16;2552.8
12;2025-11-17;17;2970.8
12;2025-11-17;18;3212.6
12;2025-11-17;19;2323.9
12;2025-11-17;20;1589.2
12;2025-11-17;21;931.8
12;2025-11-17;22;464.3
12;2025-11-17;23;219.2
12;2025-11-18;0;53.9
12;2025-11-18;1;2.7
12;2025-11-18;2;2.4
12;2025-11-18;3;2.3
12;2025-11-18;4;22.5
12;2025-11-18;5;346.1
12;2025-11-18;6;1442.1
12;2025-11-18;7;2689.6
12;2025-11-18;8;3482.0
12;2025-11-18;9;2524.2
12;2025-11-18;10;2046.6
12;2025-11-18;11;1886.6
12;2025-11-18;12;1936.9
12;2025-11-18;13;2034.3
12;2025-11-18;14;1960.2
12;2025-11-18;15;2162.2
12;2025-11-18;16;2538.2
12;2025-11-18;17;2952.9
12;2025-11-18;18;3258.8
12;2025-11-18;19;2375.7
12;2025-11-18;20;1561.7
12;2025-11-18;21;963.6
12;2025-11-18;22;497.8
12;2025-11-18;23;245.4
12;2025-11-19;0;57.9
12;2025-11-19;1;3.4
12;2025-11-19;2;1.3
12;2025-11-19;3;1.1
12;2025-11-19;4;19.5
12;2025-11-19;5;344.2
12;2025-11-19;6;1422.9
12;2025-11-19;7;2597.9
12;2025-11-19;8;3392.7
12;2025-11-19;9;2500.1
12;2025-11-19;10;2061.3
12;2025-11-19;11;1989.8
12;2025-11-19;12;2046.0
12;2025-11-19;13;2055.2
12;2025-11-19;14;1950.2
12;2025-11-19;15;2247.3
12;2025-11-19;16;2656.9
12;2025-11-19;17;2953.9
12;2025-11-19;18;3117.3
12;2025-11-19;19;2441.2
12;2025-11-19;20;1611.8
12;2025-11-19;21;1020.8
12;2025-11-19;22;527.2
12;2025-11-19;23;250.3
12;2025-11-20;0;61.6
12;2025-11-20;1;8.6
12;2025-11-20;2;3.3
12;2025-11-20;3;2.7
12;2025-11-20;4;23.2
12;2025-11-20;5;327.3
12;2025-11-20;6;1382.6
12;2025-11-20;7;2634.3
12;2025-11-20;8;3499.2
12;2025-11-20;9;2447.3
12;2025-11-20;10;2002.7
12;2025-11-20;11;1825.3
12;2025-11-20;12;1917.1
12;2025-11-20;13;2071.5
12;2025-11-20;14;1926.1
12;2025-11-20;15;2206.3
12;2025-11-20;16;2596.7
12;2025-11-20;17;3047.9
12;2025-11-20;18;3246.2
12;2025-11-20;19;2413.8
12;2025-11-20;20;1593.1
12;2025-11-20;21;969.5
12;2025-11-20;22;519.7
12;2025-11-20;23;261.3
12;2025-11-21;0;62.3
12;2025-11-21;1;6.3
12;2025-11-21;2;1.1
12;2025-11-21;3;2.1
12;2025-11-21;4;16.7
12;2025-11-21;5;333.7
12;2025-11-21;6;1348.3
12;2025-11-21;7;2588.3
12;2025-11-21;8;3364.9
12;2025-11-21;9;2445.2
12;2025-11-21;10;1958.9
12;2025-11-21;11;1977.2
12;2025-11-21;12;1994.4
12;2025-11-21;13;2090.1
12;2025-11-21;14;2057.6
12;2025-11-21;15;2391.5
12;2025-11-21;16;2848.7
12;2025-11-21;17;2960.6
12;2025-11-21;18;2584.1
12;2025-11-21;19;2104.1
12;2025-11-21;20;1442.7
12;2025-11-21;21;965.0
12;2025-11-21;22;512.9
12;2025-11-21;23;280.0
12;2025-11-22;0;90.3
12;2025-11-22;1;18.3
12;2025-11-22;2;10.6
12;2025-11-22;3;3.0
12;2025-11-22;4;3.8
12;2025-11-22;5;210.6
12;2025-11-22;6;735.6
12;2025-11-22;7;831.4
12;2025-11-22;8;1001.1
12;2025-11-22;9;1170.1
12;2025-11-22;10;1339.2
12;2025-11-22;11;1461.3
12;2025-11-22;12;1574.9
12;2025-11-22;13;1679.5
12;2025-11-22;14;1645.5
12;2025-11-22;15;1598.6
12;2025-11-22;16;1632.0
12;2025-11-22;17;1596.1
12;2025-11-22;18;1489.5
12;2025-11-22;19;1358.9
12;2025-11-22;20;1032.7
12;2025-11-22;21;784.9
12;2025-11-22;22;450.3
12;2025-11-22;23;266.1
12;2025-11-23;0;87.8
12;2025-11-23;1;13.2
12;2025-11-23;2;6.8
12;2025-11-23;3;1.5
12;2025-11-23;4;0.6
12;2025-11-23;5;145.3
12;2025-11-23;6;528.0
12;2025-11-23;7;623.6
12;2025-11-23;8;735.6
12;2025-11-23;9;936.7
12;2025-11-23;10;1098.4
12;2025-11-23;11;1258.7
12;2025-11-23;12;1350.7
12;2025-11-23;13;1485.4
12;2025-11-23;14;1468.2
12;2025-11-23;15;1465.9
12;2025-11-23;16;1452.4
12;2025-11-23;17;1433.3
12;2025-11-23;18;1324.3
12;2025-11-23;19;1098.9
12;2025-11-23;20;851.4
12;2025-11-23;21;644.2
12;2025-11-23;22;387.1
12;2025-11-23;23;184.1
12;2025-11-24;0;52.7
12;2025-11-24;1;1.4
12;2025-11-24;2;1.1
12;2025-11-24;3;0.9
12;2025-11-24;4;17.8
12;2025-11-24;5;326.7
12;2025-11-24;6;1410.4
12;2025-11-24;7;2578.3
12;2025-11-24;8;3456.5
12;2025-11-24;9;2480.8
12;2025-11-24;10;1978.5
12;2025-11-24;11;1884.4
12;2025-11-24;12;2015.5
12;2025-11-24;13;1978.4
12;2025-11-24;14;1952.6
12;2025-11-24;15;2108.2
12;2025-11-24;16;2552.8
12;2025-11-24;17;2970.8
12;2025-11-24;18;3212.6
12;2025-11-24;19;2323.9
12;2025-11-24;20;1589.2
12;2025-11-24;21;931.8
12;2025-11-24;22;464.3
12;2025-11-24;23;219.2
12;2025-11-25;0;53.9
12;2025-11-25;1;2.7
12;2025-11-25;2;2.4
12;2025-11-25;3;2.3
12;2025-11-25;4;22.5
12;2025-11-25;5;346.1
12;2025-11-25;6;1442.1
12;2025-11-25;7;2689.6
12;2025-11-25;8;3482.0
12;2025-11-25;9;2524.2
12;2025-11-25;10;2046.6
12;2025-11-25;11;1886.6
12;2025-11-25;12;1936.9
12;2025-11-25;13;2034.3
12;2025-11-25;14;1960.2
12;2025-11-25;15;2162.2
12;2025-11-25;16;2538.2
12;2025-11-25;17;2952.9
12;2025-11-25;18;3258.8
12;2025-11-25;19;2375.7
12;2025-11-25;20;1561.7
12;2025-11-25;21;963.6
12;2025-11-25;22;497.8
12;2025-11-25;23;245.4
12;2025-11-26;0;57.9
12;2025-11-26;1;3.4
12;2025-11-26;2;1.3
12;2025-11-26;3;1.1
12;2025-11-26;4;19.5
12;2025-11-26;5;344.2
12;2025-11-26;6;1422.9
12;2025-11-26;7;2597.9
12;2025-11-26;8;3392.7
12;2025-11-26;9;2500.1
12;2025-11-26;10;2061.3
12;2025-11-26;11;1989.8
12;2025-11-26;12;2046.0
12;2025-11-26;13;2055.2
12;2025-11-26;14;1950.2
12;2025-11-26;15;2247.3
12;2025-11-26;16;2656.9
12;2025-11-26;17;2953.9
12;2025-11-26;18;3117.3
12;2025-11-26;19;2441.2
12;2025-11-26;20;1611.8
12;2025-11-26;21;1020.8
12;2025-11-26;22;527.2
12;2025-11-26;23;250.3
12;2025-11-27;0;61.6
12;2025-11-27;1;8.6
12;2025-11-27;2;3.3
12;2025-11-27;3;2.7
12;2025-11-27;4;23.2
12;2025-11-27;5;327.3
12;2025-11-27;6;1382.6
12;2025-11-27;7;2634.3
12;2025-11-27;8;3499.2
12;2025-11-27;9;2447.3
12;2025-11-27;10;2002.7
12;2025-11-27;11;1825.3
12;2025-11-27;12;1917.1
12;2025-11-27;13;2071.5
12;2025-11-27;14;1926.1
12;2025-11-27;15;2206.3
12;2025-11-27;16;2596.7
12;2025-11-27;17;3047.9
12;2025-11-27;18;3246.2
12;2025-11-27;19;2413.8
12;2025-11-27;20;1593.1
12;2025-11-27;21;969.5
12;2025-11-27;22;519.7
12;2025-11-27;23;261.3
12;2025-11-28;0;62.3
12;2025-11-28;1;6.3
12;2025-11-28;2;1.1
12;2025-11-28;3;2.1
12;2025-11-28;4;16.7
12;2025-11-28;5;333.7
12;2025-11-28;6;1348.3
12;2025-11-28;7;2588.3
12;2025-11-28;8;3364.9
12;2025-11-28;9;2445.2
12;2025-11-28;10;1958.9
12;2025-11-28;11;1977.2
12;2025-11-28;12;1994.4
12;2025-11-28;13;2090.1
12;2025-11-28;14;2057.6
12;2025-11-28;15;2391.5
12;2025-11-28;16;2848.7
12;2025-11-28;17;2960.6
12;2025-11-28;18;2584.1
12;2025-11-28;19;2104.1
12;2025-11-28;20;1442.7
12;2025-11-28;21;965.0
12;2025-11-28;22;512.9
12;2025-11-28;23;280.0
12;2025-11-29;0;90.3
12;2025-11-29;1;18.3
12;2025-11-29;2;10.6
12;2025-11-29;3;3.0
12;2025-11-29;4;3.8
12;2025-11-29;5;210.6
12;2025-11-29;6;735.6
12;2025-11-29;7;831.4
12;2025-11-29;8;1001.1
12;2025-11-29;9;1170.1
12;2025-11-29;10;1339.2
12;2025-11-29;11;1461.3
12;2025-11-29;12;1574.9
12;2025-11-29;13;1679.5
12;2025-11-29;14;1645.5
12;2025-11-29;15;1598.6
12;2025-11-29;16;1632.0
12;2025-11-29;17;1596.1
12;2025-11-29;18;1489.5
12;2025-11-29;19;1358.9
12;2025-11-29;20;1032.7
12;2025-11-29;21;784.9
12;2025-11-29;22;450.3
12;2025-11-29;23;266.1
12;2025-11-30;0;87.8
12;2025-11-30;1;13.2
12;2025-11-30;2;6.8
12;2025-11-30;3;1.5
12;2025-11-30;4;0.6
12;2025-11-30;5;145.3
12;2025-11-30;6;528.0
12;2025-11-30;7;623.6
12;2025-11-30;8;735.6
12;2025-11-30;9;936.7
12;2025-11-30;10;1098.4
12;2025-11-30;11;1258.7
12;2025-11-30;12;1350.7
12;2025-11-30;13;1485.4
12;2025-11-30;14;1468.2
12;2025-11-30;15;1465.9
12;2025-11-30;16;1452.4
12;2025-11-30;17;1433.3
12;2025-11-30;18;1324.3
12;2025-11-30;19;1098.9
12;2025-11-30;20;851.4
12;2025-11-30;21;644.2
12;2025-11-30;22;387.1
12;2025-11-30;23;184.1
12;2025-12-01;0;56.3
12;2025-12-01;1;1.5
12;2025-12-01;2;1.2
12;2025-12-01;3;0.9
12;2025-12-01;4;19.0
12;2025-12-01;5;349.1
12;2025-12-01;6;1506.7
12;2025-12-01;7;2754.3
12;2025-12-01;8;3692.4
12;2025-12-01;9;2650.1
12;2025-12-01;10;2113.5
12;2025-12-01;11;2013.1
12;2025-12-01;12;2153.1
12;2025-12-01;13;2113.5
12;2025-12-01;14;2085.9
12;2025-12-01;15;2252.1
12;2025-12-01;16;2727.0
12;2025-12-01;17;3173.5
12;2025-12-01;18;3431.9
12;2025-12-01;19;2482.5
12;2025-12-01;20;1697.7
12;2025-12-01;21;995.4
12;2025-12-01;22;496.0
12;2025-12-01;23;234.2
12;2025-12-02;0;57.5
12;2025-12-02;1;2.9
12;2025-12-02;2;2.6
12;2025-12-02;3;2.4
12;2025-12-02;4;24.1
12;2025-12-02;5;369.7
12;2025-12-02;6;1540.6
12;2025-12-02;7;2873.2
12;2025-12-02;8;3719.6
12;2025-12-02;9;2696.5
12;2025-12-02;10;2186.2
12;2025-12-02;11;2015.3
12;2025-12-02;12;2069.1
12;2025-12-02;13;2173.2
12;2025-12-02;14;2094.0
12;2025-12-02;15;2309.8
12;2025-12-02;16;2711.4
12;2025-12-02;17;3154.5
12;2025-12-02;18;3481.2
12;2025-12-02;19;2537.8
12;2025-12-02;20;1668.3
12;2025-12-02;21;1029.4
12;2025-12-02;22;531.7
12;2025-12-02;23;262.2
12;2025-12-03;0;61.8
12;2025-12-03;1;3.7
12;2025-12-03;2;1.4
12;2025-12-03;3;1.2
12;2025-12-03;4;20.8
12;2025-12-03;5;367.7
12;2025-12-03;6;1520.0
12;2025-12-03;7;2775.2
12;2025-12-03;8;3624.3
12;2025-12-03;9;2670.7
12;2025-12-03;10;2202.0
12;2025-12-03;11;2125.6
12;2025-12-03;12;2185.6
12;2025-12-03;13;2195.5
12;2025-12-03;14;2083.3
12;2025-12-03;15;2400.7
12;2025-12-03;16;2838.2
12;2025-12-03;17;3155.5
12;2025-12-03;18;3330.1
12;2025-12-03;19;2607.8
12;2025-12-03;20;1721.8
12;2025-12-03;21;1090.4
12;2025-12-03;22;563.2
12;2025-12-03;23;267.3
12;2025-12-04;0;65.8
12;2025-12-04;1;9.2
12;2025-12-04;2;3.5
12;2025-12-04;3;2.9
12;2025-12-04;4;24.7
12;2025-12-04;5;349.6
12;2025-12-04;6;1476.9
12;2025-12-04;7;2814.1
12;2025-12-04;8;3738.0
12;2025-12-04;9;2614.3
12;2025-12-04;10;2139.4
12;2025-12-04;11;1949.9
12;2025-12-04;12;2047.9
12;2025-12-04;13;2212.9
12;2025-12-04;14;2057.6
12;2025-12-04;15;2356.8
12;2025-12-04;16;2773.9
12;2025-12-04;17;3255.9
12;2025-12-04;18;3467.8
12;2025-12-04;19;2578.6
12;2025-12-04;20;1701.8
12;2025-12-04;21;1035.7
12;2025-12-04;22;555.2
12;2025-12-04;23;279.1
12;2025-12-05;0;66.5
12;2025-12-05;1;6.7
12;2025-12-05;2;1.2
12;2025-12-05;3;2.2
12;2025-12-05;4;17.8
12;2025-12-05;5;356.4
12;2025-12-05;6;1440.3
12;2025-12-05;7;2764.9
12;2025-12-05;8;3594.5
12;2025-12-05;9;2612.1
12;2025-12-05;10;2092.6
12;2025-12-05;11;2112.1
12;2025-12-05;12;2130.5
12;2025-12-05;13;2232.8
12;2025-12-05;14;2198.1
12;2025-12-05;15;2554.7
12;2025-12-05;16;3043.1
12;2025-12-05;17;3162.7
12;2025-12-05;18;2760.5
12;2025-12-05;19;2247.7
12;2025-12-05;20;1541.1
12;2025-12-05;21;1030.8
12;2025-12-05;22;547.9
12;2025-12-05;23;299.1
12;2025-12-06;0;96.5
12;2025-12-06;1;19.5
12;2025-12-06;2;11.3
12;2025-12-06;3;3.2
12;2025-12-06;4;4.1
12;2025-12-06;5;224.9
12;2025-12-06;6;785.8
12;2025-12-06;7;888.1
12;2025-12-06;8;1069.5
12;2025-12-06;9;1250.0
12;2025-12-06;10;1430.6
12;2025-12-06;11;1561.0
12;2025-12-06;12;1682.4
12;2025-12-06;13;1794.1
12;2025-12-06;14;1757.8
12;2025-12-06;15;1707.8
12;2025-12-06;16;1743.4
12;2025-12-06;17;1705.1
12;2025-12-06;18;1591.1
12;2025-12-06;19;1451.6
12;2025-12-06;20;1103.2
12;2025-12-06;21;838.5
12;2025-12-06;22;481.0
12;2025-12-06;23;284.3
12;2025-12-07;0;93.7
12;2025-12-07;1;14.1
12;2025-12-07;2;7.3
12;2025-12-07;3;1.6
12;2025-12-07;4;0.6
12;2025-12-07;5;155.2
12;2025-12-07;6;564.1
12;2025-12-07;7;666.1
12;2025-12-07;8;785.9
12;2025-12-07;9;1000.6
12;2025-12-07;10;1173.4
12;2025-12-07;11;1344.6
12;2025-12-07;12;1442.9
12;2025-12-07;13;1586.8
12;2025-12-07;14;1568.4
12;2025-12-07;15;1565.9
12;2025-12-07;16;1551.5
12;2025-12-07;17;1531.1
12;2025-12-07;18;1414.7
12;2025-12-07;19;1173.9
12;2025-12-07;20;909.5
12;2025-12-07;21;688.1
12;2025-12-07;22;413.5
12;2025-12-07;23;196.7
12;2025-12-08;0;56.3
12;2025-12-08;1;1.5
12;2025-12-08;2;1.2
12;2025-12-08;3;0.9
12;2025-12-08;4;19.0
12;2025-12-08;5;349.1
12;2025-12-08;6;1506.7
12;2025-12-08;7;2754.3
12;2025-12-08;8;3692.4
12;2025-12-08;9;2650.1
12;2025-12-08;10;2113.5
12;2025-12-08;11;2013.1
12;2025-12-08;12;2153.1
12;2025-12-08;13;2113.5
12;2025-12-08;14;2085.9
12;2025-12-08;15;2252.1
12;2025-12-08;16;2727.0
12;2025-12-08;17;3173.5
12;2025-12-08;18;3431.9
12;2025-12-08;19;2482.5
12;2025-12-08;20;1697.7
12;2025-12-08;21;995.4
12;2025-12-08;22;496.0
12;2025-12-08;23;234.2
12;2025-12-09;0;57.5
12;2025-12-09;1;2.9
12;2025-12-09;2;2.6
12;2025-12-09;3;2.4
12;2025-12-09;4;24.1
12;2025-12-09;5;369.7
12;2025-12-09;6;1540.6
12;2025-12-09;7;2873.2
12;2025-12-09;8;3719.6
12;2025-12-09;9;2696.5
12;2025-12-09;10;2186.2
12;2025-12-09;11;2015.3
12;2025-12-09;12;2069.1
12;2025-12-09;13;2173.2
12;2025-12-09;14;2094.0
12;2025-12-09;15;2309.8
12;2025-12-09;16;2711.4
12;2025-12-09;17;3154.5
12;2025-12-09;18;3481.2
12;2025-12-09;19;2537.8
12;2025-12-09;20;1668.3
12;2025-12-09;21;1029.4
12;2025-12-09;22;531.7
12;2025-12-09;23;262.2
12;2025-12-10;0;61.8
12;2025-12-10;1;3.7
12;2025-12-10;2;1.4
12;2025-12-10;3;1.2
12;2025-12-10;4;20.8
12;2025-12-10;5;367.7
12;2025-12-10;6;1520.0
12;2025-12-10;7;2775.2
12;2025-12-10;8;3624.3
12;2025-12-10;9;2670.7
12;2025-12-10;10;2202.0
12;2025-12-10;11;2125.6
12;2025-12-10;12;2185.6
12;2025-12-10;13;2195.5
12;2025-12-10;14;2083.3
12;2025-12-10;15;2400.7
12;2025-12-10;16;2838.2
12;2025-12-10;17;3155.5
12;2025-12-10;18;3330.1
12;2025-12-10;19;2607.8
12;2025-12-10;20;1721.8
12;2025-12-10;21;1090.4
12;2025-12-10;22;563.2
12;2025-12-10;23;267.3
12;2025-12-11;0;65.8
12;2025-12-11;1;9.2
12;2025-12-11;2;3.5
12;2025-12-11;3;2.9
12;2025-12-11;4;24.7
12;2025-12-11;5;349.6
12;2025-12-11;6;1476.9
12;2025-12-11;7;2814.1
12;2025-12-11;8;3738.0
12;2025-12-11;9;2614.3
12;2025-12-11;10;2139.4
12;2025-12-11;11;1949.9
12;2025-12-11;12;2047.9
12;2025-12-11;13;2212.9
12;2025-12-11;14;2057.6
12;2025-12-11;15;2356.8
12;2025-12-11;16;2773.9
12;2025-12-11;17;3255.9
12;2025-12-11;18;3467.8
12;2025-12-11;19;2578.6
12;2025-12-11;20;1701.8
12;2025-12-11;21;1035.7
12;2025-12-11;22;555.2
12;2025-12-11;23;279.1
12;2025-12-12;0;66.5
12;2025-12-12;1;6.7
12;2025-12-12;2;1.2
12;2025-12-12;3;2.2
12;2025-12-12;4;17.8
12;2025-12-12;5;356.4
12;2025-12-12;6;1440.3
12;2025-12-12;7;2764.9
12;2025-12-12;8;3594.5
12;2025-12-12;9;2612.1
12;2025-12-12;10;2092.6
12;2025-12-12;11;2112.1
12;2025-12-12;12;2130.5
12;2025-12-12;13;2232.8
12;2025-12-12;14;2198.1
12;2025-12-12;15;2554.7
12;2025-12-12;16;3043.1
12;2025-12-12;17;3162.7
12;2025-12-12;18;2760.5
12;2025-12-12;19;2247.7
12;2025-12-12;20;1541.1
12;2025-12-12;21;1030.8
12;2025-12-12;22;547.9
12;2025-12-12;23;299.1
12;2025-12-13;0;96.5
12;2025-12-13;1;19.5
12;2025-12-13;2;11.3
12;2025-12-13;3;3.2
12;2025-12-13;4;4.1
12;2025-12-13;5;224.9
12;2025-12-13;6;785.8
12;2025-12-13;7;888.1
12;2025-12-13;8;1069.5
12;2025-12-13;9;1250.0
12;2025-12-13;10;1430.6
12;2025-12-13;11;1561.0
12;2025-12-13;12;1682.4
12;2025-12-13;13;1794.1
12;2025-12-13;14;1757.8
12;2025-12-13;15;1707.8
12;2025-12-13;16;1743.4
12;2025-12-13;17;1705.1
12;2025-12-13;18;1591.1
12;2025-12-13;19;1451.6
12;2025-12-13;20;1103.2
12;2025-12-13;21;838.5
12;2025-12-13;22;481.0
12;2025-12-13;23;284.3
12;2025-12-14;0;93.7
12;2025-12-14;1;14.1
12;2025-12-14;2;7.3
12;2025-12-14;3;1.6
12;2025-12-14;4;0.6
12;2025-12-14;5;155.2
12;2025-12-14;6;564.1
12;2025-12-14;7;666.1
12;2025-12-14;8;785.9
12;2025-12-14;9;1000.6
12;2025-12-14;10;1173.4
12;2025-12-14;11;1344.6
12;2025-12-14;12;1442.9
12;2025-12-14;13;1586.8
12;2025-12-14;14;1568.4
12;2025-12-14;15;1565.9
12;2025-12-14;16;1551.5
12;2025-12-14;17;1531.1
12;2025-12-14;18;1414.7
12;2025-12-14;19;1173.9
12;2025-12-14;20;909.5
12;2025-12-14;21;688.1
12;2025-12-14;22;413.5
12;2025-12-14;23;196.7
12;2025-12-15;0;56.3
12;2025-12-15;1;1.5
12;2025-12-15;2;1.2
12;2025-12-15;3;0.9
12;2025-12-15;4;19.0
12;2025-12-15;5;349.1
12;2025-12-15;6;1506.7
12;2025-12-15;7;2754.3
12;2025-12-15;8;3692.4
12;2025-12-15;9;2650.1
12;2025-12-15;10;2113.5
12;2025-12-15;11;2013.1
12;2025-12-15;12;2153.1
12;2025-12-15;13;2113.5
12;2025-12-15;14;2085.9
12;2025-12-15;15;2252.1
12;2025-12-15;16;2727.0
12;2025-12-15;17;3173.5
12;2025-12-15;18;3431.9
12;2025-12-15;19;2482.5
12;2025-12-15;20;1697.7
12;2025-12-15;21;995.4
12;2025-12-15;22;496.0
12;2025-12-15;23;234.2
12;2025-12-16;0;57.5
12;2025-12-16;1;2.9
12;2025-12-16;2;2.6
12;2025-12-16;3;2.4
12;2025-12-16;4;24.1
12;2025-12-16;5;369.7
12;2025-12-16;6;1540.6
12;2025-12-16;7;2873.2
12;2025-12-16;8;3719.6
12;2025-12-16;9;2696.5
12;2025-12-16;10;2186.2
12;2025-12-16;11;2015.3
12;2025-12-16;12;2069.1
12;2025-12-16;13;2173.2
12;2025-12-16;14;2094.0
12;2025-12-16;15;2309.8
12;2025-12-16;16;2711.4
12;2025-12-16;17;3154.5
12;2025-12-16;18;3481.2
12;2025-12-16;19;2537.8
12;2025-12-16;20;1668.3
12;2025-12-16;21;1029.4
12;2025-12-16;22;531.7
12;2025-12-16;23;262.2
12;2025-12-17;0;61.8
12;2025-12-17;1;3.7
12;2025-12-17;2;1.4
12;2025-12-17;3;1.2
12;2025-12-17;4;20.8
12;2025-12-17;5;367.7
12;2025-12-17;6;1520.0
12;2025-12-17;7;2775.2
12;2025-12-17;8;3624.3
12;2025-12-17;9;2670.7
12;2025-12-17;10;2202.0
12;2025-12-17;11;2125.6
12;2025-12-17;12;2185.6
12;2025-12-17;13;2195.5
12;2025-12-17;14;2083.3
12;2025-12-17;15;2400.7
12;2025-12-17;16;2838.2
12;2025-12-17;17;3155.5
12;2025-12-17;18;3330.1
12;2025-12-17;19;2607.8
12;2025-12-17;20;1721.8
12;2025-12-17;21;1090.4
12;2025-12-17;22;563.2
12;2025-12-17;23;267.3
12;2025-12-18;0;65.8
12;2025-12-18;1;9.2
12;2025-12-18;2;3.5
12;2025-12-18;3;2.9
12;2025-12-18;4;24.7
12;2025-12-18;5;349.6
12;2025-12-18;6;1476.9
12;2025-12-18;7;2814.1
12;2025-12-18;8;3738.0
12;2025-12-18;9;2614.3
12;2025-12-18;10;2139.4
12;2025-12-18;11;1949.9
12;2025-12-18;12;2047.9
12;2025-12-18;13;2212.9
12;2025-12-18;14;2057.6
12;2025-12-18;15;2356.8
12;2025-12-18;16;2773.9
12;2025-12-18;17;3255.9
12;2025-12-18;18;3467.8
12;2025-12-18;19;2578.6
12;2025-12-18;20;1701.8
12;2025-12-18;21;1035.7
12;2025-12-18;22;555.2
12;2025-12-18;23;279.1
12;2025-12-19;0;66.5
12;2025-12-19;1;6.7
12;2025-12-19;2;1.2
12;2025-12-19;3;2.2
12;2025-12-19;4;17.8
12;2025-12-19;5;356.4
12;2025-12-19;6;1440.3
12;2025-12-19;7;2764.9
12;2025-12-19;8;3594.5
12;2025-12-19;9;2612.1
12;2025-12-19;10;2092.6
12;2025-12-19;11;2112.1
12;2025-12-19;12;2130.5
12;2025-12-19;13;2232.8
12;2025-12-19;14;2198.1
12;2025-12-19;15;2554.7
12;2025-12-19;16;3043.1
12;2025-12-19;17;3162.7
12;2025-12-19;18;2760.5
12;2025-12-19;19;2247.7
12;2025-12-19;20;1541.1
12;2025-12-19;21;1030.8
12;2025-12-19;22;547.9
12;2025-12-19;23;299.1
12;2025-12-20;0;96.5
12;2025-12-20;1;19.5
12;2025-12-20;2;11.3
12;2025-12-20;3;3.2
12;2025-12-20;4;4.1
12;2025-12-20;5;224.9
12;2025-12-20;6;785.8
12;2025-12-20;7;888.1
12;2025-12-20;8;1069.5
12;2025-12-20;9;1250.0
12;2025-12-20;10;1430.6
12;2025-12-20;11;1561.0
12;2025-12-20;12;1682.4
12;2025-12-20;13;1794.1
12;2025-12-20;14;1757.8
12;2025-12-20;15;1707.8
12;2025-12-20;16;1743.4
12;2025-12-20;17;1705.1
12;2025-12-20;18;1591.1
12;2025-12-20;19;1451.6
12;2025-12-20;20;1103.2
12;2025-12-20;21;838.5
12;2025-12-20;22;481.0
12;2025-12-20;23;284.3
12;2025-12-21;0;93.7
12;2025-12-21;1;14.1
12;2025-12-21;2;7.3
12;2025-12-21;3;1.6
12;2025-12-21;4;0.6
12;2025-12-21;5;155.2
12;2025-12-21;6;564.1
12;2025-12-21;7;666.1
12;2025-12-21;8;785.9
12;2025-12-21;9;1000.6
12;2025-12-21;10;1173.4
12;2025-12-21;11;1344.6
12;2025-12-21;12;1442.9
12;2025-12-21;13;1586.8
12;2025-12-21;14;1568.4
12;2025-12-21;15;1565.9
12;2025-12-21;16;1551.5
12;2025-12-21;17;1531.1
12;2025-12-21;18;1414.7
12;2025-12-21;19;1173.9
12;2025-12-21;20;909.5
12;2025-12-21;21;688.1
12;2025-12-21;22;413.5
12;2025-12-21;23;196.7
12;2025-12-22;0;56.3
12;2025-12-22;1;1.5
12;2025-12-22;2;1.2
12;2025-12-22;3;0.9
12;2025-12-22;4;19.0
12;2025-12-22;5;349.1
12;2025-12-22;6;1506.7
12;2025-12-22;7;2754.3
12;2025-12-22;8;3692.4
12;2025-12-22;9;2650.1
12;2025-12-22;10;2113.5
12;2025-12-22;11;2013.1
12;2025-12-22;12;2153.1
12;2025-12-22;13;2113.5
12;2025-12-22;14;2085.9
12;2025-12-22;15;2252.1
12;2025-12-22;16;2727.0
12;2025-12-22;17;3173.5
12;2025-12-22;18;3431.9
12;2025-12-22;19;2482.5
12;2025-12-22;20;1697.7
12;2025-12-22;21;995.4
12;2025-12-22;22;496.0
12;2025-12-22;23;234.2
12;2025-12-23;0;57.5
12;2025-12-23;1;2.9
12;2025-12-23;2;2.6
12;2025-12-23;3;2.4
12;2025-12-23;4;24.1
12;2025-12-23;5;369.7
12;2025-12-23;6;1540.6
12;2025-12-23;7;2873.2
12;2025-12-23;8;3719.6
12;2025-12-23;9;2696.5
12;2025-12-23;10;2186.2
12;2025-12-23;11;2015.3
12;2025-12-23;12;2069.1
12;2025-12-23;13;2173.2
12;2025-12-23;14;2094.0
12;2025-12-23;15;2309.8
12;2025-12-23;16;2711.4
12;2025-12-23;17;3154.5
12;2025-12-23;18;3481.2
12;2025-12-23;19;2537.8
12;2025-12-23;20;1668.3
12;2025-12-23;21;1029.4
12;2025-12-23;22;531.7
12;2025-12-23;23;262.2
12;2025-12-24;0;61.8
12;2025-12-24;1;3.7
12;2025-12-24;2;1.4
12;2025-12-24;3;1.2
12;2025-12-24;4;20.8
12;2025-12-24;5;367.7
12;2025-12-24;6;1520.0
12;2025-12-24;7;2775.2
12;2025-12-24;8;3624.3
12;2025-12-24;9;2670.7
12;2025-12-24;10;2202.0
12;2025-12-24;11;2125.6
12;2025-12-24;12;2185.6
12;2025-12-24;13;2195.5
12;2025-12-24;14;2083.3
12;2025-12-24;15;2400.7
12;2025-12-24;16;2838.2
12;2025-12-24;17;3155.5
12;2025-12-24;18;3330.1
12;2025-12-24;19;2607.8
12;2025-12-24;20;1721.8
12;2025-12-24;21;1090.4
12;2025-12-24;22;563.2
12;2025-12-24;23;267.3
12;2025-12-25;0;65.8
12;2025-12-25;1;9.2
12;2025-12-25;2;3.5
12;2025-12-25;3;2.9
12;2025-12-25;4;24.7
12;2025-12-25;5;349.6
12;2025-12-25;6;1476.9
12;2025-12-25;7;2814.1
12;2025-12-25;8;3738.0
12;2025-12-25;9;2614.3
12;2025-12-25;10;2139.4
12;2025-12-25;11;1949.9
12;2025-12-25;12;2047.9
12;2025-12-25;13;2212.9
12;2025-12-25;14;2057.6
12;2025-12-25;15;2356.8
12;2025-12-25;16;2773.9
12;2025-12-25;17;3255.9
12;2025-12-25;18;3467.8
12;2025-12-25;19;2578.6
12;2025-12-25;20;1701.8
12;2025-12-25;21;1035.7
12;2025-12-25;22;555.2
12;2025-12-25;23;279.1
12;2025-12-26;0;66.5
12;2025-12-26;1;6.7
12;2025-12-26;2;1.2
12;2025-12-26;3;2.2
12;2025-12-26;4;17.8
12;2025-12-26;5;356.4
12;2025-12-26;6;1440.3
12;2025-12-26;7;2764.9
12;2025-12-26;8;3594.5
12;2025-12-26;9;2612.1
12;2025-12-26;10;2092.6
12;2025-12-26;11;2112.1
12;2025-12-26;12;2130.5
12;2025-12-26;13;2232.8
12;2025-12-26;14;2198.1
12;2025-12-26;15;2554.7
12;2025-12-26;16;3043.1
12;2025-12-26;17;3162.7
12;2025-12-26;18;2760.5
12;2025-12-26;19;2247.7
12;2025-12-26;20;1541.1
12;2025-12-26;21;1030.8
12;2025-12-26;22;547.9
12;2025-12-26;23;299.1
12;2025-12-27;0;96.5
12;2025-12-27;1;19.5
12;2025-12-27;2;11.3
12;2025-12-27;3;3.2
12;2025-12-27;4;4.1
12;2025-12-27;5;224.9
12;2025-12-27;6;785.8
12;2025-12-27;7;888.1
12;2025-12-27;8;1069.5
12;2025-12-27;9;1250.0
12;2025-12-27;10;1430.6
12;2025-12-27;11;1561.0
12;2025-12-27;12;1682.4
12;2025-12-27;13;1794.1
12;2025-12-27;14;1757.8
12;2025-12-27;15;1707.8
12;2025-12-27;16;1743.4
12;2025-12-27;17;1705.1
12;2025-12-27;18;1591.1
12;2025-12-27;19;1451.6
12;2025-12-27;20;1103.2
12;2025-12-27;21;838.5
12;2025-12-27;22;481.0
12;2025-12-27;23;284.3
12;2025-12-28;0;93.7
12;2025-12-28;1;14.1
12;2025-12-28;2;7.3
12;2025-12-28;3;1.6
12;2025-12-28;4;0.6
12;2025-12-28;5;155.2
12;2025-12-28;6;564.1
12;2025-12-28;7;666.1
12;2025-12-28;8;785.9
12;2025-12-28;9;1000.6
12;2025-12-28;10;1173.4
12;2025-12-28;11;1344.6
12;2025-12-28;12;1442.9
12;2025-12-28;13;1586.8
12;2025-12-28;14;1568.4
12;2025-12-28;15;1565.9
12;2025-12-28;16;1551.5
12;2025-12-28;17;1531.1
12;2025-12-28;18;1414.7
12;2025-12-28;19;1173.9
12;2025-12-28;20;909.5
12;2025-12-28;21;688.1
12;2025-12-28;22;413.5
12;2025-12-28;23;196.7
12;2025-12-29;0;56.3
12;2025-12-29;1;1.5
12;2025-12-29;2;1.2
12;2025-12-29;3;0.9
12;2025-12-29;4;19.0
12;2025-12-29;5;349.1
12;2025-12-29;6;1506.7
12;2025-12-29;7;2754.3
12;2025-12-29;8;3692.4
12;2025-12-29;9;2650.1
12;2025-12-29;10;2113.5
12;2025-12-29;11;2013.1
12;2025-12-29;12;2153.1
12;2025-12-29;13;2113.5
12;2025-12-29;14;2085.9
12;2025-12-29;15;2252.1
12;2025-12-29;16;2727.0
12;2025-12-29;17;3173.5
12;2025-12-29;18;3431.9
12;2025-12-29;19;2482.5
12;2025-12-29;20;1697.7
12;2025-12-29;21;995.4
12;2025-12-29;22;496.0
12;2025-12-29;23;234.2
12;2025-12-30;0;53.3
12;2025-12-30;1;3.0
12;2025-12-30;2;1.4
12;2025-12-30;3;3.4
12;2025-12-30;4;27.0
12;2025-12-30;5;372.4
12;2025-12-30;6;1546.7
12;2025-12-30;7;2859.1
12;2025-12-30;8;3694.7
12;2025-12-30;9;2706.4
12;2025-12-30;10;2218.2
12;2025-12-30;11;2083.3
12;2025-12-30;12;2153.1
12;2025-12-30;13;2290.6
12;2025-12-30;14;2235.6
12;2025-12-30;15;2472.0
12;2025-12-30;16;2848.1
12;2025-12-30;17;3134.6
12;2025-12-30;18;3158.8
12;2025-12-30;19;2417.7
12;2025-12-30;20;1641.2
12;2025-12-30;21;1040.6
12;2025-12-30;22;554.0
12;2025-12-30;23;292.5
12;2025-12-31;0;60.6
12;2025-12-31;1;0.0
12;2025-12-31;2;0.0
12;2025-12-31;3;1.3
12;2025-12-31;4;0.0
12;2025-12-31;5;119.6
12;2025-12-31;6;551.8
12;2025-12-31;7;573.5
12;2025-12-31;8;607.0
12;2025-12-31;9;660.6
12;2025-12-31;10;761.7
12;2025-12-31;11;950.7
12;2025-12-31;12;1138.7
12;2025-12-31;13;1276.3
12;2025-12-31;14;1293.1
12;2025-12-31;15;1284.7
12;2025-12-31;16;1303.7
12;2025-12-31;17;1272.8
12;2025-12-31;18;1219.6
12;2025-12-31;19;1103.5
12;2025-12-31;20;816.6
12;2025-12-31;21;614.2
12;2025-12-31;22;323.2
12;2025-12-31;23;112.4
17;2025-11-01;0;184.8
17;2025-11-01;1;69.4
17;2025-11-01;2;56.1
17;2025-11-01;3;55.2
17;2025-11-01;4;71.8
17;2025-11-01;5;319.7
17;2025-11-01;6;1164.2
17;2025-11-01;7;2593.4
17;2025-11-01;8;3559.3
17;2025-11-01;9;2971.7
17;2025-11-01;10;2726.3
17;2025-11-01;11;2898.7
17;2025-11-01;12;3031.3
17;2025-11-01;13;3173.5
17;2025-11-01;14;3197.3
17;2025-11-01;15;3423.6
17;2025-11-01;16;3806.2
17;2025-11-01;17;3941.0
17;2025-11-01;18;3572.5
17;2025-11-01;19;2901.0
17;2025-11-01;20;2211.8
17;2025-11-01;21;1565.9
17;2025-11-01;22;923.0
17;2025-11-01;23;570.1
17;2025-11-02;0;152.5
17;2025-11-02;1;28.4
17;2025-11-02;2;11.5
17;2025-11-02;3;0.2
17;2025-11-02;4;3.2
17;2025-11-02;5;109.7
17;2025-11-02;6;454.9
17;2025-11-02;7;816.1
17;2025-11-02;8;1226.1
17;2025-11-02;9;1646.0
17;2025-11-02;10;1952.4
17;2025-11-02;11;2405.5
17;2025-11-02;12;2724.6
17;2025-11-02;13;2950.0
17;2025-11-02;14;3009.4
17;2025-11-02;15;3030.6
17;2025-11-02;16;3013.1
17;2025-11-02;17;2916.7
17;2025-11-02;18;2624.8
17;2025-11-02;19;2182.9
17;2025-11-02;20;1680.8
17;2025-11-02;21;1246.6
17;2025-11-02;22;772.2
17;2025-11-02;23;417.4
17;2025-11-03;0;139.9
17;2025-11-03;1;30.0
17;2025-11-03;2;28.2
17;2025-11-03;3;20.4
17;2025-11-03;4;17.1
17;2025-11-03;5;161.3
17;2025-11-03;6;552.2
17;2025-11-03;7;988.9
17;2025-11-03;8;1358.0
17;2025-11-03;9;1654.0
17;2025-11-03;10;1925.1
17;2025-11-03;11;2352.0
17;2025-11-03;12;2799.1
17;2025-11-03;13;3049.8
17;2025-11-03;14;3123.2
17;2025-11-03;15;3241.0
17;2025-11-03;16;3274.5
17;2025-11-03;17;3179.9
17;2025-11-03;18;2973.6
17;2025-11-03;19;2581.0
17;2025-11-03;20;1950.0
17;2025-11-03;21;1466.5
17;2025-11-03;22;978.0
17;2025-11-03;23;611.4
17;2025-11-04;0;150.4
17;2025-11-04;1;32.5
17;2025-11-04;2;26.9
17;2025-11-04;3;26.4
17;2025-11-04;4;18.2
17;2025-11-04;5;123.4
17;2025-11-04;6;473.1
17;2025-11-04;7;856.8
17;2025-11-04;8;1204.2
17;2025-11-04;9;1436.0
17;2025-11-04;10;1657.9
17;2025-11-04;11;2054.8
17;2025-11-04;12;2462.7
17;2025-11-04;13;2709.9
17;2025-11-04;14;2784.0
17;2025-11-04;15;2897.9
17;2025-11-04;16;2930.2
17;2025-11-04;17;2865.6
17;2025-11-04;18;2699.7
17;2025-11-04;19;2392.7
17;2025-11-04;20;1816.9
17;2025-11-04;21;1361.4
17;2025-11-04;22;883.7
17;2025-11-04;23;511.8
17;2025-11-05;0;115.6
17;2025-11-05;1;19.8
17;2025-11-05;2;15.7
17;2025-11-05;3;16.9
17;2025-11-05;4;46.3
17;2025-11-05;5;346.4
17;2025-11-05;6;1540.9
17;2025-11-05;7;3954.2
17;2025-11-05;8;5409.4
17;2025-11-05;9;3839.2
17;2025-11-05;10;3078.5
17;2025-11-05;11;3042.8
17;2025-11-05;12;3116.1
17;2025-11-05;13;3157.1
17;2025-11-05;14;3256.4
17;2025-11-05;15;3342.7
17;2025-11-05;16;3766.6
17;2025-11-05;17;4498.9
17;2025-11-05;18;4867.7
17;2025-11-05;19;3423.8
17;2025-11-05;20;2342.6
17;2025-11-05;21;1457.4
17;2025-11-05;22;753.0
17;2025-11-05;23;344.4
17;2025-11-06;0;111.0
17;2025-11-06;1;9.0
17;2025-11-06;2;0.6
17;2025-11-06;3;1.5
17;2025-11-06;4;24.4
17;2025-11-06;5;330.8
17;2025-11-06;6;1516.2
17;2025-11-06;7;3890.5
17;2025-11-06;8;5246.1
17;2025-11-06;9;3833.2
17;2025-11-06;10;3048.0
17;2025-11-06;11;2964.6
17;2025-11-06;12;3012.7
17;2025-11-06;13;3045.9
17;2025-11-06;14;3082.9
17;2025-11-06;15;3198.3
17;2025-11-06;16;3722.6
17;2025-11-06;17;4436.1
17;2025-11-06;18;4742.9
17;2025-11-06;19;3511.6
17;2025-11-06;20;2498.9
17;2025-11-06;21;1560.0
17;2025-11-06;22;828.1
17;2025-11-06;23;423.1
17;2025-11-07;0;117.3
17;2025-11-07;1;13.0
17;2025-11-07;2;1.2
17;2025-11-07;3;2.6
17;2025-11-07;4;18.1
17;2025-11-07;5;319.8
17;2025-11-07;6;1491.8
17;2025-11-07;7;3796.6
17;2025-11-07;8;5171.4
17;2025-11-07;9;3701.5
17;2025-11-07;10;2946.1
17;2025-11-07;11;2948.2
17;2025-11-07;12;2951.4
17;2025-11-07;13;3077.8
17;2025-11-07;14;3100.4
17;2025-11-07;15;3442.4
17;2025-11-07;16;4097.3
17;2025-11-07;17;4597.5
17;2025-11-07;18;4172.6
17;2025-11-07;19;3225.1
17;2025-11-07;20;2360.8
17;2025-11-07;21;1595.7
17;2025-11-07;22;836.1
17;2025-11-07;23;473.9
17;2025-11-08;0;166.2
17;2025-11-08;1;38.2
17;2025-11-08;2;19.3
17;2025-11-08;3;5.8
17;2025-11-08;4;3.8
17;2025-11-08;5;170.3
17;2025-11-08;6;648.2
17;2025-11-08;7;1155.9
17;2025-11-08;8;1683.7
17;2025-11-08;9;2050.9
17;2025-11-08;10;2341.8
17;2025-11-08;11;2742.1
17;2025-11-08;12;3032.1
17;2025-11-08;13;3223.7
17;2025-11-08;14;3254.3
17;2025-11-08;15;3290.1
17;2025-11-08;16;3302.5
17;2025-11-08;17;3137.5
17;2025-11-08;18;2903.4
17;2025-11-08;19;2507.3
17;2025-11-08;20;1949.9
17;2025-11-08;21;1421.2
17;2025-11-08;22;893.0
17;2025-11-08;23;534.1
17;2025-11-09;0;152.5
17;2025-11-09;1;28.4
17;2025-11-09;2;11.5
17;2025-11-09;3;0.2
17;2025-11-09;4;3.2
17;2025-11-09;5;109.7
17;2025-11-09;6;454.9
17;2025-11-09;7;816.1
17;2025-11-09;8;1226.1
17;2025-11-09;9;1646.0
17;2025-11-09;10;1952.4
17;2025-11-09;11;2405.5
17;2025-11-09;12;2724.6
17;2025-11-09;13;2950.0
17;2025-11-09;14;3009.4
17;2025-11-09;15;3030.6
17;2025-11-09;16;3013.1
17;2025-11-09;17;2916.7
17;2025-11-09;18;2624.8
17;2025-11-09;19;2182.9
17;2025-11-09;20;1680.8
17;2025-11-09;21;1246.6
17;2025-11-09;22;772.2
17;2025-11-09;23;417.4
17;2025-11-10;0;102.0
17;2025-11-10;1;5.1
17;2025-11-10;2;0.8
17;2025-11-10;3;0.3
17;2025-11-10;4;21.1
17;2025-11-10;5;312.5
17;2025-11-10;6;1497.4
17;2025-11-10;7;3857.6
17;2025-11-10;8;5303.8
17;2025-11-10;9;3762.7
17;2025-11-10;10;2963.9
17;2025-11-10;11;2883.4
17;2025-11-10;12;2906.6
17;2025-11-10;13;2980.3
17;2025-11-10;14;2952.6
17;2025-11-10;15;3063.3
17;2025-11-10;16;3580.2
17;2025-11-10;17;4332.2
17;2025-11-10;18;4771.5
17;2025-11-10;19;3427.8
17;2025-11-10;20;2357.1
17;2025-11-10;21;1439.5
17;2025-11-10;22;690.3
17;2025-11-10;23;318.6
17;2025-11-11;0;96.5
17;2025-11-11;1;4.1
17;2025-11-11;2;1.3
17;2025-11-11;3;1.7
17;2025-11-11;4;25.9
17;2025-11-11;5;339.7
17;2025-11-11;6;1533.2
17;2025-11-11;7;3932.2
17;2025-11-11;8;5248.0
17;2025-11-11;9;3827.0
17;2025-11-11;10;2951.6
17;2025-11-11;11;2866.9
17;2025-11-11;12;2918.4
17;2025-11-11;13;3003.7
17;2025-11-11;14;3045.3
17;2025-11-11;15;3187.5
17;2025-11-11;16;3612.8
17;2025-11-11;17;4510.4
17;2025-11-11;18;4905.9
17;2025-11-11;19;3535.8
17;2025-11-11;20;2378.7
17;2025-11-11;21;1510.0
17;2025-11-11;22;757.5
17;2025-11-11;23;361.2
17;2025-11-12;0;105.0
17;2025-11-12;1;7.0
17;2025-11-12;2;1.1
17;2025-11-12;3;2.2
17;2025-11-12;4;22.5
17;2025-11-12;5;316.7
17;2025-11-12;6;1500.3
17;2025-11-12;7;3892.2
17;2025-11-12;8;5364.4
17;2025-11-12;9;3800.8
17;2025-11-12;10;3054.4
17;2025-11-12;11;3014.7
17;2025-11-12;12;3064.0
17;2025-11-12;13;3092.9
17;2025-11-12;14;3196.6
17;2025-11-12;15;3276.6
17;2025-11-12;16;3689.5
17;2025-11-12;17;4455.3
17;2025-11-12;18;4821.5
17;2025-11-12;19;3438.9
17;2025-11-12;20;2383.7
17;2025-11-12;21;1511.4
17;2025-11-12;22;782.8
17;2025-11-12;23;368.1
17;2025-11-13;0;111.0
17;2025-11-13;1;9.0
17;2025-11-13;2;0.6
17;2025-11-13;3;1.5
17;2025-11-13;4;24.4
17;2025-11-13;5;330.8
17;2025-11-13;6;1516.2
17;2025-11-13;7;3890.5
17;2025-11-13;8;5246.1
17;2025-11-13;9;3833.2
17;2025-11-13;10;3048.0
17;2025-11-13;11;2964.6
17;2025-11-13;12;3012.7
17;2025-11-13;13;3045.9
17;2025-11-13;14;3082.9
17;2025-11-13;15;3198.3
17;2025-11-13;16;3722.6
17;2025-11-13;17;4436.1
17;2025-11-13;18;4742.9
17;2025-11-13;19;3511.6
17;2025-11-13;20;2498.9
17;2025-11-13;21;1560.0
17;2025-11-13;22;828.1
17;2025-11-13;23;423.1
17;2025-11-14;0;117.3
17;2025-11-14;1;13.0
17;2025-11-14;2;1.2
17;2025-11-14;3;2.6
17;2025-11-14;4;18.1
17;2025-11-14;5;319.8
17;2025-11-14;6;1491.8
17;2025-11-14;7;3796.6
17;2025-11-14;8;5171.4
17;2025-11-14;9;3701.5
17;2025-11-14;10;2946.1
17;2025-11-14;11;2948.2
17;2025-11-14;12;2951.4
17;2025-11-14;13;3077.8
17;2025-11-14;14;3100.4
17;2025-11-14;15;3442.4
17;2025-11-14;16;4097.3
17;2025-11-14;17;4597.5
17;2025-11-14;18;4172.6
17;2025-11-14;19;3225.1
17;2025-11-14;20;2360.8
17;2025-11-14;21;1595.7
17;2025-11-14;22;836.1
17;2025-11-14;23;473.9
17;2025-11-15;0;166.2
17;2025-11-15;1;38.2
17;2025-11-15;2;19.3
17;2025-11-15;3;5.8
17;2025-11-15;4;3.8
17;2025-11-15;5;170.3
17;2025-11-15;6;648.2
17;2025-11-15;7;1155.9
17;2025-11-15;8;1683.7
17;2025-11-15;9;2050.9
17;2025-11-15;10;2341.8
17;2025-11-15;11;2742.1
17;2025-11-15;12;3032.1
17;2025-11-15;13;3223.7
17;2025-11-15;14;3254.3
17;2025-11-15;15;3290.1
17;2025-11-15;16;3302.5
17;2025-11-15;17;3137.5
17;2025-11-15;18;2903.4
17;2025-11-15;19;2507.3
17;2025-11-15;20;1949.9
17;2025-11-15;21;1421.2
17;2025-11-15;22;893.0
17;2025-11-15;23;534.1
17;2025-11-16;0;152.5
17;2025-11-16;1;28.4
17;2025-11-16;2;11.5
17;2025-11-16;3;0.2
17;2025-11-16;4;3.2
17;2025-11-16;5;109.7
17;2025-11-16;6;454.9
17;2025-11-16;7;816.1
17;2025-11-16;8;1226.1
17;2025-11-16;9;1646.0
17;2025-11-16;10;1952.4
17;2025-11-16;11;2405.5
17;2025-11-16;12;2724.6
17;2025-11-16;13;2950.0
17;2025-11-16;14;3009.4
17;2025-11-16;15;3030.6
17;2025-11-16;16;3013.1
17;2025-11-16;17;2916.7
17;2025-11-16;18;2624.8
17;2025-11-16;19;2182.9
17;2025-11-16;20;1680.8
17;2025-11-16;21;1246.6
17;2025-11-16;22;772.2
17;2025-11-16;23;417.4
17;2025-11-17;0;102.0
17;2025-11-17;1;5.1
17;2025-11-17;2;0.8
17;2025-11-17;3;0.3
17;2025-11-17;4;21.1
17;2025-11-17;5;312.5
17;2025-11-17;6;1497.4
17;2025-11-17;7;3857.6
17;2025-11-17;8;5303.8
17;2025-11-17;9;3762.7
17;2025-11-17;10;2963.9
17;2025-11-17;11;2883.4
17;2025-11-17;12;2906.6
17;2025-11-17;13;2980.3
17;2025-11-17;14;2952.6
17;2025-11-17;15;3063.3
17;2025-11-17;16;3580.2
17;2025-11-17;17;4332.2
17;2025-11-17;18;4771.5
17;2025-11-17;19;3427.8
17;2025-11-17;20;2357.1
17;2025-11-17;21;1439.5
17;2025-11-17;22;690.3
17;2025-11-17;23;318.6
17;2025-11-18;0;96.5
17;2025-11-18;1;4.1
17;2025-11-18;2;1.3
17;2025-11-18;3;1.7
17;2025-11-18;4;25.9
17;2025-11-18;5;339.7
17;2025-11-18;6;1533.2
17;2025-11-18;7;3932.2
17;2025-11-18;8;5248.0
17;2025-11-18;9;3827.0
17;2025-11-18;10;2951.6
17;2025-11-18;11;2866.9
17;2025-11-18;12;2918.4
17;2025-11-18;13;3003.7
17;2025-11-18;14;3045.3
17;2025-11-18;15;3187.5
17;2025-11-18;16;3612.8
17;2025-11-18;17;4510.4
17;2025-11-18;18;4905.9
17;2025-11-18;19;3535.8
17;2025-11-18;20;2378.7
17;2025-11-18;21;1510.0
17;2025-11-18;22;757.5
17;2025-11-18;23;361.2
17;2025-11-19;0;105.0
17;2025-11-19;1;7.0
17;2025-11-19;2;1.1
17;2025-11-19;3;2.2
17;2025-11-19;4;22.5
17;2025-11-19;5;316.7
17;2025-11-19;6;1500.3
17;2025-11-19;7;3892.2
17;2025-11-19;8;5364.4
17;2025-11-19;9;3800.8
17;2025-11-19;10;3054.4
17;2025-11-19;11;3014.7
17;2025-11-19;12;3064.0
17;2025-11-19;13;3092.9
17;2025-11-19;14;3196.6
17;2025-11-19;15;3276.6
17;2025-11-19;16;3689.5
17;2025-11-19;17;4455.3
17;2025-11-19;18;4821.5
17;2025-11-19;19;3438.9
17;2025-11-19;20;2383.7
17;2025-11-19;21;1511.4
17;2025-11-19;22;782.8
17;2025-11-19;23;368.1
17;2025-11-20;0;111.0
17;2025-11-20;1;9.0
17;2025-11-20;2;0.6
17;2025-11-20;3;1.5
17;2025-11-20;4;24.4
17;2025-11-20;5;330.8
17;2025-11-20;6;1516.2
17;2025-11-20;7;3890.5
17;2025-11-20;8;5246.1
17;2025-11-20;9;3833.2
17;2025-11-20;10;3048.0
17;2025-11-20;11;2964.6
17;2025-11-20;12;3012.7
17;2025-11-20;13;3045.9
17;2025-11-20;14;3082.9
17;2025-11-20;15;3198.3
17;2025-11-20;16;3722.6
17;2025-11-20;17;4436.1
17;2025-11-20;18;4742.9
17;2025-11-20;19;3511.6
17;2025-11-20;20;2498.9
17;2025-11-20;21;1560.0
17;2025-11-20;22;828.1
17;2025-11-20;23;423.1
17;2025-11-21;0;117.3
17;2025-11-21;1;13.0
17;2025-11-21;2;1.2
17;2025-11-21;3;2.6
17;2025-11-21;4;18.1
17;2025-11-21;5;319.8
17;2025-11-21;6;1491.8
17;2025-11-21;7;3796.6
17;2025-11-21;8;5171.4
17;2025-11-21;9;3701.5
17;2025-11-21;10;2946.1
17;2025-11-21;11;2948.2
17;2025-11-21;12;2951.4
17;2025-11-21;13;3077.8
17;2025-11-21;14;3100.4
17;2025-11-21;15;3442.4
17;2025-11-21;16;4097.3
17;2025-11-21;17;4597.5
17;2025-11-21;18;4172.6
17;2025-11-21;19;3225.1
17;2025-11-21;20;2360.8
17;2025-11-21;21;1595.7
17;2025-11-21;22;836.1
17;2025-11-21;23;473.9
17;2025-11-22;0;166.2
17;2025-11-22;1;38.2
17;2025-11-22;2;19.3
17;2025-11-22;3;5.8
17;2025-11-22;4;3.8
17;2025-11-22;5;170.3
17;2025-11-22;6;648.2
17;2025-11-22;7;1155.9
17;2025-11-22;8;1683.7
17;2025-11-22;9;2050.9
17;2025-11-22;10;2341.8
17;2025-11-22;11;2742.1
17;2025-11-22;12;3032.1
17;2025-11-22;13;3223.7
17;2025-11-22;14;3254.3
17;2025-11-22;15;3290.1
17;2025-11-22;16;3302.5
17;2025-11-22;17;3137.5
17;2025-11-22;18;2903.4
17;2025-11-22;19;2507.3
17;2025-11-22;20;1949.9
17;2025-11-22;21;1421.2
17;2025-11-22;22;893.0
17;2025-11-22;23;534.1
17;2025-11-23;0;152.5
17;2025-11-23;1;28.4
17;2025-11-23;2;11.5
17;2025-11-23;3;0.2
17;2025-11-23;4;3.2
17;2025-11-23;5;109.7
17;2025-11-23;6;454.9
17;2025-11-23;7;816.1
17;2025-11-23;8;1226.1
17;2025-11-23;9;1646.0
17;2025-11-23;10;1952.4
17;2025-11-23;11;2405.5
17;2025-11-23;12;2724.6
17;2025-11-23;13;2950.0
17;2025-11-23;14;3009.4
17;2025-11-23;15;3030.6
17;2025-11-23;16;3013.1
17;2025-11-23;17;2916.7
17;2025-11-23;18;2624.8
17;2025-11-23;19;2182.9
17;2025-11-23;20;1680.8
17;2025-11-23;21;1246.6
17;2025-11-23;22;772.2
17;2025-11-23;23;417.4
17;2025-11-24;0;102.0
17;2025-11-24;1;5.1
17;2025-11-24;2;0.8
17;2025-11-24;3;0.3
17;2025-11-24;4;21.1
17;2025-11-24;5;312.5
17;2025-11-24;6;1497.4
17;2025-11-24;7;3857.6
17;2025-11-24;8;5303.8
17;2025-11-24;9;3762.7
17;2025-11-24;10;2963.9
17;2025-11-24;11;2883.4
17;2025-11-24;12;2906.6
17;2025-11-24;13;2980.3
17;2025-11-24;14;2952.6
17;2025-11-24;15;3063.3
17;2025-11-24;16;3580.2
17;2025-11-24;17;4332.2
17;2025-11-24;18;4771.5
17;2025-11-24;19;3427.8
17;2025-11-24;20;2357.1
17;2025-11-24;21;1439.5
17;2025-11-24;22;690.3
17;2025-11-24;23;318.6
17;2025-11-25;0;96.5
17;2025-11-25;1;4.1
17;2025-11-25;2;1.3
17;2025-11-25;3;1.7
17;2025-11-25;4;25.9
17;2025-11-25;5;339.7
17;2025-11-25;6;1533.2
17;2025-11-25;7;3932.2
17;2025-11-25;8;5248.0
17;2025-11-25;9;3827.0
17;2025-11-25;10;2951.6
17;2025-11-25;11;2866.9
17;2025-11-25;12;2918.4
17;2025-11-25;13;3003.7
17;2025-11-25;14;3045.3
17;2025-11-25;15;3187.5
17;2025-11-25;16;3612.8
17;2025-11-25;17;4510.4
17;2025-11-25;18;4905.9
17;2025-11-25;19;3535.8
17;2025-11-25;20;2378.7
17;2025-11-25;21;1510.0
17;2025-11-25;22;757.5
17;2025-11-25;23;361.2
17;2025-11-26;0;105.0
17;2025-11-26;1;7.0
17;2025-11-26;2;1.1
17;2025-11-26;3;2.2
17;2025-11-26;4;22.5
17;2025-11-26;5;316.7
17;2025-11-26;6;1500.3
17;2025-11-26;7;3892.2
17;2025-11-26;8;5364.4
17;2025-11-26;9;3800.8
17;2025-11-26;10;3054.4
17;2025-11-26;11;3014.7
17;2025-11-26;12;3064.0
17;2025-11-26;13;3092.9
17;2025-11-26;14;3196.6
17;2025-11-26;15;3276.6
17;2025-11-26;16;3689.5
17;2025-11-26;17;4455.3
17;2025-11-26;18;4821.5
17;2025-11-26;19;3438.9
17;2025-11-26;20;2383.7
17;2025-11-26;21;1511.4
17;2025-11-26;22;782.8
17;2025-11-26;23;368.1
17;2025-11-27;0;111.0
17;2025-11-27;1;9.0
17;2025-11-27;2;0.6
17;2025-11-27;3;1.5
17;2025-11-27;4;24.4
17;2025-11-27;5;330.8
17;2025-11-27;6;1516.2
17;2025-11-27;7;3890.5
17;2025-11-27;8;5246.1
17;2025-11-27;9;3833.2
17;2025-11-27;10;3048.0
17;2025-11-27;11;2964.6
17;2025-11-27;12;3012.7
17;2025-11-27;13;3045.9
17;2025-11-27;14;3082.9
17;2025-11-27;15;3198.3
17;2025-11-27;16;3722.6
17;2025-11-27;17;4436.1
17;2025-11-27;18;4742.9
17;2025-11-27;19;3511.6
17;2025-11-27;20;2498.9
17;2025-11-27;21;1560.0
17;2025-11-27;22;828.1
17;2025-11-27;23;423.1
17;2025-11-28;0;117.3
17;2025-11-28;1;13.0
17;2025-11-28;2;1.2
17;2025-11-28;3;2.6
17;2025-11-28;4;18.1
17;2025-11-28;5;319.8
17;2025-11-28;6;1491.8
17;2025-11-28;7;3796.6
17;2025-11-28;8;5171.4
17;2025-11-28;9;3701.5
17;2025-11-28;10;2946.1
17;2025-11-28;11;2948.2
17;2025-11-28;12;2951.4
17;2025-11-28;13;3077.8
17;2025-11-28;14;3100.4
17;2025-11-28;15;3442.4
17;2025-11-28;16;4097.3
17;2025-11-28;17;4597.5
17;2025-11-28;18;4172.6
17;2025-11-28;19;3225.1
17;2025-11-28;20;2360.8
17;2025-11-28;21;1595.7
17;2025-11-28;22;836.1
17;2025-11-28;23;473.9
17;2025-11-29;0;166.2
17;2025-11-29;1;38.2
17;2025-11-29;2;19.3
17;2025-11-29;3;5.8
17;2025-11-29;4;3.8
17;2025-11-29;5;170.3
17;2025-11-29;6;648.2
17;2025-11-29;7;1155.9
17;2025-11-29;8;1683.7
17;2025-11-29;9;2050.9
17;2025-11-29;10;2341.8
17;2025-11-29;11;2742.1
17;2025-11-29;12;3032.1
17;2025-11-29;13;3223.7
17;2025-11-29;14;3254.3
17;2025-11-29;15;3290.1
17;2025-11-29;16;3302.5
17;2025-11-29;17;3137.5
17;2025-11-29;18;2903.4
17;2025-11-29;19;2507.3
17;2025-11-29;20;1949.9
17;2025-11-29;21;1421.2
17;2025-11-29;22;893.0
17;2025-11-29;23;534.1
17;2025-11-30;0;152.5
17;2025-11-30;1;28.4
17;2025-11-30;2;11.5
17;2025-11-30;3;0.2
17;2025-11-30;4;3.2
17;2025-11-30;5;109.7
17;2025-11-30;6;454.9
17;2025-11-30;7;816.1
17;2025-11-30;8;1226.1
17;2025-11-30;9;1646.0
17;2025-11-30;10;1952.4
17;2025-11-30;11;2405.5
17;2025-11-30;12;2724.6
17;2025-11-30;13;2950.0
17;2025-11-30;14;3009.4
17;2025-11-30;15;3030.6
17;2025-11-30;16;3013.1
17;2025-11-30;17;2916.7
17;2025-11-30;18;2624.8
17;2025-11-30;19;2182.9
17;2025-11-30;20;1680.8
17;2025-11-30;21;1246.6
17;2025-11-30;22;772.2
17;2025-11-30;23;417.4
17;2025-12-01;0;109.0
17;2025-12-01;1;5.4
17;2025-12-01;2;0.8
17;2025-12-01;3;0.3
17;2025-12-01;4;22.5
17;2025-12-01;5;333.8
17;2025-12-01;6;1599.6
17;2025-12-01;7;4120.9
17;2025-12-01;8;5665.7
17;2025-12-01;9;4019.5
17;2025-12-01;10;3166.2
17;2025-12-01;11;3080.2
17;2025-12-01;12;3104.9
17;2025-12-01;13;3183.7
17;2025-12-01;14;3154.2
17;2025-12-01;15;3272.4
17;2025-12-01;16;3824.6
17;2025-12-01;17;4627.8
17;2025-12-01;18;5097.2
17;2025-12-01;19;3661.7
17;2025-12-01;20;2517.9
17;2025-12-01;21;1537.7
17;2025-12-01;22;737.5
17;2025-12-01;23;340.4
17;2025-12-02;0;103.1
17;2025-12-02;1;4.4
17;2025-12-02;2;1.4
17;2025-12-02;3;1.8
17;2025-12-02;4;27.6
17;2025-12-02;5;362.9
17;2025-12-02;6;1637.8
17;2025-12-02;7;4200.6
17;2025-12-02;8;5606.1
17;2025-12-02;9;4088.1
17;2025-12-02;10;3153.0
17;2025-12-02;11;3062.6
17;2025-12-02;12;3117.6
17;2025-12-02;13;3208.7
17;2025-12-02;14;3253.1
17;2025-12-02;15;3405.1
17;2025-12-02;16;3859.4
17;2025-12-02;17;4818.2
17;2025-12-02;18;5240.7
17;2025-12-02;19;3777.1
17;2025-12-02;20;2541.1
17;2025-12-02;21;1613.1
17;2025-12-02;22;809.2
17;2025-12-02;23;385.9
17;2025-12-03;0;112.1
17;2025-12-03;1;7.5
17;2025-12-03;2;1.2
17;2025-12-03;3;2.3
17;2025-12-03;4;24.1
17;2025-12-03;5;338.3
17;2025-12-03;6;1602.7
17;2025-12-03;7;4157.9
17;2025-12-03;8;5730.6
17;2025-12-03;9;4060.2
17;2025-12-03;10;3262.9
17;2025-12-03;11;3220.5
17;2025-12-03;12;3273.2
17;2025-12-03;13;3304.0
17;2025-12-03;14;3414.8
17;2025-12-03;15;3500.2
17;2025-12-03;16;3941.3
17;2025-12-03;17;4759.4
17;2025-12-03;18;5150.6
17;2025-12-03;19;3673.6
17;2025-12-03;20;2546.4
17;2025-12-03;21;1614.5
17;2025-12-03;22;836.2
17;2025-12-03;23;393.3
17;2025-12-04;0;118.5
17;2025-12-04;1;9.6
17;2025-12-04;2;0.7
17;2025-12-04;3;1.6
17;2025-12-04;4;26.1
17;2025-12-04;5;353.4
17;2025-12-04;6;1619.7
17;2025-12-04;7;4156.0
17;2025-12-04;8;5604.1
17;2025-12-04;9;4094.8
17;2025-12-04;10;3256.1
17;2025-12-04;11;3166.9
17;2025-12-04;12;3218.3
17;2025-12-04;13;3253.7
17;2025-12-04;14;3293.3
17;2025-12-04;15;3416.5
17;2025-12-04;16;3976.7
17;2025-12-04;17;4738.9
17;2025-12-04;18;5066.6
17;2025-12-04;19;3751.3
17;2025-12-04;20;2669.4
17;2025-12-04;21;1666.4
17;2025-12-04;22;884.6
17;2025-12-04;23;452.0
17;2025-12-05;0;125.3
17;2025-12-05;1;13.8
17;2025-12-05;2;1.3
17;2025-12-05;3;2.7
17;2025-12-05;4;19.3
17;2025-12-05;5;341.7
17;2025-12-05;6;1593.6
17;2025-12-05;7;4055.7
17;2025-12-05;8;5524.3
17;2025-12-05;9;3954.1
17;2025-12-05;10;3147.2
17;2025-12-05;11;3149.4
17;2025-12-05;12;3152.8
17;2025-12-05;13;3287.9
17;2025-12-05;14;3312.0
17;2025-12-05;15;3677.3
17;2025-12-05;16;4376.9
17;2025-12-05;17;4911.3
17;2025-12-05;18;4457.4
17;2025-12-05;19;3445.2
17;2025-12-05;20;2521.9
17;2025-12-05;21;1704.6
17;2025-12-05;22;893.1
17;2025-12-05;23;506.2
17;2025-12-06;0;177.5
17;2025-12-06;1;40.8
17;2025-12-06;2;20.6
17;2025-12-06;3;6.2
17;2025-12-06;4;4.1
17;2025-12-06;5;182.0
17;2025-12-06;6;692.4
17;2025-12-06;7;1234.8
17;2025-12-06;8;1798.6
17;2025-12-06;9;2190.9
17;2025-12-06;10;2501.7
17;2025-12-06;11;2929.3
17;2025-12-06;12;3239.1
17;2025-12-06;13;3443.7
17;2025-12-06;14;3476.4
17;2025-12-06;15;3514.7
17;2025-12-06;16;3527.9
17;2025-12-06;17;3351.7
17;2025-12-06;18;3101.5
17;2025-12-06;19;2678.4
17;2025-12-06;20;2083.0
17;2025-12-06;21;1518.2
17;2025-12-06;22;953.9
17;2025-12-06;23;570.5
17;2025-12-07;0;162.9
17;2025-12-07;1;30.3
17;2025-12-07;2;12.3
17;2025-12-07;3;0.3
17;2025-12-07;4;3.4
17;2025-12-07;5;117.2
17;2025-12-07;6;486.0
17;2025-12-07;7;871.8
17;2025-12-07;8;1309.8
17;2025-12-07;9;1758.3
17;2025-12-07;10;2085.6
17;2025-12-07;11;2569.7
17;2025-12-07;12;2910.6
17;2025-12-07;13;3151.3
17;2025-12-07;14;3214.8
17;2025-12-07;15;3237.4
17;2025-12-07;16;3218.8
17;2025-12-07;17;3115.8
17;2025-12-07;18;2803.9
17;2025-12-07;19;2331.9
17;2025-12-07;20;1795.5
17;2025-12-07;21;1331.7
17;2025-12-07;22;824.9
17;2025-12-07;23;445.9
17;2025-12-08;0;109.0
17;2025-12-08;1;5.4
17;2025-12-08;2;0.8
17;2025-12-08;3;0.3
17;2025-12-08;4;22.5
17;2025-12-08;5;333.8
17;2025-12-08;6;1599.6
17;2025-12-08;7;4120.9
17;2025-12-08;8;5665.7
17;2025-12-08;9;4019.5
17;2025-12-08;10;3166.2
17;2025-12-08;11;3080.2
17;2025-12-08;12;3104.9
17;2025-12-08;13;3183.7
17;2025-12-08;14;3154.2
17;2025-12-08;15;3272.4
17;2025-12-08;16;3824.6
17;2025-12-08;17;4627.8
17;2025-12-08;18;5097.2
17;2025-12-08;19;3661.7
17;2025-12-08;20;2517.9
17;2025-12-08;21;1537.7
17;2025-12-08;22;737.5
17;2025-12-08;23;340.4
17;2025-12-09;0;103.1
17;2025-12-09;1;4.4
17;2025-12-09;2;1.4
17;2025-12-09;3;1.8
17;2025-12-09;4;27.6
17;2025-12-09;5;362.9
17;2025-12-09;6;1637.8
17;2025-12-09;7;4200.6
17;2025-12-09;8;5606.1
17;2025-12-09;9;4088.1
17;2025-12-09;10;3153.0
17;2025-12-09;11;3062.6
17;2025-12-09;12;3117.6
17;2025-12-09;13;3208.7
17;2025-12-09;14;3253.1
17;2025-12-09;15;3405.1
17;2025-12-09;16;3859.4
17;2025-12-09;17;4818.2
17;2025-12-09;18;5240.7
17;2025-12-09;19;3777.1
17;2025-12-09;20;2541.1
17;2025-12-09;21;1613.1
17;2025-12-09;22;809.2
17;2025-12-09;23;385.9
17;2025-12-10;0;112.1
17;2025-12-10;1;7.5
17;2025-12-10;2;1.2
17;2025-12-10;3;2.3
17;2025-12-10;4;24.1
17;2025-12-10;5;338.3
17;2025-12-10;6;1602.7
17;2025-12-10;7;4157.9
17;2025-12-10;8;5730.6
17;2025-12-10;9;4060.2
17;2025-12-10;10;3262.9
17;2025-12-10;11;3220.5
17;2025-12-10;12;3273.2
17;2025-12-10;13;3304.0
17;2025-12-10;14;3414.8
17;2025-12-10;15;3500.2
17;2025-12-10;16;3941.3
17;2025-12-10;17;4759.4
17;2025-12-10;18;5150.6
17;2025-12-10;19;3673.6
17;2025-12-10;20;2546.4
17;2025-12-10;21;1614.5
17;2025-12-10;22;836.2
17;2025-12-10;23;393.3
17;2025-12-11;0;118.5
17;2025-12-11;1;9.6
17;2025-12-11;2;0.7
17;2025-12-11;3;1.6
17;2025-12-11;4;26.1
17;2025-12-11;5;353.4
17;2025-12-11;6;1619.7
17;2025-12-11;7;4156.0
17;2025-12-11;8;5604.1
17;2025-12-11;9;4094.8
17;2025-12-11;10;3256.1
17;2025-12-11;11;3166.9
17;2025-12-11;12;3218.3
17;2025-12-11;13;3253.7
17;2025-12-11;14;3293.3
17;2025-12-11;15;3416.5
17;2025-12-11;16;3976.7
17;2025-12-11;17;4738.9
17;2025-12-11;18;5066.6
17;2025-12-11;19;3751.3
17;2025-12-11;20;2669.4
17;2025-12-11;21;1666.4
17;2025-12-11;22;884.6
17;2025-12-11;23;452.0
17;2025-12-12;0;125.3
17;2025-12-12;1;13.8
17;2025-12-12;2;1.3
17;2025-12-12;3;2.7
17;2025-12-12;4;19.3
17;2025-12-12;5;341.7
17;2025-12-12;6;1593.6
17;2025-12-12;7;4055.7
17;2025-12-12;8;5524.3
17;2025-12-12;9;3954.1
17;2025-12-12;10;3147.2
17;2025-12-12;11;3149.4
17;2025-12-12;12;3152.8
17;2025-12-12;13;3287.9
17;2025-12-12;14;3312.0
17;2025-12-12;15;3677.3
17;2025-12-12;16;4376.9
17;2025-12-12;17;4911.3
17;2025-12-12;18;4457.4
17;2025-12-12;19;3445.2
17;2025-12-12;20;2521.9
17;2025-12-12;21;1704.6
17;2025-12-12;22;893.1
17;2025-12-12;23;506.2
17;2025-12-13;0;177.5
17;2025-12-13;1;40.8
17;2025-12-13;2;20.6
17;2025-12-13;3;6.2
17;2025-12-13;4;4.1
17;2025-12-13;5;182.0
17;2025-12-13;6;692.4
17;2025-12-13;7;1234.8
17;2025-12-13;8;1798.6
17;2025-12-13;9;2190.9
17;2025-12-13;10;2501.7
17;2025-12-13;11;2929.3
17;2025-12-13;12;3239.1
17;2025-12-13;13;3443.7
17;2025-12-13;14;3476.4
17;2025-12-13;15;3514.7
17;2025-12-13;16;3527.9
17;2025-12-13;17;3351.7
17;2025-12-13;18;3101.5
17;2025-12-13;19;2678.4
17;2025-12-13;20;2083.0
17;2025-12-13;21;1518.2
17;2025-12-13;22;953.9
17;2025-12-13;23;570.5
17;2025-12-14;0;162.9
17;2025-12-14;1;30.3
17;2025-12-14;2;12.3
17;2025-12-14;3;0.3
17;2025-12-14;4;3.4
17;2025-12-14;5;117.2
17;2025-12-14;6;486.0
17;2025-12-14;7;871.8
17;2025-12-14;8;1309.8
17;2025-12-14;9;1758.3
17;2025-12-14;10;2085.6
17;2025-12-14;11;2569.7
17;2025-12-14;12;2910.6
17;2025-12-14;13;3151.3
17;2025-12-14;14;3214.8
17;2025-12-14;15;3237.4
17;2025-12-14;16;3218.8
17;2025-12-14;17;3115.8
17;2025-12-14;18;2803.9
17;2025-12-14;19;2331.9
17;2025-12-14;20;1795.5
17;2025-12-14;21;1331.7
17;2025-12-14;22;824.9
17;2025-12-14;23;445.9
17;2025-12-15;0;109.0
17;2025-12-15;1;5.4
17;2025-12-15;2;0.8
17;2025-12-15;3;0.3
17;2025-12-15;4;22.5
17;2025-12-15;5;333.8
17;2025-12-15;6;1599.6
17;2025-12-15;7;4120.9
17;2025-12-15;8;5665.7
17;2025-12-15;9;4019.5
17;2025-12-15;10;3166.2
17;2025-12-15;11;3080.2
17;2025-12-15;12;3104.9
17;2025-12-15;13;3183.7
17;2025-12-15;14;3154.2
17;2025-12-15;15;3272.4
17;2025-12-15;16;3824.6
17;2025-12-15;17;4627.8
17;2025-12-15;18;5097.2
17;2025-12-15;19;3661.7
17;2025-12-15;20;2517.9
17;2025-12-15;21;1537.7
17;2025-12-15;22;737.5
17;2025-12-15;23;340.4
17;2025-12-16;0;103.1
17;2025-12-16;1;4.4
17;2025-12-16;2;1.4
17;2025-12-16;3;1.8
17;2025-12-16;4;27.6
17;2025-12-16;5;362.9
17;2025-12-16;6;1637.8
17;2025-12-16;7;4200.6
17;2025-12-16;8;5606.1
17;2025-12-16;9;4088.1
17;2025-12-16;10;3153.0
17;2025-12-16;11;3062.6
17;2025-12-16;12;3117.6
17;2025-12-16;13;3208.7
17;2025-12-16;14;3253.1
17;2025-12-16;15;3405.1
17;2025-12-16;16;3859.4
17;2025-12-16;17;4818.2
17;2025-12-16;18;5240.7
17;2025-12-16;19;3777.1
17;2025-12-16;20;2541.1
17;2025-12-16;21;1613.1
17;2025-12-16;22;809.2
17;2025-12-16;23;385.9
17;2025-12-17;0;112.1
17;2025-12-17;1;7.5
17;2025-12-17;2;1.2
17;2025-12-17;3;2.3
17;2025-12-17;4;24.1
17;2025-12-17;5;338.3
17;2025-12-17;6;1602.7
17;2025-12-17;7;4157.9
17;2025-12-17;8;5730.6
17;2025-12-17;9;4060.2
17;2025-12-17;10;3262.9
17;2025-12-17;11;3220.5
17;2025-12-17;12;3273.2
17;2025-12-17;13;3304.0
17;2025-12-17;14;3414.8
17;2025-12-17;15;3500.2
17;2025-12-17;16;3941.3
17;2025-12-17;17;4759.4
17;2025-12-17;18;5150.6
17;2025-12-17;19;3673.6
17;2025-12-17;20;2546.4
17;2025-12-17;21;1614.5
17;2025-12-17;22;836.2
17;2025-12-17;23;393.3
17;2025-12-18;0;118.5
17;2025-12-18;1;9.6
17;2025-12-18;2;0.7
17;2025-12-18;3;1.6
17;2025-12-18;4;26.1
17;2025-12-18;5;353.4
17;2025-12-18;6;1619.7
17;2025-12-18;7;4156.0
17;2025-12-18;8;5604.1
17;2025-12-18;9;4094.8
17;2025-12-18;10;3256.1
17;2025-12-18;11;3166.9
17;2025-12-18;12;3218.3
17;2025-12-18;13;3253.7
17;2025-12-18;14;3293.3
17;2025-12-18;15;3416.5
17;2025-12-18;16;3976.7
17;2025-12-18;17;4738.9
17;2025-12-18;18;5066.6
17;2025-12-18;19;3751.3
17;2025-12-18;20;2669.4
17;2025-12-18;21;1666.4
17;2025-12-18;22;884.6
17;2025-12-18;23;452.0
17;2025-12-19;0;125.3
17;2025-12-19;1;13.8
17;2025-12-19;2;1.3
17;2025-12-19;3;2.7
17;2025-12-19;4;19.3
17;2025-12-19;5;341.7
17;2025-12-19;6;1593.6
17;2025-12-19;7;4055.7
17;2025-12-19;8;5524.3
17;2025-12-19;9;3954.1
17;2025-12-19;10;3147.2
17;2025-12-19;11;3149.4
17;2025-12-19;12;3152.8
17;2025-12-19;13;3287.9
17;2025-12-19;14;3312.0
17;2025-12-19;15;3677.3
17;2025-12-19;16;4376.9
17;2025-12-19;17;4911.3
17;2025-12-19;18;4457.4
17;2025-12-19;19;3445.2
17;2025-12-19;20;2521.9
17;2025-12-19;21;1704.6
17;2025-12-19;22;893.1
17;2025-12-19;23;506.2
17;2025-12-20;0;177.5
17;2025-12-20;1;40.8
17;2025-12-20;2;20.6
17;2025-12-20;3;6.2
17;2025-12-20;4;4.1
17;2025-12-20;5;182.0
17;2025-12-20;6;692.4
17;2025-12-20;7;1234.8
17;2025-12-20;8;1798.6
17;2025-12-20;9;2190.9
17;2025-12-20;10;2501.7
17;2025-12-20;11;2929.3
17;2025-12-20;12;3239.1
17;2025-12-20;13;3443.7
17;2025-12-20;14;3476.4
17;2025-12-20;15;3514.7
17;2025-12-20;16;3527.9
17;2025-12-20;17;3351.7
17;2025-12-20;18;3101.5
17;2025-12-20;19;2678.4
17;2025-12-20;20;2083.0
17;2025-12-20;21;1518.2
17;2025-12-20;22;953.9
17;2025-12-20;23;570.5
17;2025-12-21;0;162.9
17;2025-12-21;1;30.3
17;2025-12-21;2;12.3
17;2025-12-21;3;0.3
17;2025-12-21;4;3.4
17;2025-12-21;5;117.2
17;2025-12-21;6;486.0
17;2025-12-21;7;871.8
17;2025-12-21;8;1309.8
17;2025-12-21;9;1758.3
17;2025-12-21;10;2085.6
17;2025-12-21;11;2569.7
17;2025-12-21;12;2910.6
17;2025-12-21;13;3151.3
17;2025-12-21;14;3214.8
17;2025-12-21;15;3237.4
17;2025-12-21;16;3218.8
17;2025-12-21;17;3115.8
17;2025-12-21;18;2803.9
17;2025-12-21;19;2331.9
17;2025-12-21;20;1795.5
17;2025-12-21;21;1331.7
17;2025-12-21;22;824.9
17;2025-12-21;23;445.9
17;2025-12-22;0;109.0
17;2025-12-22;1;5.4
17;2025-12-22;2;0.8
17;2025-12-22;3;0.3
17;2025-12-22;4;22.5
17;2025-12-22;5;333.8
17;2025-12-22;6;1599.6
17;2025-12-22;7;4120.9
17;2025-12-22;8;5665.7
17;2025-12-22;9;4019.5
17;2025-12-22;10;3166.2
17;2025-12-22;11;3080.2
17;2025-12-22;12;3104.9
17;2025-12-22;13;3183.7
17;2025-12-22;14;3154.2
17;2025-12-22;15;3272.4
17;2025-12-22;16;3824.6
17;2025-12-22;17;4627.8
17;2025-12-22;18;5097.2
17;2025-12-22;19;3661.7
17;2025-12-22;20;2517.9
17;2025-12-22;21;1537.7
17;2025-12-22;22;737.5
17;2025-12-22;23;340.4
17;2025-12-23;0;103.1
17;2025-12-23;1;4.4
17;2025-12-23;2;1.4
17;2025-12-23;3;1.8
17;2025-12-23;4;27.6
17;2025-12-23;5;362.9
17;2025-12-23;6;1637.8
17;2025-12-23;7;4200.6
17;2025-12-23;8;5606.1
17;2025-12-23;9;4088.1
17;2025-12-23;10;3153.0
17;2025-12-23;11;3062.6
17;2025-12-23;12;3117.6
17;2025-12-23;13;3208.7
17;2025-12-23;14;3253.1
17;2025-12-23;15;3405.1
17;2025-12-23;16;3859.4
17;2025-12-23;17;4818.2
17;2025-12-23;18;5240.7
17;2025-12-23;19;3777.1
17;2025-12-23;20;2541.1
17;2025-12-23;21;1613.1
17;2025-12-23;22;809.2
17;2025-12-23;23;385.9
17;2025-12-24;0;112.1
17;2025-12-24;1;7.5
17;2025-12-24;2;1.2
17;2025-12-24;3;2.3
17;2025-12-24;4;24.1
17;2025-12-24;5;338.3
17;2025-12-24;6;1602.7
17;2025-12-24;7;4157.9
17;2025-12-24;8;5730.6
17;2025-12-24;9;4060.2
17;2025-12-24;10;3262.9
17;2025-12-24;11;3220.5
17;2025-12-24;12;3273.2
17;2025-12-24;13;3304.0
17;2025-12-24;14;3414.8
17;2025-12-24;15;3500.2
17;2025-12-24;16;3941.3
17;2025-12-24;17;4759.4
17;2025-12-24;18;5150.6
17;2025-12-24;19;3673.6
17;2025-12-24;20;2546.4
17;2025-12-24;21;1614.5
17;2025-12-24;22;836.2
17;2025-12-24;23;393.3
17;2025-12-25;0;118.5
17;2025-12-25;1;9.6
17;2025-12-25;2;0.7
17;2025-12-25;3;1.6
17;2025-12-25;4;26.1
17;2025-12-25;5;353.4
17;2025-12-25;6;1619.7
17;2025-12-25;7;4156.0
17;2025-12-25;8;5604.1
17;2025-12-25;9;4094.8
17;2025-12-25;10;3256.1
17;2025-12-25;11;3166.9
17;2025-12-25;12;3218.3
17;2025-12-25;13;3253.7
17;2025-12-25;14;3293.3
17;2025-12-25;15;3416.5
17;2025-12-25;16;3976.7
17;2025-12-25;17;4738.9
17;2025-12-25;18;5066.6
17;2025-12-25;19;3751.3
17;2025-12-25;20;2669.4
17;2025-12-25;21;1666.4
17;2025-12-25;22;884.6
17;2025-12-25;23;452.0
17;2025-12-26;0;125.3
17;2025-12-26;1;13.8
17;2025-12-26;2;1.3
17;2025-12-26;3;2.7
17;2025-12-26;4;19.3
17;2025-12-26;5;341.7
17;2025-12-26;6;1593.6
17;2025-12-26;7;4055.7
17;2025-12-26;8;5524.3
17;2025-12-26;9;3954.1
17;2025-12-26;10;3147.2
17;2025-12-26;11;3149.4
17;2025-12-26;12;3152.8
17;2025-12-26;13;3287.9
17;2025-12-26;14;3312.0
17;2025-12-26;15;3677.3
17;2025-12-26;16;4376.9
17;2025-12-26;17;4911.3
17;2025-12-26;18;4457.4
17;2025-12-26;19;3445.2
17;2025-12-26;20;2521.9
17;2025-12-26;21;1704.6
17;2025-12-26;22;893.1
17;2025-12-26;23;506.2
17;2025-12-27;0;177.5
17;2025-12-27;1;40.8
17;2025-12-27;2;20.6
17;2025-12-27;3;6.2
17;2025-12-27;4;4.1
17;2025-12-27;5;182.0
17;2025-12-27;6;692.4
17;2025-12-27;7;1234.8
17;2025-12-27;8;1798.6
17;2025-12-27;9;2190.9
17;2025-12-27;10;2501.7
17;2025-12-27;11;2929.3
17;2025-12-27;12;3239.1
17;2025-12-27;13;3443.7
17;2025-12-27;14;3476.4
17;2025-12-27;15;3514.7
17;2025-12-27;16;3527.9
17;2025-12-27;17;3351.7
17;2025-12-27;18;3101.5
17;2025-12-27;19;2678.4
17;2025-12-27;20;2083.0
17;2025-12-27;21;1518.2
17;2025-12-27;22;953.9
17;2025-12-27;23;570.5
17;2025-12-28;0;162.9
17;2025-12-28;1;30.3
17;2025-12-28;2;12.3
17;2025-12-28;3;0.3
17;2025-12-28;4;3.4
17;2025-12-28;5;117.2
17;2025-12-28;6;486.0
17;2025-12-28;7;871.8
17;2025-12-28;8;1309.8
17;2025-12-28;9;1758.3
17;2025-12-28;10;2085.6
17;2025-12-28;11;2569.7
17;2025-12-28;12;2910.6
17;2025-12-28;13;3151.3
17;2025-12-28;14;3214.8
17;2025-12-28;15;3237.4
17;2025-12-28;16;3218.8
17;2025-12-28;17;3115.8
17;2025-12-28;18;2803.9
17;2025-12-28;19;2331.9
17;2025-12-28;20;1795.5
17;2025-12-28;21;1331.7
17;2025-12-28;22;824.9
17;2025-12-28;23;445.9
17;2025-12-29;0;109.0
17;2025-12-29;1;5.4
17;2025-12-29;2;0.8
17;2025-12-29;3;0.3
17;2025-12-29;4;22.5
17;2025-12-29;5;333.8
17;2025-12-29;6;1599.6
17;2025-12-29;7;4120.9
17;2025-12-29;8;5665.7
17;2025-12-29;9;4019.5
17;2025-12-29;10;3166.2
17;2025-12-29;11;3080.2
17;2025-12-29;12;3104.9
17;2025-12-29;13;3183.7
17;2025-12-29;14;3154.2
17;2025-12-29;15;3272.4
17;2025-12-29;16;3824.6
17;2025-12-29;17;4627.8
17;2025-12-29;18;5097.2
17;2025-12-29;19;3661.7
17;2025-12-29;20;2517.9
17;2025-12-29;21;1537.7
17;2025-12-29;22;737.5
17;2025-12-29;23;340.4
17;2025-12-30;0;96.0
17;2025-12-30;1;6.6
17;2025-12-30;2;2.0
17;2025-12-30;3;4.6
17;2025-12-30;4;32.1
17;2025-12-30;5;366.6
17;2025-12-30;6;1645.4
17;2025-12-30;7;4175.3
17;2025-12-30;8;5568.7
17;2025-12-30;9;4102.8
17;2025-12-30;10;3203.7
17;2025-12-30;11;3168.8
17;2025-12-30;12;3249.2
17;2025-12-30;13;3389.6
17;2025-12-30;14;3472.0
17;2025-12-30;15;3658.4
17;2025-12-30;16;4080.8
17;2025-12-30;17;4796.8
17;2025-12-30;18;4743.2
17;2025-12-30;19;3602.0
17;2025-12-30;20;2500.9
17;2025-12-30;21;1632.0
17;2025-12-30;22;845.3
17;2025-12-30;23;434.2
17;2025-12-31;0;112.7
17;2025-12-31;1;2.4
17;2025-12-31;2;0.1
17;2025-12-31;3;3.8
17;2025-12-31;4;0.0
17;2025-12-31;5;43.5
17;2025-12-31;6;370.5
17;2025-12-31;7;710.9
17;2025-12-31;8;1019.5
17;2025-12-31;9;1215.5
17;2025-12-31;10;1414.8
17;2025-12-31;11;1812.9
17;2025-12-31;12;2202.8
17;2025-12-31;13;2443.1
17;2025-12-31;14;2526.5
17;2025-12-31;15;2642.2
17;2025-12-31;16;2676.3
17;2025-12-31;17;2640.8
17;2025-12-31;18;2503.8
17;2025-12-31;19;2217.5
17;2025-12-31;20;1682.3
17;2025-12-31;21;1234.1
17;2025-12-31;22;746.9
17;2025-12-31;23;371.9
25;2025-11-01;0;20.9
25;2025-11-01;1;9.7
25;2025-11-01;2;8.5
25;2025-11-01;3;8.4
25;2025-11-01;4;10.0
25;2025-11-01;5;39.0
25;2025-11-01;6;168.0
25;2025-11-01;7;371.1
25;2025-11-01;8;553.4
25;2025-11-01;9;417.9
25;2025-11-01;10;372.5
25;2025-11-01;11;412.6
25;2025-11-01;12;431.5
25;2025-11-01;13;479.0
25;2025-11-01;14;474.5
25;2025-11-01;15;525.9
25;2025-11-01;16;588.1
25;2025-11-01;17;591.9
25;2025-11-01;18;565.9
25;2025-11-01;19;457.6
25;2025-11-01;20;327.3
25;2025-11-01;21;230.5
25;2025-11-01;22;144.6
25;2025-11-01;23;73.1
25;2025-11-02;0;21.7
25;2025-11-02;1;3.7
25;2025-11-02;2;1.8
25;2025-11-02;3;0.0
25;2025-11-02;4;0.3
25;2025-11-02;5;14.1
25;2025-11-02;6;65.4
25;2025-11-02;7;118.9
25;2025-11-02;8;191.2
25;2025-11-02;9;237.0
25;2025-11-02;10;268.0
25;2025-11-02;11;331.7
25;2025-11-02;12;382.8
25;2025-11-02;13;429.6
25;2025-11-02;14;445.0
25;2025-11-02;15;478.9
25;2025-11-02;16;458.2
25;2025-11-02;17;439.1
25;2025-11-02;18;407.9
25;2025-11-02;19;336.9
25;2025-11-02;20;257.1
25;2025-11-02;21;202.0
25;2025-11-02;22;124.7
25;2025-11-02;23;63.2
25;2025-11-03;0;20.8
25;2025-11-03;1;4.4
25;2025-11-03;2;4.1
25;2025-11-03;3;2.6
25;2025-11-03;4;2.1
25;2025-11-03;5;23.9
25;2025-11-03;6;82.5
25;2025-11-03;7;146.5
25;2025-11-03;8;201.2
25;2025-11-03;9;235.8
25;2025-11-03;10;265.6
25;2025-11-03;11;328.0
25;2025-11-03;12;397.1
25;2025-11-03;13;441.5
25;2025-11-03;14;451.7
25;2025-11-03;15;463.4
25;2025-11-03;16;467.8
25;2025-11-03;17;453.3
25;2025-11-03;18;425.1
25;2025-11-03;19;367.8
25;2025-11-03;20;281.8
25;2025-11-03;21;215.3
25;2025-11-03;22;141.7
25;2025-11-03;23;87.1
25;2025-11-04;0;22.3
25;2025-11-04;1;4.9
25;2025-11-04;2;4.0
25;2025-11-04;3;3.6
25;2025-11-04;4;2.4
25;2025-11-04;5;18.3
25;2025-11-04;6;70.7
25;2025-11-04;7;126.7
25;2025-11-04;8;178.0
25;2025-11-04;9;202.9
25;2025-11-04;10;225.3
25;2025-11-04;11;283.3
25;2025-11-04;12;346.8
25;2025-11-04;13;390.7
25;2025-11-04;14;400.9
25;2025-11-04;15;411.8
25;2025-11-04;16;415.9
25;2025-11-04;17;406.0
25;2025-11-04;18;383.9
25;2025-11-04;19;339.5
25;2025-11-04;20;261.8
25;2025-11-04;21;199.6
25;2025-11-04;22;127.6
25;2025-11-04;23;72.3
25;2025-11-05;0;10.8
25;2025-11-05;1;2.5
25;2025-11-05;2;2.2
25;2025-11-05;3;2.3
25;2025-11-05;4;5.3
25;2025-11-05;5;41.6
25;2025-11-05;6;234.8
25;2025-11-05;7;552.8
25;2025-11-05;8;842.0
25;2025-11-05;9;540.6
25;2025-11-05;10;425.2
25;2025-11-05;11;451.9
25;2025-11-05;12;464.9
25;2025-11-05;13;513.7
25;2025-11-05;14;408.1
25;2025-11-05;15;526.6
25;2025-11-05;16;620.0
25;2025-11-05;17;765.8
25;2025-11-05;18;836.0
25;2025-11-05;19;576.2
25;2025-11-05;20;362.7
25;2025-11-05;21;249.1
25;2025-11-05;22;122.2
25;2025-11-05;23;34.2
25;2025-11-06;0;10.2
25;2025-11-06;1;0.7
25;2025-11-06;2;0.0
25;2025-11-06;3;0.1
25;2025-11-06;4;2.0
25;2025-11-06;5;38.4
25;2025-11-06;6;228.2
25;2025-11-06;7;552.9
25;2025-11-06;8;812.6
25;2025-11-06;9;543.2
25;2025-11-06;10;437.3
25;2025-11-06;11;436.9
25;2025-11-06;12;440.4
25;2025-11-06;13;482.5
25;2025-11-06;14;476.8
25;2025-11-06;15;536.5
25;2025-11-06;16;621.3
25;2025-11-06;17;719.3
25;2025-11-06;18;782.8
25;2025-11-06;19;585.7
25;2025-11-06;20;349.5
25;2025-11-06;21;231.8
25;2025-11-06;22;122.2
25;2025-11-06;23;40.0
25;2025-11-07;0;9.4
25;2025-11-07;1;0.7
25;2025-11-07;2;0.0
25;2025-11-07;3;0.2
25;2025-11-07;4;1.1
25;2025-11-07;5;33.7
25;2025-11-07;6;215.5
25;2025-11-07;7;543.2
25;2025-11-07;8;806.8
25;2025-11-07;9;516.0
25;2025-11-07;10;404.9
25;2025-11-07;11;430.4
25;2025-11-07;12;433.0
25;2025-11-07;13;479.2
25;2025-11-07;14;461.0
25;2025-11-07;15;522.8
25;2025-11-07;16;647.8
25;2025-11-07;17;691.6
25;2025-11-07;18;676.8
25;2025-11-07;19;517.8
25;2025-11-07;20;346.7
25;2025-11-07;21;216.7
25;2025-11-07;22;126.6
25;2025-11-07;23;46.6
25;2025-11-08;0;19.5
25;2025-11-08;1;5.5
25;2025-11-08;2;3.0
25;2025-11-08;3;1.1
25;2025-11-08;4;0.9
25;2025-11-08;5;22.0
25;2025-11-08;6;92.2
25;2025-11-08;7;163.9
25;2025-11-08;8;260.2
25;2025-11-08;9;290.4
25;2025-11-08;10;314.5
25;2025-11-08;11;376.9
25;2025-11-08;12;415.8
25;2025-11-08;13;469.1
25;2025-11-08;14;480.2
25;2025-11-08;15;510.8
25;2025-11-08;16;495.3
25;2025-11-08;17;468.4
25;2025-11-08;18;444.3
25;2025-11-08;19;386.8
25;2025-11-08;20;290.9
25;2025-11-08;21;227.2
25;2025-11-08;22;145.1
25;2025-11-08;23;80.0
25;2025-11-09;0;21.7
25;2025-11-09;1;3.7
25;2025-11-09;2;1.8
25;2025-11-09;3;0.0
25;2025-11-09;4;0.3
25;2025-11-09;5;14.1
25;2025-11-09;6;65.4
25;2025-11-09;7;118.9
25;2025-11-09;8;191.2
25;2025-11-09;9;237.0
25;2025-11-09;10;268.0
25;2025-11-09;11;331.7
25;2025-11-09;12;382.8
25;2025-11-09;13;429.6
25;2025-11-09;14;445.0
25;2025-11-09;15;478.9
25;2025-11-09;16;458.2
25;2025-11-09;17;439.1
25;2025-11-09;18;407.9
25;2025-11-09;19;336.9
25;2025-11-09;20;257.1
25;2025-11-09;21;202.0
25;2025-11-09;22;124.7
25;2025-11-09;23;63.2
25;2025-11-10;0;10.3
25;2025-11-10;1;0.1
25;2025-11-10;2;0.1
25;2025-11-10;3;0.0
25;2025-11-10;4;1.5
25;2025-11-10;5;35.1
25;2025-11-10;6;225.0
25;2025-11-10;7;541.1
25;2025-11-10;8;818.0
25;2025-11-10;9;536.1
25;2025-11-10;10;405.7
25;2025-11-10;11;404.5
25;2025-11-10;12;442.6
25;2025-11-10;13;490.2
25;2025-11-10;14;455.3
25;2025-11-10;15;500.9
25;2025-11-10;16;594.0
25;2025-11-10;17;697.5
25;2025-11-10;18;736.5
25;2025-11-10;19;553.9
25;2025-11-10;20;362.1
25;2025-11-10;21;225.1
25;2025-11-10;22;109.2
25;2025-11-10;23;29.5
25;2025-11-11;0;8.6
25;2025-11-11;1;0.1
25;2025-11-11;2;0.2
25;2025-11-11;3;0.2
25;2025-11-11;4;2.3
25;2025-11-11;5;36.9
25;2025-11-11;6;228.8
25;2025-11-11;7;563.2
25;2025-11-11;8;856.8
25;2025-11-11;9;532.4
25;2025-11-11;10;418.1
25;2025-11-11;11;445.4
25;2025-11-11;12;433.9
25;2025-11-11;13;466.0
25;2025-11-11;14;463.7
25;2025-11-11;15;521.9
25;2025-11-11;16;618.0
25;2025-11-11;17;699.6
25;2025-11-11;18;753.8
25;2025-11-11;19;554.2
25;2025-11-11;20;353.4
25;2025-11-11;21;227.5
25;2025-11-11;22;113.9
25;2025-11-11;23;32.5
25;2025-11-12;0;9.2
25;2025-11-12;1;0.6
25;2025-11-12;2;0.1
25;2025-11-12;3;0.2
25;2025-11-12;4;1.7
25;2025-11-12;5;37.1
25;2025-11-12;6;228.7
25;2025-11-12;7;543.4
25;2025-11-12;8;835.7
25;2025-11-12;9;534.9
25;2025-11-12;10;421.7
25;2025-11-12;11;447.8
25;2025-11-12;12;457.2
25;2025-11-12;13;504.2
25;2025-11-12;14;399.2
25;2025-11-12;15;516.8
25;2025-11-12;16;608.6
25;2025-11-12;17;759.4
25;2025-11-12;18;829.1
25;2025-11-12;19;578.6
25;2025-11-12;20;368.9
25;2025-11-12;21;257.1
25;2025-11-12;22;126.7
25;2025-11-12;23;37.8
25;2025-11-13;0;10.2
25;2025-11-13;1;0.7
25;2025-11-13;2;0.0
25;2025-11-13;3;0.1
25;2025-11-13;4;2.0
25;2025-11-13;5;38.4
25;2025-11-13;6;228.2
25;2025-11-13;7;552.9
25;2025-11-13;8;812.6
25;2025-11-13;9;543.2
25;2025-11-13;10;437.3
25;2025-11-13;11;436.9
25;2025-11-13;12;440.4
25;2025-11-13;13;482.5
25;2025-11-13;14;476.8
25;2025-11-13;15;536.5
25;2025-11-13;16;621.3
25;2025-11-13;17;719.3
25;2025-11-13;18;782.8
25;2025-11-13;19;585.7
25;2025-11-13;20;349.5
25;2025-11-13;21;231.8
25;2025-11-13;22;122.2
25;2025-11-13;23;40.0
25;2025-11-14;0;9.4
25;2025-11-14;1;0.7
25;2025-11-14;2;0.0
25;2025-11-14;3;0.2
25;2025-11-14;4;1.1
25;2025-11-14;5;33.7
25;2025-11-14;6;215.5
25;2025-11-14;7;543.2
25;2025-11-14;8;806.8
25;2025-11-14;9;516.0
25;2025-11-14;10;404.9
25;2025-11-14;11;430.4
25;2025-11-14;12;433.0
25;2025-11-14;13;479.2
25;2025-11-14;14;461.0
25;2025-11-14;15;522.8
25;2025-11-14;16;647.8
25;2025-11-14;17;691.6
25;2025-11-14;18;676.8
25;2025-11-14;19;517.8
25;2025-11-14;20;346.7
25;2025-11-14;21;216.7
25;2025-11-14;22;126.6
25;2025-11-14;23;46.6
25;2025-11-15;0;19.5
25;2025-11-15;1;5.5
25;2025-11-15;2;3.0
25;2025-11-15;3;1.1
25;2025-11-15;4;0.9
25;2025-11-15;5;22.0
25;2025-11-15;6;92.2
25;2025-11-15;7;163.9
25;2025-11-15;8;260.2
25;2025-11-15;9;290.4
25;2025-11-15;10;314.5
25;2025-11-15;11;376.9
25;2025-11-15;12;415.8
25;2025-11-15;13;469.1
25;2025-11-15;14;480.2
25;2025-11-15;15;510.8
25;2025-11-15;16;495.3
25;2025-11-15;17;468.4
25;2025-11-15;18;444.3
25;2025-11-15;19;386.8
25;2025-11-15;20;290.9
25;2025-11-15;21;227.2
25;2025-11-15;22;145.1
25;2025-11-15;23;80.0
25;2025-11-16;0;21.7
25;2025-11-16;1;3.7
25;2025-11-16;2;1.8
25;2025-11-16;3;0.0
25;2025-11-16;4;0.3
25;2025-11-16;5;14.1
25;2025-11-16;6;65.4
25;2025-11-16;7;118.9
25;2025-11-16;8;191.2
25;2025-11-16;9;237.0
25;2025-11-16;10;268.0
25;2025-11-16;11;331.7
25;2025-11-16;12;382.8
25;2025-11-16;13;429.6
25;2025-11-16;14;445.0
25;2025-11-16;15;478.9
25;2025-11-16;16;458.2
25;2025-11-16;17;439.1
25;2025-11-16;18;407.9
25;2025-11-16;19;336.9
25;2025-11-16;20;257.1
25;2025-11-16;21;202.0
25;2025-11-16;22;124.7
25;2025-11-16;23;63.2
25;2025-11-17;0;10.3
25;2025-11-17;1;0.1
25;2025-11-17;2;0.1
25;2025-11-17;3;0.0
25;2025-11-17;4;1.5
25;2025-11-17;5;35.1
25;2025-11-17;6;225.0
25;2025-11-17;7;541.1
25;2025-11-17;8;818.0
25;2025-11-17;9;536.1
25;2025-11-17;10;405.7
25;2025-11-17;11;404.5
25;2025-11-17;12;442.6
25;2025-11-17;13;490.2
25;2025-11-17;14;455.3
25;2025-11-17;15;500.9
25;2025-11-17;16;594.0
25;2025-11-17;17;697.5
25;2025-11-17;18;736.5
25;2025-11-17;19;553.9
25;2025-11-17;20;362.1
25;2025-11-17;21;225.1
25;2025-11-17;22;109.2
25;2025-11-17;23;29.5
25;2025-11-18;0;8.6
25;2025-11-18;1;0.1
25;2025-11-18;2;0.2
25;2025-11-18;3;0.2
25;2025-11-18;4;2.3
25;2025-11-18;5;36.9
25;2025-11-18;6;228.8
25;2025-11-18;7;563.2
25;2025-11-18;8;856.8
25;2025-11-18;9;532.4
25;2025-11-18;10;418.1
25;2025-11-18;11;445.4
25;2025-11-18;12;433.9
25;2025-11-18;13;466.0
25;2025-11-18;14;463.7
25;2025-11-18;15;521.9
25;2025-11-18;16;618.0
25;2025-11-18;17;699.6
25;2025-11-18;18;753.8
25;2025-11-18;19;554.2
25;2025-11-18;20;353.4
25;2025-11-18;21;227.5
25;2025-11-18;22;113.9
25;2025-11-18;23;32.5
25;2025-11-19;0;9.2
25;2025-11-19;1;0.6
25;2025-11-19;2;0.1
25;2025-11-19;3;0.2
25;2025-11-19;4;1.7
25;2025-11-19;5;37.1
25;2025-11-19;6;228.7
25;2025-11-19;7;543.4
25;2025-11-19;8;835.7
25;2025-11-19;9;534.9
25;2025-11-19;10;421.7
25;2025-11-19;11;447.8
25;2025-11-19;12;457.2
25;2025-11-19;13;504.2
25;2025-11-19;14;399.2
25;2025-11-19;15;516.8
25;2025-11-19;16;608.6
25;2025-11-19;17;759.4
25;2025-11-19;18;829.1
25;2025-11-19;19;578.6
25;2025-11-19;20;368.9
25;2025-11-19;21;257.1
25;2025-11-19;22;126.7
25;2025-11-19;23;37.8
25;2025-11-20;0;10.2
25;2025-11-20;1;0.7
25;2025-11-20;2;0.0
25;2025-11-20;3;0.1
25;2025-11-20;4;2.0
25;2025-11-20;5;38.4
25;2025-11-20;6;228.2
25;2025-11-20;7;552.9
25;2025-11-20;8;812.6
25;2025-11-20;9;543.2
25;2025-11-20;10;437.3
25;2025-11-20;11;436.9
25;2025-11-20;12;440.4
25;2025-11-20;13;482.5
25;2025-11-20;14;476.8
25;2025-11-20;15;536.5
25;2025-11-20;16;621.3
25;2025-11-20;17;719.3
25;2025-11-20;18;782.8
25;2025-11-20;19;585.7
25;2025-11-20;20;349.5
25;2025-11-20;21;231.8
25;2025-11-20;22;122.2
25;2025-11-20;23;40.0
25;2025-11-21;0;9.4
25;2025-11-21;1;0.7
25;2025-11-21;2;0.0
25;2025-11-21;3;0.2
25;2025-11-21;4;1.1
25;2025-11-21;5;33.7
25;2025-11-21;6;215.5
25;2025-11-21;7;543.2
25;2025-11-21;8;806.8
25;2025-11-21;9;516.0
25;2025-11-21;10;404.9
25;2025-11-21;11;430.4
25;2025-11-21;12;433.0
25;2025-11-21;13;479.2
25;2025-11-21;14;461.0
25;2025-11-21;15;522.8
25;2025-11-21;16;647.8
25;2025-11-21;17;691.6
25;2025-11-21;18;676.8
25;2025-11-21;19;517.8
25;2025-11-21;20;346.7
25;2025-11-21;21;216.7
25;2025-11-21;22;126.6
25;2025-11-21;23;46.6
25;2025-11-22;0;19.5
25;2025-11-22;1;5.5
25;2025-11-22;2;3.0
25;2025-11-22;3;1.1
25;2025-11-22;4;0.9
25;2025-11-22;5;22.0
25;2025-11-22;6;92.2
25;2025-11-22;7;163.9
25;2025-11-22;8;260.2
25;2025-11-22;9;290.4
25;2025-11-22;10;314.5
25;2025-11-22;11;376.9
25;2025-11-22;12;415.8
25;2025-11-22;13;469.1
25;2025-11-22;14;480.2
25;2025-11-22;15;510.8
25;2025-11-22;16;495.3
25;2025-11-22;17;468.4
25;2025-11-22;18;444.3
25;2025-11-22;19;386.8
25;2025-11-22;20;290.9
25;2025-11-22;21;227.2
25;2025-11-22;22;145.1
25;2025-11-22;23;80.0
25;2025-11-23;0;21.7
25;2025-11-23;1;3.7
25;2025-11-23;2;1.8
25;2025-11-23;3;0.0
25;2025-11-23;4;0.3
25;2025-11-23;5;14.1
25;2025-11-23;6;65.4
25;2025-11-23;7;118.9
25;2025-11-23;8;191.2
25;2025-11-23;9;237.0
25;2025-11-23;10;268.0
25;2025-11-23;11;331.7
25;2025-11-23;12;382.8
25;2025-11-23;13;429.6
25;2025-11-23;14;445.0
25;2025-11-23;15;478.9
25;2025-11-23;16;458.2
25;2025-11-23;17;439.1
25;2025-11-23;18;407.9
25;2025-11-23;19;336.9
25;2025-11-23;20;257.1
25;2025-11-23;21;202.0
25;2025-11-23;22;124.7
25;2025-11-23;23;63.2
25;2025-11-24;0;10.3
25;2025-11-24;1;0.1
25;2025-11-24;2;0.1
25;2025-11-24;3;0.0
25;2025-11-24;4;1.5
25;2025-11-24;5;35.1
25;2025-11-24;6;225.0
25;2025-11-24;7;541.1
25;2025-11-24;8;818.0
25;2025-11-24;9;536.1
25;2025-11-24;10;405.7
25;2025-11-24;11;404.5
25;2025-11-24;12;442.6
25;2025-11-24;13;490.2
25;2025-11-24;14;455.3
25;2025-11-24;15;500.9
25;2025-11-24;16;594.0
25;2025-11-24;17;697.5
25;2025-11-24;18;736.5
25;2025-11-24;19;553.9
25;2025-11-24;20;362.1
25;2025-11-24;21;225.1
25;2025-11-24;22;109.2
25;2025-11-24;23;29.5
25;2025-11-25;0;8.6
25;2025-11-25;1;0.1
25;2025-11-25;2;0.2
25;2025-11-25;3;0.2
25;2025-11-25;4;2.3
25;2025-11-25;5;36.9
25;2025-11-25;6;228.8
25;2025-11-25;7;563.2
25;2025-11-25;8;856.8
25;2025-11-25;9;532.4
25;2025-11-25;10;418.1
25;2025-11-25;11;445.4
25;2025-11-25;12;433.9
25;2025-11-25;13;466.0
25;2025-11-25;14;463.7
25;2025-11-25;15;521.9
25;2025-11-25;16;618.0
25;2025-11-25;17;699.6
25;2025-11-25;18;753.8
25;2025-11-25;19;554.2
25;2025-11-25;20;353.4
25;2025-11-25;21;227.5
25;2025-11-25;22;113.9
25;2025-11-25;23;32.5
25;2025-11-26;0;9.2
25;2025-11-26;1;0.6
25;2025-11-26;2;0.1
25;2025-11-26;3;0.2
25;2025-11-26;4;1.7
25;2025-11-26;5;37.1
25;2025-11-26;6;228.7
25;2025-11-26;7;543.4
25;2025-11-26;8;835.7
25;2025-11-26;9;534.9
25;2025-11-26;10;421.7
25;2025-11-26;11;447.8
25;2025-11-26;12;457.2
25;2025-11-26;13;504.2
25;2025-11-26;14;399.2
25;2025-11-26;15;516.8
25;2025-11-26;16;608.6
25;2025-11-26;17;759.4
25;2025-11-26;18;829.1
25;2025-11-26;19;578.6
25;2025-11-26;20;368.9
25;2025-11-26;21;257.1
25;2025-11-26;22;126.7
25;2025-11-26;23;37.8
25;2025-11-27;0;10.2
25;2025-11-27;1;0.7
25;2025-11-27;2;0.0
25;2025-11-27;3;0.1
25;2025-11-27;4;2.0
25;2025-11-27;5;38.4
25;2025-11-27;6;228.2
25;2025-11-27;7;552.9
25;2025-11-27;8;812.6
25;2025-11-27;9;543.2
25;2025-11-27;10;437.3
25;2025-11-27;11;436.9
25;2025-11-27;12;440.4
25;2025-11-27;13;482.5
25;2025-11-27;14;476.8
25;2025-11-27;15;536.5
25;2025-11-27;16;621.3
25;2025-11-27;17;719.3
25;2025-11-27;18;782.8
25;2025-11-27;19;585.7
25;2025-11-27;20;349.5
25;2025-11-27;21;231.8
25;2025-11-27;22;122.2
25;2025-11-27;23;40.0
25;2025-11-28;0;9.4
25;2025-11-28;1;0.7
25;2025-11-28;2;0.0
25;2025-11-28;3;0.2
25;2025-11-28;4;1.1
25;2025-11-28;5;33.7
25;2025-11-28;6;215.5
25;2025-11-28;7;543.2
25;2025-11-28;8;806.8
25;2025-11-28;9;516.0
25;2025-11-28;10;404.9
25;2025-11-28;11;430.4
25;2025-11-28;12;433.0
25;2025-11-28;13;479.2
25;2025-11-28;14;461.0
25;2025-11-28;15;522.8
25;2025-11-28;16;647.8
25;2025-11-28;17;691.6
25;2025-11-28;18;676.8
25;2025-11-28;19;517.8
25;2025-11-28;20;346.7
25;2025-11-28;21;216.7
25;2025-11-28;22;126.6
25;2025-11-28;23;46.6
25;2025-11-29;0;19.5
25;2025-11-29;1;5.5
25;2025-11-29;2;3.0
25;2025-11-29;3;1.1
25;2025-11-29;4;0.9
25;2025-11-29;5;22.0
25;2025-11-29;6;92.2
25;2025-11-29;7;163.9
25;2025-11-29;8;260.2
25;2025-11-29;9;290.4
25;2025-11-29;10;314.5
25;2025-11-29;11;376.9
25;2025-11-29;12;415.8
25;2025-11-29;13;469.1
25;2025-11-29;14;480.2
25;2025-11-29;15;510.8
25;2025-11-29;16;495.3
25;2025-11-29;17;468.4
25;2025-11-29;18;444.3
25;2025-11-29;19;386.8
25;2025-11-29;20;290.9
25;2025-11-29;21;227.2
25;2025-11-29;22;145.1
25;2025-11-29;23;80.0
25;2025-11-30;0;21.7
25;2025-11-30;1;3.7
25;2025-11-30;2;1.8
25;2025-11-30;3;0.0
25;2025-11-30;4;0.3
25;2025-11-30;5;14.1
25;2025-11-30;6;65.4
25;2025-11-30;7;118.9
25;2025-11-30;8;191.2
25;2025-11-30;9;237.0
25;2025-11-30;10;268.0
25;2025-11-30;11;331.7
25;2025-11-30;12;382.8
25;2025-11-30;13;429.6
25;2025-11-30;14;445.0
25;2025-11-30;15;478.9
25;2025-11-30;16;458.2
25;2025-11-30;17;439.1
25;2025-11-30;18;407.9
25;2025-11-30;19;336.9
25;2025-11-30;20;257.1
25;2025-11-30;21;202.0
25;2025-11-30;22;124.7
25;2025-11-30;23;63.2
25;2025-12-01;0;11.0
25;2025-12-01;1;0.1
25;2025-12-01;2;0.1
25;2025-12-01;3;0.0
25;2025-12-01;4;1.6
25;2025-12-01;5;37.5
25;2025-12-01;6;240.4
25;2025-12-01;7;578.1
25;2025-12-01;8;873.8
25;2025-12-01;9;572.7
25;2025-12-01;10;433.4
25;2025-12-01;11;432.1
25;2025-12-01;12;472.8
25;2025-12-01;13;523.6
25;2025-12-01;14;486.4
25;2025-12-01;15;535.1
25;2025-12-01;16;634.5
25;2025-12-01;17;745.1
25;2025-12-01;18;786.8
25;2025-12-01;19;591.7
25;2025-12-01;20;386.8
25;2025-12-01;21;240.5
25;2025-12-01;22;116.7
25;2025-12-01;23;31.5
25;2025-12-02;0;9.2
25;2025-12-02;1;0.2
25;2025-12-02;2;0.2
25;2025-12-02;3;0.2
25;2025-12-02;4;2.5
25;2025-12-02;5;39.4
25;2025-12-02;6;244.4
25;2025-12-02;7;601.6
25;2025-12-02;8;915.3
25;2025-12-02;9;568.8
25;2025-12-02;10;446.6
25;2025-12-02;11;475.8
25;2025-12-02;12;463.5
25;2025-12-02;13;497.8
25;2025-12-02;14;495.4
25;2025-12-02;15;557.5
25;2025-12-02;16;660.1
25;2025-12-02;17;747.4
25;2025-12-02;18;805.3
25;2025-12-02;19;592.0
25;2025-12-02;20;377.5
25;2025-12-02;21;243.0
25;2025-12-02;22;121.7
25;2025-12-02;23;34.7
25;2025-12-03;0;9.8
25;2025-12-03;1;0.6
25;2025-12-03;2;0.1
25;2025-12-03;3;0.3
25;2025-12-03;4;1.8
25;2025-12-03;5;39.6
25;2025-12-03;6;244.3
25;2025-12-03;7;580.5
25;2025-12-03;8;892.7
25;2025-12-03;9;571.4
25;2025-12-03;10;450.5
25;2025-12-03;11;478.4
25;2025-12-03;12;488.4
25;2025-12-03;13;538.6
25;2025-12-03;14;426.4
25;2025-12-03;15;552.0
25;2025-12-03;16;650.1
25;2025-12-03;17;811.2
25;2025-12-03;18;885.7
25;2025-12-03;19;618.0
25;2025-12-03;20;394.0
25;2025-12-03;21;274.7
25;2025-12-03;22;135.4
25;2025-12-03;23;40.4
25;2025-12-04;0;10.9
25;2025-12-04;1;0.8
25;2025-12-04;2;0.0
25;2025-12-04;3;0.1
25;2025-12-04;4;2.2
25;2025-12-04;5;41.0
25;2025-12-04;6;243.8
25;2025-12-04;7;590.6
25;2025-12-04;8;868.1
25;2025-12-04;9;580.3
25;2025-12-04;10;467.1
25;2025-12-04;11;466.7
25;2025-12-04;12;470.5
25;2025-12-04;13;515.4
25;2025-12-04;14;509.4
25;2025-12-04;15;573.1
25;2025-12-04;16;663.7
25;2025-12-04;17;768.3
25;2025-12-04;18;836.2
25;2025-12-04;19;625.7
25;2025-12-04;20;373.4
25;2025-12-04;21;247.7
25;2025-12-04;22;130.5
25;2025-12-04;23;42.7
25;2025-12-05;0;10.0
25;2025-12-05;1;0.8
25;2025-12-05;2;0.0
25;2025-12-05;3;0.2
25;2025-12-05;4;1.2
25;2025-12-05;5;36.0
25;2025-12-05;6;230.2
25;2025-12-05;7;580.3
25;2025-12-05;8;861.8
25;2025-12-05;9;551.2
25;2025-12-05;10;432.5
25;2025-12-05;11;459.7
25;2025-12-05;12;462.6
25;2025-12-05;13;511.9
25;2025-12-05;14;492.5
25;2025-12-05;15;558.5
25;2025-12-05;16;692.0
25;2025-12-05;17;738.8
25;2025-12-05;18;723.0
25;2025-12-05;19;553.1
25;2025-12-05;20;370.4
25;2025-12-05;21;231.5
25;2025-12-05;22;135.3
25;2025-12-05;23;49.8
25;2025-12-06;0;20.8
25;2025-12-06;1;5.9
25;2025-12-06;2;3.2
25;2025-12-06;3;1.2
25;2025-12-06;4;1.0
25;2025-12-06;5;23.5
25;2025-12-06;6;98.5
25;2025-12-06;7;175.1
25;2025-12-06;8;278.0
25;2025-12-06;9;310.2
25;2025-12-06;10;336.0
25;2025-12-06;11;402.6
25;2025-12-06;12;444.2
25;2025-12-06;13;501.1
25;2025-12-06;14;513.0
25;2025-12-06;15;545.7
25;2025-12-06;16;529.2
25;2025-12-06;17;500.4
25;2025-12-06;18;474.6
25;2025-12-06;19;413.2
25;2025-12-06;20;310.8
25;2025-12-06;21;242.7
25;2025-12-06;22;155.0
25;2025-12-06;23;85.4
25;2025-12-07;0;23.1
25;2025-12-07;1;3.9
25;2025-12-07;2;2.0
25;2025-12-07;3;0.0
25;2025-12-07;4;0.3
25;2025-12-07;5;15.0
25;2025-12-07;6;69.9
25;2025-12-07;7;127.0
25;2025-12-07;8;204.2
25;2025-12-07;9;253.2
25;2025-12-07;10;286.3
25;2025-12-07;11;354.3
25;2025-12-07;12;408.9
25;2025-12-07;13;458.9
25;2025-12-07;14;475.4
25;2025-12-07;15;511.6
25;2025-12-07;16;489.5
25;2025-12-07;17;469.0
25;2025-12-07;18;435.7
25;2025-12-07;19;359.8
25;2025-12-07;20;274.6
25;2025-12-07;21;215.8
25;2025-12-07;22;133.2
25;2025-12-07;23;67.5
25;2025-12-08;0;11.0
25;2025-12-08;1;0.1
25;2025-12-08;2;0.1
25;2025-12-08;3;0.0
25;2025-12-08;4;1.6
25;2025-12-08;5;37.5
25;2025-12-08;6;240.4
25;2025-12-08;7;578.1
25;2025-12-08;8;873.8
25;2025-12-08;9;572.7
25;2025-12-08;10;433.4
25;2025-12-08;11;432.1
25;2025-12-08;12;472.8
25;2025-12-08;13;523.6
25;2025-12-08;14;486.4
25;2025-12-08;15;535.1
25;2025-12-08;16;634.5
25;2025-12-08;17;745.1
25;2025-12-08;18;786.8
25;2025-12-08;19;591.7
25;2025-12-08;20;386.8
25;2025-12-08;21;240.5
25;2025-12-08;22;116.7
25;2025-12-08;23;31.5
25;2025-12-09;0;9.2
25;2025-12-09;1;0.2
25;2025-12-09;2;0.2
25;2025-12-09;3;0.2
25;2025-12-09;4;2.5
25;2025-12-09;5;39.4
25;2025-12-09;6;244.4
25;2025-12-09;7;601.6
25;2025-12-09;8;915.3
25;2025-12-09;9;568.8
25;2025-12-09;10;446.6
25;2025-12-09;11;475.8
25;2025-12-09;12;463.5
25;2025-12-09;13;497.8
25;2025-12-09;14;495.4
25;2025-12-09;15;557.5
25;2025-12-09;16;660.1
25;2025-12-09;17;747.4
25;2025-12-09;18;805.3
25;2025-12-09;19;592.0
25;2025-12-09;20;377.5
25;2025-12-09;21;243.0
25;2025-12-09;22;121.7
25;2025-12-09;23;34.7
25;2025-12-10;0;9.8
25;2025-12-10;1;0.6
25;2025-12-10;2;0.1
25;2025-12-10;3;0.3
25;2025-12-10;4;1.8
25;2025-12-10;5;39.6
25;2025-12-10;6;244.3
25;2025-12-10;7;580.5
25;2025-12-10;8;892.7
25;2025-12-10;9;571.4
25;2025-12-10;10;450.5
25;2025-12-10;11;478.4
25;2025-12-10;12;488.4
25;2025-12-10;13;538.6
25;2025-12-10;14;426.4
25;2025-12-10;15;552.0
25;2025-12-10;16;650.1
25;2025-12-10;17;811.2
25;2025-12-10;18;885.7
25;2025-12-10;19;618.0
25;2025-12-10;20;394.0
25;2025-12-10;21;274.7
25;2025-12-10;22;135.4
25;2025-12-10;23;40.4
25;2025-12-11;0;10.9
25;2025-12-11;1;0.8
25;2025-12-11;2;0.0
25;2025-12-11;3;0.1
25;2025-12-11;4;2.2
25;2025-12-11;5;41.0
25;2025-12-11;6;243.8
25;2025-12-11;7;590.6
25;2025-12-11;8;868.1
25;2025-12-11;9;580.3
25;2025-12-11;10;467.1
25;2025-12-11;11;466.7
25;2025-12-11;12;470.5
25;2025-12-11;13;515.4
25;2025-12-11;14;509.4
25;2025-12-11;15;573.1
25;2025-12-11;16;663.7
25;2025-12-11;17;768.3
25;2025-12-11;18;836.2
25;2025-12-11;19;625.7
25;2025-12-11;20;373.4
25;2025-12-11;21;247.7
25;2025-12-11;22;130.5
25;2025-12-11;23;42.7
25;2025-12-12;0;10.0
25;2025-12-12;1;0.8
25;2025-12-12;2;0.0
25;2025-12-12;3;0.2
25;2025-12-12;4;1.2
25;2025-12-12;5;36.0
25;2025-12-12;6;230.2
25;2025-12-12;7;580.3
25;2025-12-12;8;861.8
25;2025-12-12;9;551.2
25;2025-12-12;10;432.5
25;2025-12-12;11;459.7
25;2025-12-12;12;462.6
25;2025-12-12;13;511.9
25;2025-12-12;14;492.5
25;2025-12-12;15;558.5
25;2025-12-12;16;692.0
25;2025-12-12;17;738.8
25;2025-12-12;18;723.0
25;2025-12-12;19;553.1
25;2025-12-12;20;370.4
25;2025-12-12;21;231.5
25;2025-12-12;22;135.3
25;2025-12-12;23;49.8
25;2025-12-13;0;20.8
25;2025-12-13;1;5.9
25;2025-12-13;2;3.2
25;2025-12-13;3;1.2
25;2025-12-13;4;1.0
25;2025-12-13;5;23.5
25;2025-12-13;6;98.5
25;2025-12-13;7;175.1
25;2025-12-13;8;278.0
25;2025-12-13;9;310.2
25;2025-12-13;10;336.0
25;2025-12-13;11;402.6
25;2025-12-13;12;444.2
25;2025-12-13;13;501.1
25;2025-12-13;14;513.0
25;2025-12-13;15;545.7
25;2025-12-13;16;529.2
25;2025-12-13;17;500.4
25;2025-12-13;18;474.6
25;2025-12-13;19;413.2
25;2025-12-13;20;310.8
25;2025-12-13;21;242.7
25;2025-12-13;22;155.0
25;2025-12-13;23;85.4
25;2025-12-14;0;23.1
25;2025-12-14;1;3.9
25;2025-12-14;2;2.0
25;2025-12-14;3;0.0
25;2025-12-14;4;0.3
25;2025-12-14;5;15.0
25;2025-12-14;6;69.9
25;2025-12-14;7;127.0
25;2025-12-14;8;204.2
25;2025-12-14;9;253.2
25;2025-12-14;10;286.3
25;2025-12-14;11;354.3
25;2025-12-14;12;408.9
25;2025-12-14;13;458.9
25;2025-12-14;14;475.4
25;2025-12-14;15;511.6
25;2025-12-14;16;489.5
25;2025-12-14;17;469.0
25;2025-12-14;18;435.7
25;2025-12-14;19;359.8
25;2025-12-14;20;274.6
25;2025-12-14;21;215.8
25;2025-12-14;22;133.2
25;2025-12-14;23;67.5
25;2025-12-15;0;11.0
25;2025-12-15;1;0.1
25;2025-12-15;2;0.1
25;2025-12-15;3;0.0
25;2025-12-15;4;1.6
25;2025-12-15;5;37.5
25;2025-12-15;6;240.4
25;2025-12-15;7;578.1
25;2025-12-15;8;873.8
25;2025-12-15;9;572.7
25;2025-12-15;10;433.4
25;2025-12-15;11;432.1
25;2025-12-15;12;472.8
25;2025-12-15;13;523.6
25;2025-12-15;14;486.4
25;2025-12-15;15;535.1
25;2025-12-15;16;634.5
25;2025-12-15;17;745.1
25;2025-12-15;18;786.8
25;2025-12-15;19;591.7
25;2025-12-15;20;386.8
25;2025-12-15;21;240.5
25;2025-12-15;22;116.7
25;2025-12-15;23;31.5
25;2025-12-16;0;9.2
25;2025-12-16;1;0.2
25;2025-12-16;2;0.2
25;2025-12-16;3;0.2
25;2025-12-16;4;2.5
25;2025-12-16;5;39.4
25;2025-12-16;6;244.4
25;2025-12-16;7;601.6
25;2025-12-16;8;915.3
25;2025-12-16;9;568.8
25;2025-12-16;10;446.6
25;2025-12-16;11;475.8
25;2025-12-16;12;463.5
25;2025-12-16;13;497.8
25;2025-12-16;14;495.4
25;2025-12-16;15;557.5
25;2025-12-16;16;660.1
25;2025-12-16;17;747.4
25;2025-12-16;18;805.3
25;2025-12-16;19;592.0
25;2025-12-16;20;377.5
25;2025-12-16;21;243.0
25;2025-12-16;22;121.7
25;2025-12-16;23;34.7
25;2025-12-17;0;9.8
25;2025-12-17;1;0.6
25;2025-12-17;2;0.1
25;2025-12-17;3;0.3
25;2025-12-17;4;1.8
25;2025-12-17;5;39.6
25;2025-12-17;6;244.3
25;2025-12-17;7;580.5
25;2025-12-17;8;892.7
25;2025-12-17;9;571.4
25;2025-12-17;10;450.5
25;2025-12-17;11;478.4
25;2025-12-17;12;488.4
25;2025-12-17;13;538.6
25;2025-12-17;14;426.4
25;2025-12-17;15;552.0
25;2025-12-17;16;650.1
25;2025-12-17;17;811.2
25;2025-12-17;18;885.7
25;2025-12-17;19;618.0
25;2025-12-17;20;394.0
25;2025-12-17;21;274.7
25;2025-12-17;22;135.4
25;2025-12-17;23;40.4
25;2025-12-18;0;10.9
25;2025-12-18;1;0.8
25;2025-12-18;2;0.0
25;2025-12-18;3;0.1
25;2025-12-18;4;2.2
25;2025-12-18;5;41.0
25;2025-12-18;6;243.8
25;2025-12-18;7;590.6
25;2025-12-18;8;868.1
25;2025-12-18;9;580.3
25;2025-12-18;10;467.1
25;2025-12-18;11;466.7
25;2025-12-18;12;470.5
25;2025-12-18;13;515.4
25;2025-12-18;14;509.4
25;2025-12-18;15;573.1
25;2025-12-18;16;663.7
25;2025-12-18;17;768.3
25;2025-12-18;18;836.2
25;2025-12-18;19;625.7
25;2025-12-18;20;373.4
25;2025-12-18;21;247.7
25;2025-12-18;22;130.5
25;2025-12-18;23;42.7
25;2025-12-19;0;10.0
25;2025-12-19;1;0.8
25;2025-12-19;2;0.0
25;2025-12-19;3;0.2
25;2025-12-19;4;1.2
25;2025-12-19;5;36.0
25;2025-12-19;6;230.2
25;2025-12-19;7;580.3
25;2025-12-19;8;861.8
25;2025-12-19;9;551.2
25;2025-12-19;10;432.5
25;2025-12-19;11;459.7
25;2025-12-19;12;462.6
25;2025-12-19;13;511.9
25;2025-12-19;14;492.5
25;2025-12-19;15;558.5
25;2025-12-19;16;692.0
25;2025-12-19;17;738.8
25;2025-12-19;18;723.0
25;2025-12-19;19;553.1
25;2025-12-19;20;370.4
25;2025-12-19;21;231.5
25;2025-12-19;22;135.3
25;2025-12-19;23;49.8
25;2025-12-20;0;20.8
25;2025-12-20;1;5.9
25;2025-12-20;2;3.2
25;2025-12-20;3;1.2
25;2025-12-20;4;1.0
25;2025-12-20;5;23.5
25;2025-12-20;6;98.5
25;2025-12-20;7;175.1
25;2025-12-20;8;278.0
25;2025-12-20;9;310.2
25;2025-12-20;10;336.0
25;2025-12-20;11;402.6
25;2025-12-20;12;444.2
25;2025-12-20;13;501.1
25;2025-12-20;14;513.0
25;2025-12-20;15;545.7
25;2025-12-20;16;529.2
25;2025-12-20;17;500.4
25;2025-12-20;18;474.6
25;2025-12-20;19;413.2
25;2025-12-20;20;310.8
25;2025-12-20;21;242.7
25;2025-12-20;22;155.0
25;2025-12-20;23;85.4
25;2025-12-21;0;23.1
25;2025-12-21;1;3.9
25;2025-12-21;2;2.0
25;2025-12-21;3;0.0
25;2025-12-21;4;0.3
25;2025-12-21;5;15.0
25;2025-12-21;6;69.9
25;2025-12-21;7;127.0
25;2025-12-21;8;204.2
25;2025-12-21;9;253.2
25;2025-12-21;10;286.3
25;2025-12-21;11;354.3
25;2025-12-21;12;408.9
25;2025-12-21;13;458.9
25;2025-12-21;14;475.4
25;2025-12-21;15;511.6
25;2025-12-21;16;489.5
25;2025-12-21;17;469.0
25;2025-12-21;18;435.7
25;2025-12-21;19;359.8
25;2025-12-21;20;274.6
25;2025-12-21;21;215.8
25;2025-12-21;22;133.2
25;2025-12-21;23;67.5
25;2025-12-22;0;11.0
25;2025-12-22;1;0.1
25;2025-12-22;2;0.1
25;2025-12-22;3;0.0
25;2025-12-22;4;1.6
25;2025-12-22;5;37.5
25;2025-12-22;6;240.4
25;2025-12-22;7;578.1
25;2025-12-22;8;873.8
25;2025-12-22;9;572.7
25;2025-12-22;10;433.4
25;2025-12-22;11;432.1
25;2025-12-22;12;472.8
25;2025-12-22;13;523.6
25;2025-12-22;14;486.4
25;2025-12-22;15;535.1
25;2025-12-22;16;634.5
25;2025-12-22;17;745.1
25;2025-12-22;18;786.8
25;2025-12-22;19;591.7
25;2025-12-22;20;386.8
25;2025-12-22;21;240.5
25;2025-12-22;22;116.7
25;2025-12-22;23;31.5
25;2025-12-23;0;9.2
25;2025-12-23;1;0.2
25;2025-12-23;2;0.2
25;2025-12-23;3;0.2
25;2025-12-23;4;2.5
25;2025-12-23;5;39.4
25;2025-12-23;6;244.4
25;2025-12-23;7;601.6
25;2025-12-23;8;915.3
25;2025-12-23;9;568.8
25;2025-12-23;10;446.6
25;2025-12-23;11;475.8
25;2025-12-23;12;463.5
25;2025-12-23;13;497.8
25;2025-12-23;14;495.4
25;2025-12-23;15;557.5
25;2025-12-23;16;660.1
25;2025-12-23;17;747.4
25;2025-12-23;18;805.3
25;2025-12-23;19;592.0
25;2025-12-23;20;377.5
25;2025-12-23;21;243.0
25;2025-12-23;22;121.7
25;2025-12-23;23;34.7
25;2025-12-24;0;9.8
25;2025-12-24;1;0.6
25;2025-12-24;2;0.1
25;2025-12-24;3;0.3
25;2025-12-24;4;1.8
25;2025-12-24;5;39.6
25;2025-12-24;6;244.3
25;2025-12-24;7;580.5
25;2025-12-24;8;892.7
25;2025-12-24;9;571.4
25;2025-12-24;10;450.5
25;2025-12-24;11;478.4
25;2025-12-24;12;488.4
25;2025-12-24;13;538.6
25;2025-12-24;14;426.4
25;2025-12-24;15;552.0
25;2025-12-24;16;650.1
25;2025-12-24;17;811.2
25;2025-12-24;18;885.7
25;2025-12-24;19;618.0
25;2025-12-24;20;394.0
25;2025-12-24;21;274.7
25;2025-12-24;22;135.4
25;2025-12-24;23;40.4
25;2025-12-25;0;10.9
25;2025-12-25;1;0.8
25;2025-12-25;2;0.0
25;2025-12-25;3;0.1
25;2025-12-25;4;2.2
25;2025-12-25;5;41.0
25;2025-12-25;6;243.8
25;2025-12-25;7;590.6
25;2025-12-25;8;868.1
25;2025-12-25;9;580.3
25;2025-12-25;10;467.1
25;2025-12-25;11;466.7
25;2025-12-25;12;470.5
25;2025-12-25;13;515.4
25;2025-12-25;14;509.4
25;2025-12-25;15;573.1
25;2025-12-25;16;663.7
25;2025-12-25;17;768.3
25;2025-12-25;18;836.2
25;2025-12-25;19;625.7
25;2025-12-25;20;373.4
25;2025-12-25;21;247.7
25;2025-12-25;22;130.5
25;2025-12-25;23;42.7
25;2025-12-26;0;10.0
25;2025-12-26;1;0.8
25;2025-12-26;2;0.0
25;2025-12-26;3;0.2
25;2025-12-26;4;1.2
25;2025-12-26;5;36.0
25;2025-12-26;6;230.2
25;2025-12-26;7;580.3
25;2025-12-26;8;861.8
25;2025-12-26;9;551.2
25;2025-12-26;10;432.5
25;2025-12-26;11;459.7
25;2025-12-26;12;462.6
25;2025-12-26;13;511.9
25;2025-12-26;14;492.5
25;2025-12-26;15;558.5
25;2025-12-26;16;692.0
25;2025-12-26;17;738.8
25;2025-12-26;18;723.0
25;2025-12-26;19;553.1
25;2025-12-26;20;370.4
25;2025-12-26;21;231.5
25;2025-12-26;22;135.3
25;2025-12-26;23;49.8
25;2025-12-27;0;20.8
25;2025-12-27;1;5.9
25;2025-12-27;2;3.2
25;2025-12-27;3;1.2
25;2025-12-27;4;1.0
25;2025-12-27;5;23.5
25;2025-12-27;6;98.5
25;2025-12-27;7;175.1
25;2025-12-27;8;278.0
25;2025-12-27;9;310.2
25;2025-12-27;10;336.0
25;2025-12-27;11;402.6
25;2025-12-27;12;444.2
25;2025-12-27;13;501.1
25;2025-12-27;14;513.0
25;2025-12-27;15;545.7
25;2025-12-27;16;529.2
25;2025-12-27;17;500.4
25;2025-12-27;18;474.6
25;2025-12-27;19;413.2
25;2025-12-27;20;310.8
25;2025-12-27;21;242.7
25;2025-12-27;22;155.0
25;2025-12-27;23;85.4
25;2025-12-28;0;23.1
25;2025-12-28;1;3.9
25;2025-12-28;2;2.0
25;2025-12-28;3;0.0
25;2025-12-28;4;0.3
25;2025-12-28;5;15.0
25;2025-12-28;6;69.9
25;2025-12-28;7;127.0
25;2025-12-28;8;204.2
25;2025-12-28;9;253.2
25;2025-12-28;10;286.3
25;2025-12-28;11;354.3
25;2025-12-28;12;408.9
25;2025-12-28;13;458.9
25;2025-12-28;14;475.4
25;2025-12-28;15;511.6
25;2025-12-28;16;489.5
25;2025-12-28;17;469.0
25;2025-12-28;18;435.7
25;2025-12-28;19;359.8
25;2025-12-28;20;274.6
25;2025-12-28;21;215.8
25;2025-12-28;22;133.2
25;2025-12-28;23;67.5
25;2025-12-29;0;11.0
25;2025-12-29;1;0.1
25;2025-12-29;2;0.1
25;2025-12-29;3;0.0
25;2025-12-29;4;1.6
25;2025-12-29;5;37.5
25;2025-12-29;6;240.4
25;2025-12-29;7;578.1
25;2025-12-29;8;873.8
25;2025-12-29;9;572.7
25;2025-12-29;10;433.4
25;2025-12-29;11;432.1
25;2025-12-29;12;472.8
25;2025-12-29;13;523.6
25;2025-12-29;14;486.4
25;2025-12-29;15;535.1
25;2025-12-29;16;634.5
25;2025-12-29;17;745.1
25;2025-12-29;18;786.8
25;2025-12-29;19;591.7
25;2025-12-29;20;386.8
25;2025-12-29;21;240.5
25;2025-12-29;22;116.7
25;2025-12-29;23;31.5
25;2025-12-30;0;8.2
25;2025-12-30;1;0.5
25;2025-12-30;2;0.3
25;2025-12-30;3;0.7
25;2025-12-30;4;3.2
25;2025-12-30;5;40.1
25;2025-12-30;6;245.7
25;2025-12-30;7;598.2
25;2025-12-30;8;909.2
25;2025-12-30;9;570.9
25;2025-12-30;10;453.9
25;2025-12-30;11;491.5
25;2025-12-30;12;483.0
25;2025-12-30;13;524.7
25;2025-12-30;14;528.0
25;2025-12-30;15;594.9
25;2025-12-30;16;692.4
25;2025-12-30;17;743.1
25;2025-12-30;18;729.1
25;2025-12-30;19;564.5
25;2025-12-30;20;371.1
25;2025-12-30;21;245.6
25;2025-12-30;22;126.8
25;2025-12-30;23;41.7
25;2025-12-31;0;16.7
25;2025-12-31;1;0.1
25;2025-12-31;2;0.0
25;2025-12-31;3;0.4
25;2025-12-31;4;0.0
25;2025-12-31;5;6.5
25;2025-12-31;6;55.2
25;2025-12-31;7;104.7
25;2025-12-31;8;151.1
25;2025-12-31;9;169.4
25;2025-12-31;10;188.2
25;2025-12-31;11;246.6
25;2025-12-31;12;306.9
25;2025-12-31;13;350.1
25;2025-12-31;14;361.5
25;2025-12-31;15;372.6
25;2025-12-31;16;377.0
25;2025-12-31;17;371.5
25;2025-12-31;18;353.8
25;2025-12-31;19;313.0
25;2025-12-31;20;240.7
25;2025-12-31;21;179.6
25;2025-12-31;22;106.2
25;2025-12-31;23;50.4
26;2025-11-01;0;59.3
26;2025-11-01;1;24.4
26;2025-11-01;2;21.2
26;2025-11-01;3;20.8
26;2025-11-01;4;26.3
26;2025-11-01;5;109.6
26;2025-11-01;6;396.8
26;2025-11-01;7;805.6
26;2025-11-01;8;1322.5
26;2025-11-01;9;1044.9
26;2025-11-01;10;990.1
26;2025-11-01;11;1018.2
26;2025-11-01;12;1056.4
26;2025-11-01;13;1085.0
26;2025-11-01;14;1145.9
26;2025-11-01;15;1162.9
26;2025-11-01;16;1303.6
26;2025-11-01;17;1332.2
26;2025-11-01;18;1138.5
26;2025-11-01;19;950.5
26;2025-11-01;20;681.7
26;2025-11-01;21;480.9
26;2025-11-01;22;271.2
26;2025-11-01;23;172.3
26;2025-11-02;0;52.2
26;2025-11-02;1;12.0
26;2025-11-02;2;5.7
26;2025-11-02;3;2.0
26;2025-11-02;4;2.3
26;2025-11-02;5;39.6
26;2025-11-02;6;160.0
26;2025-11-02;7;273.5
26;2025-11-02;8;403.8
26;2025-11-02;9;530.8
26;2025-11-02;10;615.8
26;2025-11-02;11;746.3
26;2025-11-02;12;820.3
26;2025-11-02;13;862.9
26;2025-11-02;14;868.0
26;2025-11-02;15;817.2
26;2025-11-02;16;795.3
26;2025-11-02;17;791.6
26;2025-11-02;18;716.9
26;2025-11-02;19;613.4
26;2025-11-02;20;473.9
26;2025-11-02;21;352.6
26;2025-11-02;22;206.1
26;2025-11-02;23;111.9
26;2025-11-03;0;50.0
26;2025-11-03;1;13.2
26;2025-11-03;2;12.5
26;2025-11-03;3;9.0
26;2025-11-03;4;6.1
26;2025-11-03;5;59.5
26;2025-11-03;6;192.1
26;2025-11-03;7;336.0
26;2025-11-03;8;458.2
26;2025-11-03;9;545.7
26;2025-11-03;10;629.3
26;2025-11-03;11;757.7
26;2025-11-03;12;894.4
26;2025-11-03;13;965.0
26;2025-11-03;14;973.6
26;2025-11-03;15;967.3
26;2025-11-03;16;962.7
26;2025-11-03;17;929.5
26;2025-11-03;18;873.3
26;2025-11-03;19;767.4
26;2025-11-03;20;576.2
26;2025-11-03;21;440.8
26;2025-11-03;22;278.4
26;2025-11-03;23;163.3
26;2025-11-04;0;53.8
26;2025-11-04;1;15.1
26;2025-11-04;2;13.0
26;2025-11-04;3;11.0
26;2025-11-04;4;7.3
26;2025-11-04;5;47.1
26;2025-11-04;6;164.9
26;2025-11-04;7;289.7
26;2025-11-04;8;404.3
26;2025-11-04;9;469.3
26;2025-11-04;10;536.0
26;2025-11-04;11;653.6
26;2025-11-04;12;776.5
26;2025-11-04;13;846.3
26;2025-11-04;14;854.2
26;2025-11-04;15;845.3
26;2025-11-04;16;840.7
26;2025-11-04;17;819.1
26;2025-11-04;18;777.7
26;2025-11-04;19;699.7
26;2025-11-04;20;528.6
26;2025-11-04;21;403.0
26;2025-11-04;22;244.5
26;2025-11-04;23;128.1
26;2025-11-05;0;34.8
26;2025-11-05;1;5.9
26;2025-11-05;2;4.6
26;2025-11-05;3;5.3
26;2025-11-05;4;14.7
26;2025-11-05;5;122.9
26;2025-11-05;6;514.7
26;2025-11-05;7;1232.7
26;2025-11-05;8;2062.0
26;2025-11-05;9;1417.1
26;2025-11-05;10;1182.3
26;2025-11-05;11;1087.7
26;2025-11-05;12;1207.2
26;2025-11-05;13;1197.0
26;2025-11-05;14;1254.7
26;2025-11-05;15;1334.2
26;2025-11-05;16;1466.7
26;2025-11-05;17;1712.3
26;2025-11-05;18;1837.3
26;2025-11-05;19;1265.2
26;2025-11-05;20;813.4
26;2025-11-05;21;520.5
26;2025-11-05;22;239.4
26;2025-11-05;23;115.3
26;2025-11-06;0;38.9
26;2025-11-06;1;3.7
26;2025-11-06;2;0.7
26;2025-11-06;3;0.4
26;2025-11-06;4;7.5
26;2025-11-06;5;114.2
26;2025-11-06;6;507.4
26;2025-11-06;7;1208.9
26;2025-11-06;8;2041.4
26;2025-11-06;9;1462.3
26;2025-11-06;10;1193.9
26;2025-11-06;11;1138.5
26;2025-11-06;12;1182.9
26;2025-11-06;13;1202.3
26;2025-11-06;14;1279.0
26;2025-11-06;15;1308.1
26;2025-11-06;16;1475.4
26;2025-11-06;17;1716.5
26;2025-11-06;18;1872.3
26;2025-11-06;19;1291.7
26;2025-11-06;20;823.9
26;2025-11-06;21;526.1
26;2025-11-06;22;252.2
26;2025-11-06;23;139.4
26;2025-11-07;0;33.8
26;2025-11-07;1;2.6
26;2025-11-07;2;0.1
26;2025-11-07;3;0.4
26;2025-11-07;4;5.3
26;2025-11-07;5;101.6
26;2025-11-07;6;494.0
26;2025-11-07;7;1146.0
26;2025-11-07;8;1970.0
26;2025-11-07;9;1354.3
26;2025-11-07;10;1150.4
26;2025-11-07;11;1101.4
26;2025-11-07;12;1115.4
26;2025-11-07;13;1141.4
26;2025-11-07;14;1262.3
26;2025-11-07;15;1312.7
26;2025-11-07;16;1554.7
26;2025-11-07;17;1670.7
26;2025-11-07;18;1385.8
26;2025-11-07;19;1100.2
26;2025-11-07;20;732.0
26;2025-11-07;21;490.4
26;2025-11-07;22;246.7
26;2025-11-07;23;139.3
26;2025-11-08;0;55.6
26;2025-11-08;1;16.4
26;2025-11-08;2;10.1
26;2025-11-08;3;6.0
26;2025-11-08;4;5.3
26;2025-11-08;5;66.1
26;2025-11-08;6;234.3
26;2025-11-08;7;383.3
26;2025-11-08;8;579.7
26;2025-11-08;9;666.3
26;2025-11-08;10;768.8
26;2025-11-08;11;883.7
26;2025-11-08;12;952.9
26;2025-11-08;13;991.9
26;2025-11-08;14;988.1
26;2025-11-08;15;929.1
26;2025-11-08;16;931.7
26;2025-11-08;17;907.2
26;2025-11-08;18;844.9
26;2025-11-08;19;765.2
26;2025-11-08;20;585.6
26;2025-11-08;21;425.3
26;2025-11-08;22;251.0
26;2025-11-08;23;155.9
26;2025-11-09;0;52.2
26;2025-11-09;1;12.0
26;2025-11-09;2;5.7
26;2025-11-09;3;2.0
26;2025-11-09;4;2.3
26;2025-11-09;5;39.6
26;2025-11-09;6;160.0
26;2025-11-09;7;273.5
26;2025-11-09;8;403.8
26;2025-11-09;9;530.8
26;2025-11-09;10;615.8
26;2025-11-09;11;746.3
26;2025-11-09;12;820.3
26;2025-11-09;13;862.9
26;2025-11-09;14;868.0
26;2025-11-09;15;817.2
26;2025-11-09;16;795.3
26;2025-11-09;17;791.6
26;2025-11-09;18;716.9
26;2025-11-09;19;613.4
26;2025-11-09;20;473.9
26;2025-11-09;21;352.6
26;2025-11-09;22;206.1
26;2025-11-09;23;111.9
26;2025-11-10;0;27.6
26;2025-11-10;1;1.8
26;2025-11-10;2;0.2
26;2025-11-10;3;0.5
26;2025-11-10;4;4.9
26;2025-11-10;5;106.9
26;2025-11-10;6;494.0
26;2025-11-10;7;1188.8
26;2025-11-10;8;2001.9
26;2025-11-10;9;1398.7
26;2025-11-10;10;1166.7
26;2025-11-10;11;1071.9
26;2025-11-10;12;1098.6
26;2025-11-10;13;1130.0
26;2025-11-10;14;1161.2
26;2025-11-10;15;1238.0
26;2025-11-10;16;1397.5
26;2025-11-10;17;1663.8
26;2025-11-10;18;1818.7
26;2025-11-10;19;1261.8
26;2025-11-10;20;807.2
26;2025-11-10;21;481.1
26;2025-11-10;22;219.7
26;2025-11-10;23;96.1
26;2025-11-11;0;32.0
26;2025-11-11;1;2.2
26;2025-11-11;2;0.5
26;2025-11-11;3;1.3
26;2025-11-11;4;6.3
26;2025-11-11;5;107.6
26;2025-11-11;6;505.1
26;2025-11-11;7;1217.6
26;2025-11-11;8;2043.8
26;2025-11-11;9;1397.8
26;2025-11-11;10;1180.1
26;2025-11-11;11;1118.0
26;2025-11-11;12;1120.4
26;2025-11-11;13;1158.8
26;2025-11-11;14;1181.8
26;2025-11-11;15;1231.6
26;2025-11-11;16;1416.1
26;2025-11-11;17;1677.3
26;2025-11-11;18;1839.3
26;2025-11-11;19;1306.3
26;2025-11-11;20;823.1
26;2025-11-11;21;494.8
26;2025-11-11;22;240.5
26;2025-11-11;23;108.0
26;2025-11-12;0;31.0
26;2025-11-12;1;1.8
26;2025-11-12;2;0.1
26;2025-11-12;3;1.2
26;2025-11-12;4;6.2
26;2025-11-12;5;112.3
26;2025-11-12;6;500.2
26;2025-11-12;7;1210.7
26;2025-11-12;8;2046.4
26;2025-11-12;9;1404.0
26;2025-11-12;10;1174.8
26;2025-11-12;11;1078.5
26;2025-11-12;12;1189.4
26;2025-11-12;13;1174.8
26;2025-11-12;14;1234.0
26;2025-11-12;15;1311.4
26;2025-11-12;16;1440.0
26;2025-11-12;17;1697.5
26;2025-11-12;18;1821.5
26;2025-11-12;19;1270.5
26;2025-11-12;20;827.5
26;2025-11-12;21;539.0
26;2025-11-12;22;249.6
26;2025-11-12;23;123.6
26;2025-11-13;0;38.9
26;2025-11-13;1;3.7
26;2025-11-13;2;0.7
26;2025-11-13;3;0.4
26;2025-11-13;4;7.5
26;2025-11-13;5;114.2
26;2025-11-13;6;507.4
26;2025-11-13;7;1208.9
26;2025-11-13;8;2041.4
26;2025-11-13;9;1462.3
26;2025-11-13;10;1193.9
26;2025-11-13;11;1138.5
26;2025-11-13;12;1182.9
26;2025-11-13;13;1202.3
26;2025-11-13;14;1279.0
26;2025-11-13;15;1308.1
26;2025-11-13;16;1475.4
26;2025-11-13;17;1716.5
26;2025-11-13;18;1872.3
26;2025-11-13;19;1291.7
26;2025-11-13;20;823.9
26;2025-11-13;21;526.1
26;2025-11-13;22;252.2
26;2025-11-13;23;139.4
26;2025-11-14;0;33.8
26;2025-11-14;1;2.6
26;2025-11-14;2;0.1
26;2025-11-14;3;0.4
26;2025-11-14;4;5.3
26;2025-11-14;5;101.6
26;2025-11-14;6;494.0
26;2025-11-14;7;1146.0
26;2025-11-14;8;1970.0
26;2025-11-14;9;1354.3
26;2025-11-14;10;1150.4
26;2025-11-14;11;1101.4
26;2025-11-14;12;1115.4
26;2025-11-14;13;1141.4
26;2025-11-14;14;1262.3
26;2025-11-14;15;1312.7
26;2025-11-14;16;1554.7
26;2025-11-14;17;1670.7
26;2025-11-14;18;1385.8
26;2025-11-14;19;1100.2
26;2025-11-14;20;732.0
26;2025-11-14;21;490.4
26;2025-11-14;22;246.7
26;2025-11-14;23;139.3
26;2025-11-15;0;55.6
26;2025-11-15;1;16.4
26;2025-11-15;2;10.1
26;2025-11-15;3;6.0
26;2025-11-15;4;5.3
26;2025-11-15;5;66.1
26;2025-11-15;6;234.3
26;2025-11-15;7;383.3
26;2025-11-15;8;579.7
26;2025-11-15;9;666.3
26;2025-11-15;10;768.8
26;2025-11-15;11;883.7
26;2025-11-15;12;952.9
26;2025-11-15;13;991.9
26;2025-11-15;14;988.1
26;2025-11-15;15;929.1
26;2025-11-15;16;931.7
26;2025-11-15;17;907.2
26;2025-11-15;18;844.9
26;2025-11-15;19;765.2
26;2025-11-15;20;585.6
26;2025-11-15;21;425.3
26;2025-11-15;22;251.0
26;2025-11-15;23;155.9
26;2025-11-16;0;52.2
26;2025-11-16;1;12.0
26;2025-11-16;2;5.7
26;2025-11-16;3;2.0
26;2025-11-16;4;2.3
26;2025-11-16;5;39.6
26;2025-11-16;6;160.0
26;2025-11-16;7;273.5
26;2025-11-16;8;403.8
26;2025-11-16;9;530.8
26;2025-11-16;10;615.8
26;2025-11-16;11;746.3
26;2025-11-16;12;820.3
26;2025-11-16;13;862.9
26;2025-11-16;14;868.0
26;2025-11-16;15;817.2
26;2025-11-16;16;795.3
26;2025-11-16;17;791.6
26;2025-11-16;18;716.9
26;2025-11-16;19;613.4
26;2025-11-16;20;473.9
26;2025-11-16;21;352.6
26;2025-11-16;22;206.1
26;2025-11-16;23;111.9
26;2025-11-17;0;27.6
26;2025-11-17;1;1.8
26;2025-11-17;2;0.2
26;2025-11-17;3;0.5
26;2025-11-17;4;4.9
26;2025-11-17;5;106.9
26;2025-11-17;6;494.0
26;2025-11-17;7;1188.8
26;2025-11-17;8;2001.9
26;2025-11-17;9;1398.7
26;2025-11-17;10;1166.7
26;2025-11-17;11;1071.9
26;2025-11-17;12;1098.6
26;2025-11-17;13;1130.0
26;2025-11-17;14;1161.2
26;2025-11-17;15;1238.0
26;2025-11-17;16;1397.5
26;2025-11-17;17;1663.8
26;2025-11-17;18;1818.7
26;2025-11-17;19;1261.8
26;2025-11-17;20;807.2
26;2025-11-17;21;481.1
26;2025-11-17;22;219.7
26;2025-11-17;23;96.1
26;2025-11-18;0;32.0
26;2025-11-18;1;2.2
26;2025-11-18;2;0.5
26;2025-11-18;3;1.3
26;2025-11-18;4;6.3
26;2025-11-18;5;107.6
26;2025-11-18;6;505.1
26;2025-11-18;7;1217.6
26;2025-11-18;8;2043.8
26;2025-11-18;9;1397.8
26;2025-11-18;10;1180.1
26;2025-11-18;11;1118.0
26;2025-11-18;12;1120.4
26;2025-11-18;13;1158.8
26;2025-11-18;14;1181.8
26;2025-11-18;15;1231.6
26;2025-11-18;16;1416.1
26;2025-11-18;17;1677.3
26;2025-11-18;18;1839.3
26;2025-11-18;19;1306.3
26;2025-11-18;20;823.1
26;2025-11-18;21;494.8
26;2025-11-18;22;240.5
26;2025-11-18;23;108.0
26;2025-11-19;0;31.0
26;2025-11-19;1;1.8
26;2025-11-19;2;0.1
26;2025-11-19;3;1.2
26;2025-11-19;4;6.2
26;2025-11-19;5;112.3
26;2025-11-19;6;500.2
26;2025-11-19;7;1210.7
26;2025-11-19;8;2046.4
26;2025-11-19;9;1404.0
26;2025-11-19;10;1174.8
26;2025-11-19;11;1078.5
26;2025-11-19;12;1189.4
26;2025-11-19;13;1174.8
26;2025-11-19;14;1234.0
26;2025-11-19;15;1311.4
26;2025-11-19;16;1440.0
26;2025-11-19;17;1697.5
26;2025-11-19;18;1821.5
26;2025-11-19;19;1270.5
26;2025-11-19;20;827.5
26;2025-11-19;21;539.0
26;2025-11-19;22;249.6
26;2025-11-19;23;123.6
26;2025-11-20;0;38.9
26;2025-11-20;1;3.7
26;2025-11-20;2;0.7
26;2025-11-20;3;0.4
26;2025-11-20;4;7.5
26;2025-11-20;5;114.2
26;2025-11-20;6;507.4
26;2025-11-20;7;1208.9
26;2025-11-20;8;2041.4
26;2025-11-20;9;1462.3
26;2025-11-20;10;1193.9
26;2025-11-20;11;1138.5
26;2025-11-20;12;1182.9
26;2025-11-20;13;1202.3
26;2025-11-20;14;1279.0
26;2025-11-20;15;1308.1
26;2025-11-20;16;1475.4
26;2025-11-20;17;1716.5
26;2025-11-20;18;1872.3
26;2025-11-20;19;1291.7
26;2025-11-20;20;823.9
26;2025-11-20;21;526.1
26;2025-11-20;22;252.2
26;2025-11-20;23;139.4
26;2025-11-21;0;33.8
26;2025-11-21;1;2.6
26;2025-11-21;2;0.1
26;2025-11-21;3;0.4
26;2025-11-21;4;5.3
26;2025-11-21;5;101.6
26;2025-11-21;6;494.0
26;2025-11-21;7;1146.0
26;2025-11-21;8;1970.0
26;2025-11-21;9;1354.3
26;2025-11-21;10;1150.4
26;2025-11-21;11;1101.4
26;2025-11-21;12;1115.4
26;2025-11-21;13;1141.4
26;2025-11-21;14;1262.3
26;2025-11-21;15;1312.7
26;2025-11-21;16;1554.7
26;2025-11-21;17;1670.7
26;2025-11-21;18;1385.8
26;2025-11-21;19;1100.2
26;2025-11-21;20;732.0
26;2025-11-21;21;490.4
26;2025-11-21;22;246.7
26;2025-11-21;23;139.3
26;2025-11-22;0;55.6
26;2025-11-22;1;16.4
26;2025-11-22;2;10.1
26;2025-11-22;3;6.0
26;2025-11-22;4;5.3
26;2025-11-22;5;66.1
26;2025-11-22;6;234.3
26;2025-11-22;7;383.3
26;2025-11-22;8;579.7
26;2025-11-22;9;666.3
26;2025-11-22;10;768.8
26;2025-11-22;11;883.7
26;2025-11-22;12;952.9
26;2025-11-22;13;991.9
26;2025-11-22;14;988.1
26;2025-11-22;15;929.1
26;2025-11-22;16;931.7
26;2025-11-22;17;907.2
26;2025-11-22;18;844.9
26;2025-11-22;19;765.2
26;2025-11-22;20;585.6
26;2025-11-22;21;425.3
26;2025-11-22;22;251.0
26;2025-11-22;23;155.9
26;2025-11-23;0;52.2
26;2025-11-23;1;12.0
26;2025-11-23;2;5.7
26;2025-11-23;3;2.0
26;2025-11-23;4;2.3
26;2025-11-23;5;39.6
26;2025-11-23;6;160.0
26;2025-11-23;7;273.5
26;2025-11-23;8;403.8
26;2025-11-23;9;530.8
26;2025-11-23;10;615.8
26;2025-11-23;11;746.3
26;2025-11-23;12;820.3
26;2025-11-23;13;862.9
26;2025-11-23;14;868.0
26;2025-11-23;15;817.2
26;2025-11-23;16;795.3
26;2025-11-23;17;791.6
26;2025-11-23;18;716.9
26;2025-11-23;19;613.4
26;2025-11-23;20;473.9
26;2025-11-23;21;352.6
26;2025-11-23;22;206.1
26;2025-11-23;23;111.9
26;2025-11-24;0;27.6
26;2025-11-24;1;1.8
26;2025-11-24;2;0.2
26;2025-11-24;3;0.5
26;2025-11-24;4;4.9
26;2025-11-24;5;106.9
26;2025-11-24;6;494.0
26;2025-11-24;7;1188.8
26;2025-11-24;8;2001.9
26;2025-11-24;9;1398.7
26;2025-11-24;10;1166.7
26;2025-11-24;11;1071.9
26;2025-11-24;12;1098.6
26;2025-11-24;13;1130.0
26;2025-11-24;14;1161.2
26;2025-11-24;15;1238.0
26;2025-11-24;16;1397.5
26;2025-11-24;17;1663.8
26;2025-11-24;18;1818.7
26;2025-11-24;19;1261.8
26;2025-11-24;20;807.2
26;2025-11-24;21;481.1
26;2025-11-24;22;219.7
26;2025-11-24;23;96.1
26;2025-11-25;0;32.0
26;2025-11-25;1;2.2
26;2025-11-25;2;0.5
26;2025-11-25;3;1.3
26;2025-11-25;4;6.3
26;2025-11-25;5;107.6
26;2025-11-25;6;505.1
26;2025-11-25;7;1217.6
26;2025-11-25;8;2043.8
26;2025-11-25;9;1397.8
26;2025-11-25;10;1180.1
26;2025-11-25;11;1118.0
26;2025-11-25;12;1120.4
26;2025-11-25;13;1158.8
26;2025-11-25;14;1181.8
26;2025-11-25;15;1231.6
26;2025-11-25;16;1416.1
26;2025-11-25;17;1677.3
26;2025-11-25;18;1839.3
26;2025-11-25;19;1306.3
26;2025-11-25;20;823.1
26;2025-11-25;21;494.8
26;2025-11-25;22;240.5
26;2025-11-25;23;108.0
26;2025-11-26;0;31.0
26;2025-11-26;1;1.8
26;2025-11-26;2;0.1
26;2025-11-26;3;1.2
26;2025-11-26;4;6.2
26;2025-11-26;5;112.3
26;2025-11-26;6;500.2
26;2025-11-26;7;1210.7
26;2025-11-26;8;2046.4
26;2025-11-26;9;1404.0
26;2025-11-26;10;1174.8
26;2025-11-26;11;1078.5
26;2025-11-26;12;1189.4
26;2025-11-26;13;1174.8
26;2025-11-26;14;1234.0
26;2025-11-26;15;1311.4
26;2025-11-26;16;1440.0
26;2025-11-26;17;1697.5
26;2025-11-26;18;1821.5
26;2025-11-26;19;1270.5
26;2025-11-26;20;827.5
26;2025-11-26;21;539.0
26;2025-11-26;22;249.6
26;2025-11-26;23;123.6
26;2025-11-27;0;38.9
26;2025-11-27;1;3.7
26;2025-11-27;2;0.7
26;2025-11-27;3;0.4
26;2025-11-27;4;7.5
26;2025-11-27;5;114.2
26;2025-11-27;6;507.4
26;2025-11-27;7;1208.9
26;2025-11-27;8;2041.4
26;2025-11-27;9;1462.3
26;2025-11-27;10;1193.9
26;2025-11-27;11;1138.5
26;2025-11-27;12;1182.9
26;2025-11-27;13;1202.3
26;2025-11-27;14;1279.0
26;2025-11-27;15;1308.1
26;2025-11-27;16;1475.4
26;2025-11-27;17;1716.5
26;2025-11-27;18;1872.3
26;2025-11-27;19;1291.7
26;2025-11-27;20;823.9
26;2025-11-27;21;526.1
26;2025-11-27;22;252.2
26;2025-11-27;23;139.4
26;2025-11-28;0;33.8
26;2025-11-28;1;2.6
26;2025-11-28;2;0.1
26;2025-11-28;3;0.4
26;2025-11-28;4;5.3
26;2025-11-28;5;101.6
26;2025-11-28;6;494.0
26;2025-11-28;7;1146.0
26;2025-11-28;8;1970.0
26;2025-11-28;9;1354.3
26;2025-11-28;10;1150.4
26;2025-11-28;11;1101.4
26;2025-11-28;12;1115.4
26;2025-11-28;13;1141.4
26;2025-11-28;14;1262.3
26;2025-11-28;15;1312.7
26;2025-11-28;16;1554.7
26;2025-11-28;17;1670.7
26;2025-11-28;18;1385.8
26;2025-11-28;19;1100.2
26;2025-11-28;20;732.0
26;2025-11-28;21;490.4
26;2025-11-28;22;246.7
26;2025-11-28;23;139.3
26;2025-11-29;0;55.6
26;2025-11-29;1;16.4
26;2025-11-29;2;10.1
26;2025-11-29;3;6.0
26;2025-11-29;4;5.3
26;2025-11-29;5;66.1
26;2025-11-29;6;234.3
26;2025-11-29;7;383.3
26;2025-11-29;8;579.7
26;2025-11-29;9;666.3
26;2025-11-29;10;768.8
26;2025-11-29;11;883.7
26;2025-11-29;12;952.9
26;2025-11-29;13;991.9
26;2025-11-29;14;988.1
26;2025-11-29;15;929.1
26;2025-11-29;16;931.7
26;2025-11-29;17;907.2
26;2025-11-29;18;844.9
26;2025-11-29;19;765.2
26;2025-11-29;20;585.6
26;2025-11-29;21;425.3
26;2025-11-29;22;251.0
26;2025-11-29;23;155.9
26;2025-11-30;0;52.2
26;2025-11-30;1;12.0
26;2025-11-30;2;5.7
26;2025-11-30;3;2.0
26;2025-11-30;4;2.3
26;2025-11-30;5;39.6
26;2025-11-30;6;160.0
26;2025-11-30;7;273.5
26;2025-11-30;8;403.8
26;2025-11-30;9;530.8
26;2025-11-30;10;615.8
26;2025-11-30;11;746.3
26;2025-11-30;12;820.3
26;2025-11-30;13;862.9
26;2025-11-30;14;868.0
26;2025-11-30;15;817.2
26;2025-11-30;16;795.3
26;2025-11-30;17;791.6
26;2025-11-30;18;716.9
26;2025-11-30;19;613.4
26;2025-11-30;20;473.9
26;2025-11-30;21;352.6
26;2025-11-30;22;206.1
26;2025-11-30;23;111.9
26;2025-12-01;0;29.5
26;2025-12-01;1;2.0
26;2025-12-01;2;0.2
26;2025-12-01;3;0.5
26;2025-12-01;4;5.3
26;2025-12-01;5;114.2
26;2025-12-01;6;527.7
26;2025-12-01;7;1270.0
26;2025-12-01;8;2138.5
26;2025-12-01;9;1494.2
26;2025-12-01;10;1246.4
26;2025-12-01;11;1145.1
26;2025-12-01;12;1173.6
26;2025-12-01;13;1207.1
26;2025-12-01;14;1240.5
26;2025-12-01;15;1322.5
26;2025-12-01;16;1492.9
26;2025-12-01;17;1777.4
26;2025-12-01;18;1942.8
26;2025-12-01;19;1347.9
26;2025-12-01;20;862.3
26;2025-12-01;21;513.9
26;2025-12-01;22;234.7
26;2025-12-01;23;102.6
26;2025-12-02;0;34.2
26;2025-12-02;1;2.4
26;2025-12-02;2;0.5
26;2025-12-02;3;1.3
26;2025-12-02;4;6.7
26;2025-12-02;5;115.0
26;2025-12-02;6;539.5
26;2025-12-02;7;1300.7
26;2025-12-02;8;2183.3
26;2025-12-02;9;1493.2
26;2025-12-02;10;1260.7
26;2025-12-02;11;1194.3
26;2025-12-02;12;1196.9
26;2025-12-02;13;1237.9
26;2025-12-02;14;1262.5
26;2025-12-02;15;1315.7
26;2025-12-02;16;1512.7
26;2025-12-02;17;1791.7
26;2025-12-02;18;1964.8
26;2025-12-02;19;1395.5
26;2025-12-02;20;879.3
26;2025-12-02;21;528.6
26;2025-12-02;22;256.9
26;2025-12-02;23;115.4
26;2025-12-03;0;33.1
26;2025-12-03;1;1.9
26;2025-12-03;2;0.1
26;2025-12-03;3;1.3
26;2025-12-03;4;6.7
26;2025-12-03;5;119.9
26;2025-12-03;6;534.4
26;2025-12-03;7;1293.3
26;2025-12-03;8;2186.1
26;2025-12-03;9;1499.9
26;2025-12-03;10;1254.9
26;2025-12-03;11;1152.1
26;2025-12-03;12;1270.6
26;2025-12-03;13;1255.0
26;2025-12-03;14;1318.3
26;2025-12-03;15;1400.9
26;2025-12-03;16;1538.3
26;2025-12-03;17;1813.4
26;2025-12-03;18;1945.8
26;2025-12-03;19;1357.2
26;2025-12-03;20;884.0
26;2025-12-03;21;575.8
26;2025-12-03;22;266.6
26;2025-12-03;23;132.1
26;2025-12-04;0;41.5
26;2025-12-04;1;3.9
26;2025-12-04;2;0.7
26;2025-12-04;3;0.4
26;2025-12-04;4;8.0
26;2025-12-04;5;122.0
26;2025-12-04;6;542.0
26;2025-12-04;7;1291.4
26;2025-12-04;8;2180.8
26;2025-12-04;9;1562.1
26;2025-12-04;10;1275.4
26;2025-12-04;11;1216.2
26;2025-12-04;12;1263.7
26;2025-12-04;13;1284.4
26;2025-12-04;14;1366.3
26;2025-12-04;15;1397.4
26;2025-12-04;16;1576.1
26;2025-12-04;17;1833.7
26;2025-12-04;18;2000.1
26;2025-12-04;19;1379.9
26;2025-12-04;20;880.2
26;2025-12-04;21;562.0
26;2025-12-04;22;269.4
26;2025-12-04;23;148.9
26;2025-12-05;0;36.2
26;2025-12-05;1;2.8
26;2025-12-05;2;0.2
26;2025-12-05;3;0.5
26;2025-12-05;4;5.7
26;2025-12-05;5;108.5
26;2025-12-05;6;527.7
26;2025-12-05;7;1224.2
26;2025-12-05;8;2104.4
26;2025-12-05;9;1446.7
26;2025-12-05;10;1228.9
26;2025-12-05;11;1176.5
26;2025-12-05;12;1191.5
26;2025-12-05;13;1219.3
26;2025-12-05;14;1348.5
26;2025-12-05;15;1402.2
26;2025-12-05;16;1660.8
26;2025-12-05;17;1784.8
26;2025-12-05;18;1480.4
26;2025-12-05;19;1175.3
26;2025-12-05;20;782.0
26;2025-12-05;21;523.9
26;2025-12-05;22;263.5
26;2025-12-05;23;148.8
26;2025-12-06;0;59.4
26;2025-12-06;1;17.5
26;2025-12-06;2;10.8
26;2025-12-06;3;6.4
26;2025-12-06;4;5.6
26;2025-12-06;5;70.6
26;2025-12-06;6;250.2
26;2025-12-06;7;409.5
26;2025-12-06;8;619.2
26;2025-12-06;9;711.8
26;2025-12-06;10;821.2
26;2025-12-06;11;944.0
26;2025-12-06;12;1017.9
26;2025-12-06;13;1059.5
26;2025-12-06;14;1055.6
26;2025-12-06;15;992.5
26;2025-12-06;16;995.3
26;2025-12-06;17;969.1
26;2025-12-06;18;902.5
26;2025-12-06;19;817.4
26;2025-12-06;20;625.6
26;2025-12-06;21;454.3
26;2025-12-06;22;268.1
26;2025-12-06;23;166.5
26;2025-12-07;0;55.8
26;2025-12-07;1;12.8
26;2025-12-07;2;6.1
26;2025-12-07;3;2.1
26;2025-12-07;4;2.5
26;2025-12-07;5;42.3
26;2025-12-07;6;170.9
26;2025-12-07;7;292.1
26;2025-12-07;8;431.3
26;2025-12-07;9;567.0
26;2025-12-07;10;657.8
26;2025-12-07;11;797.3
26;2025-12-07;12;876.2
26;2025-12-07;13;921.7
26;2025-12-07;14;927.3
26;2025-12-07;15;872.9
26;2025-12-07;16;849.5
26;2025-12-07;17;845.6
26;2025-12-07;18;765.8
26;2025-12-07;19;655.3
26;2025-12-07;20;506.3
26;2025-12-07;21;376.7
26;2025-12-07;22;220.2
26;2025-12-07;23;119.6
26;2025-12-08;0;29.5
26;2025-12-08;1;2.0
26;2025-12-08;2;0.2
26;2025-12-08;3;0.5
26;2025-12-08;4;5.3
26;2025-12-08;5;114.2
26;2025-12-08;6;527.7
26;2025-12-08;7;1270.0
26;2025-12-08;8;2138.5
26;2025-12-08;9;1494.2
26;2025-12-08;10;1246.4
26;2025-12-08;11;1145.1
26;2025-12-08;12;1173.6
26;2025-12-08;13;1207.1
26;2025-12-08;14;1240.5
26;2025-12-08;15;1322.5
26;2025-12-08;16;1492.9
26;2025-12-08;17;1777.4
26;2025-12-08;18;1942.8
26;2025-12-08;19;1347.9
26;2025-12-08;20;862.3
26;2025-12-08;21;513.9
26;2025-12-08;22;234.7
26;2025-12-08;23;102.6
26;2025-12-09;0;34.2
26;2025-12-09;1;2.4
26;2025-12-09;2;0.5
26;2025-12-09;3;1.3
26;2025-12-09;4;6.7
26;2025-12-09;5;115.0
26;2025-12-09;6;539.5
26;2025-12-09;7;1300.7
26;2025-12-09;8;2183.3
26;2025-12-09;9;1493.2
26;2025-12-09;10;1260.7
26;2025-12-09;11;1194.3
26;2025-12-09;12;1196.9
26;2025-12-09;13;1237.9
26;2025-12-09;14;1262.5
26;2025-12-09;15;1315.7
26;2025-12-09;16;1512.7
26;2025-12-09;17;1791.7
26;2025-12-09;18;1964.8
26;2025-12-09;19;1395.5
26;2025-12-09;20;879.3
26;2025-12-09;21;528.6
26;2025-12-09;22;256.9
26;2025-12-09;23;115.4
26;2025-12-10;0;33.1
26;2025-12-10;1;1.9
26;2025-12-10;2;0.1
26;2025-12-10;3;1.3
26;2025-12-10;4;6.7
26;2025-12-10;5;119.9
26;2025-12-10;6;534.4
26;2025-12-10;7;1293.3
26;2025-12-10;8;2186.1
26;2025-12-10;9;1499.9
26;2025-12-10;10;1254.9
26;2025-12-10;11;1152.1
26;2025-12-10;12;1270.6
26;2025-12-10;13;1255.0
26;2025-12-10;14;1318.3
26;2025-12-10;15;1400.9
26;2025-12-10;16;1538.3
26;2025-12-10;17;1813.4
26;2025-12-10;18;1945.8
26;2025-12-10;19;1357.2
26;2025-12-10;20;884.0
26;2025-12-10;21;575.8
26;2025-12-10;22;266.6
26;2025-12-10;23;132.1
26;2025-12-11;0;41.5
26;2025-12-11;1;3.9
26;2025-12-11;2;0.7
26;2025-12-11;3;0.4
26;2025-12-11;4;8.0
26;2025-12-11;5;122.0
26;2025-12-11;6;542.0
26;2025-12-11;7;1291.4
26;2025-12-11;8;2180.8
26;2025-12-11;9;1562.1
26;2025-12-11;10;1275.4
26;2025-12-11;11;1216.2
26;2025-12-11;12;1263.7
26;2025-12-11;13;1284.4
26;2025-12-11;14;1366.3
26;2025-12-11;15;1397.4
26;2025-12-11;16;1576.1
26;2025-12-11;17;1833.7
26;2025-12-11;18;2000.1
26;2025-12-11;19;1379.9
26;2025-12-11;20;880.2
26;2025-12-11;21;562.0
26;2025-12-11;22;269.4
26;2025-12-11;23;148.9
26;2025-12-12;0;36.2
26;2025-12-12;1;2.8
26;2025-12-12;2;0.2
26;2025-12-12;3;0.5
26;2025-12-12;4;5.7
26;2025-12-12;5;108.5
26;2025-12-12;6;527.7
26;2025-12-12;7;1224.2
26;2025-12-12;8;2104.4
26;2025-12-12;9;1446.7
26;2025-12-12;10;1228.9
26;2025-12-12;11;1176.5
26;2025-12-12;12;1191.5
26;2025-12-12;13;1219.3
26;2025-12-12;14;1348.5
26;2025-12-12;15;1402.2
26;2025-12-12;16;1660.8
26;2025-12-12;17;1784.8
26;2025-12-12;18;1480.4
26;2025-12-12;19;1175.3
26;2025-12-12;20;782.0
26;2025-12-12;21;523.9
26;2025-12-12;22;263.5
26;2025-12-12;23;148.8
26;2025-12-13;0;59.4
26;2025-12-13;1;17.5
26;2025-12-13;2;10.8
26;2025-12-13;3;6.4
26;2025-12-13;4;5.6
26;2025-12-13;5;70.6
26;2025-12-13;6;250.2
26;2025-12-13;7;409.5
26;2025-12-13;8;619.2
26;2025-12-13;9;711.8
26;2025-12-13;10;821.2
26;2025-12-13;11;944.0
26;2025-12-13;12;1017.9
26;2025-12-13;13;1059.5
26;2025-12-13;14;1055.6
26;2025-12-13;15;992.5
26;2025-12-13;16;995.3
26;2025-12-13;17;969.1
26;2025-12-13;18;902.5
26;2025-12-13;19;817.4
26;2025-12-13;20;625.6
26;2025-12-13;21;454.3
26;2025-12-13;22;268.1
26;2025-12-13;23;166.5
26;2025-12-14;0;55.8
26;2025-12-14;1;12.8
26;2025-12-14;2;6.1
26;2025-12-14;3;2.1
26;2025-12-14;4;2.5
26;2025-12-14;5;42.3
26;2025-12-14;6;170.9
26;2025-12-14;7;292.1
26;2025-12-14;8;431.3
26;2025-12-14;9;567.0
26;2025-12-14;10;657.8
26;2025-12-14;11;797.3
26;2025-12-14;12;876.2
26;2025-12-14;13;921.7
26;2025-12-14;14;927.3
26;2025-12-14;15;872.9
26;2025-12-14;16;849.5
26;2025-12-14;17;845.6
26;2025-12-14;18;765.8
26;2025-12-14;19;655.3
26;2025-12-14;20;506.3
26;2025-12-14;21;376.7
26;2025-12-14;22;220.2
26;2025-12-14;23;119.6
26;2025-12-15;0;29.5
26;2025-12-15;1;2.0
26;2025-12-15;2;0.2
26;2025-12-15;3;0.5
26;2025-12-15;4;5.3
26;2025-12-15;5;114.2
26;2025-12-15;6;527.7
26;2025-12-15;7;1270.0
26;2025-12-15;8;2138.5
26;2025-12-15;9;1494.2
26;2025-12-15;10;1246.4
26;2025-12-15;11;1145.1
26;2025-12-15;12;1173.6
26;2025-12-15;13;1207.1
26;2025-12-15;14;1240.5
26;2025-12-15;15;1322.5
26;2025-12-15;16;1492.9
26;2025-12-15;17;1777.4
26;2025-12-15;18;1942.8
26;2025-12-15;19;1347.9
26;2025-12-15;20;862.3
26;2025-12-15;21;513.9
26;2025-12-15;22;234.7
26;2025-12-15;23;102.6
26;2025-12-16;0;34.2
26;2025-12-16;1;2.4
26;2025-12-16;2;0.5
26;2025-12-16;3;1.3
26;2025-12-16;4;6.7
26;2025-12-16;5;115.0
26;2025-12-16;6;539.5
26;2025-12-16;7;1300.7
26;2025-12-16;8;2183.3
26;2025-12-16;9;1493.2
26;2025-12-16;10;1260.7
26;2025-12-16;11;1194.3
26;2025-12-16;12;1196.9
26;2025-12-16;13;1237.9
26;2025-12-16;14;1262.5
26;2025-12-16;15;1315.7
26;2025-12-16;16;1512.7
26;2025-12-16;17;1791.7
26;2025-12-16;18;1964.8
26;2025-12-16;19;1395.5
26;2025-12-16;20;879.3
26;2025-12-16;21;528.6
26;2025-12-16;22;256.9
26;2025-12-16;23;115.4
26;2025-12-17;0;33.1
26;2025-12-17;1;1.9
26;2025-12-17;2;0.1
26;2025-12-17;3;1.3
26;2025-12-17;4;6.7
26;2025-12-17;5;119.9
26;2025-12-17;6;534.4
26;2025-12-17;7;1293.3
26;2025-12-17;8;2186.1
26;2025-12-17;9;1499.9
26;2025-12-17;10;1254.9
26;2025-12-17;11;1152.1
26;2025-12-17;12;1270.6
26;2025-12-17;13;1255.0
26;2025-12-17;14;1318.3
26;2025-12-17;15;1400.9
26;2025-12-17;16;1538.3
26;2025-12-17;17;1813.4
26;2025-12-17;18;1945.8
26;2025-12-17;19;1357.2
26;2025-12-17;20;884.0
26;2025-12-17;21;575.8
26;2025-12-17;22;266.6
26;2025-12-17;23;132.1
26;2025-12-18;0;41.5
26;2025-12-18;1;3.9
26;2025-12-18;2;0.7
26;2025-12-18;3;0.4
26;2025-12-18;4;8.0
26;2025-12-18;5;122.0
26;2025-12-18;6;542.0
26;2025-12-18;7;1291.4
26;2025-12-18;8;2180.8
26;2025-12-18;9;1562.1
26;2025-12-18;10;1275.4
26;2025-12-18;11;1216.2
26;2025-12-18;12;1263.7
26;2025-12-18;13;1284.4
26;2025-12-18;14;1366.3
26;2025-12-18;15;1397.4
26;2025-12-18;16;1576.1
26;2025-12-18;17;1833.7
26;2025-12-18;18;2000.1
26;2025-12-18;19;1379.9
26;2025-12-18;20;880.2
26;2025-12-18;21;562.0
26;2025-12-18;22;269.4
26;2025-12-18;23;148.9
26;2025-12-19;0;36.2
26;2025-12-19;1;2.8
26;2025-12-19;2;0.2
26;2025-12-19;3;0.5
26;2025-12-19;4;5.7
26;2025-12-19;5;108.5
26;2025-12-19;6;527.7
26;2025-12-19;7;1224.2
26;2025-12-19;8;2104.4
26;2025-12-19;9;1446.7
26;2025-12-19;10;1228.9
26;2025-12-19;11;1176.5
26;2025-12-19;12;1191.5
26;2025-12-19;13;1219.3
26;2025-12-19;14;1348.5
26;2025-12-19;15;1402.2
26;2025-12-19;16;1660.8
26;2025-12-19;17;1784.8
26;2025-12-19;18;1480.4
26;2025-12-19;19;1175.3
26;2025-12-19;20;782.0
26;2025-12-19;21;523.9
26;2025-12-19;22;263.5
26;2025-12-19;23;148.8
26;2025-12-20;0;59.4
26;2025-12-20;1;17.5
26;2025-12-20;2;10.8
26;2025-12-20;3;6.4
26;2025-12-20;4;5.6
26;2025-12-20;5;70.6
26;2025-12-20;6;250.2
26;2025-12-20;7;409.5
26;2025-12-20;8;619.2
26;2025-12-20;9;711.8
26;2025-12-20;10;821.2
26;2025-12-20;11;944.0
26;2025-12-20;12;1017.9
26;2025-12-20;13;1059.5
26;2025-12-20;14;1055.6
26;2025-12-20;15;992.5
26;2025-12-20;16;995.3
26;2025-12-20;17;969.1
26;2025-12-20;18;902.5
26;2025-12-20;19;817.4
26;2025-12-20;20;625.6
26;2025-12-20;21;454.3
26;2025-12-20;22;268.1
26;2025-12-20;23;166.5
26;2025-12-21;0;55.8
26;2025-12-21;1;12.8
26;2025-12-21;2;6.1
26;2025-12-21;3;2.1
26;2025-12-21;4;2.5
26;2025-12-21;5;42.3
26;2025-12-21;6;170.9
26;2025-12-21;7;292.1
26;2025-12-21;8;431.3
26;2025-12-21;9;567.0
26;2025-12-21;10;657.8
26;2025-12-21;11;797.3
26;2025-12-21;12;876.2
26;2025-12-21;13;921.7
26;2025-12-21;14;927.3
26;2025-12-21;15;872.9
26;2025-12-21;16;849.5
26;2025-12-21;17;845.6
26;2025-12-21;18;765.8
26;2025-12-21;19;655.3
26;2025-12-21;20;506.3
26;2025-12-21;21;376.7
26;2025-12-21;22;220.2
26;2025-12-21;23;119.6
26;2025-12-22;0;29.5
26;2025-12-22;1;2.0
26;2025-12-22;2;0.2
26;2025-12-22;3;0.5
26;2025-12-22;4;5.3
26;2025-12-22;5;114.2
26;2025-12-22;6;527.7
26;2025-12-22;7;1270.0
26;2025-12-22;8;2138.5
26;2025-12-22;9;1494.2
26;2025-12-22;10;1246.4
26;2025-12-22;11;1145.1
26;2025-12-22;12;1173.6
26;2025-12-22;13;1207.1
26;2025-12-22;14;1240.5
26;2025-12-22;15;1322.5
26;2025-12-22;16;1492.9
26;2025-12-22;17;1777.4
26;2025-12-22;18;1942.8
26;2025-12-22;19;1347.9
26;2025-12-22;20;862.3
26;2025-12-22;21;513.9
26;2025-12-22;22;234.7
26;2025-12-22;23;102.6
26;2025-12-23;0;34.2
26;2025-12-23;1;2.4
26;2025-12-23;2;0.5
26;2025-12-23;3;1.3
26;2025-12-23;4;6.7
26;2025-12-23;5;115.0
26;2025-12-23;6;539.5
26;2025-12-23;7;1300.7
26;2025-12-23;8;2183.3
26;2025-12-23;9;1493.2
26;2025-12-23;10;1260.7
26;2025-12-23;11;1194.3
26;2025-12-23;12;1196.9
26;2025-12-23;13;1237.9
26;2025-12-23;14;1262.5
26;2025-12-23;15;1315.7
26;2025-12-23;16;1512.7
26;2025-12-23;17;1791.7
26;2025-12-23;18;1964.8
26;2025-12-23;19;1395.5
26;2025-12-23;20;879.3
26;2025-12-23;21;528.6
26;2025-12-23;22;256.9
26;2025-12-23;23;115.4
26;2025-12-24;0;33.1
26;2025-12-24;1;1.9
26;2025-12-24;2;0.1
26;2025-12-24;3;1.3
26;2025-12-24;4;6.7
26;2025-12-24;5;119.9
26;2025-12-24;6;534.4
26;2025-12-24;7;1293.3
26;2025-12-24;8;2186.1
26;2025-12-24;9;1499.9
26;2025-12-24;10;1254.9
26;2025-12-24;11;1152.1
26;2025-12-24;12;1270.6
26;2025-12-24;13;1255.0
26;2025-12-24;14;1318.3
26;2025-12-24;15;1400.9
26;2025-12-24;16;1538.3
26;2025-12-24;17;1813.4
26;2025-12-24;18;1945.8
26;2025-12-24;19;1357.2
26;2025-12-24;20;884.0
26;2025-12-24;21;575.8
26;2025-12-24;22;266.6
26;2025-12-24;23;132.1
26;2025-12-25;0;41.5
26;2025-12-25;1;3.9
26;2025-12-25;2;0.7
26;2025-12-25;3;0.4
26;2025-12-25;4;8.0
26;2025-12-25;5;122.0
26;2025-12-25;6;542.0
26;2025-12-25;7;1291.4
26;2025-12-25;8;2180.8
26;2025-12-25;9;1562.1
26;2025-12-25;10;1275.4
26;2025-12-25;11;1216.2
26;2025-12-25;12;1263.7
26;2025-12-25;13;1284.4
26;2025-12-25;14;1366.3
26;2025-12-25;15;1397.4
26;2025-12-25;16;1576.1
26;2025-12-25;17;1833.7
26;2025-12-25;18;2000.1
26;2025-12-25;19;1379.9
26;2025-12-25;20;880.2
26;2025-12-25;21;562.0
26;2025-12-25;22;269.4
26;2025-12-25;23;148.9
26;2025-12-26;0;36.2
26;2025-12-26;1;2.8
26;2025-12-26;2;0.2
26;2025-12-26;3;0.5
26;2025-12-26;4;5.7
26;2025-12-26;5;108.5
26;2025-12-26;6;527.7
26;2025-12-26;7;1224.2
26;2025-12-26;8;2104.4
26;2025-12-26;9;1446.7
26;2025-12-26;10;1228.9
26;2025-12-26;11;1176.5
26;2025-12-26;12;1191.5
26;2025-12-26;13;1219.3
26;2025-12-26;14;1348.5
26;2025-12-26;15;1402.2
26;2025-12-26;16;1660.8
26;2025-12-26;17;1784.8
26;2025-12-26;18;1480.4
26;2025-12-26;19;1175.3
26;2025-12-26;20;782.0
26;2025-12-26;21;523.9
26;2025-12-26;22;263.5
26;2025-12-26;23;148.8
26;2025-12-27;0;59.4
26;2025-12-27;1;17.5
26;2025-12-27;2;10.8
26;2025-12-27;3;6.4
26;2025-12-27;4;5.6
26;2025-12-27;5;70.6
26;2025-12-27;6;250.2
26;2025-12-27;7;409.5
26;2025-12-27;8;619.2
26;2025-12-27;9;711.8
26;2025-12-27;10;821.2
26;2025-12-27;11;944.0
26;2025-12-27;12;1017.9
26;2025-12-27;13;1059.5
26;2025-12-27;14;1055.6
26;2025-12-27;15;992.5
26;2025-12-27;16;995.3
26;2025-12-27;17;969.1
26;2025-12-27;18;902.5
26;2025-12-27;19;817.4
26;2025-12-27;20;625.6
26;2025-12-27;21;454.3
26;2025-12-27;22;268.1
26;2025-12-27;23;166.5
26;2025-12-28;0;55.8
26;2025-12-28;1;12.8
26;2025-12-28;2;6.1
26;2025-12-28;3;2.1
26;2025-12-28;4;2.5
26;2025-12-28;5;42.3
26;2025-12-28;6;170.9
26;2025-12-28;7;292.1
26;2025-12-28;8;431.3
26;2025-12-28;9;567.0
26;2025-12-28;10;657.8
26;2025-12-28;11;797.3
26;2025-12-28;12;876.2
26;2025-12-28;13;921.7
26;2025-12-28;14;927.3
26;2025-12-28;15;872.9
26;2025-12-28;16;849.5
26;2025-12-28;17;845.6
26;2025-12-28;18;765.8
26;2025-12-28;19;655.3
26;2025-12-28;20;506.3
26;2025-12-28;21;376.7
26;2025-12-28;22;220.2
26;2025-12-28;23;119.6
26;2025-12-29;0;29.5
26;2025-12-29;1;2.0
26;2025-12-29;2;0.2
26;2025-12-29;3;0.5
26;2025-12-29;4;5.3
26;2025-12-29;5;114.2
26;2025-12-29;6;527.7
26;2025-12-29;7;1270.0
26;2025-12-29;8;2138.5
26;2025-12-29;9;1494.2
26;2025-12-29;10;1246.4
26;2025-12-29;11;1145.1
26;2025-12-29;12;1173.6
26;2025-12-29;13;1207.1
26;2025-12-29;14;1240.5
26;2025-12-29;15;1322.5
26;2025-12-29;16;1492.9
26;2025-12-29;17;1777.4
26;2025-12-29;18;1942.8
26;2025-12-29;19;1347.9
26;2025-12-29;20;862.3
26;2025-12-29;21;513.9
26;2025-12-29;22;234.7
26;2025-12-29;23;102.6
26;2025-12-30;0;31.4
26;2025-12-30;1;3.0
26;2025-12-30;2;1.5
26;2025-12-30;3;2.8
26;2025-12-30;4;8.9
26;2025-12-30;5;116.0
26;2025-12-30;6;541.9
26;2025-12-30;7;1292.4
26;2025-12-30;8;2168.6
26;2025-12-30;9;1496.7
26;2025-12-30;10;1276.7
26;2025-12-30;11;1230.2
26;2025-12-30;12;1241.8
26;2025-12-30;13;1300.3
26;2025-12-30;14;1338.6
26;2025-12-30;15;1403.4
26;2025-12-30;16;1586.3
26;2025-12-30;17;1776.5
26;2025-12-30;18;1777.0
26;2025-12-30;19;1325.6
26;2025-12-30;20;860.8
26;2025-12-30;21;532.0
26;2025-12-30;22;266.4
26;2025-12-30;23;130.1
26;2025-12-31;0;40.1
26;2025-12-31;1;0.7
26;2025-12-31;2;0.3
26;2025-12-31;3;3.4
26;2025-12-31;4;0.7
26;2025-12-31;5;16.8
26;2025-12-31;6;127.8
26;2025-12-31;7;236.7
26;2025-12-31;8;337.3
26;2025-12-31;9;389.8
26;2025-12-31;10;448.9
26;2025-12-31;11;565.9
26;2025-12-31;12;679.1
26;2025-12-31;13;744.6
26;2025-12-31;14;754.7
26;2025-12-31;15;742.9
26;2025-12-31;16;738.1
26;2025-12-31;17;728.4
26;2025-12-31;18;698.0
26;2025-12-31;19;629.5
26;2025-12-31;20;471.5
26;2025-12-31;21;350.0
26;2025-12-31;22;188.9
26;2025-12-31;23;72.4
28;2025-11-01;0;27.7
28;2025-11-01;1;13.1
28;2025-11-01;2;11.5
28;2025-11-01;3;11.3
28;2025-11-01;4;14.0
28;2025-11-01;5;67.5
28;2025-11-01;6;227.8
28;2025-11-01;7;523.4
28;2025-11-01;8;791.1
28;2025-11-01;9;606.6
28;2025-11-01;10;554.7
28;2025-11-01;11;555.4
28;2025-11-01;12;628.3
28;2025-11-01;13;642.6
28;2025-11-01;14;627.2
28;2025-11-01;15;668.0
28;2025-11-01;16;757.3
28;2025-11-01;17;784.6
28;2025-11-01;18;687.0
28;2025-11-01;19;572.8
28;2025-11-01;20;402.4
28;2025-11-01;21;296.8
28;2025-11-01;22;156.4
28;2025-11-01;23;78.6
28;2025-11-02;0;24.5
28;2025-11-02;1;5.4
28;2025-11-02;2;2.9
28;2025-11-02;3;0.4
28;2025-11-02;4;0.4
28;2025-11-02;5;24.3
28;2025-11-02;6;88.4
28;2025-11-02;7;163.2
28;2025-11-02;8;239.6
28;2025-11-02;9;312.1
28;2025-11-02;10;365.9
28;2025-11-02;11;426.3
28;2025-11-02;12;466.5
28;2025-11-02;13;506.7
28;2025-11-02;14;494.8
28;2025-11-02;15;492.7
28;2025-11-02;16;474.2
28;2025-11-02;17;493.6
28;2025-11-02;18;440.7
28;2025-11-02;19;379.8
28;2025-11-02;20;294.7
28;2025-11-02;21;226.0
28;2025-11-02;22;127.0
28;2025-11-02;23;53.5
28;2025-11-03;0;27.0
28;2025-11-03;1;5.3
28;2025-11-03;2;4.8
28;2025-11-03;3;3.1
28;2025-11-03;4;1.8
28;2025-11-03;5;31.5
28;2025-11-03;6;109.3
28;2025-11-03;7;196.3
28;2025-11-03;8;263.2
28;2025-11-03;9;310.2
28;2025-11-03;10;356.4
28;2025-11-03;11;430.0
28;2025-11-03;12;509.9
28;2025-11-03;13;553.1
28;2025-11-03;14;557.7
28;2025-11-03;15;559.4
28;2025-11-03;16;559.1
28;2025-11-03;17;539.5
28;2025-11-03;18;506.5
28;2025-11-03;19;440.1
28;2025-11-03;20;332.2
28;2025-11-03;21;255.0
28;2025-11-03;22;162.2
28;2025-11-03;23;93.2
28;2025-11-04;0;29.1
28;2025-11-04;1;5.7
28;2025-11-04;2;4.5
28;2025-11-04;3;4.4
28;2025-11-04;4;2.2
28;2025-11-04;5;24.0
28;2025-11-04;6;93.5
28;2025-11-04;7;169.8
28;2025-11-04;8;232.0
28;2025-11-04;9;266.1
28;2025-11-04;10;302.5
28;2025-11-04;11;369.9
28;2025-11-04;12;441.8
28;2025-11-04;13;484.3
28;2025-11-04;14;488.5
28;2025-11-04;15;488.9
28;2025-11-04;16;488.5
28;2025-11-04;17;475.5
28;2025-11-04;18;450.7
28;2025-11-04;19;401.4
28;2025-11-04;20;305.1
28;2025-11-04;21;233.5
28;2025-11-04;22;142.9
28;2025-11-04;23;73.0
28;2025-11-05;0;13.3
28;2025-11-05;1;3.3
28;2025-11-05;2;2.9
28;2025-11-05;3;3.1
28;2025-11-05;4;7.8
28;2025-11-05;5;72.2
28;2025-11-05;6;285.9
28;2025-11-05;7;758.9
28;2025-11-05;8;1160.8
28;2025-11-05;9;833.3
28;2025-11-05;10;626.4
28;2025-11-05;11;610.5
28;2025-11-05;12;713.5
28;2025-11-05;13;719.4
28;2025-11-05;14;667.5
28;2025-11-05;15;686.9
28;2025-11-05;16;848.5
28;2025-11-05;17;970.5
28;2025-11-05;18;1029.0
28;2025-11-05;19;761.3
28;2025-11-05;20;519.0
28;2025-11-05;21;313.2
28;2025-11-05;22;137.6
28;2025-11-05;23;42.0
28;2025-11-06;0;12.2
28;2025-11-06;1;1.7
28;2025-11-06;2;0.4
28;2025-11-06;3;0.5
28;2025-11-06;4;4.0
28;2025-11-06;5;73.9
28;2025-11-06;6;276.7
28;2025-11-06;7;765.8
28;2025-11-06;8;1070.1
28;2025-11-06;9;760.2
28;2025-11-06;10;583.2
28;2025-11-06;11;567.9
28;2025-11-06;12;634.5
28;2025-11-06;13;682.7
28;2025-11-06;14;646.5
28;2025-11-06;15;690.5
28;2025-11-06;16;798.7
28;2025-11-06;17;1014.0
28;2025-11-06;18;1036.5
28;2025-11-06;19;779.1
28;2025-11-06;20;519.1
28;2025-11-06;21;327.4
28;2025-11-06;22;152.8
28;2025-11-06;23;53.7
28;2025-11-07;0;12.1
28;2025-11-07;1;1.3
28;2025-11-07;2;0.3
28;2025-11-07;3;0.6
28;2025-11-07;4;2.2
28;2025-11-07;5;69.1
28;2025-11-07;6;289.7
28;2025-11-07;7;774.7
28;2025-11-07;8;1187.0
28;2025-11-07;9;778.4
28;2025-11-07;10;631.1
28;2025-11-07;11;593.1
28;2025-11-07;12;685.6
28;2025-11-07;13;699.4
28;2025-11-07;14;681.4
28;2025-11-07;15;729.2
28;2025-11-07;16;892.0
28;2025-11-07;17;975.8
28;2025-11-07;18;853.4
28;2025-11-07;19;694.8
28;2025-11-07;20;442.8
28;2025-11-07;21;307.8
28;2025-11-07;22;141.8
28;2025-11-07;23;54.6
28;2025-11-08;0;26.8
28;2025-11-08;1;8.0
28;2025-11-08;2;4.5
28;2025-11-08;3;2.3
28;2025-11-08;4;1.7
28;2025-11-08;5;36.5
28;2025-11-08;6;128.6
28;2025-11-08;7;225.0
28;2025-11-08;8;341.4
28;2025-11-08;9;395.7
28;2025-11-08;10;443.6
28;2025-11-08;11;487.9
28;2025-11-08;12;544.6
28;2025-11-08;13;563.9
28;2025-11-08;14;548.4
28;2025-11-08;15;558.9
28;2025-11-08;16;553.7
28;2025-11-08;17;543.7
28;2025-11-08;18;492.7
28;2025-11-08;19;429.8
28;2025-11-08;20;335.4
28;2025-11-08;21;259.0
28;2025-11-08;22;145.0
28;2025-11-08;23;74.1
28;2025-11-09;0;24.5
28;2025-11-09;1;5.4
28;2025-11-09;2;2.9
28;2025-11-09;3;0.4
28;2025-11-09;4;0.4
28;2025-11-09;5;24.3
28;2025-11-09;6;88.4
28;2025-11-09;7;163.2
28;2025-11-09;8;239.6
28;2025-11-09;9;312.1
28;2025-11-09;10;365.9
28;2025-11-09;11;426.3
28;2025-11-09;12;466.5
28;2025-11-09;13;506.7
28;2025-11-09;14;494.8
28;2025-11-09;15;492.7
28;2025-11-09;16;474.2
28;2025-11-09;17;493.6
28;2025-11-09;18;440.7
28;2025-11-09;19;379.8
28;2025-11-09;20;294.7
28;2025-11-09;21;226.0
28;2025-11-09;22;127.0
28;2025-11-09;23;53.5
28;2025-11-10;0;10.7
28;2025-11-10;1;0.7
28;2025-11-10;2;0.1
28;2025-11-10;3;0.0
28;2025-11-10;4;2.9
28;2025-11-10;5;73.5
28;2025-11-10;6;290.1
28;2025-11-10;7;747.8
28;2025-11-10;8;1149.8
28;2025-11-10;9;785.3
28;2025-11-10;10;634.9
28;2025-11-10;11;558.8
28;2025-11-10;12;619.2
28;2025-11-10;13;623.6
28;2025-11-10;14;626.6
28;2025-11-10;15;634.9
28;2025-11-10;16;785.2
28;2025-11-10;17;937.7
28;2025-11-10;18;986.6
28;2025-11-10;19;736.3
28;2025-11-10;20;474.7
28;2025-11-10;21;295.8
28;2025-11-10;22;129.8
28;2025-11-10;23;35.6
28;2025-11-11;0;10.6
28;2025-11-11;1;0.2
28;2025-11-11;2;0.2
28;2025-11-11;3;0.3
28;2025-11-11;4;3.2
28;2025-11-11;5;70.4
28;2025-11-11;6;287.8
28;2025-11-11;7;746.7
28;2025-11-11;8;1168.4
28;2025-11-11;9;795.5
28;2025-11-11;10;648.3
28;2025-11-11;11;596.1
28;2025-11-11;12;650.2
28;2025-11-11;13;668.0
28;2025-11-11;14;645.6
28;2025-11-11;15;677.7
28;2025-11-11;16;731.3
28;2025-11-11;17;912.0
28;2025-11-11;18;998.4
28;2025-11-11;19;698.1
28;2025-11-11;20;477.8
28;2025-11-11;21;306.4
28;2025-11-11;22;139.7
28;2025-11-11;23;43.6
28;2025-11-12;0;11.1
28;2025-11-12;1;0.8
28;2025-11-12;2;0.2
28;2025-11-12;3;0.4
28;2025-11-12;4;2.9
28;2025-11-12;5;66.1
28;2025-11-12;6;277.6
28;2025-11-12;7;746.3
28;2025-11-12;8;1151.7
28;2025-11-12;9;825.6
28;2025-11-12;10;621.5
28;2025-11-12;11;604.9
28;2025-11-12;12;703.1
28;2025-11-12;13;706.5
28;2025-11-12;14;655.5
28;2025-11-12;15;673.6
28;2025-11-12;16;833.2
28;2025-11-12;17;961.9
28;2025-11-12;18;1019.9
28;2025-11-12;19;764.5
28;2025-11-12;20;527.3
28;2025-11-12;21;324.1
28;2025-11-12;22;143.7
28;2025-11-12;23;46.9
28;2025-11-13;0;12.2
28;2025-11-13;1;1.7
28;2025-11-13;2;0.4
28;2025-11-13;3;0.5
28;2025-11-13;4;4.0
28;2025-11-13;5;73.9
28;2025-11-13;6;276.7
28;2025-11-13;7;765.8
28;2025-11-13;8;1070.1
28;2025-11-13;9;760.2
28;2025-11-13;10;583.2
28;2025-11-13;11;567.9
28;2025-11-13;12;634.5
28;2025-11-13;13;682.7
28;2025-11-13;14;646.5
28;2025-11-13;15;690.5
28;2025-11-13;16;798.7
28;2025-11-13;17;1014.0
28;2025-11-13;18;1036.5
28;2025-11-13;19;779.1
28;2025-11-13;20;519.1
28;2025-11-13;21;327.4
28;2025-11-13;22;152.8
28;2025-11-13;23;53.7
28;2025-11-14;0;12.1
28;2025-11-14;1;1.3
28;2025-11-14;2;0.3
28;2025-11-14;3;0.6
28;2025-11-14;4;2.2
28;2025-11-14;5;69.1
28;2025-11-14;6;289.7
28;2025-11-14;7;774.7
28;2025-11-14;8;1187.0
28;2025-11-14;9;778.4
28;2025-11-14;10;631.1
28;2025-11-14;11;593.1
28;2025-11-14;12;685.6
28;2025-11-14;13;699.4
28;2025-11-14;14;681.4
28;2025-11-14;15;729.2
28;2025-11-14;16;892.0
28;2025-11-14;17;975.8
28;2025-11-14;18;853.4
28;2025-11-14;19;694.8
28;2025-11-14;20;442.8
28;2025-11-14;21;307.8
28;2025-11-14;22;141.8
28;2025-11-14;23;54.6
28;2025-11-15;0;26.8
28;2025-11-15;1;8.0
28;2025-11-15;2;4.5
28;2025-11-15;3;2.3
28;2025-11-15;4;1.7
28;2025-11-15;5;36.5
28;2025-11-15;6;128.6
28;2025-11-15;7;225.0
28;2025-11-15;8;341.4
28;2025-11-15;9;395.7
28;2025-11-15;10;443.6
28;2025-11-15;11;487.9
28;2025-11-15;12;544.6
28;2025-11-15;13;563.9
28;2025-11-15;14;548.4
28;2025-11-15;15;558.9
28;2025-11-15;16;553.7
28;2025-11-15;17;543.7
28;2025-11-15;18;492.7
28;2025-11-15;19;429.8
28;2025-11-15;20;335.4
28;2025-11-15;21;259.0
28;2025-11-15;22;145.0
28;2025-11-15;23;74.1
28;2025-11-16;0;24.5
28;2025-11-16;1;5.4
28;2025-11-16;2;2.9
28;2025-11-16;3;0.4
28;2025-11-16;4;0.4
28;2025-11-16;5;24.3
28;2025-11-16;6;88.4
28;2025-11-16;7;163.2
28;2025-11-16;8;239.6
28;2025-11-16;9;312.1
28;2025-11-16;10;365.9
28;2025-11-16;11;426.3
28;2025-11-16;12;466.5
28;2025-11-16;13;506.7
28;2025-11-16;14;494.8
28;2025-11-16;15;492.7
28;2025-11-16;16;474.2
28;2025-11-16;17;493.6
28;2025-11-16;18;440.7
28;2025-11-16;19;379.8
28;2025-11-16;20;294.7
28;2025-11-16;21;226.0
28;2025-11-16;22;127.0
28;2025-11-16;23;53.5
28;2025-11-17;0;10.7
28;2025-11-17;1;0.7
28;2025-11-17;2;0.1
28;2025-11-17;3;0.0
28;2025-11-17;4;2.9
28;2025-11-17;5;73.5
28;2025-11-17;6;290.1
28;2025-11-17;7;747.8
28;2025-11-17;8;1149.8
28;2025-11-17;9;785.3
28;2025-11-17;10;634.9
28;2025-11-17;11;558.8
28;2025-11-17;12;619.2
28;2025-11-17;13;623.6
28;2025-11-17;14;626.6
28;2025-11-17;15;634.9
28;2025-11-17;16;785.2
28;2025-11-17;17;937.7
28;2025-11-17;18;986.6
28;2025-11-17;19;736.3
28;2025-11-17;20;474.7
28;2025-11-17;21;295.8
28;2025-11-17;22;129.8
28;2025-11-17;23;35.6
28;2025-11-18;0;10.6
28;2025-11-18;1;0.2
28;2025-11-18;2;0.2
28;2025-11-18;3;0.3
28;2025-11-18;4;3.2
28;2025-11-18;5;70.4
28;2025-11-18;6;287.8
28;2025-11-18;7;746.7
28;2025-11-18;8;1168.4
28;2025-11-18;9;795.5
28;2025-11-18;10;648.3
28;2025-11-18;11;596.1
28;2025-11-18;12;650.2
28;2025-11-18;13;668.0
28;2025-11-18;14;645.6
28;2025-11-18;15;677.7
28;2025-11-18;16;731.3
28;2025-11-18;17;912.0
28;2025-11-18;18;998.4
28;2025-11-18;19;698.1
28;2025-11-18;20;477.8
28;2025-11-18;21;306.4
28;2025-11-18;22;139.7
28;2025-11-18;23;43.6
28;2025-11-19;0;11.1
28;2025-11-19;1;0.8
28;2025-11-19;2;0.2
28;2025-11-19;3;0.4
28;2025-11-19;4;2.9
28;2025-11-19;5;66.1
28;2025-11-19;6;277.6
28;2025-11-19;7;746.3
28;2025-11-19;8;1151.7
28;2025-11-19;9;825.6
28;2025-11-19;10;621.5
28;2025-11-19;11;604.9
28;2025-11-19;12;703.1
28;2025-11-19;13;706.5
28;2025-11-19;14;655.5
28;2025-11-19;15;673.6
28;2025-11-19;16;833.2
28;2025-11-19;17;961.9
28;2025-11-19;18;1019.9
28;2025-11-19;19;764.5
28;2025-11-19;20;527.3
28;2025-11-19;21;324.1
28;2025-11-19;22;143.7
28;2025-11-19;23;46.9
28;2025-11-20;0;12.2
28;2025-11-20;1;1.7
28;2025-11-20;2;0.4
28;2025-11-20;3;0.5
28;2025-11-20;4;4.0
28;2025-11-20;5;73.9
28;2025-11-20;6;276.7
28;2025-11-20;7;765.8
28;2025-11-20;8;1070.1
28;2025-11-20;9;760.2
28;2025-11-20;10;583.2
28;2025-11-20;11;567.9
28;2025-11-20;12;634.5
28;2025-11-20;13;682.7
28;2025-11-20;14;646.5
28;2025-11-20;15;690.5
28;2025-11-20;16;798.7
28;2025-11-20;17;1014.0
28;2025-11-20;18;1036.5
28;2025-11-20;19;779.1
28;2025-11-20;20;519.1
28;2025-11-20;21;327.4
28;2025-11-20;22;152.8
28;2025-11-20;23;53.7
28;2025-11-21;0;12.1
28;2025-11-21;1;1.3
28;2025-11-21;2;0.3
28;2025-11-21;3;0.6
28;2025-11-21;4;2.2
28;2025-11-21;5;69.1
28;2025-11-21;6;289.7
28;2025-11-21;7;774.7
28;2025-11-21;8;1187.0
28;2025-11-21;9;778.4
28;2025-11-21;10;631.1
28;2025-11-21;11;593.1
28;2025-11-21;12;685.6
28;2025-11-21;13;699.4
28;2025-11-21;14;681.4
28;2025-11-21;15;729.2
28;2025-11-21;16;892.0
28;2025-11-21;17;975.8
28;2025-11-21;18;853.4
28;2025-11-21;19;694.8
28;2025-11-21;20;442.8
28;2025-11-21;21;307.8
28;2025-11-21;22;141.8
28;2025-11-21;23;54.6
28;2025-11-22;0;26.8
28;2025-11-22;1;8.0
28;2025-11-22;2;4.5
28;2025-11-22;3;2.3
28;2025-11-22;4;1.7
28;2025-11-22;5;36.5
28;2025-11-22;6;128.6
28;2025-11-22;7;225.0
28;2025-11-22;8;341.4
28;2025-11-22;9;395.7
28;2025-11-22;10;443.6
28;2025-11-22;11;487.9
28;2025-11-22;12;544.6
28;2025-11-22;13;563.9
28;2025-11-22;14;548.4
28;2025-11-22;15;558.9
28;2025-11-22;16;553.7
28;2025-11-22;17;543.7
28;2025-11-22;18;492.7
28;2025-11-22;19;429.8
28;2025-11-22;20;335.4
28;2025-11-22;21;259.0
28;2025-11-22;22;145.0
28;2025-11-22;23;74.1
28;2025-11-23;0;24.5
28;2025-11-23;1;5.4
28;2025-11-23;2;2.9
28;2025-11-23;3;0.4
28;2025-11-23;4;0.4
28;2025-11-23;5;24.3
28;2025-11-23;6;88.4
28;2025-11-23;7;163.2
28;2025-11-23;8;239.6
28;2025-11-23;9;312.1
28;2025-11-23;10;365.9
28;2025-11-23;11;426.3
28;2025-11-23;12;466.5
28;2025-11-23;13;506.7
28;2025-11-23;14;494.8
28;2025-11-23;15;492.7
28;2025-11-23;16;474.2
28;2025-11-23;17;493.6
28;2025-11-23;18;440.7
28;2025-11-23;19;379.8
28;2025-11-23;20;294.7
28;2025-11-23;21;226.0
28;2025-11-23;22;127.0
28;2025-11-23;23;53.5
28;2025-11-24;0;10.7
28;2025-11-24;1;0.7
28;2025-11-24;2;0.1
28;2025-11-24;3;0.0
28;2025-11-24;4;2.9
28;2025-11-24;5;73.5
28;2025-11-24;6;290.1
28;2025-11-24;7;747.8
28;2025-11-24;8;1149.8
28;2025-11-24;9;785.3
28;2025-11-24;10;634.9
28;2025-11-24;11;558.8
28;2025-11-24;12;619.2
28;2025-11-24;13;623.6
28;2025-11-24;14;626.6
28;2025-11-24;15;634.9
28;2025-11-24;16;785.2
28;2025-11-24;17;937.7
28;2025-11-24;18;986.6
28;2025-11-24;19;736.3
28;2025-11-24;20;474.7
28;2025-11-24;21;295.8
28;2025-11-24;22;129.8
28;2025-11-24;23;35.6
28;2025-11-25;0;10.6
28;2025-11-25;1;0.2
28;2025-11-25;2;0.2
28;2025-11-25;3;0.3
28;2025-11-25;4;3.2
28;2025-11-25;5;70.4
28;2025-11-25;6;287.8
28;2025-11-25;7;746.7
28;2025-11-25;8;1168.4
28;2025-11-25;9;795.5
28;2025-11-25;10;648.3
28;2025-11-25;11;596.1
28;2025-11-25;12;650.2
28;2025-11-25;13;668.0
28;2025-11-25;14;645.6
28;2025-11-25;15;677.7
28;2025-11-25;16;731.3
28;2025-11-25;17;912.0
28;2025-11-25;18;998.4
28;2025-11-25;19;698.1
28;2025-11-25;20;477.8
28;2025-11-25;21;306.4
28;2025-11-25;22;139.7
28;2025-11-25;23;43.6
28;2025-11-26;0;11.1
28;2025-11-26;1;0.8
28;2025-11-26;2;0.2
28;2025-11-26;3;0.4
28;2025-11-26;4;2.9
28;2025-11-26;5;66.1
28;2025-11-26;6;277.6
28;2025-11-26;7;746.3
28;2025-11-26;8;1151.7
28;2025-11-26;9;825.6
28;2025-11-26;10;621.5
28;2025-11-26;11;604.9
28;2025-11-26;12;703.1
28;2025-11-26;13;706.5
28;2025-11-26;14;655.5
28;2025-11-26;15;673.6
28;2025-11-26;16;833.2
28;2025-11-26;17;961.9
28;2025-11-26;18;1019.9
28;2025-11-26;19;764.5
28;2025-11-26;20;527.3
28;2025-11-26;21;324.1
28;2025-11-26;22;143.7
28;2025-11-26;23;46.9
28;2025-11-27;0;12.2
28;2025-11-27;1;1.7
28;2025-11-27;2;0.4
28;2025-11-27;3;0.5
28;2025-11-27;4;4.0
28;2025-11-27;5;73.9
28;2025-11-27;6;276.7
28;2025-11-27;7;765.8
28;2025-11-27;8;1070.1
28;2025-11-27;9;760.2
28;2025-11-27;10;583.2
28;2025-11-27;11;567.9
28;2025-11-27;12;634.5
28;2025-11-27;13;682.7
28;2025-11-27;14;646.5
28;2025-11-27;15;690.5
28;2025-11-27;16;798.7
28;2025-11-27;17;1014.0
28;2025-11-27;18;1036.5
28;2025-11-27;19;779.1
28;2025-11-27;20;519.1
28;2025-11-27;21;327.4
28;2025-11-27;22;152.8
28;2025-11-27;23;53.7
28;2025-11-28;0;12.1
28;2025-11-28;1;1.3
28;2025-11-28;2;0.3
28;2025-11-28;3;0.6
28;2025-11-28;4;2.2
28;2025-11-28;5;69.1
28;2025-11-28;6;289.7
28;2025-11-28;7;774.7
28;2025-11-28;8;1187.0
28;2025-11-28;9;778.4
28;2025-11-28;10;631.1
28;2025-11-28;11;593.1
28;2025-11-28;12;685.6
28;2025-11-28;13;699.4
28;2025-11-28;14;681.4
28;2025-11-28;15;729.2
28;2025-11-28;16;892.0
28;2025-11-28;17;975.8
28;2025-11-28;18;853.4
28;2025-11-28;19;694.8
28;2025-11-28;20;442.8
28;2025-11-28;21;307.8
28;2025-11-28;22;141.8
28;2025-11-28;23;54.6
28;2025-11-29;0;26.8
28;2025-11-29;1;8.0
28;2025-11-29;2;4.5
28;2025-11-29;3;2.3
28;2025-11-29;4;1.7
28;2025-11-29;5;36.5
28;2025-11-29;6;128.6
28;2025-11-29;7;225.0
28;2025-11-29;8;341.4
28;2025-11-29;9;395.7
28;2025-11-29;10;443.6
28;2025-11-29;11;487.9
28;2025-11-29;12;544.6
28;2025-11-29;13;563.9
28;2025-11-29;14;548.4
28;2025-11-29;15;558.9
28;2025-11-29;16;553.7
28;2025-11-29;17;543.7
28;2025-11-29;18;492.7
28;2025-11-29;19;429.8
28;2025-11-29;20;335.4
28;2025-11-29;21;259.0
28;2025-11-29;22;145.0
28;2025-11-29;23;74.1
28;2025-11-30;0;24.5
28;2025-11-30;1;5.4
28;2025-11-30;2;2.9
28;2025-11-30;3;0.4
28;2025-11-30;4;0.4
28;2025-11-30;5;24.3
28;2025-11-30;6;88.4
28;2025-11-30;7;163.2
28;2025-11-30;8;239.6
28;2025-11-30;9;312.1
28;2025-11-30;10;365.9
28;2025-11-30;11;426.3
28;2025-11-30;12;466.5
28;2025-11-30;13;506.7
28;2025-11-30;14;494.8
28;2025-11-30;15;492.7
28;2025-11-30;16;474.2
28;2025-11-30;17;493.6
28;2025-11-30;18;440.7
28;2025-11-30;19;379.8
28;2025-11-30;20;294.7
28;2025-11-30;21;226.0
28;2025-11-30;22;127.0
28;2025-11-30;23;53.5
28;2025-12-01;0;11.4
28;2025-12-01;1;0.8
28;2025-12-01;2;0.2
28;2025-12-01;3;0.0
28;2025-12-01;4;3.1
28;2025-12-01;5;78.5
28;2025-12-01;6;309.9
28;2025-12-01;7;798.9
28;2025-12-01;8;1228.2
28;2025-12-01;9;838.9
28;2025-12-01;10;678.3
28;2025-12-01;11;596.9
28;2025-12-01;12;661.5
28;2025-12-01;13;666.1
28;2025-12-01;14;669.4
28;2025-12-01;15;678.2
28;2025-12-01;16;838.8
28;2025-12-01;17;1001.6
28;2025-12-01;18;1054.0
28;2025-12-01;19;786.5
28;2025-12-01;20;507.1
28;2025-12-01;21;316.0
28;2025-12-01;22;138.7
28;2025-12-01;23;38.0
28;2025-12-02;0;11.3
28;2025-12-02;1;0.2
28;2025-12-02;2;0.3
28;2025-12-02;3;0.3
28;2025-12-02;4;3.4
28;2025-12-02;5;75.3
28;2025-12-02;6;307.5
28;2025-12-02;7;797.7
28;2025-12-02;8;1248.1
28;2025-12-02;9;849.8
28;2025-12-02;10;692.6
28;2025-12-02;11;636.8
28;2025-12-02;12;694.6
28;2025-12-02;13;713.6
28;2025-12-02;14;689.6
28;2025-12-02;15;724.0
28;2025-12-02;16;781.2
28;2025-12-02;17;974.2
28;2025-12-02;18;1066.6
28;2025-12-02;19;745.8
28;2025-12-02;20;510.4
28;2025-12-02;21;327.3
28;2025-12-02;22;149.3
28;2025-12-02;23;46.5
28;2025-12-03;0;11.8
28;2025-12-03;1;0.8
28;2025-12-03;2;0.2
28;2025-12-03;3;0.4
28;2025-12-03;4;3.1
28;2025-12-03;5;70.6
28;2025-12-03;6;296.6
28;2025-12-03;7;797.3
28;2025-12-03;8;1230.3
28;2025-12-03;9;881.9
28;2025-12-03;10;664.0
28;2025-12-03;11;646.2
28;2025-12-03;12;751.1
28;2025-12-03;13;754.7
28;2025-12-03;14;700.3
28;2025-12-03;15;719.6
28;2025-12-03;16;890.1
28;2025-12-03;17;1027.5
28;2025-12-03;18;1089.5
28;2025-12-03;19;816.6
28;2025-12-03;20;563.3
28;2025-12-03;21;346.2
28;2025-12-03;22;153.5
28;2025-12-03;23;50.1
28;2025-12-04;0;13.0
28;2025-12-04;1;1.9
28;2025-12-04;2;0.5
28;2025-12-04;3;0.5
28;2025-12-04;4;4.2
28;2025-12-04;5;78.9
28;2025-12-04;6;295.5
28;2025-12-04;7;818.1
28;2025-12-04;8;1143.1
28;2025-12-04;9;812.1
28;2025-12-04;10;623.0
28;2025-12-04;11;606.7
28;2025-12-04;12;677.8
28;2025-12-04;13;729.3
28;2025-12-04;14;690.6
28;2025-12-04;15;737.6
28;2025-12-04;16;853.2
28;2025-12-04;17;1083.3
28;2025-12-04;18;1107.3
28;2025-12-04;19;832.3
28;2025-12-04;20;554.5
28;2025-12-04;21;349.8
28;2025-12-04;22;163.3
28;2025-12-04;23;57.4
28;2025-12-05;0;12.9
28;2025-12-05;1;1.4
28;2025-12-05;2;0.3
28;2025-12-05;3;0.6
28;2025-12-05;4;2.4
28;2025-12-05;5;73.8
28;2025-12-05;6;309.4
28;2025-12-05;7;827.6
28;2025-12-05;8;1268.0
28;2025-12-05;9;831.5
28;2025-12-05;10;674.2
28;2025-12-05;11;633.5
28;2025-12-05;12;732.4
28;2025-12-05;13;747.1
28;2025-12-05;14;727.9
28;2025-12-05;15;779.0
28;2025-12-05;16;952.9
28;2025-12-05;17;1042.4
28;2025-12-05;18;911.6
28;2025-12-05;19;742.2
28;2025-12-05;20;473.0
28;2025-12-05;21;328.8
28;2025-12-05;22;151.5
28;2025-12-05;23;58.3
28;2025-12-06;0;28.6
28;2025-12-06;1;8.5
28;2025-12-06;2;4.8
28;2025-12-06;3;2.5
28;2025-12-06;4;1.8
28;2025-12-06;5;39.0
28;2025-12-06;6;137.4
28;2025-12-06;7;240.3
28;2025-12-06;8;364.7
28;2025-12-06;9;422.7
28;2025-12-06;10;473.9
28;2025-12-06;11;521.2
28;2025-12-06;12;581.7
28;2025-12-06;13;602.4
28;2025-12-06;14;585.8
28;2025-12-06;15;597.1
28;2025-12-06;16;591.5
28;2025-12-06;17;580.8
28;2025-12-06;18;526.4
28;2025-12-06;19;459.1
28;2025-12-06;20;358.3
28;2025-12-06;21;276.7
28;2025-12-06;22;154.9
28;2025-12-06;23;79.2
28;2025-12-07;0;26.2
28;2025-12-07;1;5.8
28;2025-12-07;2;3.1
28;2025-12-07;3;0.5
28;2025-12-07;4;0.4
28;2025-12-07;5;25.9
28;2025-12-07;6;94.4
28;2025-12-07;7;174.4
28;2025-12-07;8;256.0
28;2025-12-07;9;333.4
28;2025-12-07;10;390.9
28;2025-12-07;11;455.4
28;2025-12-07;12;498.3
28;2025-12-07;13;541.3
28;2025-12-07;14;528.6
28;2025-12-07;15;526.3
28;2025-12-07;16;506.6
28;2025-12-07;17;527.3
28;2025-12-07;18;470.8
28;2025-12-07;19;405.7
28;2025-12-07;20;314.8
28;2025-12-07;21;241.5
28;2025-12-07;22;135.7
28;2025-12-07;23;57.1
28;2025-12-08;0;11.4
28;2025-12-08;1;0.8
28;2025-12-08;2;0.2
28;2025-12-08;3;0.0
28;2025-12-08;4;3.1
28;2025-12-08;5;78.5
28;2025-12-08;6;309.9
28;2025-12-08;7;798.9
28;2025-12-08;8;1228.2
28;2025-12-08;9;838.9
28;2025-12-08;10;678.3
28;2025-12-08;11;596.9
28;2025-12-08;12;661.5
28;2025-12-08;13;666.1
28;2025-12-08;14;669.4
28;2025-12-08;15;678.2
28;2025-12-08;16;838.8
28;2025-12-08;17;1001.6
28;2025-12-08;18;1054.0
28;2025-12-08;19;786.5
28;2025-12-08;20;507.1
28;2025-12-08;21;316.0
28;2025-12-08;22;138.7
28;2025-12-08;23;38.0
28;2025-12-09;0;11.3
28;2025-12-09;1;0.2
28;2025-12-09;2;0.3
28;2025-12-09;3;0.3
28;2025-12-09;4;3.4
28;2025-12-09;5;75.3
28;2025-12-09;6;307.5
28;2025-12-09;7;797.7
28;2025-12-09;8;1248.1
28;2025-12-09;9;849.8
28;2025-12-09;10;692.6
28;2025-12-09;11;636.8
28;2025-12-09;12;694.6
28;2025-12-09;13;713.6
28;2025-12-09;14;689.6
28;2025-12-09;15;724.0
28;2025-12-09;16;781.2
28;2025-12-09;17;974.2
28;2025-12-09;18;1066.6
28;2025-12-09;19;745.8
28;2025-12-09;20;510.4
28;2025-12-09;21;327.3
28;2025-12-09;22;149.3
28;2025-12-09;23;46.5
28;2025-12-10;0;11.8
28;2025-12-10;1;0.8
28;2025-12-10;2;0.2
28;2025-12-10;3;0.4
28;2025-12-10;4;3.1
28;2025-12-10;5;70.6
28;2025-12-10;6;296.6
28;2025-12-10;7;797.3
28;2025-12-10;8;1230.3
28;2025-12-10;9;881.9
28;2025-12-10;10;664.0
28;2025-12-10;11;646.2
28;2025-12-10;12;751.1
28;2025-12-10;13;754.7
28;2025-12-10;14;700.3
28;2025-12-10;15;719.6
28;2025-12-10;16;890.1
28;2025-12-10;17;1027.5
28;2025-12-10;18;1089.5
28;2025-12-10;19;816.6
28;2025-12-10;20;563.3
28;2025-12-10;21;346.2
28;2025-12-10;22;153.5
28;2025-12-10;23;50.1
28;2025-12-11;0;13.0
28;2025-12-11;1;1.9
28;2025-12-11;2;0.5
28;2025-12-11;3;0.5
28;2025-12-11;4;4.2
28;2025-12-11;5;78.9
28;2025-12-11;6;295.5
28;2025-12-11;7;818.1
28;2025-12-11;8;1143.1
28;2025-12-11;9;812.1
28;2025-12-11;10;623.0
28;2025-12-11;11;606.7
28;2025-12-11;12;677.8
28;2025-12-11;13;729.3
28;2025-12-11;14;690.6
28;2025-12-11;15;737.6
28;2025-12-11;16;853.2
28;2025-12-11;17;1083.3
28;2025-12-11;18;1107.3
28;2025-12-11;19;832.3
28;2025-12-11;20;554.5
28;2025-12-11;21;349.8
28;2025-12-11;22;163.3
28;2025-12-11;23;57.4
28;2025-12-12;0;12.9
28;2025-12-12;1;1.4
28;2025-12-12;2;0.3
28;2025-12-12;3;0.6
28;2025-12-12;4;2.4
28;2025-12-12;5;73.8
28;2025-12-12;6;309.4
28;2025-12-12;7;827.6
28;2025-12-12;8;1268.0
28;2025-12-12;9;831.5
28;2025-12-12;10;674.2
28;2025-12-12;11;633.5
28;2025-12-12;12;732.4
28;2025-12-12;13;747.1
28;2025-12-12;14;727.9
28;2025-12-12;15;779.0
28;2025-12-12;16;952.9
28;2025-12-12;17;1042.4
28;2025-12-12;18;911.6
28;2025-12-12;19;742.2
28;2025-12-12;20;473.0
28;2025-12-12;21;328.8
28;2025-12-12;22;151.5
28;2025-12-12;23;58.3
28;2025-12-13;0;28.6
28;2025-12-13;1;8.5
28;2025-12-13;2;4.8
28;2025-12-13;3;2.5
28;2025-12-13;4;1.8
28;2025-12-13;5;39.0
28;2025-12-13;6;137.4
28;2025-12-13;7;240.3
28;2025-12-13;8;364.7
28;2025-12-13;9;422.7
28;2025-12-13;10;473.9
28;2025-12-13;11;521.2
28;2025-12-13;12;581.7
28;2025-12-13;13;602.4
28;2025-12-13;14;585.8
28;2025-12-13;15;597.1
28;2025-12-13;16;591.5
28;2025-12-13;17;580.8
28;2025-12-13;18;526.4
28;2025-12-13;19;459.1
28;2025-12-13;20;358.3
28;2025-12-13;21;276.7
28;2025-12-13;22;154.9
28;2025-12-13;23;79.2
28;2025-12-14;0;26.2
28;2025-12-14;1;5.8
28;2025-12-14;2;3.1
28;2025-12-14;3;0.5
28;2025-12-14;4;0.4
28;2025-12-14;5;25.9
28;2025-12-14;6;94.4
28;2025-12-14;7;174.4
28;2025-12-14;8;256.0
28;2025-12-14;9;333.4
28;2025-12-14;10;390.9
28;2025-12-14;11;455.4
28;2025-12-14;12;498.3
28;2025-12-14;13;541.3
28;2025-12-14;14;528.6
28;2025-12-14;15;526.3
28;2025-12-14;16;506.6
28;2025-12-14;17;527.3
28;2025-12-14;18;470.8
28;2025-12-14;19;405.7
28;2025-12-14;20;314.8
28;2025-12-14;21;241.5
28;2025-12-14;22;135.7
28;2025-12-14;23;57.1
28;2025-12-15;0;11.4
28;2025-12-15;1;0.8
28;2025-12-15;2;0.2
28;2025-12-15;3;0.0
28;2025-12-15;4;3.1
28;2025-12-15;5;78.5
28;2025-12-15;6;309.9
28;2025-12-15;7;798.9
28;2025-12-15;8;1228.2
28;2025-12-15;9;838.9
28;2025-12-15;10;678.3
28;2025-12-15;11;596.9
28;2025-12-15;12;661.5
28;2025-12-15;13;666.1
28;2025-12-15;14;669.4
28;2025-12-15;15;678.2
28;2025-12-15;16;838.8
28;2025-12-15;17;1001.6
28;2025-12-15;18;1054.0
28;2025-12-15;19;786.5
28;2025-12-15;20;507.1
28;2025-12-15;21;316.0
28;2025-12-15;22;138.7
28;2025-12-15;23;38.0
28;2025-12-16;0;11.3
28;2025-12-16;1;0.2
28;2025-12-16;2;0.3
28;2025-12-16;3;0.3
28;2025-12-16;4;3.4
28;2025-12-16;5;75.3
28;2025-12-16;6;307.5
28;2025-12-16;7;797.7
28;2025-12-16;8;1248.1
28;2025-12-16;9;849.8
28;2025-12-16;10;692.6
28;2025-12-16;11;636.8
28;2025-12-16;12;694.6
28;2025-12-16;13;713.6
28;2025-12-16;14;689.6
28;2025-12-16;15;724.0
28;2025-12-16;16;781.2
28;2025-12-16;17;974.2
28;2025-12-16;18;1066.6
28;2025-12-16;19;745.8
28;2025-12-16;20;510.4
28;2025-12-16;21;327.3
28;2025-12-16;22;149.3
28;2025-12-16;23;46.5
28;2025-12-17;0;11.8
28;2025-12-17;1;0.8
28;2025-12-17;2;0.2
28;2025-12-17;3;0.4
28;2025-12-17;4;3.1
28;2025-12-17;5;70.6
28;2025-12-17;6;296.6
28;2025-12-17;7;797.3
28;2025-12-17;8;1230.3
28;2025-12-17;9;881.9
28;2025-12-17;10;664.0
28;2025-12-17;11;646.2
28;2025-12-17;12;751.1
28;2025-12-17;13;754.7
28;2025-12-17;14;700.3
28;2025-12-17;15;719.6
28;2025-12-17;16;890.1
28;2025-12-17;17;1027.5
28;2025-12-17;18;1089.5
28;2025-12-17;19;816.6
28;2025-12-17;20;563.3
28;2025-12-17;21;346.2
28;2025-12-17;22;153.5
28;2025-12-17;23;50.1
28;2025-12-18;0;13.0
28;2025-12-18;1;1.9
28;2025-12-18;2;0.5
28;2025-12-18;3;0.5
28;2025-12-18;4;4.2
28;2025-12-18;5;78.9
28;2025-12-18;6;295.5
28;2025-12-18;7;818.1
28;2025-12-18;8;1143.1
28;2025-12-18;9;812.1
28;2025-12-18;10;623.0
28;2025-12-18;11;606.7
28;2025-12-18;12;677.8
28;2025-12-18;13;729.3
28;2025-12-18;14;690.6
28;2025-12-18;15;737.6
28;2025-12-18;16;853.2
28;2025-12-18;17;1083.3
28;2025-12-18;18;1107.3
28;2025-12-18;19;832.3
28;2025-12-18;20;554.5
28;2025-12-18;21;349.8
28;2025-12-18;22;163.3
28;2025-12-18;23;57.4
28;2025-12-19;0;12.9
28;2025-12-19;1;1.4
28;2025-12-19;2;0.3
28;2025-12-19;3;0.6
28;2025-12-19;4;2.4
28;2025-12-19;5;73.8
28;2025-12-19;6;309.4
28;2025-12-19;7;827.6
28;2025-12-19;8;1268.0
28;2025-12-19;9;831.5
28;2025-12-19;10;674.2
28;2025-12-19;11;633.5
28;2025-12-19;12;732.4
28;2025-12-19;13;747.1
28;2025-12-19;14;727.9
28;2025-12-19;15;779.0
28;2025-12-19;16;952.9
28;2025-12-19;17;1042.4
28;2025-12-19;18;911.6
28;2025-12-19;19;742.2
28;2025-12-19;20;473.0
28;2025-12-19;21;328.8
28;2025-12-19;22;151.5
28;2025-12-19;23;58.3
28;2025-12-20;0;28.6
28;2025-12-20;1;8.5
28;2025-12-20;2;4.8
28;2025-12-20;3;2.5
28;2025-12-20;4;1.8
28;2025-12-20;5;39.0
28;2025-12-20;6;137.4
28;2025-12-20;7;240.3
28;2025-12-20;8;364.7
28;2025-12-20;9;422.7
28;2025-12-20;10;473.9
28;2025-12-20;11;521.2
28;2025-12-20;12;581.7
28;2025-12-20;13;602.4
28;2025-12-20;14;585.8
28;2025-12-20;15;597.1
28;2025-12-20;16;591.5
28;2025-12-20;17;580.8
28;2025-12-20;18;526.4
28;2025-12-20;19;459.1
28;2025-12-20;20;358.3
28;2025-12-20;21;276.7
28;2025-12-20;22;154.9
28;2025-12-20;23;79.2
28;2025-12-21;0;26.2
28;2025-12-21;1;5.8
28;2025-12-21;2;3.1
28;2025-12-21;3;0.5
28;2025-12-21;4;0.4
28;2025-12-21;5;25.9
28;2025-12-21;6;94.4
28;2025-12-21;7;174.4
28;2025-12-21;8;256.0
28;2025-12-21;9;333.4
28;2025-12-21;10;390.9
28;2025-12-21;11;455.4
28;2025-12-21;12;498.3
28;2025-12-21;13;541.3
28;2025-12-21;14;528.6
28;2025-12-21;15;526.3
28;2025-12-21;16;506.6
28;2025-12-21;17;527.3
28;2025-12-21;18;470.8
28;2025-12-21;19;405.7
28;2025-12-21;20;314.8
28;2025-12-21;21;241.5
28;2025-12-21;22;135.7
28;2025-12-21;23;57.1
28;2025-12-22;0;11.4
28;2025-12-22;1;0.8
28;2025-12-22;2;0.2
28;2025-12-22;3;0.0
28;2025-12-22;4;3.1
28;2025-12-22;5;78.5
28;2025-12-22;6;309.9
28;2025-12-22;7;798.9
28;2025-12-22;8;1228.2
28;2025-12-22;9;838.9
28;2025-12-22;10;678.3
28;2025-12-22;11;596.9
28;2025-12-22;12;661.5
28;2025-12-22;13;666.1
28;2025-12-22;14;669.4
28;2025-12-22;15;678.2
28;2025-12-22;16;838.8
28;2025-12-22;17;1001.6
28;2025-12-22;18;1054.0
28;2025-12-22;19;786.5
28;2025-12-22;20;507.1
28;2025-12-22;21;316.0
28;2025-12-22;22;138.7
28;2025-12-22;23;38.0
28;2025-12-23;0;11.3
28;2025-12-23;1;0.2
28;2025-12-23;2;0.3
28;2025-12-23;3;0.3
28;2025-12-23;4;3.4
28;2025-12-23;5;75.3
28;2025-12-23;6;307.5
28;2025-12-23;7;797.7
28;2025-12-23;8;1248.1
28;2025-12-23;9;849.8
28;2025-12-23;10;692.6
28;2025-12-23;11;636.8
28;2025-12-23;12;694.6
28;2025-12-23;13;713.6
28;2025-12-23;14;689.6
28;2025-12-23;15;724.0
28;2025-12-23;16;781.2
28;2025-12-23;17;974.2
28;2025-12-23;18;1066.6
28;2025-12-23;19;745.8
28;2025-12-23;20;510.4
28;2025-12-23;21;327.3
28;2025-12-23;22;149.3
28;2025-12-23;23;46.5
28;2025-12-24;0;11.8
28;2025-12-24;1;0.8
28;2025-12-24;2;0.2
28;2025-12-24;3;0.4
28;2025-12-24;4;3.1
28;2025-12-24;5;70.6
28;2025-12-24;6;296.6
28;2025-12-24;7;797.3
28;2025-12-24;8;1230.3
28;2025-12-24;9;881.9
28;2025-12-24;10;664.0
28;2025-12-24;11;646.2
28;2025-12-24;12;751.1
28;2025-12-24;13;754.7
28;2025-12-24;14;700.3
28;2025-12-24;15;719.6
28;2025-12-24;16;890.1
28;2025-12-24;17;1027.5
28;2025-12-24;18;1089.5
28;2025-12-24;19;816.6
28;2025-12-24;20;563.3
28;2025-12-24;21;346.2
28;2025-12-24;22;153.5
28;2025-12-24;23;50.1
28;2025-12-25;0;13.0
28;2025-12-25;1;1.9
28;2025-12-25;2;0.5
28;2025-12-25;3;0.5
28;2025-12-25;4;4.2
28;2025-12-25;5;78.9
28;2025-12-25;6;295.5
28;2025-12-25;7;818.1
28;2025-12-25;8;1143.1
28;2025-12-25;9;812.1
28;2025-12-25;10;623.0
28;2025-12-25;11;606.7
28;2025-12-25;12;677.8
28;2025-12-25;13;729.3
28;2025-12-25;14;690.6
28;2025-12-25;15;737.6
28;2025-12-25;16;853.2
28;2025-12-25;17;1083.3
28;2025-12-25;18;1107.3
28;2025-12-25;19;832.3
28;2025-12-25;20;554.5
28;2025-12-25;21;349.8
28;2025-12-25;22;163.3
28;2025-12-25;23;57.4
28;2025-12-26;0;12.9
28;2025-12-26;1;1.4
28;2025-12-26;2;0.3
28;2025-12-26;3;0.6
28;2025-12-26;4;2.4
28;2025-12-26;5;73.8
28;2025-12-26;6;309.4
28;2025-12-26;7;827.6
28;2025-12-26;8;1268.0
28;2025-12-26;9;831.5
28;2025-12-26;10;674.2
28;2025-12-26;11;633.5
28;2025-12-26;12;732.4
28;2025-12-26;13;747.1
28;2025-12-26;14;727.9
28;2025-12-26;15;779.0
28;2025-12-26;16;952.9
28;2025-12-26;17;1042.4
28;2025-12-26;18;911.6
28;2025-12-26;19;742.2
28;2025-12-26;20;473.0
28;2025-12-26;21;328.8
28;2025-12-26;22;151.5
28;2025-12-26;23;58.3
28;2025-12-27;0;28.6
28;2025-12-27;1;8.5
28;2025-12-27;2;4.8
28;2025-12-27;3;2.5
28;2025-12-27;4;1.8
28;2025-12-27;5;39.0
28;2025-12-27;6;137.4
28;2025-12-27;7;240.3
28;2025-12-27;8;364.7
28;2025-12-27;9;422.7
28;2025-12-27;10;473.9
28;2025-12-27;11;521.2
28;2025-12-27;12;581.7
28;2025-12-27;13;602.4
28;2025-12-27;14;585.8
28;2025-12-27;15;597.1
28;2025-12-27;16;591.5
28;2025-12-27;17;580.8
28;2025-12-27;18;526.4
28;2025-12-27;19;459.1
28;2025-12-27;20;358.3
28;2025-12-27;21;276.7
28;2025-12-27;22;154.9
28;2025-12-27;23;79.2
28;2025-12-28;0;26.2
28;2025-12-28;1;5.8
28;2025-12-28;2;3.1
28;2025-12-28;3;0.5
28;2025-12-28;4;0.4
28;2025-12-28;5;25.9
28;2025-12-28;6;94.4
28;2025-12-28;7;174.4
28;2025-12-28;8;256.0
28;2025-12-28;9;333.4
28;2025-12-28;10;390.9
28;2025-12-28;11;455.4
28;2025-12-28;12;498.3
28;2025-12-28;13;541.3
28;2025-12-28;14;528.6
28;2025-12-28;15;526.3
28;2025-12-28;16;506.6
28;2025-12-28;17;527.3
28;2025-12-28;18;470.8
28;2025-12-28;19;405.7
28;2025-12-28;20;314.8
28;2025-12-28;21;241.5
28;2025-12-28;22;135.7
28;2025-12-28;23;57.1
28;2025-12-29;0;11.4
28;2025-12-29;1;0.8
28;2025-12-29;2;0.2
28;2025-12-29;3;0.0
28;2025-12-29;4;3.1
28;2025-12-29;5;78.5
28;2025-12-29;6;309.9
28;2025-12-29;7;798.9
28;2025-12-29;8;1228.2
28;2025-12-29;9;838.9
28;2025-12-29;10;678.3
28;2025-12-29;11;596.9
28;2025-12-29;12;661.5
28;2025-12-29;13;666.1
28;2025-12-29;14;669.4
28;2025-12-29;15;678.2
28;2025-12-29;16;838.8
28;2025-12-29;17;1001.6
28;2025-12-29;18;1054.0
28;2025-12-29;19;786.5
28;2025-12-29;20;507.1
28;2025-12-29;21;316.0
28;2025-12-29;22;138.7
28;2025-12-29;23;38.0
28;2025-12-30;0;9.8
28;2025-12-30;1;0.7
28;2025-12-30;2;0.4
28;2025-12-30;3;0.9
28;2025-12-30;4;4.3
28;2025-12-30;5;76.1
28;2025-12-30;6;309.1
28;2025-12-30;7;793.0
28;2025-12-30;8;1240.0
28;2025-12-30;9;852.2
28;2025-12-30;10;702.2
28;2025-12-30;11;657.7
28;2025-12-30;12;720.6
28;2025-12-30;13;749.5
28;2025-12-30;14;733.3
28;2025-12-30;15;774.3
28;2025-12-30;16;824.1
28;2025-12-30;17;967.6
28;2025-12-30;18;963.4
28;2025-12-30;19;707.9
28;2025-12-30;20;501.4
28;2025-12-30;21;330.5
28;2025-12-30;22;155.9
28;2025-12-30;23;55.7
28;2025-12-31;0;21.2
28;2025-12-31;1;0.0
28;2025-12-31;2;0.0
28;2025-12-31;3;0.3
28;2025-12-31;4;0.0
28;2025-12-31;5;7.9
28;2025-12-31;6;72.3
28;2025-12-31;7;139.5
28;2025-12-31;8;193.5
28;2025-12-31;9;219.4
28;2025-12-31;10;251.2
28;2025-12-31;11;318.7
28;2025-12-31;12;385.4
28;2025-12-31;13;425.7
28;2025-12-31;14;431.1
28;2025-12-31;15;430.3
28;2025-12-31;16;430.0
28;2025-12-31;17;423.7
28;2025-12-31;18;405.0
28;2025-12-31;19;361.2
28;2025-12-31;20;272.6
28;2025-12-31;21;203.2
28;2025-12-31;22;111.1
28;2025-12-31;23;41.0
50;2025-11-01;0;71.6
50;2025-11-01;1;32.0
50;2025-11-01;2;26.3
50;2025-11-01;3;24.9
50;2025-11-01;4;25.7
50;2025-11-01;5;99.6
50;2025-11-01;6;412.2
50;2025-11-01;7;1067.9
50;2025-11-01;8;1659.2
50;2025-11-01;9;1375.7
50;2025-11-01;10;1116.6
50;2025-11-01;11;1167.3
50;2025-11-01;12;1138.5
50;2025-11-01;13;1169.3
50;2025-11-01;14;1188.3
50;2025-11-01;15;1285.1
50;2025-11-01;16;1458.0
50;2025-11-01;17;1434.5
50;2025-11-01;18;1233.6
50;2025-11-01;19;956.6
50;2025-11-01;20;706.9
50;2025-11-01;21;507.0
50;2025-11-01;22;278.6
50;2025-11-01;23;172.2
50;2025-11-02;0;50.9
50;2025-11-02;1;9.2
50;2025-11-02;2;2.5
50;2025-11-02;3;0.8
50;2025-11-02;4;0.3
50;2025-11-02;5;18.2
50;2025-11-02;6;120.6
50;2025-11-02;7;230.7
50;2025-11-02;8;357.9
50;2025-11-02;9;456.0
50;2025-11-02;10;506.4
50;2025-11-02;11;609.1
50;2025-11-02;12;676.3
50;2025-11-02;13;726.3
50;2025-11-02;14;741.9
50;2025-11-02;15;697.9
50;2025-11-02;16;677.2
50;2025-11-02;17;681.3
50;2025-11-02;18;614.0
50;2025-11-02;19;545.2
50;2025-11-02;20;435.8
50;2025-11-02;21;351.7
50;2025-11-02;22;202.3
50;2025-11-02;23;102.8
50;2025-11-03;0;40.3
50;2025-11-03;1;6.8
50;2025-11-03;2;7.8
50;2025-11-03;3;5.8
50;2025-11-03;4;0.0
50;2025-11-03;5;43.4
50;2025-11-03;6;173.1
50;2025-11-03;7;370.4
50;2025-11-03;8;532.5
50;2025-11-03;9;598.4
50;2025-11-03;10;625.9
50;2025-11-03;11;736.3
50;2025-11-03;12;821.3
50;2025-11-03;13;879.7
50;2025-11-03;14;888.1
50;2025-11-03;15;880.8
50;2025-11-03;16;832.9
50;2025-11-03;17;903.8
50;2025-11-03;18;832.2
50;2025-11-03;19;693.4
50;2025-11-03;20;515.0
50;2025-11-03;21;421.7
50;2025-11-03;22;262.5
50;2025-11-03;23;148.1
50;2025-11-04;0;47.9
50;2025-11-04;1;8.2
50;2025-11-04;2;8.1
50;2025-11-04;3;6.6
50;2025-11-04;4;2.1
50;2025-11-04;5;27.9
50;2025-11-04;6;142.1
50;2025-11-04;7;317.8
50;2025-11-04;8;466.4
50;2025-11-04;9;511.4
50;2025-11-04;10;527.1
50;2025-11-04;11;626.0
50;2025-11-04;12;697.0
50;2025-11-04;13;754.0
50;2025-11-04;14;761.2
50;2025-11-04;15;750.2
50;2025-11-04;16;702.5
50;2025-11-04;17;785.3
50;2025-11-04;18;728.5
50;2025-11-04;19;614.1
50;2025-11-04;20;462.3
50;2025-11-04;21;378.6
50;2025-11-04;22;222.1
50;2025-11-04;23;108.4
50;2025-11-05;0;39.7
50;2025-11-05;1;15.7
50;2025-11-05;2;11.0
50;2025-11-05;3;9.0
50;2025-11-05;4;13.5
50;2025-11-05;5;117.2
50;2025-11-05;6;577.0
50;2025-11-05;7;1760.1
50;2025-11-05;8;2710.5
50;2025-11-05;9;2087.0
50;2025-11-05;10;1666.0
50;2025-11-05;11;1572.2
50;2025-11-05;12;1525.6
50;2025-11-05;13;1503.5
50;2025-11-05;14;1466.4
50;2025-11-05;15;1553.1
50;2025-11-05;16;1726.5
50;2025-11-05;17;2297.6
50;2025-11-05;18;2370.9
50;2025-11-05;19;1438.8
50;2025-11-05;20;888.0
50;2025-11-05;21;611.8
50;2025-11-05;22;277.2
50;2025-11-05;23;161.2
50;2025-11-06;0;34.1
50;2025-11-06;1;4.3
50;2025-11-06;2;0.1
50;2025-11-06;3;0.0
50;2025-11-06;4;2.5
50;2025-11-06;5;93.2
50;2025-11-06;6;543.3
50;2025-11-06;7;1671.1
50;2025-11-06;8;2631.6
50;2025-11-06;9;2064.9
50;2025-11-06;10;1657.1
50;2025-11-06;11;1490.8
50;2025-11-06;12;1463.7
50;2025-11-06;13;1422.4
50;2025-11-06;14;1414.2
50;2025-11-06;15;1556.8
50;2025-11-06;16;1693.5
50;2025-11-06;17;2249.7
50;2025-11-06;18;2452.6
50;2025-11-06;19;1525.2
50;2025-11-06;20;1003.9
50;2025-11-06;21;658.6
50;2025-11-06;22;299.7
50;2025-11-06;23;156.3
50;2025-11-07;0;42.6
50;2025-11-07;1;6.2
50;2025-11-07;2;0.3
50;2025-11-07;3;0.5
50;2025-11-07;4;2.4
50;2025-11-07;5;87.9
50;2025-11-07;6;538.0
50;2025-11-07;7;1648.7
50;2025-11-07;8;2615.3
50;2025-11-07;9;2005.4
50;2025-11-07;10;1471.8
50;2025-11-07;11;1479.0
50;2025-11-07;12;1387.0
50;2025-11-07;13;1417.9
50;2025-11-07;14;1452.4
50;2025-11-07;15;1628.8
50;2025-11-07;16;1955.6
50;2025-11-07;17;1975.4
50;2025-11-07;18;1704.6
50;2025-11-07;19;1229.0
50;2025-11-07;20;858.1
50;2025-11-07;21;559.0
50;2025-11-07;22;271.4
50;2025-11-07;23;153.7
50;2025-11-08;0;55.3
50;2025-11-08;1;11.5
50;2025-11-08;2;4.4
50;2025-11-08;3;0.1
50;2025-11-08;4;0.2
50;2025-11-08;5;36.0
50;2025-11-08;6;192.8
50;2025-11-08;7;365.1
50;2025-11-08;8;554.1
50;2025-11-08;9;629.0
50;2025-11-08;10;651.1
50;2025-11-08;11;750.5
50;2025-11-08;12;790.8
50;2025-11-08;13;829.9
50;2025-11-08;14;831.4
50;2025-11-08;15;789.5
50;2025-11-08;16;755.0
50;2025-11-08;17;761.5
50;2025-11-08;18;692.8
50;2025-11-08;19;625.9
50;2025-11-08;20;491.0
50;2025-11-08;21;394.4
50;2025-11-08;22;226.7
50;2025-11-08;23;128.3
50;2025-11-09;0;50.9
50;2025-11-09;1;9.2
50;2025-11-09;2;2.5
50;2025-11-09;3;0.8
50;2025-11-09;4;0.3
50;2025-11-09;5;18.2
50;2025-11-09;6;120.6
50;2025-11-09;7;230.7
50;2025-11-09;8;357.9
50;2025-11-09;9;456.0
50;2025-11-09;10;506.4
50;2025-11-09;11;609.1
50;2025-11-09;12;676.3
50;2025-11-09;13;726.3
50;2025-11-09;14;741.9
50;2025-11-09;15;697.9
50;2025-11-09;16;677.2
50;2025-11-09;17;681.3
50;2025-11-09;18;614.0
50;2025-11-09;19;545.2
50;2025-11-09;20;435.8
50;2025-11-09;21;351.7
50;2025-11-09;22;202.3
50;2025-11-09;23;102.8
50;2025-11-10;0;24.1
50;2025-11-10;1;3.5
50;2025-11-10;2;0.0
50;2025-11-10;3;0.0
50;2025-11-10;4;1.4
50;2025-11-10;5;87.8
50;2025-11-10;6;566.1
50;2025-11-10;7;1672.1
50;2025-11-10;8;2661.1
50;2025-11-10;9;2074.1
50;2025-11-10;10;1561.2
50;2025-11-10;11;1447.0
50;2025-11-10;12;1363.6
50;2025-11-10;13;1397.8
50;2025-11-10;14;1349.7
50;2025-11-10;15;1498.1
50;2025-11-10;16;1580.1
50;2025-11-10;17;2129.7
50;2025-11-10;18;2382.4
50;2025-11-10;19;1356.9
50;2025-11-10;20;861.7
50;2025-11-10;21;573.4
50;2025-11-10;22;259.4
50;2025-11-10;23;119.8
50;2025-11-11;0;33.1
50;2025-11-11;1;5.4
50;2025-11-11;2;2.3
50;2025-11-11;3;0.2
50;2025-11-11;4;2.1
50;2025-11-11;5;98.6
50;2025-11-11;6;588.1
50;2025-11-11;7;1794.7
50;2025-11-11;8;2628.7
50;2025-11-11;9;2162.9
50;2025-11-11;10;1683.3
50;2025-11-11;11;1530.6
50;2025-11-11;12;1437.5
50;2025-11-11;13;1494.7
50;2025-11-11;14;1435.3
50;2025-11-11;15;1588.2
50;2025-11-11;16;1677.9
50;2025-11-11;17;2293.5
50;2025-11-11;18;2345.2
50;2025-11-11;19;1527.1
50;2025-11-11;20;955.2
50;2025-11-11;21;617.5
50;2025-11-11;22;267.4
50;2025-11-11;23;133.7
50;2025-11-12;0;27.1
50;2025-11-12;1;3.0
50;2025-11-12;2;0.1
50;2025-11-12;3;0.0
50;2025-11-12;4;1.6
50;2025-11-12;5;95.0
50;2025-11-12;6;549.2
50;2025-11-12;7;1723.7
50;2025-11-12;8;2681.6
50;2025-11-12;9;2056.9
50;2025-11-12;10;1637.3
50;2025-11-12;11;1540.0
50;2025-11-12;12;1482.2
50;2025-11-12;13;1452.4
50;2025-11-12;14;1414.8
50;2025-11-12;15;1499.8
50;2025-11-12;16;1674.3
50;2025-11-12;17;2252.0
50;2025-11-12;18;2323.1
50;2025-11-12;19;1414.1
50;2025-11-12;20;874.8
50;2025-11-12;21;606.7
50;2025-11-12;22;263.0
50;2025-11-12;23;146.6
50;2025-11-13;0;34.1
50;2025-11-13;1;4.3
50;2025-11-13;2;0.1
50;2025-11-13;3;0.0
50;2025-11-13;4;2.5
50;2025-11-13;5;93.2
50;2025-11-13;6;543.3
50;2025-11-13;7;1671.1
50;2025-11-13;8;2631.6
50;2025-11-13;9;2064.9
50;2025-11-13;10;1657.1
50;2025-11-13;11;1490.8
50;2025-11-13;12;1463.7
50;2025-11-13;13;1422.4
50;2025-11-13;14;1414.2
50;2025-11-13;15;1556.8
50;2025-11-13;16;1693.5
50;2025-11-13;17;2249.7
50;2025-11-13;18;2452.6
50;2025-11-13;19;1525.2
50;2025-11-13;20;1003.9
50;2025-11-13;21;658.6
50;2025-11-13;22;299.7
50;2025-11-13;23;156.3
50;2025-11-14;0;42.6
50;2025-11-14;1;6.2
50;2025-11-14;2;0.3
50;2025-11-14;3;0.5
50;2025-11-14;4;2.4
50;2025-11-14;5;87.9
50;2025-11-14;6;538.0
50;2025-11-14;7;1648.7
50;2025-11-14;8;2615.3
50;2025-11-14;9;2005.4
50;2025-11-14;10;1471.8
50;2025-11-14;11;1479.0
50;2025-11-14;12;1387.0
50;2025-11-14;13;1417.9
50;2025-11-14;14;1452.4
50;2025-11-14;15;1628.8
50;2025-11-14;16;1955.6
50;2025-11-14;17;1975.4
50;2025-11-14;18;1704.6
50;2025-11-14;19;1229.0
50;2025-11-14;20;858.1
50;2025-11-14;21;559.0
50;2025-11-14;22;271.4
50;2025-11-14;23;153.7
50;2025-11-15;0;55.3
50;2025-11-15;1;11.5
50;2025-11-15;2;4.4
50;2025-11-15;3;0.1
50;2025-11-15;4;0.2
50;2025-11-15;5;36.0
50;2025-11-15;6;192.8
50;2025-11-15;7;365.1
50;2025-11-15;8;554.1
50;2025-11-15;9;629.0
50;2025-11-15;10;651.1
50;2025-11-15;11;750.5
50;2025-11-15;12;790.8
50;2025-11-15;13;829.9
50;2025-11-15;14;831.4
50;2025-11-15;15;789.5
50;2025-11-15;16;755.0
50;2025-11-15;17;761.5
50;2025-11-15;18;692.8
50;2025-11-15;19;625.9
50;2025-11-15;20;491.0
50;2025-11-15;21;394.4
50;2025-11-15;22;226.7
50;2025-11-15;23;128.3
50;2025-11-16;0;50.9
50;2025-11-16;1;9.2
50;2025-11-16;2;2.5
50;2025-11-16;3;0.8
50;2025-11-16;4;0.3
50;2025-11-16;5;18.2
50;2025-11-16;6;120.6
50;2025-11-16;7;230.7
50;2025-11-16;8;357.9
50;2025-11-16;9;456.0
50;2025-11-16;10;506.4
50;2025-11-16;11;609.1
50;2025-11-16;12;676.3
50;2025-11-16;13;726.3
50;2025-11-16;14;741.9
50;2025-11-16;15;697.9
50;2025-11-16;16;677.2
50;2025-11-16;17;681.3
50;2025-11-16;18;614.0
50;2025-11-16;19;545.2
50;2025-11-16;20;435.8
50;2025-11-16;21;351.7
50;2025-11-16;22;202.3
50;2025-11-16;23;102.8
50;2025-11-17;0;24.1
50;2025-11-17;1;3.5
50;2025-11-17;2;0.0
50;2025-11-17;3;0.0
50;2025-11-17;4;1.4
50;2025-11-17;5;87.8
50;2025-11-17;6;566.1
50;2025-11-17;7;1672.1
50;2025-11-17;8;2661.1
50;2025-11-17;9;2074.1
50;2025-11-17;10;1561.2
50;2025-11-17;11;1447.0
50;2025-11-17;12;1363.6
50;2025-11-17;13;1397.8
50;2025-11-17;14;1349.7
50;2025-11-17;15;1498.1
50;2025-11-17;16;1580.1
50;2025-11-17;17;2129.7
50;2025-11-17;18;2382.4
50;2025-11-17;19;1356.9
50;2025-11-17;20;861.7
50;2025-11-17;21;573.4
50;2025-11-17;22;259.4
50;2025-11-17;23;119.8
50;2025-11-18;0;33.1
50;2025-11-18;1;5.4
50;2025-11-18;2;2.3
50;2025-11-18;3;0.2
50;2025-11-18;4;2.1
50;2025-11-18;5;98.6
50;2025-11-18;6;588.1
50;2025-11-18;7;1794.7
50;2025-11-18;8;2628.7
50;2025-11-18;9;2162.9
50;2025-11-18;10;1683.3
50;2025-11-18;11;1530.6
50;2025-11-18;12;1437.5
50;2025-11-18;13;1494.7
50;2025-11-18;14;1435.3
50;2025-11-18;15;1588.2
50;2025-11-18;16;1677.9
50;2025-11-18;17;2293.5
50;2025-11-18;18;2345.2
50;2025-11-18;19;1527.1
50;2025-11-18;20;955.2
50;2025-11-18;21;617.5
50;2025-11-18;22;267.4
50;2025-11-18;23;133.7
50;2025-11-19;0;27.1
50;2025-11-19;1;3.0
50;2025-11-19;2;0.1
50;2025-11-19;3;0.0
50;2025-11-19;4;1.6
50;2025-11-19;5;95.0
50;2025-11-19;6;549.2
50;2025-11-19;7;1723.7
50;2025-11-19;8;2681.6
50;2025-11-19;9;2056.9
50;2025-11-19;10;1637.3
50;2025-11-19;11;1540.0
50;2025-11-19;12;1482.2
50;2025-11-19;13;1452.4
50;2025-11-19;14;1414.8
50;2025-11-19;15;1499.8
50;2025-11-19;16;1674.3
50;2025-11-19;17;2252.0
50;2025-11-19;18;2323.1
50;2025-11-19;19;1414.1
50;2025-11-19;20;874.8
50;2025-11-19;21;606.7
50;2025-11-19;22;263.0
50;2025-11-19;23;146.6
50;2025-11-20;0;34.1
50;2025-11-20;1;4.3
50;2025-11-20;2;0.1
50;2025-11-20;3;0.0
50;2025-11-20;4;2.5
50;2025-11-20;5;93.2
50;2025-11-20;6;543.3
50;2025-11-20;7;1671.1
50;2025-11-20;8;2631.6
50;2025-11-20;9;2064.9
50;2025-11-20;10;1657.1
50;2025-11-20;11;1490.8
50;2025-11-20;12;1463.7
50;2025-11-20;13;1422.4
50;2025-11-20;14;1414.2
50;2025-11-20;15;1556.8
50;2025-11-20;16;1693.5
50;2025-11-20;17;2249.7
50;2025-11-20;18;2452.6
50;2025-11-20;19;1525.2
50;2025-11-20;20;1003.9
50;2025-11-20;21;658.6
50;2025-11-20;22;299.7
50;2025-11-20;23;156.3
50;2025-11-21;0;42.6
50;2025-11-21;1;6.2
50;2025-11-21;2;0.3
50;2025-11-21;3;0.5
50;2025-11-21;4;2.4
50;2025-11-21;5;87.9
50;2025-11-21;6;538.0
50;2025-11-21;7;1648.7
50;2025-11-21;8;2615.3
50;2025-11-21;9;2005.4
50;2025-11-21;10;1471.8
50;2025-11-21;11;1479.0
50;2025-11-21;12;1387.0
50;2025-11-21;13;1417.9
50;2025-11-21;14;1452.4
50;2025-11-21;15;1628.8
50;2025-11-21;16;1955.6
50;2025-11-21;17;1975.4
50;2025-11-21;18;1704.6
50;2025-11-21;19;1229.0
50;2025-11-21;20;858.1
50;2025-11-21;21;559.0
50;2025-11-21;22;271.4
50;2025-11-21;23;153.7
50;2025-11-22;0;55.3
50;2025-11-22;1;11.5
50;2025-11-22;2;4.4
50;2025-11-22;3;0.1
50;2025-11-22;4;0.2
50;2025-11-22;5;36.0
50;2025-11-22;6;192.8
50;2025-11-22;7;365.1
50;2025-11-22;8;554.1
50;2025-11-22;9;629.0
50;2025-11-22;10;651.1
50;2025-11-22;11;750.5
50;2025-11-22;12;790.8
50;2025-11-22;13;829.9
50;2025-11-22;14;831.4
50;2025-11-22;15;789.5
50;2025-11-22;16;755.0
50;2025-11-22;17;761.5
50;2025-11-22;18;692.8
50;2025-11-22;19;625.9
50;2025-11-22;20;491.0
50;2025-11-22;21;394.4
50;2025-11-22;22;226.7
50;2025-11-22;23;128.3
50;2025-11-23;0;50.9
50;2025-11-23;1;9.2
50;2025-11-23;2;2.5
50;2025-11-23;3;0.8
50;2025-11-23;4;0.3
50;2025-11-23;5;18.2
50;2025-11-23;6;120.6
50;2025-11-23;7;230.7
50;2025-11-23;8;357.9
50;2025-11-23;9;456.0
50;2025-11-23;10;506.4
50;2025-11-23;11;609.1
50;2025-11-23;12;676.3
50;2025-11-23;13;726.3
50;2025-11-23;14;741.9
50;2025-11-23;15;697.9
50;2025-11-23;16;677.2
50;2025-11-23;17;681.3
50;2025-11-23;18;614.0
50;2025-11-23;19;545.2
50;2025-11-23;20;435.8
50;2025-11-23;21;351.7
50;2025-11-23;22;202.3
50;2025-11-23;23;102.8
50;2025-11-24;0;24.1
50;2025-11-24;1;3.5
50;2025-11-24;2;0.0
50;2025-11-24;3;0.0
50;2025-11-24;4;1.4
50;2025-11-24;5;87.8
50;2025-11-24;6;566.1
50;2025-11-24;7;1672.1
50;2025-11-24;8;2661.1
50;2025-11-24;9;2074.1
50;2025-11-24;10;1561.2
50;2025-11-24;11;1447.0
50;2025-11-24;12;1363.6
50;2025-11-24;13;1397.8
50;2025-11-24;14;1349.7
50;2025-11-24;15;1498.1
50;2025-11-24;16;1580.1
50;2025-11-24;17;2129.7
50;2025-11-24;18;2382.4
50;2025-11-24;19;1356.9
50;2025-11-24;20;861.7
50;2025-11-24;21;573.4
50;2025-11-24;22;259.4
50;2025-11-24;23;119.8
50;2025-11-25;0;33.1
50;2025-11-25;1;5.4
50;2025-11-25;2;2.3
50;2025-11-25;3;0.2
50;2025-11-25;4;2.1
50;2025-11-25;5;98.6
50;2025-11-25;6;588.1
50;2025-11-25;7;1794.7
50;2025-11-25;8;2628.7
50;2025-11-25;9;2162.9
50;2025-11-25;10;1683.3
50;2025-11-25;11;1530.6
50;2025-11-25;12;1437.5
50;2025-11-25;13;1494.7
50;2025-11-25;14;1435.3
50;2025-11-25;15;1588.2
50;2025-11-25;16;1677.9
50;2025-11-25;17;2293.5
50;2025-11-25;18;2345.2
50;2025-11-25;19;1527.1
50;2025-11-25;20;955.2
50;2025-11-25;21;617.5
50;2025-11-25;22;267.4
50;2025-11-25;23;133.7
50;2025-11-26;0;27.1
50;2025-11-26;1;3.0
50;2025-11-26;2;0.1
50;2025-11-26;3;0.0
50;2025-11-26;4;1.6
50;2025-11-26;5;95.0
50;2025-11-26;6;549.2
50;2025-11-26;7;1723.7
50;2025-11-26;8;2681.6
50;2025-11-26;9;2056.9
50;2025-11-26;10;1637.3
50;2025-11-26;11;1540.0
50;2025-11-26;12;1482.2
50;2025-11-26;13;1452.4
50;2025-11-26;14;1414.8
50;2025-11-26;15;1499.8
50;2025-11-26;16;1674.3
50;2025-11-26;17;2252.0
50;2025-11-26;18;2323.1
50;2025-11-26;19;1414.1
50;2025-11-26;20;874.8
50;2025-11-26;21;606.7
50;2025-11-26;22;263.0
50;2025-11-26;23;146.6
50;2025-11-27;0;34.1
50;2025-11-27;1;4.3
50;2025-11-27;2;0.1
50;2025-11-27;3;0.0
50;2025-11-27;4;2.5
50;2025-11-27;5;93.2
50;2025-11-27;6;543.3
50;2025-11-27;7;1671.1
50;2025-11-27;8;2631.6
50;2025-11-27;9;2064.9
50;2025-11-27;10;1657.1
50;2025-11-27;11;1490.8
50;2025-11-27;12;1463.7
50;2025-11-27;13;1422.4
50;2025-11-27;14;1414.2
50;2025-11-27;15;1556.8
50;2025-11-27;16;1693.5
50;2025-11-27;17;2249.7
50;2025-11-27;18;2452.6
50;2025-11-27;19;1525.2
50;2025-11-27;20;1003.9
50;2025-11-27;21;658.6
50;2025-11-27;22;299.7
50;2025-11-27;23;156.3
50;2025-11-28;0;42.6
50;2025-11-28;1;6.2
50;2025-11-28;2;0.3
50;2025-11-28;3;0.5
50;2025-11-28;4;2.4
50;2025-11-28;5;87.9
50;2025-11-28;6;538.0
50;2025-11-28;7;1648.7
50;2025-11-28;8;2615.3
50;2025-11-28;9;2005.4
50;2025-11-28;10;1471.8
50;2025-11-28;11;1479.0
50;2025-11-28;12;1387.0
50;2025-11-28;13;1417.9
50;2025-11-28;14;1452.4
50;2025-11-28;15;1628.8
50;2025-11-28;16;1955.6
50;2025-11-28;17;1975.4
50;2025-11-28;18;1704.6
50;2025-11-28;19;1229.0
50;2025-11-28;20;858.1
50;2025-11-28;21;559.0
50;2025-11-28;22;271.4
50;2025-11-28;23;153.7
50;2025-11-29;0;55.3
50;2025-11-29;1;11.5
50;2025-11-29;2;4.4
50;2025-11-29;3;0.1
50;2025-11-29;4;0.2
50;2025-11-29;5;36.0
50;2025-11-29;6;192.8
50;2025-11-29;7;365.1
50;2025-11-29;8;554.1
50;2025-11-29;9;629.0
50;2025-11-29;10;651.1
50;2025-11-29;11;750.5
50;2025-11-29;12;790.8
50;2025-11-29;13;829.9
50;2025-11-29;14;831.4
50;2025-11-29;15;789.5
50;2025-11-29;16;755.0
50;2025-11-29;17;761.5
50;2025-11-29;18;692.8
50;2025-11-29;19;625.9
50;2025-11-29;20;491.0
50;2025-11-29;21;394.4
50;2025-11-29;22;226.7
50;2025-11-29;23;128.3
50;2025-11-30;0;50.9
50;2025-11-30;1;9.2
50;2025-11-30;2;2.5
50;2025-11-30;3;0.8
50;2025-11-30;4;0.3
50;2025-11-30;5;18.2
50;2025-11-30;6;120.6
50;2025-11-30;7;230.7
50;2025-11-30;8;357.9
50;2025-11-30;9;456.0
50;2025-11-30;10;506.4
50;2025-11-30;11;609.1
50;2025-11-30;12;676.3
50;2025-11-30;13;726.3
50;2025-11-30;14;741.9
50;2025-11-30;15;697.9
50;2025-11-30;16;677.2
50;2025-11-30;17;681.3
50;2025-11-30;18;614.0
50;2025-11-30;19;545.2
50;2025-11-30;20;435.8
50;2025-11-30;21;351.7
50;2025-11-30;22;202.3
50;2025-11-30;23;102.8
50;2025-12-01;0;25.7
50;2025-12-01;1;3.7
50;2025-12-01;2;0.0
50;2025-12-01;3;0.0
50;2025-12-01;4;1.5
50;2025-12-01;5;93.8
50;2025-12-01;6;604.8
50;2025-12-01;7;1786.2
50;2025-12-01;8;2842.7
50;2025-12-01;9;2215.6
50;2025-12-01;10;1667.8
50;2025-12-01;11;1545.7
50;2025-12-01;12;1456.6
50;2025-12-01;13;1493.2
50;2025-12-01;14;1441.9
50;2025-12-01;15;1600.3
50;2025-12-01;16;1687.9
50;2025-12-01;17;2275.1
50;2025-12-01;18;2545.0
50;2025-12-01;19;1449.5
50;2025-12-01;20;920.5
50;2025-12-01;21;612.5
50;2025-12-01;22;277.1
50;2025-12-01;23;128.0
50;2025-12-02;0;35.3
50;2025-12-02;1;5.8
50;2025-12-02;2;2.5
50;2025-12-02;3;0.2
50;2025-12-02;4;2.2
50;2025-12-02;5;105.4
50;2025-12-02;6;628.2
50;2025-12-02;7;1917.2
50;2025-12-02;8;2808.1
50;2025-12-02;9;2310.5
50;2025-12-02;10;1798.2
50;2025-12-02;11;1635.1
50;2025-12-02;12;1535.6
50;2025-12-02;13;1596.7
50;2025-12-02;14;1533.3
50;2025-12-02;15;1696.5
50;2025-12-02;16;1792.4
50;2025-12-02;17;2450.1
50;2025-12-02;18;2505.2
50;2025-12-02;19;1631.4
50;2025-12-02;20;1020.4
50;2025-12-02;21;659.7
50;2025-12-02;22;285.6
50;2025-12-02;23;142.8
50;2025-12-03;0;28.9
50;2025-12-03;1;3.2
50;2025-12-03;2;0.1
50;2025-12-03;3;0.0
50;2025-12-03;4;1.7
50;2025-12-03;5;101.4
50;2025-12-03;6;586.7
50;2025-12-03;7;1841.3
50;2025-12-03;8;2864.6
50;2025-12-03;9;2197.3
50;2025-12-03;10;1749.0
50;2025-12-03;11;1645.1
50;2025-12-03;12;1583.4
50;2025-12-03;13;1551.5
50;2025-12-03;14;1511.3
50;2025-12-03;15;1602.2
50;2025-12-03;16;1788.6
50;2025-12-03;17;2405.7
50;2025-12-03;18;2481.7
50;2025-12-03;19;1510.6
50;2025-12-03;20;934.5
50;2025-12-03;21;648.1
50;2025-12-03;22;281.0
50;2025-12-03;23;156.6
50;2025-12-04;0;36.5
50;2025-12-04;1;4.6
50;2025-12-04;2;0.1
50;2025-12-04;3;0.0
50;2025-12-04;4;2.6
50;2025-12-04;5;99.6
50;2025-12-04;6;580.4
50;2025-12-04;7;1785.1
50;2025-12-04;8;2811.3
50;2025-12-04;9;2205.8
50;2025-12-04;10;1770.2
50;2025-12-04;11;1592.6
50;2025-12-04;12;1563.6
50;2025-12-04;13;1519.4
50;2025-12-04;14;1510.7
50;2025-12-04;15;1663.0
50;2025-12-04;16;1809.1
50;2025-12-04;17;2403.3
50;2025-12-04;18;2620.0
50;2025-12-04;19;1629.3
50;2025-12-04;20;1072.4
50;2025-12-04;21;703.6
50;2025-12-04;22;320.1
50;2025-12-04;23;166.9
50;2025-12-05;0;45.5
50;2025-12-05;1;6.6
50;2025-12-05;2;0.3
50;2025-12-05;3;0.5
50;2025-12-05;4;2.5
50;2025-12-05;5;93.9
50;2025-12-05;6;574.7
50;2025-12-05;7;1761.2
50;2025-12-05;8;2793.8
50;2025-12-05;9;2142.3
50;2025-12-05;10;1572.3
50;2025-12-05;11;1580.0
50;2025-12-05;12;1481.6
50;2025-12-05;13;1514.7
50;2025-12-05;14;1551.5
50;2025-12-05;15;1740.0
50;2025-12-05;16;2089.1
50;2025-12-05;17;2110.2
50;2025-12-05;18;1820.9
50;2025-12-05;19;1312.8
50;2025-12-05;20;916.7
50;2025-12-05;21;597.2
50;2025-12-05;22;290.0
50;2025-12-05;23;164.2
50;2025-12-06;0;59.1
50;2025-12-06;1;12.3
50;2025-12-06;2;4.7
50;2025-12-06;3;0.1
50;2025-12-06;4;0.3
50;2025-12-06;5;38.4
50;2025-12-06;6;206.0
50;2025-12-06;7;390.0
50;2025-12-06;8;591.9
50;2025-12-06;9;671.9
50;2025-12-06;10;695.6
50;2025-12-06;11;801.7
50;2025-12-06;12;844.8
50;2025-12-06;13;886.6
50;2025-12-06;14;888.1
50;2025-12-06;15;843.3
50;2025-12-06;16;806.5
50;2025-12-06;17;813.5
50;2025-12-06;18;740.1
50;2025-12-06;19;668.6
50;2025-12-06;20;524.5
50;2025-12-06;21;421.3
50;2025-12-06;22;242.2
50;2025-12-06;23;137.0
50;2025-12-07;0;54.4
50;2025-12-07;1;9.8
50;2025-12-07;2;2.6
50;2025-12-07;3;0.8
50;2025-12-07;4;0.3
50;2025-12-07;5;19.5
50;2025-12-07;6;128.9
50;2025-12-07;7;246.5
50;2025-12-07;8;382.3
50;2025-12-07;9;487.2
50;2025-12-07;10;541.0
50;2025-12-07;11;650.6
50;2025-12-07;12;722.5
50;2025-12-07;13;775.9
50;2025-12-07;14;792.5
50;2025-12-07;15;745.6
50;2025-12-07;16;723.4
50;2025-12-07;17;727.8
50;2025-12-07;18;655.9
50;2025-12-07;19;582.5
50;2025-12-07;20;465.6
50;2025-12-07;21;375.7
50;2025-12-07;22;216.1
50;2025-12-07;23;109.8
50;2025-12-08;0;25.7
50;2025-12-08;1;3.7
50;2025-12-08;2;0.0
50;2025-12-08;3;0.0
50;2025-12-08;4;1.5
50;2025-12-08;5;93.8
50;2025-12-08;6;604.8
50;2025-12-08;7;1786.2
50;2025-12-08;8;2842.7
50;2025-12-08;9;2215.6
50;2025-12-08;10;1667.8
50;2025-12-08;11;1545.7
50;2025-12-08;12;1456.6
50;2025-12-08;13;1493.2
50;2025-12-08;14;1441.9
50;2025-12-08;15;1600.3
50;2025-12-08;16;1687.9
50;2025-12-08;17;2275.1
50;2025-12-08;18;2545.0
50;2025-12-08;19;1449.5
50;2025-12-08;20;920.5
50;2025-12-08;21;612.5
50;2025-12-08;22;277.1
50;2025-12-08;23;128.0
50;2025-12-09;0;35.3
50;2025-12-09;1;5.8
50;2025-12-09;2;2.5
50;2025-12-09;3;0.2
50;2025-12-09;4;2.2
50;2025-12-09;5;105.4
50;2025-12-09;6;628.2
50;2025-12-09;7;1917.2
50;2025-12-09;8;2808.1
50;2025-12-09;9;2310.5
50;2025-12-09;10;1798.2
50;2025-12-09;11;1635.1
50;2025-12-09;12;1535.6
50;2025-12-09;13;1596.7
50;2025-12-09;14;1533.3
50;2025-12-09;15;1696.5
50;2025-12-09;16;1792.4
50;2025-12-09;17;2450.1
50;2025-12-09;18;2505.2
50;2025-12-09;19;1631.4
50;2025-12-09;20;1020.4
50;2025-12-09;21;659.7
50;2025-12-09;22;285.6
50;2025-12-09;23;142.8
50;2025-12-10;0;28.9
50;2025-12-10;1;3.2
50;2025-12-10;2;0.1
50;2025-12-10;3;0.0
50;2025-12-10;4;1.7
50;2025-12-10;5;101.4
50;2025-12-10;6;586.7
50;2025-12-10;7;1841.3
50;2025-12-10;8;2864.6
50;2025-12-10;9;2197.3
50;2025-12-10;10;1749.0
50;2025-12-10;11;1645.1
50;2025-12-10;12;1583.4
50;2025-12-10;13;1551.5
50;2025-12-10;14;1511.3
50;2025-12-10;15;1602.2
50;2025-12-10;16;1788.6
50;2025-12-10;17;2405.7
50;2025-12-10;18;2481.7
50;2025-12-10;19;1510.6
50;2025-12-10;20;934.5
50;2025-12-10;21;648.1
50;2025-12-10;22;281.0
50;2025-12-10;23;156.6
50;2025-12-11;0;36.5
50;2025-12-11;1;4.6
50;2025-12-11;2;0.1
50;2025-12-11;3;0.0
50;2025-12-11;4;2.6
50;2025-12-11;5;99.6
50;2025-12-11;6;580.4
50;2025-12-11;7;1785.1
50;2025-12-11;8;2811.3
50;2025-12-11;9;2205.8
50;2025-12-11;10;1770.2
50;2025-12-11;11;1592.6
50;2025-12-11;12;1563.6
50;2025-12-11;13;1519.4
50;2025-12-11;14;1510.7
50;2025-12-11;15;1663.0
50;2025-12-11;16;1809.1
50;2025-12-11;17;2403.3
50;2025-12-11;18;2620.0
50;2025-12-11;19;1629.3
50;2025-12-11;20;1072.4
50;2025-12-11;21;703.6
50;2025-12-11;22;320.1
50;2025-12-11;23;166.9
50;2025-12-12;0;45.5
50;2025-12-12;1;6.6
50;2025-12-12;2;0.3
50;2025-12-12;3;0.5
50;2025-12-12;4;2.5
50;2025-12-12;5;93.9
50;2025-12-12;6;574.7
50;2025-12-12;7;1761.2
50;2025-12-12;8;2793.8
50;2025-12-12;9;2142.3
50;2025-12-12;10;1572.3
50;2025-12-12;11;1580.0
50;2025-12-12;12;1481.6
50;2025-12-12;13;1514.7
50;2025-12-12;14;1551.5
50;2025-12-12;15;1740.0
50;2025-12-12;16;2089.1
50;2025-12-12;17;2110.2
50;2025-12-12;18;1820.9
50;2025-12-12;19;1312.8
50;2025-12-12;20;916.7
50;2025-12-12;21;597.2
50;2025-12-12;22;290.0
50;2025-12-12;23;164.2
50;2025-12-13;0;59.1
50;2025-12-13;1;12.3
50;2025-12-13;2;4.7
50;2025-12-13;3;0.1
50;2025-12-13;4;0.3
50;2025-12-13;5;38.4
50;2025-12-13;6;206.0
50;2025-12-13;7;390.0
50;2025-12-13;8;591.9
50;2025-12-13;9;671.9
50;2025-12-13;10;695.6
50;2025-12-13;11;801.7
50;2025-12-13;12;844.8
50;2025-12-13;13;886.6
50;2025-12-13;14;888.1
50;2025-12-13;15;843.3
50;2025-12-13;16;806.5
50;2025-12-13;17;813.5
50;2025-12-13;18;740.1
50;2025-12-13;19;668.6
50;2025-12-13;20;524.5
50;2025-12-13;21;421.3
50;2025-12-13;22;242.2
50;2025-12-13;23;137.0
50;2025-12-14;0;54.4
50;2025-12-14;1;9.8
50;2025-12-14;2;2.6
50;2025-12-14;3;0.8
50;2025-12-14;4;0.3
50;2025-12-14;5;19.5
50;2025-12-14;6;128.9
50;2025-12-14;7;246.5
50;2025-12-14;8;382.3
50;2025-12-14;9;487.2
50;2025-12-14;10;541.0
50;2025-12-14;11;650.6
50;2025-12-14;12;722.5
50;2025-12-14;13;775.9
50;2025-12-14;14;792.5
50;2025-12-14;15;745.6
50;2025-12-14;16;723.4
50;2025-12-14;17;727.8
50;2025-12-14;18;655.9
50;2025-12-14;19;582.5
50;2025-12-14;20;465.6
50;2025-12-14;21;375.7
50;2025-12-14;22;216.1
50;2025-12-14;23;109.8
50;2025-12-15;0;25.7
50;2025-12-15;1;3.7
50;2025-12-15;2;0.0
50;2025-12-15;3;0.0
50;2025-12-15;4;1.5
50;2025-12-15;5;93.8
50;2025-12-15;6;604.8
50;2025-12-15;7;1786.2
50;2025-12-15;8;2842.7
50;2025-12-15;9;2215.6
50;2025-12-15;10;1667.8
50;2025-12-15;11;1545.7
50;2025-12-15;12;1456.6
50;2025-12-15;13;1493.2
50;2025-12-15;14;1441.9
50;2025-12-15;15;1600.3
50;2025-12-15;16;1687.9
50;2025-12-15;17;2275.1
50;2025-12-15;18;2545.0
50;2025-12-15;19;1449.5
50;2025-12-15;20;920.5
50;2025-12-15;21;612.5
50;2025-12-15;22;277.1
50;2025-12-15;23;128.0
50;2025-12-16;0;35.3
50;2025-12-16;1;5.8
50;2025-12-16;2;2.5
50;2025-12-16;3;0.2
50;2025-12-16;4;2.2
50;2025-12-16;5;105.4
50;2025-12-16;6;628.2
50;2025-12-16;7;1917.2
50;2025-12-16;8;2808.1
50;2025-12-16;9;2310.5
50;2025-12-16;10;1798.2
50;2025-12-16;11;1635.1
50;2025-12-16;12;1535.6
50;2025-12-16;13;1596.7
50;2025-12-16;14;1533.3
50;2025-12-16;15;1696.5
50;2025-12-16;16;1792.4
50;2025-12-16;17;2450.1
50;2025-12-16;18;2505.2
50;2025-12-16;19;1631.4
50;2025-12-16;20;1020.4
50;2025-12-16;21;659.7
50;2025-12-16;22;285.6
50;2025-12-16;23;142.8
50;2025-12-17;0;28.9
50;2025-12-17;1;3.2
50;2025-12-17;2;0.1
50;2025-12-17;3;0.0
50;2025-12-17;4;1.7
50;2025-12-17;5;101.4
50;2025-12-17;6;586.7
50;2025-12-17;7;1841.3
50;2025-12-17;8;2864.6
50;2025-12-17;9;2197.3
50;2025-12-17;10;1749.0
50;2025-12-17;11;1645.1
50;2025-12-17;12;1583.4
50;2025-12-17;13;1551.5
50;2025-12-17;14;1511.3
50;2025-12-17;15;1602.2
50;2025-12-17;16;1788.6
50;2025-12-17;17;2405.7
50;2025-12-17;18;2481.7
50;2025-12-17;19;1510.6
50;2025-12-17;20;934.5
50;2025-12-17;21;648.1
50;2025-12-17;22;281.0
50;2025-12-17;23;156.6
50;2025-12-18;0;36.5
50;2025-12-18;1;4.6
50;2025-12-18;2;0.1
50;2025-12-18;3;0.0
50;2025-12-18;4;2.6
50;2025-12-18;5;99.6
50;2025-12-18;6;580.4
50;2025-12-18;7;1785.1
50;2025-12-18;8;2811.3
50;2025-12-18;9;2205.8
50;2025-12-18;10;1770.2
50;2025-12-18;11;1592.6
50;2025-12-18;12;1563.6
50;2025-12-18;13;1519.4
50;2025-12-18;14;1510.7
50;2025-12-18;15;1663.0
50;2025-12-18;16;1809.1
50;2025-12-18;17;2403.3
50;2025-12-18;18;2620.0
50;2025-12-18;19;1629.3
50;2025-12-18;20;1072.4
50;2025-12-18;21;703.6
50;2025-12-18;22;320.1
50;2025-12-18;23;166.9
50;2025-12-19;0;45.5
50;2025-12-19;1;6.6
50;2025-12-19;2;0.3
50;2025-12-19;3;0.5
50;2025-12-19;4;2.5
50;2025-12-19;5;93.9
50;2025-12-19;6;574.7
50;2025-12-19;7;1761.2
50;2025-12-19;8;2793.8
50;2025-12-19;9;2142.3
50;2025-12-19;10;1572.3
50;2025-12-19;11;1580.0
50;2025-12-19;12;1481.6
50;2025-12-19;13;1514.7
50;2025-12-19;14;1551.5
50;2025-12-19;15;1740.0
50;2025-12-19;16;2089.1
50;2025-12-19;17;2110.2
50;2025-12-19;18;1820.9
50;2025-12-19;19;1312.8
50;2025-12-19;20;916.7
50;2025-12-19;21;597.2
50;2025-12-19;22;290.0
50;2025-12-19;23;164.2
50;2025-12-20;0;59.1
50;2025-12-20;1;12.3
50;2025-12-20;2;4.7
50;2025-12-20;3;0.1
50;2025-12-20;4;0.3
50;2025-12-20;5;38.4
50;2025-12-20;6;206.0
50;2025-12-20;7;390.0
50;2025-12-20;8;591.9
50;2025-12-20;9;671.9
50;2025-12-20;10;695.6
50;2025-12-20;11;801.7
50;2025-12-20;12;844.8
50;2025-12-20;13;886.6
50;2025-12-20;14;888.1
50;2025-12-20;15;843.3
50;2025-12-20;16;806.5
50;2025-12-20;17;813.5
50;2025-12-20;18;740.1
50;2025-12-20;19;668.6
50;2025-12-20;20;524.5
50;2025-12-20;21;421.3
50;2025-12-20;22;242.2
50;2025-12-20;23;137.0
50;2025-12-21;0;54.4
50;2025-12-21;1;9.8
50;2025-12-21;2;2.6
50;2025-12-21;3;0.8
50;2025-12-21;4;0.3
50;2025-12-21;5;19.5
50;2025-12-21;6;128.9
50;2025-12-21;7;246.5
50;2025-12-21;8;382.3
50;2025-12-21;9;487.2
50;2025-12-21;10;541.0
50;2025-12-21;11;650.6
50;2025-12-21;12;722.5
50;2025-12-21;13;775.9
50;2025-12-21;14;792.5
50;2025-12-21;15;745.6
50;2025-12-21;16;723.4
50;2025-12-21;17;727.8
50;2025-12-21;18;655.9
50;2025-12-21;19;582.5
50;2025-12-21;20;465.6
50;2025-12-21;21;375.7
50;2025-12-21;22;216.1
50;2025-12-21;23;109.8
50;2025-12-22;0;25.7
50;2025-12-22;1;3.7
50;2025-12-22;2;0.0
50;2025-12-22;3;0.0
50;2025-12-22;4;1.5
50;2025-12-22;5;93.8
50;2025-12-22;6;604.8
50;2025-12-22;7;1786.2
50;2025-12-22;8;2842.7
50;2025-12-22;9;2215.6
50;2025-12-22;10;1667.8
50;2025-12-22;11;1545.7
50;2025-12-22;12;1456.6
50;2025-12-22;13;1493.2
50;2025-12-22;14;1441.9
50;2025-12-22;15;1600.3
50;2025-12-22;16;1687.9
50;2025-12-22;17;2275.1
50;2025-12-22;18;2545.0
50;2025-12-22;19;1449.5
50;2025-12-22;20;920.5
50;2025-12-22;21;612.5
50;2025-12-22;22;277.1
50;2025-12-22;23;128.0
50;2025-12-23;0;35.3
50;2025-12-23;1;5.8
50;2025-12-23;2;2.5
50;2025-12-23;3;0.2
50;2025-12-23;4;2.2
50;2025-12-23;5;105.4
50;2025-12-23;6;628.2
50;2025-12-23;7;1917.2
50;2025-12-23;8;2808.1
50;2025-12-23;9;2310.5
50;2025-12-23;10;1798.2
50;2025-12-23;11;1635.1
50;2025-12-23;12;1535.6
50;2025-12-23;13;1596.7
50;2025-12-23;14;1533.3
50;2025-12-23;15;1696.5
50;2025-12-23;16;1792.4
50;2025-12-23;17;2450.1
50;2025-12-23;18;2505.2
50;2025-12-23;19;1631.4
50;2025-12-23;20;1020.4
50;2025-12-23;21;659.7
50;2025-12-23;22;285.6
50;2025-12-23;23;142.8
50;2025-12-24;0;28.9
50;2025-12-24;1;3.2
50;2025-12-24;2;0.1
50;2025-12-24;3;0.0
50;2025-12-24;4;1.7
50;2025-12-24;5;101.4
50;2025-12-24;6;586.7
50;2025-12-24;7;1841.3
50;2025-12-24;8;2864.6
50;2025-12-24;9;2197.3
50;2025-12-24;10;1749.0
50;2025-12-24;11;1645.1
50;2025-12-24;12;1583.4
50;2025-12-24;13;1551.5
50;2025-12-24;14;1511.3
50;2025-12-24;15;1602.2
50;2025-12-24;16;1788.6
50;2025-12-24;17;2405.7
50;2025-12-24;18;2481.7
50;2025-12-24;19;1510.6
50;2025-12-24;20;934.5
50;2025-12-24;21;648.1
50;2025-12-24;22;281.0
50;2025-12-24;23;156.6
50;2025-12-25;0;36.5
50;2025-12-25;1;4.6
50;2025-12-25;2;0.1
50;2025-12-25;3;0.0
50;2025-12-25;4;2.6
50;2025-12-25;5;99.6
50;2025-12-25;6;580.4
50;2025-12-25;7;1785.1
50;2025-12-25;8;2811.3
50;2025-12-25;9;2205.8
50;2025-12-25;10;1770.2
50;2025-12-25;11;1592.6
50;2025-12-25;12;1563.6
50;2025-12-25;13;1519.4
50;2025-12-25;14;1510.7
50;2025-12-25;15;1663.0
50;2025-12-25;16;1809.1
50;2025-12-25;17;2403.3
50;2025-12-25;18;2620.0
50;2025-12-25;19;1629.3
50;2025-12-25;20;1072.4
50;2025-12-25;21;703.6
50;2025-12-25;22;320.1
50;2025-12-25;23;166.9
50;2025-12-26;0;45.5
50;2025-12-26;1;6.6
50;2025-12-26;2;0.3
50;2025-12-26;3;0.5
50;2025-12-26;4;2.5
50;2025-12-26;5;93.9
50;2025-12-26;6;574.7
50;2025-12-26;7;1761.2
50;2025-12-26;8;2793.8
50;2025-12-26;9;2142.3
50;2025-12-26;10;1572.3
50;2025-12-26;11;1580.0
50;2025-12-26;12;1481.6
50;2025-12-26;13;1514.7
50;2025-12-26;14;1551.5
50;2025-12-26;15;1740.0
50;2025-12-26;16;2089.1
50;2025-12-26;17;2110.2
50;2025-12-26;18;1820.9
50;2025-12-26;19;1312.8
50;2025-12-26;20;916.7
50;2025-12-26;21;597.2
50;2025-12-26;22;290.0
50;2025-12-26;23;164.2
50;2025-12-27;0;59.1
50;2025-12-27;1;12.3
50;2025-12-27;2;4.7
50;2025-12-27;3;0.1
50;2025-12-27;4;0.3
50;2025-12-27;5;38.4
50;2025-12-27;6;206.0
50;2025-12-27;7;390.0
50;2025-12-27;8;591.9
50;2025-12-27;9;671.9
50;2025-12-27;10;695.6
50;2025-12-27;11;801.7
50;2025-12-27;12;844.8
50;2025-12-27;13;886.6
50;2025-12-27;14;888.1
50;2025-12-27;15;843.3
50;2025-12-27;16;806.5
50;2025-12-27;17;813.5
50;2025-12-27;18;740.1
50;2025-12-27;19;668.6
50;2025-12-27;20;524.5
50;2025-12-27;21;421.3
50;2025-12-27;22;242.2
50;2025-12-27;23;137.0
50;2025-12-28;0;54.4
50;2025-12-28;1;9.8
50;2025-12-28;2;2.6
50;2025-12-28;3;0.8
50;2025-12-28;4;0.3
50;2025-12-28;5;19.5
50;2025-12-28;6;128.9
50;2025-12-28;7;246.5
50;2025-12-28;8;382.3
50;2025-12-28;9;487.2
50;2025-12-28;10;541.0
50;2025-12-28;11;650.6
50;2025-12-28;12;722.5
50;2025-12-28;13;775.9
50;2025-12-28;14;792.5
50;2025-12-28;15;745.6
50;2025-12-28;16;723.4
50;2025-12-28;17;727.8
50;2025-12-28;18;655.9
50;2025-12-28;19;582.5
50;2025-12-28;20;465.6
50;2025-12-28;21;375.7
50;2025-12-28;22;216.1
50;2025-12-28;23;109.8
50;2025-12-29;0;25.7
50;2025-12-29;1;3.7
50;2025-12-29;2;0.0
50;2025-12-29;3;0.0
50;2025-12-29;4;1.5
50;2025-12-29;5;93.8
50;2025-12-29;6;604.8
50;2025-12-29;7;1786.2
50;2025-12-29;8;2842.7
50;2025-12-29;9;2215.6
50;2025-12-29;10;1667.8
50;2025-12-29;11;1545.7
50;2025-12-29;12;1456.6
50;2025-12-29;13;1493.2
50;2025-12-29;14;1441.9
50;2025-12-29;15;1600.3
50;2025-12-29;16;1687.9
50;2025-12-29;17;2275.1
50;2025-12-29;18;2545.0
50;2025-12-29;19;1449.5
50;2025-12-29;20;920.5
50;2025-12-29;21;612.5
50;2025-12-29;22;277.1
50;2025-12-29;23;128.0
50;2025-12-30;0;33.9
50;2025-12-30;1;6.4
50;2025-12-30;2;2.5
50;2025-12-30;3;2.4
50;2025-12-30;4;4.7
50;2025-12-30;5;108.1
50;2025-12-30;6;633.3
50;2025-12-30;7;1906.4
50;2025-12-30;8;2790.4
50;2025-12-30;9;2307.7
50;2025-12-30;10;1811.7
50;2025-12-30;11;1674.8
50;2025-12-30;12;1586.9
50;2025-12-30;13;1670.3
50;2025-12-30;14;1620.4
50;2025-12-30;15;1797.9
50;2025-12-30;16;1902.9
50;2025-12-30;17;2365.7
50;2025-12-30;18;2229.3
50;2025-12-30;19;1537.7
50;2025-12-30;20;982.6
50;2025-12-30;21;641.7
50;2025-12-30;22;275.6
50;2025-12-30;23;140.4
50;2025-12-31;0;33.6
50;2025-12-31;1;1.3
50;2025-12-31;2;0.0
50;2025-12-31;3;1.0
50;2025-12-31;4;0.0
50;2025-12-31;5;4.7
50;2025-12-31;6;95.0
50;2025-12-31;7;252.9
50;2025-12-31;8;385.0
50;2025-12-31;9;417.3
50;2025-12-31;10;429.1
50;2025-12-31;11;529.9
50;2025-12-31;12;596.4
50;2025-12-31;13;652.6
50;2025-12-31;14;660.7
50;2025-12-31;15;645.4
50;2025-12-31;16;602.9
50;2025-12-31;17;692.2
50;2025-12-31;18;644.7
50;2025-12-31;19;535.5
50;2025-12-31;20;397.4
50;2025-12-31;21;322.3
50;2025-12-31;22;163.4
50;2025-12-31;23;49.8
